area	indicator	territory	period	value	unit	source	url	note	status
Prezzi e inflazione	Prezzi al consumo NIC	Italia	2026-08	103.9	Unita della serie: verificare i metadati ISTATData	IstatData SDMX — ISTAT	https://esploradati.istat.it/SDMXWS/rest/v1/data/167_745_DF_DCSP_NIC1B2025_1/all/IT1?startPeriod=2026&endPeriod=2026	Indice generale NIC, base 2025.	dato ufficiale osservato; non necessariamente una notizia PULSE
Lavoro e mercato del lavoro	Tasso di disoccupazione	Italia	2026-07	6.32018	Unita della serie: verificare i metadati ISTATData	IstatData SDMX — ISTAT	https://esploradati.istat.it/SDMXWS/rest/v1/data/151_874_DF_DCCV_TAXDISOCCUMENS1_1/all/IT1?startPeriod=2024&endPeriod=2026	Tasso di disoccupazione, popolazione 15-74 anni, totale sesso.	dato ufficiale osservato; non necessariamente una notizia PULSE
Lavoro e mercato del lavoro	Tasso di occupazione	Italia	2026-07	63.360042	Unita della serie: verificare i metadati ISTATData	IstatData SDMX — ISTAT	https://esploradati.istat.it/SDMXWS/rest/v1/data/150_872_DF_DCCV_TAXOCCUMENS1_1/all/IT1?startPeriod=2024&endPeriod=2026	Tasso di occupazione, popolazione 15-64 anni, totale sesso.	dato ufficiale osservato; non necessariamente una notizia PULSE
Lavoro e mercato del lavoro	Occupati	Italia	2026-07	24483.395	Unita della serie: verificare i metadati ISTATData	IstatData SDMX — ISTAT	https://esploradati.istat.it/SDMXWS/rest/v1/data/150_875_DF_DCCV_OCCUPATIMENS1_1/all/IT1?startPeriod=2024&endPeriod=2026	Occupati mensili, totale sesso, 15-89 anni; viene scelta la combinazione più aggregata disponibile.	dato ufficiale osservato; non necessariamente una notizia PULSE
Lavoro e mercato del lavoro	Posizioni lavorative dipendenti	Italia	2026-Q2	110.1	Unita della serie: verificare i metadati ISTATData	IstatData SDMX — ISTAT	https://esploradati.istat.it/SDMXWS/rest/v1/data/149_577_DF_DCSC_OROS_1_3/all/IT1?startPeriod=2022&endPeriod=2026	Posizioni lavorative alle dipendenze, base 2021; viene scelta la branca più aggregata disponibile.	dato ufficiale osservato; non necessariamente una notizia PULSE
Imprese e industria	Produzione industriale	Italia	2026-07	94.2	Unita della serie: verificare i metadati ISTATData	IstatData SDMX — ISTAT	https://esploradati.istat.it/SDMXWS/rest/v1/data/115_333_DF_DCSC_INDXPRODIND_1_6/all/IT1?startPeriod=2022&endPeriod=2026	Indice della produzione industriale, base 2021; serie nazionale più aggregata disponibile.	dato ufficiale osservato; non necessariamente una notizia PULSE
Imprese e industria	Fatturato industriale	Italia	2026-06	114.9	Unita della serie: verificare i metadati ISTATData	IstatData SDMX — ISTAT	https://esploradati.istat.it/SDMXWS/rest/v1/data/114_191_DF_DCSC_ORDFATT_9/all/IT1?startPeriod=2022&endPeriod=2026	Valore del fatturato industriale, base 2021; serie nazionale più aggregata disponibile.	dato ufficiale osservato; non necessariamente una notizia PULSE
Imprese e industria	Fatturato dei servizi	Italia	2026-06	123.9	Unita della serie: verificare i metadati ISTATData	IstatData SDMX — ISTAT	https://esploradati.istat.it/SDMXWS/rest/v1/data/119_367_DF_DCSC_FATTSERVIZ_1_4/all/IT1?startPeriod=2022&endPeriod=2026	Indice del fatturato dei servizi, base 2021; serie nazionale più aggregata disponibile.	dato ufficiale osservato; non necessariamente una notizia PULSE
Potere d'acquisto e consumi	Vendite al dettaglio	Italia	2026-07	91.6	Unita della serie: verificare i metadati ISTATData	IstatData SDMX — ISTAT	https://esploradati.istat.it/SDMXWS/rest/v1/data/120_337_DF_DCSC_COMMDET_1_15/all/IT1?startPeriod=2022&endPeriod=2026	Volume delle vendite del commercio al dettaglio, base 2021; totale prodotti quando disponibile.	dato ufficiale osservato; non necessariamente una notizia PULSE
Imprese e industria	Clima di fiducia delle imprese	Italia	2026-08	96.9	Unita della serie: verificare i metadati ISTATData	IstatData SDMX — ISTAT	https://esploradati.istat.it/SDMXWS/rest/v1/data/6_64_DF_DCSC_IESI_2/all/IT1?startPeriod=2022&endPeriod=2026	Clima di fiducia delle imprese, base 2021.	dato ufficiale osservato; non necessariamente una notizia PULSE
Imprese e industria	Fiducia delle costruzioni	Italia	2026-08	102.9	Unita della serie: verificare i metadati ISTATData	IstatData SDMX — ISTAT	https://esploradati.istat.it/SDMXWS/rest/v1/data/111_40/all/IT1?startPeriod=2022&endPeriod=2026	Clima di fiducia del settore costruzioni, totale settore.	dato ufficiale osservato; non necessariamente una notizia PULSE
Imprese e industria	Fiducia del commercio	Italia	2026-08	106.6	Unita della serie: verificare i metadati ISTATData	IstatData SDMX — ISTAT	https://esploradati.istat.it/SDMXWS/rest/v1/data/117_266/all/IT1?startPeriod=2022&endPeriod=2026	Clima di fiducia del commercio al dettaglio, aggregato totale.	dato ufficiale osservato; non necessariamente una notizia PULSE
Potere d'acquisto e consumi	Fiducia dei consumatori	Italia	2026-08	0.1	Unita della serie: verificare i metadati ISTATData	IstatData SDMX — ISTAT	https://esploradati.istat.it/SDMXWS/rest/v1/data/30_264/all/IT1?startPeriod=2022&endPeriod=2026	Clima di fiducia dei consumatori; serie nazionale sintetica più aggregata disponibile.	dato ufficiale osservato; non necessariamente una notizia PULSE
Prezzi e inflazione	Prezzi alla produzione dell'industria	Italia	2026-07	133.1	Unita della serie: verificare i metadati ISTATData	IstatData SDMX — ISTAT	https://esploradati.istat.it/SDMXWS/rest/v1/data/145_360_DF_DCSC_PREZZPIND_1_4/all/IT1?startPeriod=2022&endPeriod=2026	Prezzi alla produzione dell'industria, base 2021; aggregato nazionale più ampio disponibile.	dato ufficiale osservato; non necessariamente una notizia PULSE
Prezzi e inflazione	Prezzi all'importazione	Italia	2026-07	112.3	Unita della serie: verificare i metadati ISTATData	IstatData SDMX — ISTAT	https://esploradati.istat.it/SDMXWS/rest/v1/data/143_222_DF_DCSC_PREIMPIND_2/all/IT1?startPeriod=2022&endPeriod=2026	Prezzi all'importazione, base 2021; aggregato nazionale più ampio disponibile.	dato ufficiale osservato; non necessariamente una notizia PULSE
Turismo	Arrivi turistici	Italia	2026-07	20760545	Unita della serie: verificare i metadati ISTATData	IstatData SDMX — ISTAT	https://esploradati.istat.it/SDMXWS/rest/v1/data/122_54_DF_DCSC_TUR_3/all/IT1?startPeriod=2022&endPeriod=2026	Arrivi mensili complessivi negli esercizi ricettivi, ospiti residenti e non residenti.	dato ufficiale osservato; non necessariamente una notizia PULSE
Turismo	Presenze turistiche	Italia	2026-07	89379484	Unita della serie: verificare i metadati ISTATData	IstatData SDMX — ISTAT	https://esploradati.istat.it/SDMXWS/rest/v1/data/122_54_DF_DCSC_TUR_3/all/IT1?startPeriod=2022&endPeriod=2026	Presenze mensili complessive negli esercizi ricettivi, ospiti residenti e non residenti.	dato ufficiale osservato; non necessariamente una notizia PULSE
Salute	Speranza di vita alla nascita	Piemonte	2024	83.4	Numero medio di anni	Bes dei territori — ISTAT	https://www.istat.it/statistiche-per-temi/focus/benessere-e-sostenibilita/la-misurazione-del-benessere-bes/il-bes-dei-territori/	I dati del 2024 sono provvisori. · Dato regionale annuale; non costituisce una notizia del 2026.	ultimo dato osservato, non nuovo segnale PULSE
Salute	Speranza di vita alla nascita	Valle d'Aosta/Vallée d'Aoste	2024	82.9	Numero medio di anni	Bes dei territori — ISTAT	https://www.istat.it/statistiche-per-temi/focus/benessere-e-sostenibilita/la-misurazione-del-benessere-bes/il-bes-dei-territori/	I dati del 2024 sono provvisori. · Dato regionale annuale; non costituisce una notizia del 2026.	ultimo dato osservato, non nuovo segnale PULSE
Salute	Speranza di vita alla nascita	Liguria	2024	83.5	Numero medio di anni	Bes dei territori — ISTAT	https://www.istat.it/statistiche-per-temi/focus/benessere-e-sostenibilita/la-misurazione-del-benessere-bes/il-bes-dei-territori/	I dati del 2024 sono provvisori. · Dato regionale annuale; non costituisce una notizia del 2026.	ultimo dato osservato, non nuovo segnale PULSE
Salute	Speranza di vita alla nascita	Lombardia	2024	84.1	Numero medio di anni	Bes dei territori — ISTAT	https://www.istat.it/statistiche-per-temi/focus/benessere-e-sostenibilita/la-misurazione-del-benessere-bes/il-bes-dei-territori/	I dati del 2024 sono provvisori. · Dato regionale annuale; non costituisce una notizia del 2026.	ultimo dato osservato, non nuovo segnale PULSE
Salute	Speranza di vita alla nascita	Trentino-Alto Adige/Südtirol	2024	84.7	Numero medio di anni	Bes dei territori — ISTAT	https://www.istat.it/statistiche-per-temi/focus/benessere-e-sostenibilita/la-misurazione-del-benessere-bes/il-bes-dei-territori/	I dati del 2024 sono provvisori. · Dato regionale annuale; non costituisce una notizia del 2026.	ultimo dato osservato, non nuovo segnale PULSE
Salute	Speranza di vita alla nascita	Veneto	2024	84.2	Numero medio di anni	Bes dei territori — ISTAT	https://www.istat.it/statistiche-per-temi/focus/benessere-e-sostenibilita/la-misurazione-del-benessere-bes/il-bes-dei-territori/	I dati del 2024 sono provvisori. · Dato regionale annuale; non costituisce una notizia del 2026.	ultimo dato osservato, non nuovo segnale PULSE
Salute	Speranza di vita alla nascita	Friuli-Venezia Giulia	2024	83.8	Numero medio di anni	Bes dei territori — ISTAT	https://www.istat.it/statistiche-per-temi/focus/benessere-e-sostenibilita/la-misurazione-del-benessere-bes/il-bes-dei-territori/	I dati del 2024 sono provvisori. · Dato regionale annuale; non costituisce una notizia del 2026.	ultimo dato osservato, non nuovo segnale PULSE
Salute	Speranza di vita alla nascita	Emilia-Romagna	2024	84	Numero medio di anni	Bes dei territori — ISTAT	https://www.istat.it/statistiche-per-temi/focus/benessere-e-sostenibilita/la-misurazione-del-benessere-bes/il-bes-dei-territori/	I dati del 2024 sono provvisori. · Dato regionale annuale; non costituisce una notizia del 2026.	ultimo dato osservato, non nuovo segnale PULSE
Salute	Speranza di vita alla nascita	Toscana	2024	84	Numero medio di anni	Bes dei territori — ISTAT	https://www.istat.it/statistiche-per-temi/focus/benessere-e-sostenibilita/la-misurazione-del-benessere-bes/il-bes-dei-territori/	I dati del 2024 sono provvisori. · Dato regionale annuale; non costituisce una notizia del 2026.	ultimo dato osservato, non nuovo segnale PULSE
Salute	Speranza di vita alla nascita	Umbria	2024	83.9	Numero medio di anni	Bes dei territori — ISTAT	https://www.istat.it/statistiche-per-temi/focus/benessere-e-sostenibilita/la-misurazione-del-benessere-bes/il-bes-dei-territori/	I dati del 2024 sono provvisori. · Dato regionale annuale; non costituisce una notizia del 2026.	ultimo dato osservato, non nuovo segnale PULSE
Salute	Speranza di vita alla nascita	Marche	2024	84.2	Numero medio di anni	Bes dei territori — ISTAT	https://www.istat.it/statistiche-per-temi/focus/benessere-e-sostenibilita/la-misurazione-del-benessere-bes/il-bes-dei-territori/	I dati del 2024 sono provvisori. · Dato regionale annuale; non costituisce una notizia del 2026.	ultimo dato osservato, non nuovo segnale PULSE
Salute	Speranza di vita alla nascita	Lazio	2024	83.3	Numero medio di anni	Bes dei territori — ISTAT	https://www.istat.it/statistiche-per-temi/focus/benessere-e-sostenibilita/la-misurazione-del-benessere-bes/il-bes-dei-territori/	I dati del 2024 sono provvisori. · Dato regionale annuale; non costituisce una notizia del 2026.	ultimo dato osservato, non nuovo segnale PULSE
Salute	Speranza di vita alla nascita	Abruzzo	2024	83.4	Numero medio di anni	Bes dei territori — ISTAT	https://www.istat.it/statistiche-per-temi/focus/benessere-e-sostenibilita/la-misurazione-del-benessere-bes/il-bes-dei-territori/	I dati del 2024 sono provvisori. · Dato regionale annuale; non costituisce una notizia del 2026.	ultimo dato osservato, non nuovo segnale PULSE
Salute	Speranza di vita alla nascita	Molise	2024	82.5	Numero medio di anni	Bes dei territori — ISTAT	https://www.istat.it/statistiche-per-temi/focus/benessere-e-sostenibilita/la-misurazione-del-benessere-bes/il-bes-dei-territori/	I dati del 2024 sono provvisori. · Dato regionale annuale; non costituisce una notizia del 2026.	ultimo dato osservato, non nuovo segnale PULSE
Salute	Speranza di vita alla nascita	Campania	2024	81.7	Numero medio di anni	Bes dei territori — ISTAT	https://www.istat.it/statistiche-per-temi/focus/benessere-e-sostenibilita/la-misurazione-del-benessere-bes/il-bes-dei-territori/	I dati del 2024 sono provvisori. · Dato regionale annuale; non costituisce una notizia del 2026.	ultimo dato osservato, non nuovo segnale PULSE
Salute	Speranza di vita alla nascita	Puglia	2024	83.1	Numero medio di anni	Bes dei territori — ISTAT	https://www.istat.it/statistiche-per-temi/focus/benessere-e-sostenibilita/la-misurazione-del-benessere-bes/il-bes-dei-territori/	I dati del 2024 sono provvisori. · Dato regionale annuale; non costituisce una notizia del 2026.	ultimo dato osservato, non nuovo segnale PULSE
Salute	Speranza di vita alla nascita	Basilicata	2024	83	Numero medio di anni	Bes dei territori — ISTAT	https://www.istat.it/statistiche-per-temi/focus/benessere-e-sostenibilita/la-misurazione-del-benessere-bes/il-bes-dei-territori/	I dati del 2024 sono provvisori. · Dato regionale annuale; non costituisce una notizia del 2026.	ultimo dato osservato, non nuovo segnale PULSE
Salute	Speranza di vita alla nascita	Calabria	2024	82.3	Numero medio di anni	Bes dei territori — ISTAT	https://www.istat.it/statistiche-per-temi/focus/benessere-e-sostenibilita/la-misurazione-del-benessere-bes/il-bes-dei-territori/	I dati del 2024 sono provvisori. · Dato regionale annuale; non costituisce una notizia del 2026.	ultimo dato osservato, non nuovo segnale PULSE
Salute	Speranza di vita alla nascita	Sicilia	2024	82.1	Numero medio di anni	Bes dei territori — ISTAT	https://www.istat.it/statistiche-per-temi/focus/benessere-e-sostenibilita/la-misurazione-del-benessere-bes/il-bes-dei-territori/	I dati del 2024 sono provvisori. · Dato regionale annuale; non costituisce una notizia del 2026.	ultimo dato osservato, non nuovo segnale PULSE
Salute	Speranza di vita alla nascita	Sardegna	2024	82.8	Numero medio di anni	Bes dei territori — ISTAT	https://www.istat.it/statistiche-per-temi/focus/benessere-e-sostenibilita/la-misurazione-del-benessere-bes/il-bes-dei-territori/	I dati del 2024 sono provvisori. · Dato regionale annuale; non costituisce una notizia del 2026.	ultimo dato osservato, non nuovo segnale PULSE
Salute	Mortalità evitabile (0-74 anni)	Piemonte	2022	18	Tassi standardizzati per 10.000 residenti	Bes dei territori — ISTAT	https://www.istat.it/statistiche-per-temi/focus/benessere-e-sostenibilita/la-misurazione-del-benessere-bes/il-bes-dei-territori/	nan · Dato regionale annuale; non costituisce una notizia del 2026.	ultimo dato osservato, non nuovo segnale PULSE
Salute	Mortalità evitabile (0-74 anni)	Valle d'Aosta/Vallée d'Aoste	2022	17.3	Tassi standardizzati per 10.000 residenti	Bes dei territori — ISTAT	https://www.istat.it/statistiche-per-temi/focus/benessere-e-sostenibilita/la-misurazione-del-benessere-bes/il-bes-dei-territori/	nan · Dato regionale annuale; non costituisce una notizia del 2026.	ultimo dato osservato, non nuovo segnale PULSE
Salute	Mortalità evitabile (0-74 anni)	Liguria	2022	17.1	Tassi standardizzati per 10.000 residenti	Bes dei territori — ISTAT	https://www.istat.it/statistiche-per-temi/focus/benessere-e-sostenibilita/la-misurazione-del-benessere-bes/il-bes-dei-territori/	nan · Dato regionale annuale; non costituisce una notizia del 2026.	ultimo dato osservato, non nuovo segnale PULSE
Salute	Mortalità evitabile (0-74 anni)	Lombardia	2022	16	Tassi standardizzati per 10.000 residenti	Bes dei territori — ISTAT	https://www.istat.it/statistiche-per-temi/focus/benessere-e-sostenibilita/la-misurazione-del-benessere-bes/il-bes-dei-territori/	nan · Dato regionale annuale; non costituisce una notizia del 2026.	ultimo dato osservato, non nuovo segnale PULSE
Salute	Mortalità evitabile (0-74 anni)	Trentino-Alto Adige/Südtirol	2022	14.7	Tassi standardizzati per 10.000 residenti	Bes dei territori — ISTAT	https://www.istat.it/statistiche-per-temi/focus/benessere-e-sostenibilita/la-misurazione-del-benessere-bes/il-bes-dei-territori/	nan · Dato regionale annuale; non costituisce una notizia del 2026.	ultimo dato osservato, non nuovo segnale PULSE
Salute	Mortalità evitabile (0-74 anni)	Veneto	2022	15.2	Tassi standardizzati per 10.000 residenti	Bes dei territori — ISTAT	https://www.istat.it/statistiche-per-temi/focus/benessere-e-sostenibilita/la-misurazione-del-benessere-bes/il-bes-dei-territori/	nan · Dato regionale annuale; non costituisce una notizia del 2026.	ultimo dato osservato, non nuovo segnale PULSE
Salute	Mortalità evitabile (0-74 anni)	Friuli-Venezia Giulia	2022	17.3	Tassi standardizzati per 10.000 residenti	Bes dei territori — ISTAT	https://www.istat.it/statistiche-per-temi/focus/benessere-e-sostenibilita/la-misurazione-del-benessere-bes/il-bes-dei-territori/	nan · Dato regionale annuale; non costituisce una notizia del 2026.	ultimo dato osservato, non nuovo segnale PULSE
Salute	Mortalità evitabile (0-74 anni)	Emilia-Romagna	2022	15.7	Tassi standardizzati per 10.000 residenti	Bes dei territori — ISTAT	https://www.istat.it/statistiche-per-temi/focus/benessere-e-sostenibilita/la-misurazione-del-benessere-bes/il-bes-dei-territori/	nan · Dato regionale annuale; non costituisce una notizia del 2026.	ultimo dato osservato, non nuovo segnale PULSE
Salute	Mortalità evitabile (0-74 anni)	Toscana	2022	15.3	Tassi standardizzati per 10.000 residenti	Bes dei territori — ISTAT	https://www.istat.it/statistiche-per-temi/focus/benessere-e-sostenibilita/la-misurazione-del-benessere-bes/il-bes-dei-territori/	nan · Dato regionale annuale; non costituisce una notizia del 2026.	ultimo dato osservato, non nuovo segnale PULSE
Salute	Mortalità evitabile (0-74 anni)	Umbria	2022	16	Tassi standardizzati per 10.000 residenti	Bes dei territori — ISTAT	https://www.istat.it/statistiche-per-temi/focus/benessere-e-sostenibilita/la-misurazione-del-benessere-bes/il-bes-dei-territori/	nan · Dato regionale annuale; non costituisce una notizia del 2026.	ultimo dato osservato, non nuovo segnale PULSE
Salute	Mortalità evitabile (0-74 anni)	Marche	2022	15.3	Tassi standardizzati per 10.000 residenti	Bes dei territori — ISTAT	https://www.istat.it/statistiche-per-temi/focus/benessere-e-sostenibilita/la-misurazione-del-benessere-bes/il-bes-dei-territori/	nan · Dato regionale annuale; non costituisce una notizia del 2026.	ultimo dato osservato, non nuovo segnale PULSE
Salute	Mortalità evitabile (0-74 anni)	Lazio	2022	18.5	Tassi standardizzati per 10.000 residenti	Bes dei territori — ISTAT	https://www.istat.it/statistiche-per-temi/focus/benessere-e-sostenibilita/la-misurazione-del-benessere-bes/il-bes-dei-territori/	nan · Dato regionale annuale; non costituisce una notizia del 2026.	ultimo dato osservato, non nuovo segnale PULSE
Salute	Mortalità evitabile (0-74 anni)	Abruzzo	2022	17.6	Tassi standardizzati per 10.000 residenti	Bes dei territori — ISTAT	https://www.istat.it/statistiche-per-temi/focus/benessere-e-sostenibilita/la-misurazione-del-benessere-bes/il-bes-dei-territori/	nan · Dato regionale annuale; non costituisce una notizia del 2026.	ultimo dato osservato, non nuovo segnale PULSE
Salute	Mortalità evitabile (0-74 anni)	Molise	2022	19.4	Tassi standardizzati per 10.000 residenti	Bes dei territori — ISTAT	https://www.istat.it/statistiche-per-temi/focus/benessere-e-sostenibilita/la-misurazione-del-benessere-bes/il-bes-dei-territori/	nan · Dato regionale annuale; non costituisce una notizia del 2026.	ultimo dato osservato, non nuovo segnale PULSE
Salute	Mortalità evitabile (0-74 anni)	Campania	2022	22.4	Tassi standardizzati per 10.000 residenti	Bes dei territori — ISTAT	https://www.istat.it/statistiche-per-temi/focus/benessere-e-sostenibilita/la-misurazione-del-benessere-bes/il-bes-dei-territori/	nan · Dato regionale annuale; non costituisce una notizia del 2026.	ultimo dato osservato, non nuovo segnale PULSE
Salute	Mortalità evitabile (0-74 anni)	Puglia	2022	17.4	Tassi standardizzati per 10.000 residenti	Bes dei territori — ISTAT	https://www.istat.it/statistiche-per-temi/focus/benessere-e-sostenibilita/la-misurazione-del-benessere-bes/il-bes-dei-territori/	nan · Dato regionale annuale; non costituisce una notizia del 2026.	ultimo dato osservato, non nuovo segnale PULSE
Salute	Mortalità evitabile (0-74 anni)	Basilicata	2022	19	Tassi standardizzati per 10.000 residenti	Bes dei territori — ISTAT	https://www.istat.it/statistiche-per-temi/focus/benessere-e-sostenibilita/la-misurazione-del-benessere-bes/il-bes-dei-territori/	nan · Dato regionale annuale; non costituisce una notizia del 2026.	ultimo dato osservato, non nuovo segnale PULSE
Salute	Mortalità evitabile (0-74 anni)	Calabria	2022	20.1	Tassi standardizzati per 10.000 residenti	Bes dei territori — ISTAT	https://www.istat.it/statistiche-per-temi/focus/benessere-e-sostenibilita/la-misurazione-del-benessere-bes/il-bes-dei-territori/	nan · Dato regionale annuale; non costituisce una notizia del 2026.	ultimo dato osservato, non nuovo segnale PULSE
Salute	Mortalità evitabile (0-74 anni)	Sicilia	2022	20.6	Tassi standardizzati per 10.000 residenti	Bes dei territori — ISTAT	https://www.istat.it/statistiche-per-temi/focus/benessere-e-sostenibilita/la-misurazione-del-benessere-bes/il-bes-dei-territori/	nan · Dato regionale annuale; non costituisce una notizia del 2026.	ultimo dato osservato, non nuovo segnale PULSE
Salute	Mortalità evitabile (0-74 anni)	Sardegna	2022	19.6	Tassi standardizzati per 10.000 residenti	Bes dei territori — ISTAT	https://www.istat.it/statistiche-per-temi/focus/benessere-e-sostenibilita/la-misurazione-del-benessere-bes/il-bes-dei-territori/	nan · Dato regionale annuale; non costituisce una notizia del 2026.	ultimo dato osservato, non nuovo segnale PULSE
Salute	Mortalità infantile	Piemonte	2022	2.1	Per 1.000 nati vivi	Bes dei territori — ISTAT	https://www.istat.it/statistiche-per-temi/focus/benessere-e-sostenibilita/la-misurazione-del-benessere-bes/il-bes-dei-territori/	nan · Dato regionale annuale; non costituisce una notizia del 2026.	ultimo dato osservato, non nuovo segnale PULSE
Salute	Mortalità infantile	Valle d'Aosta/Vallée d'Aoste	2022	6.4	Per 1.000 nati vivi	Bes dei territori — ISTAT	https://www.istat.it/statistiche-per-temi/focus/benessere-e-sostenibilita/la-misurazione-del-benessere-bes/il-bes-dei-territori/	nan · Dato regionale annuale; non costituisce una notizia del 2026.	ultimo dato osservato, non nuovo segnale PULSE
Salute	Mortalità infantile	Liguria	2022	2.5	Per 1.000 nati vivi	Bes dei territori — ISTAT	https://www.istat.it/statistiche-per-temi/focus/benessere-e-sostenibilita/la-misurazione-del-benessere-bes/il-bes-dei-territori/	nan · Dato regionale annuale; non costituisce una notizia del 2026.	ultimo dato osservato, non nuovo segnale PULSE
Salute	Mortalità infantile	Lombardia	2022	2.4	Per 1.000 nati vivi	Bes dei territori — ISTAT	https://www.istat.it/statistiche-per-temi/focus/benessere-e-sostenibilita/la-misurazione-del-benessere-bes/il-bes-dei-territori/	nan · Dato regionale annuale; non costituisce una notizia del 2026.	ultimo dato osservato, non nuovo segnale PULSE
Salute	Mortalità infantile	Trentino-Alto Adige/Südtirol	2022	2.2	Per 1.000 nati vivi	Bes dei territori — ISTAT	https://www.istat.it/statistiche-per-temi/focus/benessere-e-sostenibilita/la-misurazione-del-benessere-bes/il-bes-dei-territori/	nan · Dato regionale annuale; non costituisce una notizia del 2026.	ultimo dato osservato, non nuovo segnale PULSE
Salute	Mortalità infantile	Veneto	2022	2	Per 1.000 nati vivi	Bes dei territori — ISTAT	https://www.istat.it/statistiche-per-temi/focus/benessere-e-sostenibilita/la-misurazione-del-benessere-bes/il-bes-dei-territori/	nan · Dato regionale annuale; non costituisce una notizia del 2026.	ultimo dato osservato, non nuovo segnale PULSE
Salute	Mortalità infantile	Friuli-Venezia Giulia	2022	2.3	Per 1.000 nati vivi	Bes dei territori — ISTAT	https://www.istat.it/statistiche-per-temi/focus/benessere-e-sostenibilita/la-misurazione-del-benessere-bes/il-bes-dei-territori/	nan · Dato regionale annuale; non costituisce una notizia del 2026.	ultimo dato osservato, non nuovo segnale PULSE
Salute	Mortalità infantile	Emilia-Romagna	2022	2.1	Per 1.000 nati vivi	Bes dei territori — ISTAT	https://www.istat.it/statistiche-per-temi/focus/benessere-e-sostenibilita/la-misurazione-del-benessere-bes/il-bes-dei-territori/	nan · Dato regionale annuale; non costituisce una notizia del 2026.	ultimo dato osservato, non nuovo segnale PULSE
Salute	Mortalità infantile	Toscana	2022	1.4	Per 1.000 nati vivi	Bes dei territori — ISTAT	https://www.istat.it/statistiche-per-temi/focus/benessere-e-sostenibilita/la-misurazione-del-benessere-bes/il-bes-dei-territori/	nan · Dato regionale annuale; non costituisce una notizia del 2026.	ultimo dato osservato, non nuovo segnale PULSE
Salute	Mortalità infantile	Umbria	2022	1.8	Per 1.000 nati vivi	Bes dei territori — ISTAT	https://www.istat.it/statistiche-per-temi/focus/benessere-e-sostenibilita/la-misurazione-del-benessere-bes/il-bes-dei-territori/	nan · Dato regionale annuale; non costituisce una notizia del 2026.	ultimo dato osservato, non nuovo segnale PULSE
Salute	Mortalità infantile	Marche	2022	2.2	Per 1.000 nati vivi	Bes dei territori — ISTAT	https://www.istat.it/statistiche-per-temi/focus/benessere-e-sostenibilita/la-misurazione-del-benessere-bes/il-bes-dei-territori/	nan · Dato regionale annuale; non costituisce una notizia del 2026.	ultimo dato osservato, non nuovo segnale PULSE
Salute	Mortalità infantile	Lazio	2022	2.8	Per 1.000 nati vivi	Bes dei territori — ISTAT	https://www.istat.it/statistiche-per-temi/focus/benessere-e-sostenibilita/la-misurazione-del-benessere-bes/il-bes-dei-territori/	nan · Dato regionale annuale; non costituisce una notizia del 2026.	ultimo dato osservato, non nuovo segnale PULSE
Salute	Mortalità infantile	Abruzzo	2022	3	Per 1.000 nati vivi	Bes dei territori — ISTAT	https://www.istat.it/statistiche-per-temi/focus/benessere-e-sostenibilita/la-misurazione-del-benessere-bes/il-bes-dei-territori/	nan · Dato regionale annuale; non costituisce una notizia del 2026.	ultimo dato osservato, non nuovo segnale PULSE
Salute	Mortalità infantile	Molise	2022	1.8	Per 1.000 nati vivi	Bes dei territori — ISTAT	https://www.istat.it/statistiche-per-temi/focus/benessere-e-sostenibilita/la-misurazione-del-benessere-bes/il-bes-dei-territori/	nan · Dato regionale annuale; non costituisce una notizia del 2026.	ultimo dato osservato, non nuovo segnale PULSE
Salute	Mortalità infantile	Campania	2022	3.2	Per 1.000 nati vivi	Bes dei territori — ISTAT	https://www.istat.it/statistiche-per-temi/focus/benessere-e-sostenibilita/la-misurazione-del-benessere-bes/il-bes-dei-territori/	nan · Dato regionale annuale; non costituisce una notizia del 2026.	ultimo dato osservato, non nuovo segnale PULSE
Salute	Mortalità infantile	Puglia	2022	2.8	Per 1.000 nati vivi	Bes dei territori — ISTAT	https://www.istat.it/statistiche-per-temi/focus/benessere-e-sostenibilita/la-misurazione-del-benessere-bes/il-bes-dei-territori/	nan · Dato regionale annuale; non costituisce una notizia del 2026.	ultimo dato osservato, non nuovo segnale PULSE
Salute	Mortalità infantile	Basilicata	2022	2.5	Per 1.000 nati vivi	Bes dei territori — ISTAT	https://www.istat.it/statistiche-per-temi/focus/benessere-e-sostenibilita/la-misurazione-del-benessere-bes/il-bes-dei-territori/	nan · Dato regionale annuale; non costituisce una notizia del 2026.	ultimo dato osservato, non nuovo segnale PULSE
Salute	Mortalità infantile	Calabria	2022	3.6	Per 1.000 nati vivi	Bes dei territori — ISTAT	https://www.istat.it/statistiche-per-temi/focus/benessere-e-sostenibilita/la-misurazione-del-benessere-bes/il-bes-dei-territori/	nan · Dato regionale annuale; non costituisce una notizia del 2026.	ultimo dato osservato, non nuovo segnale PULSE
Salute	Mortalità infantile	Sicilia	2022	3	Per 1.000 nati vivi	Bes dei territori — ISTAT	https://www.istat.it/statistiche-per-temi/focus/benessere-e-sostenibilita/la-misurazione-del-benessere-bes/il-bes-dei-territori/	nan · Dato regionale annuale; non costituisce una notizia del 2026.	ultimo dato osservato, non nuovo segnale PULSE
Salute	Mortalità infantile	Sardegna	2022	2.5	Per 1.000 nati vivi	Bes dei territori — ISTAT	https://www.istat.it/statistiche-per-temi/focus/benessere-e-sostenibilita/la-misurazione-del-benessere-bes/il-bes-dei-territori/	nan · Dato regionale annuale; non costituisce una notizia del 2026.	ultimo dato osservato, non nuovo segnale PULSE
Salute	Mortalità per incidenti stradali (15-34 anni)	Piemonte	2023	0.5	Tassi standardizzati per 10.000 residenti	Bes dei territori — ISTAT	https://www.istat.it/statistiche-per-temi/focus/benessere-e-sostenibilita/la-misurazione-del-benessere-bes/il-bes-dei-territori/	Nel 2018, sono incluse le vittime dell'incidente a Genova sul Ponte Morandi (Autostrada A10). · Dato regionale annuale; non costituisce una notizia del 2026.	ultimo dato osservato, non nuovo segnale PULSE
Salute	Mortalità per incidenti stradali (15-34 anni)	Valle d'Aosta/Vallée d'Aoste	2023	0.4	Tassi standardizzati per 10.000 residenti	Bes dei territori — ISTAT	https://www.istat.it/statistiche-per-temi/focus/benessere-e-sostenibilita/la-misurazione-del-benessere-bes/il-bes-dei-territori/	Nel 2018, sono incluse le vittime dell'incidente a Genova sul Ponte Morandi (Autostrada A10). · Dato regionale annuale; non costituisce una notizia del 2026.	ultimo dato osservato, non nuovo segnale PULSE
Salute	Mortalità per incidenti stradali (15-34 anni)	Liguria	2023	0.4	Tassi standardizzati per 10.000 residenti	Bes dei territori — ISTAT	https://www.istat.it/statistiche-per-temi/focus/benessere-e-sostenibilita/la-misurazione-del-benessere-bes/il-bes-dei-territori/	Nel 2018, sono incluse le vittime dell'incidente a Genova sul Ponte Morandi (Autostrada A10). · Dato regionale annuale; non costituisce una notizia del 2026.	ultimo dato osservato, non nuovo segnale PULSE
Salute	Mortalità per incidenti stradali (15-34 anni)	Lombardia	2023	0.5	Tassi standardizzati per 10.000 residenti	Bes dei territori — ISTAT	https://www.istat.it/statistiche-per-temi/focus/benessere-e-sostenibilita/la-misurazione-del-benessere-bes/il-bes-dei-territori/	Nel 2018, sono incluse le vittime dell'incidente a Genova sul Ponte Morandi (Autostrada A10). · Dato regionale annuale; non costituisce una notizia del 2026.	ultimo dato osservato, non nuovo segnale PULSE
Salute	Mortalità per incidenti stradali (15-34 anni)	Trentino-Alto Adige/Südtirol	2023	0.8	Tassi standardizzati per 10.000 residenti	Bes dei territori — ISTAT	https://www.istat.it/statistiche-per-temi/focus/benessere-e-sostenibilita/la-misurazione-del-benessere-bes/il-bes-dei-territori/	Nel 2018, sono incluse le vittime dell'incidente a Genova sul Ponte Morandi (Autostrada A10). · Dato regionale annuale; non costituisce una notizia del 2026.	ultimo dato osservato, non nuovo segnale PULSE
Salute	Mortalità per incidenti stradali (15-34 anni)	Veneto	2023	0.8	Tassi standardizzati per 10.000 residenti	Bes dei territori — ISTAT	https://www.istat.it/statistiche-per-temi/focus/benessere-e-sostenibilita/la-misurazione-del-benessere-bes/il-bes-dei-territori/	Nel 2018, sono incluse le vittime dell'incidente a Genova sul Ponte Morandi (Autostrada A10). · Dato regionale annuale; non costituisce una notizia del 2026.	ultimo dato osservato, non nuovo segnale PULSE
Salute	Mortalità per incidenti stradali (15-34 anni)	Friuli-Venezia Giulia	2023	0.5	Tassi standardizzati per 10.000 residenti	Bes dei territori — ISTAT	https://www.istat.it/statistiche-per-temi/focus/benessere-e-sostenibilita/la-misurazione-del-benessere-bes/il-bes-dei-territori/	Nel 2018, sono incluse le vittime dell'incidente a Genova sul Ponte Morandi (Autostrada A10). · Dato regionale annuale; non costituisce una notizia del 2026.	ultimo dato osservato, non nuovo segnale PULSE
Salute	Mortalità per incidenti stradali (15-34 anni)	Emilia-Romagna	2023	0.5	Tassi standardizzati per 10.000 residenti	Bes dei territori — ISTAT	https://www.istat.it/statistiche-per-temi/focus/benessere-e-sostenibilita/la-misurazione-del-benessere-bes/il-bes-dei-territori/	Nel 2018, sono incluse le vittime dell'incidente a Genova sul Ponte Morandi (Autostrada A10). · Dato regionale annuale; non costituisce una notizia del 2026.	ultimo dato osservato, non nuovo segnale PULSE
Salute	Mortalità per incidenti stradali (15-34 anni)	Toscana	2023	0.5	Tassi standardizzati per 10.000 residenti	Bes dei territori — ISTAT	https://www.istat.it/statistiche-per-temi/focus/benessere-e-sostenibilita/la-misurazione-del-benessere-bes/il-bes-dei-territori/	Nel 2018, sono incluse le vittime dell'incidente a Genova sul Ponte Morandi (Autostrada A10). · Dato regionale annuale; non costituisce una notizia del 2026.	ultimo dato osservato, non nuovo segnale PULSE
Salute	Mortalità per incidenti stradali (15-34 anni)	Umbria	2023	0.8	Tassi standardizzati per 10.000 residenti	Bes dei territori — ISTAT	https://www.istat.it/statistiche-per-temi/focus/benessere-e-sostenibilita/la-misurazione-del-benessere-bes/il-bes-dei-territori/	Nel 2018, sono incluse le vittime dell'incidente a Genova sul Ponte Morandi (Autostrada A10). · Dato regionale annuale; non costituisce una notizia del 2026.	ultimo dato osservato, non nuovo segnale PULSE
Salute	Mortalità per incidenti stradali (15-34 anni)	Marche	2023	0.5	Tassi standardizzati per 10.000 residenti	Bes dei territori — ISTAT	https://www.istat.it/statistiche-per-temi/focus/benessere-e-sostenibilita/la-misurazione-del-benessere-bes/il-bes-dei-territori/	Nel 2018, sono incluse le vittime dell'incidente a Genova sul Ponte Morandi (Autostrada A10). · Dato regionale annuale; non costituisce una notizia del 2026.	ultimo dato osservato, non nuovo segnale PULSE
Salute	Mortalità per incidenti stradali (15-34 anni)	Lazio	2023	0.7	Tassi standardizzati per 10.000 residenti	Bes dei territori — ISTAT	https://www.istat.it/statistiche-per-temi/focus/benessere-e-sostenibilita/la-misurazione-del-benessere-bes/il-bes-dei-territori/	Nel 2018, sono incluse le vittime dell'incidente a Genova sul Ponte Morandi (Autostrada A10). · Dato regionale annuale; non costituisce una notizia del 2026.	ultimo dato osservato, non nuovo segnale PULSE
Salute	Mortalità per incidenti stradali (15-34 anni)	Abruzzo	2023	0.6	Tassi standardizzati per 10.000 residenti	Bes dei territori — ISTAT	https://www.istat.it/statistiche-per-temi/focus/benessere-e-sostenibilita/la-misurazione-del-benessere-bes/il-bes-dei-territori/	Nel 2018, sono incluse le vittime dell'incidente a Genova sul Ponte Morandi (Autostrada A10). · Dato regionale annuale; non costituisce una notizia del 2026.	ultimo dato osservato, non nuovo segnale PULSE
Salute	Mortalità per incidenti stradali (15-34 anni)	Molise	2023	0.2	Tassi standardizzati per 10.000 residenti	Bes dei territori — ISTAT	https://www.istat.it/statistiche-per-temi/focus/benessere-e-sostenibilita/la-misurazione-del-benessere-bes/il-bes-dei-territori/	Nel 2018, sono incluse le vittime dell'incidente a Genova sul Ponte Morandi (Autostrada A10). · Dato regionale annuale; non costituisce una notizia del 2026.	ultimo dato osservato, non nuovo segnale PULSE
Salute	Mortalità per incidenti stradali (15-34 anni)	Campania	2023	0.5	Tassi standardizzati per 10.000 residenti	Bes dei territori — ISTAT	https://www.istat.it/statistiche-per-temi/focus/benessere-e-sostenibilita/la-misurazione-del-benessere-bes/il-bes-dei-territori/	Nel 2018, sono incluse le vittime dell'incidente a Genova sul Ponte Morandi (Autostrada A10). · Dato regionale annuale; non costituisce una notizia del 2026.	ultimo dato osservato, non nuovo segnale PULSE
Salute	Mortalità per incidenti stradali (15-34 anni)	Puglia	2023	0.8	Tassi standardizzati per 10.000 residenti	Bes dei territori — ISTAT	https://www.istat.it/statistiche-per-temi/focus/benessere-e-sostenibilita/la-misurazione-del-benessere-bes/il-bes-dei-territori/	Nel 2018, sono incluse le vittime dell'incidente a Genova sul Ponte Morandi (Autostrada A10). · Dato regionale annuale; non costituisce una notizia del 2026.	ultimo dato osservato, non nuovo segnale PULSE
Salute	Mortalità per incidenti stradali (15-34 anni)	Basilicata	2023	0.8	Tassi standardizzati per 10.000 residenti	Bes dei territori — ISTAT	https://www.istat.it/statistiche-per-temi/focus/benessere-e-sostenibilita/la-misurazione-del-benessere-bes/il-bes-dei-territori/	Nel 2018, sono incluse le vittime dell'incidente a Genova sul Ponte Morandi (Autostrada A10). · Dato regionale annuale; non costituisce una notizia del 2026.	ultimo dato osservato, non nuovo segnale PULSE
Salute	Mortalità per incidenti stradali (15-34 anni)	Calabria	2023	0.5	Tassi standardizzati per 10.000 residenti	Bes dei territori — ISTAT	https://www.istat.it/statistiche-per-temi/focus/benessere-e-sostenibilita/la-misurazione-del-benessere-bes/il-bes-dei-territori/	Nel 2018, sono incluse le vittime dell'incidente a Genova sul Ponte Morandi (Autostrada A10). · Dato regionale annuale; non costituisce una notizia del 2026.	ultimo dato osservato, non nuovo segnale PULSE
Salute	Mortalità per incidenti stradali (15-34 anni)	Sicilia	2023	0.7	Tassi standardizzati per 10.000 residenti	Bes dei territori — ISTAT	https://www.istat.it/statistiche-per-temi/focus/benessere-e-sostenibilita/la-misurazione-del-benessere-bes/il-bes-dei-territori/	Nel 2018, sono incluse le vittime dell'incidente a Genova sul Ponte Morandi (Autostrada A10). · Dato regionale annuale; non costituisce una notizia del 2026.	ultimo dato osservato, non nuovo segnale PULSE
Salute	Mortalità per incidenti stradali (15-34 anni)	Sardegna	2023	0.8	Tassi standardizzati per 10.000 residenti	Bes dei territori — ISTAT	https://www.istat.it/statistiche-per-temi/focus/benessere-e-sostenibilita/la-misurazione-del-benessere-bes/il-bes-dei-territori/	Nel 2018, sono incluse le vittime dell'incidente a Genova sul Ponte Morandi (Autostrada A10). · Dato regionale annuale; non costituisce una notizia del 2026.	ultimo dato osservato, non nuovo segnale PULSE
Salute	Mortalità per tumore (20-64 anni)	Piemonte	2022	7.5	Tassi standardizzati per 10.000 residenti	Bes dei territori — ISTAT	https://www.istat.it/statistiche-per-temi/focus/benessere-e-sostenibilita/la-misurazione-del-benessere-bes/il-bes-dei-territori/	nan · Dato regionale annuale; non costituisce una notizia del 2026.	ultimo dato osservato, non nuovo segnale PULSE
Salute	Mortalità per tumore (20-64 anni)	Valle d'Aosta/Vallée d'Aoste	2022	6.4	Tassi standardizzati per 10.000 residenti	Bes dei territori — ISTAT	https://www.istat.it/statistiche-per-temi/focus/benessere-e-sostenibilita/la-misurazione-del-benessere-bes/il-bes-dei-territori/	nan · Dato regionale annuale; non costituisce una notizia del 2026.	ultimo dato osservato, non nuovo segnale PULSE
Salute	Mortalità per tumore (20-64 anni)	Liguria	2022	7.2	Tassi standardizzati per 10.000 residenti	Bes dei territori — ISTAT	https://www.istat.it/statistiche-per-temi/focus/benessere-e-sostenibilita/la-misurazione-del-benessere-bes/il-bes-dei-territori/	nan · Dato regionale annuale; non costituisce una notizia del 2026.	ultimo dato osservato, non nuovo segnale PULSE
Salute	Mortalità per tumore (20-64 anni)	Lombardia	2022	7.2	Tassi standardizzati per 10.000 residenti	Bes dei territori — ISTAT	https://www.istat.it/statistiche-per-temi/focus/benessere-e-sostenibilita/la-misurazione-del-benessere-bes/il-bes-dei-territori/	nan · Dato regionale annuale; non costituisce una notizia del 2026.	ultimo dato osservato, non nuovo segnale PULSE
Salute	Mortalità per tumore (20-64 anni)	Trentino-Alto Adige/Südtirol	2022	6.1	Tassi standardizzati per 10.000 residenti	Bes dei territori — ISTAT	https://www.istat.it/statistiche-per-temi/focus/benessere-e-sostenibilita/la-misurazione-del-benessere-bes/il-bes-dei-territori/	nan · Dato regionale annuale; non costituisce una notizia del 2026.	ultimo dato osservato, non nuovo segnale PULSE
Salute	Mortalità per tumore (20-64 anni)	Veneto	2022	6.5	Tassi standardizzati per 10.000 residenti	Bes dei territori — ISTAT	https://www.istat.it/statistiche-per-temi/focus/benessere-e-sostenibilita/la-misurazione-del-benessere-bes/il-bes-dei-territori/	nan · Dato regionale annuale; non costituisce una notizia del 2026.	ultimo dato osservato, non nuovo segnale PULSE
Salute	Mortalità per tumore (20-64 anni)	Friuli-Venezia Giulia	2022	7.5	Tassi standardizzati per 10.000 residenti	Bes dei territori — ISTAT	https://www.istat.it/statistiche-per-temi/focus/benessere-e-sostenibilita/la-misurazione-del-benessere-bes/il-bes-dei-territori/	nan · Dato regionale annuale; non costituisce una notizia del 2026.	ultimo dato osservato, non nuovo segnale PULSE
Salute	Mortalità per tumore (20-64 anni)	Emilia-Romagna	2022	7.1	Tassi standardizzati per 10.000 residenti	Bes dei territori — ISTAT	https://www.istat.it/statistiche-per-temi/focus/benessere-e-sostenibilita/la-misurazione-del-benessere-bes/il-bes-dei-territori/	nan · Dato regionale annuale; non costituisce una notizia del 2026.	ultimo dato osservato, non nuovo segnale PULSE
Salute	Mortalità per tumore (20-64 anni)	Toscana	2022	6.9	Tassi standardizzati per 10.000 residenti	Bes dei territori — ISTAT	https://www.istat.it/statistiche-per-temi/focus/benessere-e-sostenibilita/la-misurazione-del-benessere-bes/il-bes-dei-territori/	nan · Dato regionale annuale; non costituisce una notizia del 2026.	ultimo dato osservato, non nuovo segnale PULSE
Salute	Mortalità per tumore (20-64 anni)	Umbria	2022	6.4	Tassi standardizzati per 10.000 residenti	Bes dei territori — ISTAT	https://www.istat.it/statistiche-per-temi/focus/benessere-e-sostenibilita/la-misurazione-del-benessere-bes/il-bes-dei-territori/	nan · Dato regionale annuale; non costituisce una notizia del 2026.	ultimo dato osservato, non nuovo segnale PULSE
Salute	Mortalità per tumore (20-64 anni)	Marche	2022	6.9	Tassi standardizzati per 10.000 residenti	Bes dei territori — ISTAT	https://www.istat.it/statistiche-per-temi/focus/benessere-e-sostenibilita/la-misurazione-del-benessere-bes/il-bes-dei-territori/	nan · Dato regionale annuale; non costituisce una notizia del 2026.	ultimo dato osservato, non nuovo segnale PULSE
Salute	Mortalità per tumore (20-64 anni)	Lazio	2022	7.7	Tassi standardizzati per 10.000 residenti	Bes dei territori — ISTAT	https://www.istat.it/statistiche-per-temi/focus/benessere-e-sostenibilita/la-misurazione-del-benessere-bes/il-bes-dei-territori/	nan · Dato regionale annuale; non costituisce una notizia del 2026.	ultimo dato osservato, non nuovo segnale PULSE
Salute	Mortalità per tumore (20-64 anni)	Abruzzo	2022	7.3	Tassi standardizzati per 10.000 residenti	Bes dei territori — ISTAT	https://www.istat.it/statistiche-per-temi/focus/benessere-e-sostenibilita/la-misurazione-del-benessere-bes/il-bes-dei-territori/	nan · Dato regionale annuale; non costituisce una notizia del 2026.	ultimo dato osservato, non nuovo segnale PULSE
Salute	Mortalità per tumore (20-64 anni)	Molise	2022	7.7	Tassi standardizzati per 10.000 residenti	Bes dei territori — ISTAT	https://www.istat.it/statistiche-per-temi/focus/benessere-e-sostenibilita/la-misurazione-del-benessere-bes/il-bes-dei-territori/	nan · Dato regionale annuale; non costituisce una notizia del 2026.	ultimo dato osservato, non nuovo segnale PULSE
Salute	Mortalità per tumore (20-64 anni)	Campania	2022	9	Tassi standardizzati per 10.000 residenti	Bes dei territori — ISTAT	https://www.istat.it/statistiche-per-temi/focus/benessere-e-sostenibilita/la-misurazione-del-benessere-bes/il-bes-dei-territori/	nan · Dato regionale annuale; non costituisce una notizia del 2026.	ultimo dato osservato, non nuovo segnale PULSE
Salute	Mortalità per tumore (20-64 anni)	Puglia	2022	8	Tassi standardizzati per 10.000 residenti	Bes dei territori — ISTAT	https://www.istat.it/statistiche-per-temi/focus/benessere-e-sostenibilita/la-misurazione-del-benessere-bes/il-bes-dei-territori/	nan · Dato regionale annuale; non costituisce una notizia del 2026.	ultimo dato osservato, non nuovo segnale PULSE
Salute	Mortalità per tumore (20-64 anni)	Basilicata	2022	8	Tassi standardizzati per 10.000 residenti	Bes dei territori — ISTAT	https://www.istat.it/statistiche-per-temi/focus/benessere-e-sostenibilita/la-misurazione-del-benessere-bes/il-bes-dei-territori/	nan · Dato regionale annuale; non costituisce una notizia del 2026.	ultimo dato osservato, non nuovo segnale PULSE
Salute	Mortalità per tumore (20-64 anni)	Calabria	2022	8	Tassi standardizzati per 10.000 residenti	Bes dei territori — ISTAT	https://www.istat.it/statistiche-per-temi/focus/benessere-e-sostenibilita/la-misurazione-del-benessere-bes/il-bes-dei-territori/	nan · Dato regionale annuale; non costituisce una notizia del 2026.	ultimo dato osservato, non nuovo segnale PULSE
Salute	Mortalità per tumore (20-64 anni)	Sicilia	2022	8.4	Tassi standardizzati per 10.000 residenti	Bes dei territori — ISTAT	https://www.istat.it/statistiche-per-temi/focus/benessere-e-sostenibilita/la-misurazione-del-benessere-bes/il-bes-dei-territori/	nan · Dato regionale annuale; non costituisce una notizia del 2026.	ultimo dato osservato, non nuovo segnale PULSE
Salute	Mortalità per tumore (20-64 anni)	Sardegna	2022	8.8	Tassi standardizzati per 10.000 residenti	Bes dei territori — ISTAT	https://www.istat.it/statistiche-per-temi/focus/benessere-e-sostenibilita/la-misurazione-del-benessere-bes/il-bes-dei-territori/	nan · Dato regionale annuale; non costituisce una notizia del 2026.	ultimo dato osservato, non nuovo segnale PULSE
Salute	Mortalità per demenze e malattie del sistema nervoso (65 anni e più)	Piemonte	2022	38.1	Tassi standardizzati per 10.000 residenti	Bes dei territori — ISTAT	https://www.istat.it/statistiche-per-temi/focus/benessere-e-sostenibilita/la-misurazione-del-benessere-bes/il-bes-dei-territori/	nan · Dato regionale annuale; non costituisce una notizia del 2026.	ultimo dato osservato, non nuovo segnale PULSE
Salute	Mortalità per demenze e malattie del sistema nervoso (65 anni e più)	Valle d'Aosta/Vallée d'Aoste	2022	62.1	Tassi standardizzati per 10.000 residenti	Bes dei territori — ISTAT	https://www.istat.it/statistiche-per-temi/focus/benessere-e-sostenibilita/la-misurazione-del-benessere-bes/il-bes-dei-territori/	nan · Dato regionale annuale; non costituisce una notizia del 2026.	ultimo dato osservato, non nuovo segnale PULSE
Salute	Mortalità per demenze e malattie del sistema nervoso (65 anni e più)	Liguria	2022	36.1	Tassi standardizzati per 10.000 residenti	Bes dei territori — ISTAT	https://www.istat.it/statistiche-per-temi/focus/benessere-e-sostenibilita/la-misurazione-del-benessere-bes/il-bes-dei-territori/	nan · Dato regionale annuale; non costituisce una notizia del 2026.	ultimo dato osservato, non nuovo segnale PULSE
Salute	Mortalità per demenze e malattie del sistema nervoso (65 anni e più)	Lombardia	2022	38.5	Tassi standardizzati per 10.000 residenti	Bes dei territori — ISTAT	https://www.istat.it/statistiche-per-temi/focus/benessere-e-sostenibilita/la-misurazione-del-benessere-bes/il-bes-dei-territori/	nan · Dato regionale annuale; non costituisce una notizia del 2026.	ultimo dato osservato, non nuovo segnale PULSE
Salute	Mortalità per demenze e malattie del sistema nervoso (65 anni e più)	Trentino-Alto Adige/Südtirol	2022	38.6	Tassi standardizzati per 10.000 residenti	Bes dei territori — ISTAT	https://www.istat.it/statistiche-per-temi/focus/benessere-e-sostenibilita/la-misurazione-del-benessere-bes/il-bes-dei-territori/	nan · Dato regionale annuale; non costituisce una notizia del 2026.	ultimo dato osservato, non nuovo segnale PULSE
Salute	Mortalità per demenze e malattie del sistema nervoso (65 anni e più)	Veneto	2022	38.6	Tassi standardizzati per 10.000 residenti	Bes dei territori — ISTAT	https://www.istat.it/statistiche-per-temi/focus/benessere-e-sostenibilita/la-misurazione-del-benessere-bes/il-bes-dei-territori/	nan · Dato regionale annuale; non costituisce una notizia del 2026.	ultimo dato osservato, non nuovo segnale PULSE
Salute	Mortalità per demenze e malattie del sistema nervoso (65 anni e più)	Friuli-Venezia Giulia	2022	30.5	Tassi standardizzati per 10.000 residenti	Bes dei territori — ISTAT	https://www.istat.it/statistiche-per-temi/focus/benessere-e-sostenibilita/la-misurazione-del-benessere-bes/il-bes-dei-territori/	nan · Dato regionale annuale; non costituisce una notizia del 2026.	ultimo dato osservato, non nuovo segnale PULSE
Salute	Mortalità per demenze e malattie del sistema nervoso (65 anni e più)	Emilia-Romagna	2022	34.3	Tassi standardizzati per 10.000 residenti	Bes dei territori — ISTAT	https://www.istat.it/statistiche-per-temi/focus/benessere-e-sostenibilita/la-misurazione-del-benessere-bes/il-bes-dei-territori/	nan · Dato regionale annuale; non costituisce una notizia del 2026.	ultimo dato osservato, non nuovo segnale PULSE
Salute	Mortalità per demenze e malattie del sistema nervoso (65 anni e più)	Toscana	2022	35.8	Tassi standardizzati per 10.000 residenti	Bes dei territori — ISTAT	https://www.istat.it/statistiche-per-temi/focus/benessere-e-sostenibilita/la-misurazione-del-benessere-bes/il-bes-dei-territori/	nan · Dato regionale annuale; non costituisce una notizia del 2026.	ultimo dato osservato, non nuovo segnale PULSE
Salute	Mortalità per demenze e malattie del sistema nervoso (65 anni e più)	Umbria	2022	36.8	Tassi standardizzati per 10.000 residenti	Bes dei territori — ISTAT	https://www.istat.it/statistiche-per-temi/focus/benessere-e-sostenibilita/la-misurazione-del-benessere-bes/il-bes-dei-territori/	nan · Dato regionale annuale; non costituisce una notizia del 2026.	ultimo dato osservato, non nuovo segnale PULSE
Salute	Mortalità per demenze e malattie del sistema nervoso (65 anni e più)	Marche	2022	39.1	Tassi standardizzati per 10.000 residenti	Bes dei territori — ISTAT	https://www.istat.it/statistiche-per-temi/focus/benessere-e-sostenibilita/la-misurazione-del-benessere-bes/il-bes-dei-territori/	nan · Dato regionale annuale; non costituisce una notizia del 2026.	ultimo dato osservato, non nuovo segnale PULSE
Salute	Mortalità per demenze e malattie del sistema nervoso (65 anni e più)	Lazio	2022	33.2	Tassi standardizzati per 10.000 residenti	Bes dei territori — ISTAT	https://www.istat.it/statistiche-per-temi/focus/benessere-e-sostenibilita/la-misurazione-del-benessere-bes/il-bes-dei-territori/	nan · Dato regionale annuale; non costituisce una notizia del 2026.	ultimo dato osservato, non nuovo segnale PULSE
Salute	Mortalità per demenze e malattie del sistema nervoso (65 anni e più)	Abruzzo	2022	37.2	Tassi standardizzati per 10.000 residenti	Bes dei territori — ISTAT	https://www.istat.it/statistiche-per-temi/focus/benessere-e-sostenibilita/la-misurazione-del-benessere-bes/il-bes-dei-territori/	nan · Dato regionale annuale; non costituisce una notizia del 2026.	ultimo dato osservato, non nuovo segnale PULSE
Salute	Mortalità per demenze e malattie del sistema nervoso (65 anni e più)	Molise	2022	30.4	Tassi standardizzati per 10.000 residenti	Bes dei territori — ISTAT	https://www.istat.it/statistiche-per-temi/focus/benessere-e-sostenibilita/la-misurazione-del-benessere-bes/il-bes-dei-territori/	nan · Dato regionale annuale; non costituisce una notizia del 2026.	ultimo dato osservato, non nuovo segnale PULSE
Salute	Mortalità per demenze e malattie del sistema nervoso (65 anni e più)	Campania	2022	28.1	Tassi standardizzati per 10.000 residenti	Bes dei territori — ISTAT	https://www.istat.it/statistiche-per-temi/focus/benessere-e-sostenibilita/la-misurazione-del-benessere-bes/il-bes-dei-territori/	nan · Dato regionale annuale; non costituisce una notizia del 2026.	ultimo dato osservato, non nuovo segnale PULSE
Salute	Mortalità per demenze e malattie del sistema nervoso (65 anni e più)	Puglia	2022	32.5	Tassi standardizzati per 10.000 residenti	Bes dei territori — ISTAT	https://www.istat.it/statistiche-per-temi/focus/benessere-e-sostenibilita/la-misurazione-del-benessere-bes/il-bes-dei-territori/	nan · Dato regionale annuale; non costituisce una notizia del 2026.	ultimo dato osservato, non nuovo segnale PULSE
Salute	Mortalità per demenze e malattie del sistema nervoso (65 anni e più)	Basilicata	2022	31.3	Tassi standardizzati per 10.000 residenti	Bes dei territori — ISTAT	https://www.istat.it/statistiche-per-temi/focus/benessere-e-sostenibilita/la-misurazione-del-benessere-bes/il-bes-dei-territori/	nan · Dato regionale annuale; non costituisce una notizia del 2026.	ultimo dato osservato, non nuovo segnale PULSE
Salute	Mortalità per demenze e malattie del sistema nervoso (65 anni e più)	Calabria	2022	25.9	Tassi standardizzati per 10.000 residenti	Bes dei territori — ISTAT	https://www.istat.it/statistiche-per-temi/focus/benessere-e-sostenibilita/la-misurazione-del-benessere-bes/il-bes-dei-territori/	nan · Dato regionale annuale; non costituisce una notizia del 2026.	ultimo dato osservato, non nuovo segnale PULSE
Salute	Mortalità per demenze e malattie del sistema nervoso (65 anni e più)	Sicilia	2022	32.2	Tassi standardizzati per 10.000 residenti	Bes dei territori — ISTAT	https://www.istat.it/statistiche-per-temi/focus/benessere-e-sostenibilita/la-misurazione-del-benessere-bes/il-bes-dei-territori/	nan · Dato regionale annuale; non costituisce una notizia del 2026.	ultimo dato osservato, non nuovo segnale PULSE
Salute	Mortalità per demenze e malattie del sistema nervoso (65 anni e più)	Sardegna	2022	44.3	Tassi standardizzati per 10.000 residenti	Bes dei territori — ISTAT	https://www.istat.it/statistiche-per-temi/focus/benessere-e-sostenibilita/la-misurazione-del-benessere-bes/il-bes-dei-territori/	nan · Dato regionale annuale; non costituisce una notizia del 2026.	ultimo dato osservato, non nuovo segnale PULSE
Istruzione	Bambini che hanno usufruito dei servizi comunali per l'infanzia	Piemonte	2022	17	Valori percentuali	Bes dei territori — ISTAT	https://www.istat.it/statistiche-per-temi/focus/benessere-e-sostenibilita/la-misurazione-del-benessere-bes/il-bes-dei-territori/	nan · Dato regionale annuale; non costituisce una notizia del 2026.	ultimo dato osservato, non nuovo segnale PULSE
Istruzione	Bambini che hanno usufruito dei servizi comunali per l'infanzia	Valle d'Aosta/Vallée d'Aoste	2022	29.1	Valori percentuali	Bes dei territori — ISTAT	https://www.istat.it/statistiche-per-temi/focus/benessere-e-sostenibilita/la-misurazione-del-benessere-bes/il-bes-dei-territori/	nan · Dato regionale annuale; non costituisce una notizia del 2026.	ultimo dato osservato, non nuovo segnale PULSE
Istruzione	Bambini che hanno usufruito dei servizi comunali per l'infanzia	Liguria	2022	15.9	Valori percentuali	Bes dei territori — ISTAT	https://www.istat.it/statistiche-per-temi/focus/benessere-e-sostenibilita/la-misurazione-del-benessere-bes/il-bes-dei-territori/	nan · Dato regionale annuale; non costituisce una notizia del 2026.	ultimo dato osservato, non nuovo segnale PULSE
Istruzione	Bambini che hanno usufruito dei servizi comunali per l'infanzia	Lombardia	2022	18	Valori percentuali	Bes dei territori — ISTAT	https://www.istat.it/statistiche-per-temi/focus/benessere-e-sostenibilita/la-misurazione-del-benessere-bes/il-bes-dei-territori/	nan · Dato regionale annuale; non costituisce una notizia del 2026.	ultimo dato osservato, non nuovo segnale PULSE
Istruzione	Bambini che hanno usufruito dei servizi comunali per l'infanzia	Trentino-Alto Adige/Südtirol	2022	26.8	Valori percentuali	Bes dei territori — ISTAT	https://www.istat.it/statistiche-per-temi/focus/benessere-e-sostenibilita/la-misurazione-del-benessere-bes/il-bes-dei-territori/	nan · Dato regionale annuale; non costituisce una notizia del 2026.	ultimo dato osservato, non nuovo segnale PULSE
Istruzione	Bambini che hanno usufruito dei servizi comunali per l'infanzia	Veneto	2022	14	Valori percentuali	Bes dei territori — ISTAT	https://www.istat.it/statistiche-per-temi/focus/benessere-e-sostenibilita/la-misurazione-del-benessere-bes/il-bes-dei-territori/	nan · Dato regionale annuale; non costituisce una notizia del 2026.	ultimo dato osservato, non nuovo segnale PULSE
Istruzione	Bambini che hanno usufruito dei servizi comunali per l'infanzia	Friuli-Venezia Giulia	2022	33.8	Valori percentuali	Bes dei territori — ISTAT	https://www.istat.it/statistiche-per-temi/focus/benessere-e-sostenibilita/la-misurazione-del-benessere-bes/il-bes-dei-territori/	nan · Dato regionale annuale; non costituisce una notizia del 2026.	ultimo dato osservato, non nuovo segnale PULSE
Istruzione	Bambini che hanno usufruito dei servizi comunali per l'infanzia	Emilia-Romagna	2022	32.2	Valori percentuali	Bes dei territori — ISTAT	https://www.istat.it/statistiche-per-temi/focus/benessere-e-sostenibilita/la-misurazione-del-benessere-bes/il-bes-dei-territori/	nan · Dato regionale annuale; non costituisce una notizia del 2026.	ultimo dato osservato, non nuovo segnale PULSE
Istruzione	Bambini che hanno usufruito dei servizi comunali per l'infanzia	Toscana	2022	28.4	Valori percentuali	Bes dei territori — ISTAT	https://www.istat.it/statistiche-per-temi/focus/benessere-e-sostenibilita/la-misurazione-del-benessere-bes/il-bes-dei-territori/	nan · Dato regionale annuale; non costituisce una notizia del 2026.	ultimo dato osservato, non nuovo segnale PULSE
Istruzione	Bambini che hanno usufruito dei servizi comunali per l'infanzia	Umbria	2022	19.1	Valori percentuali	Bes dei territori — ISTAT	https://www.istat.it/statistiche-per-temi/focus/benessere-e-sostenibilita/la-misurazione-del-benessere-bes/il-bes-dei-territori/	nan · Dato regionale annuale; non costituisce una notizia del 2026.	ultimo dato osservato, non nuovo segnale PULSE
Istruzione	Bambini che hanno usufruito dei servizi comunali per l'infanzia	Marche	2022	22.3	Valori percentuali	Bes dei territori — ISTAT	https://www.istat.it/statistiche-per-temi/focus/benessere-e-sostenibilita/la-misurazione-del-benessere-bes/il-bes-dei-territori/	nan · Dato regionale annuale; non costituisce una notizia del 2026.	ultimo dato osservato, non nuovo segnale PULSE
Istruzione	Bambini che hanno usufruito dei servizi comunali per l'infanzia	Lazio	2022	21.4	Valori percentuali	Bes dei territori — ISTAT	https://www.istat.it/statistiche-per-temi/focus/benessere-e-sostenibilita/la-misurazione-del-benessere-bes/il-bes-dei-territori/	nan · Dato regionale annuale; non costituisce una notizia del 2026.	ultimo dato osservato, non nuovo segnale PULSE
Istruzione	Bambini che hanno usufruito dei servizi comunali per l'infanzia	Abruzzo	2022	12.7	Valori percentuali	Bes dei territori — ISTAT	https://www.istat.it/statistiche-per-temi/focus/benessere-e-sostenibilita/la-misurazione-del-benessere-bes/il-bes-dei-territori/	nan · Dato regionale annuale; non costituisce una notizia del 2026.	ultimo dato osservato, non nuovo segnale PULSE
Istruzione	Bambini che hanno usufruito dei servizi comunali per l'infanzia	Molise	2022	15	Valori percentuali	Bes dei territori — ISTAT	https://www.istat.it/statistiche-per-temi/focus/benessere-e-sostenibilita/la-misurazione-del-benessere-bes/il-bes-dei-territori/	nan · Dato regionale annuale; non costituisce una notizia del 2026.	ultimo dato osservato, non nuovo segnale PULSE
Istruzione	Bambini che hanno usufruito dei servizi comunali per l'infanzia	Campania	2022	5.5	Valori percentuali	Bes dei territori — ISTAT	https://www.istat.it/statistiche-per-temi/focus/benessere-e-sostenibilita/la-misurazione-del-benessere-bes/il-bes-dei-territori/	nan · Dato regionale annuale; non costituisce una notizia del 2026.	ultimo dato osservato, non nuovo segnale PULSE
Istruzione	Bambini che hanno usufruito dei servizi comunali per l'infanzia	Puglia	2022	11.6	Valori percentuali	Bes dei territori — ISTAT	https://www.istat.it/statistiche-per-temi/focus/benessere-e-sostenibilita/la-misurazione-del-benessere-bes/il-bes-dei-territori/	nan · Dato regionale annuale; non costituisce una notizia del 2026.	ultimo dato osservato, non nuovo segnale PULSE
Istruzione	Bambini che hanno usufruito dei servizi comunali per l'infanzia	Basilicata	2022	10	Valori percentuali	Bes dei territori — ISTAT	https://www.istat.it/statistiche-per-temi/focus/benessere-e-sostenibilita/la-misurazione-del-benessere-bes/il-bes-dei-territori/	nan · Dato regionale annuale; non costituisce una notizia del 2026.	ultimo dato osservato, non nuovo segnale PULSE
Istruzione	Bambini che hanno usufruito dei servizi comunali per l'infanzia	Calabria	2022	4.6	Valori percentuali	Bes dei territori — ISTAT	https://www.istat.it/statistiche-per-temi/focus/benessere-e-sostenibilita/la-misurazione-del-benessere-bes/il-bes-dei-territori/	nan · Dato regionale annuale; non costituisce una notizia del 2026.	ultimo dato osservato, non nuovo segnale PULSE
Istruzione	Bambini che hanno usufruito dei servizi comunali per l'infanzia	Sicilia	2022	6.6	Valori percentuali	Bes dei territori — ISTAT	https://www.istat.it/statistiche-per-temi/focus/benessere-e-sostenibilita/la-misurazione-del-benessere-bes/il-bes-dei-territori/	nan · Dato regionale annuale; non costituisce una notizia del 2026.	ultimo dato osservato, non nuovo segnale PULSE
Istruzione	Bambini che hanno usufruito dei servizi comunali per l'infanzia	Sardegna	2022	23.5	Valori percentuali	Bes dei territori — ISTAT	https://www.istat.it/statistiche-per-temi/focus/benessere-e-sostenibilita/la-misurazione-del-benessere-bes/il-bes-dei-territori/	nan · Dato regionale annuale; non costituisce una notizia del 2026.	ultimo dato osservato, non nuovo segnale PULSE
Istruzione	Partecipazione al sistema scolastico dei bambini di 4-5 anni	Piemonte	2023	94.8	Valori percentuali	Bes dei territori — ISTAT	https://www.istat.it/statistiche-per-temi/focus/benessere-e-sostenibilita/la-misurazione-del-benessere-bes/il-bes-dei-territori/	nan · Dato regionale annuale; non costituisce una notizia del 2026.	ultimo dato osservato, non nuovo segnale PULSE
Istruzione	Partecipazione al sistema scolastico dei bambini di 4-5 anni	Valle d'Aosta/Vallée d'Aoste	2023	95.6	Valori percentuali	Bes dei territori — ISTAT	https://www.istat.it/statistiche-per-temi/focus/benessere-e-sostenibilita/la-misurazione-del-benessere-bes/il-bes-dei-territori/	nan · Dato regionale annuale; non costituisce una notizia del 2026.	ultimo dato osservato, non nuovo segnale PULSE
Istruzione	Partecipazione al sistema scolastico dei bambini di 4-5 anni	Liguria	2023	96.1	Valori percentuali	Bes dei territori — ISTAT	https://www.istat.it/statistiche-per-temi/focus/benessere-e-sostenibilita/la-misurazione-del-benessere-bes/il-bes-dei-territori/	nan · Dato regionale annuale; non costituisce una notizia del 2026.	ultimo dato osservato, non nuovo segnale PULSE
Istruzione	Partecipazione al sistema scolastico dei bambini di 4-5 anni	Lombardia	2023	93.1	Valori percentuali	Bes dei territori — ISTAT	https://www.istat.it/statistiche-per-temi/focus/benessere-e-sostenibilita/la-misurazione-del-benessere-bes/il-bes-dei-territori/	nan · Dato regionale annuale; non costituisce una notizia del 2026.	ultimo dato osservato, non nuovo segnale PULSE
Istruzione	Partecipazione al sistema scolastico dei bambini di 4-5 anni	Trentino-Alto Adige/Südtirol	2023	94.6	Valori percentuali	Bes dei territori — ISTAT	https://www.istat.it/statistiche-per-temi/focus/benessere-e-sostenibilita/la-misurazione-del-benessere-bes/il-bes-dei-territori/	nan · Dato regionale annuale; non costituisce una notizia del 2026.	ultimo dato osservato, non nuovo segnale PULSE
Istruzione	Partecipazione al sistema scolastico dei bambini di 4-5 anni	Veneto	2023	94	Valori percentuali	Bes dei territori — ISTAT	https://www.istat.it/statistiche-per-temi/focus/benessere-e-sostenibilita/la-misurazione-del-benessere-bes/il-bes-dei-territori/	nan · Dato regionale annuale; non costituisce una notizia del 2026.	ultimo dato osservato, non nuovo segnale PULSE
Istruzione	Partecipazione al sistema scolastico dei bambini di 4-5 anni	Friuli-Venezia Giulia	2023	95	Valori percentuali	Bes dei territori — ISTAT	https://www.istat.it/statistiche-per-temi/focus/benessere-e-sostenibilita/la-misurazione-del-benessere-bes/il-bes-dei-territori/	nan · Dato regionale annuale; non costituisce una notizia del 2026.	ultimo dato osservato, non nuovo segnale PULSE
Istruzione	Partecipazione al sistema scolastico dei bambini di 4-5 anni	Emilia-Romagna	2023	94	Valori percentuali	Bes dei territori — ISTAT	https://www.istat.it/statistiche-per-temi/focus/benessere-e-sostenibilita/la-misurazione-del-benessere-bes/il-bes-dei-territori/	nan · Dato regionale annuale; non costituisce una notizia del 2026.	ultimo dato osservato, non nuovo segnale PULSE
Istruzione	Partecipazione al sistema scolastico dei bambini di 4-5 anni	Toscana	2023	95	Valori percentuali	Bes dei territori — ISTAT	https://www.istat.it/statistiche-per-temi/focus/benessere-e-sostenibilita/la-misurazione-del-benessere-bes/il-bes-dei-territori/	nan · Dato regionale annuale; non costituisce una notizia del 2026.	ultimo dato osservato, non nuovo segnale PULSE
Istruzione	Partecipazione al sistema scolastico dei bambini di 4-5 anni	Umbria	2023	97.1	Valori percentuali	Bes dei territori — ISTAT	https://www.istat.it/statistiche-per-temi/focus/benessere-e-sostenibilita/la-misurazione-del-benessere-bes/il-bes-dei-territori/	nan · Dato regionale annuale; non costituisce una notizia del 2026.	ultimo dato osservato, non nuovo segnale PULSE
Istruzione	Partecipazione al sistema scolastico dei bambini di 4-5 anni	Marche	2023	95.9	Valori percentuali	Bes dei territori — ISTAT	https://www.istat.it/statistiche-per-temi/focus/benessere-e-sostenibilita/la-misurazione-del-benessere-bes/il-bes-dei-territori/	nan · Dato regionale annuale; non costituisce una notizia del 2026.	ultimo dato osservato, non nuovo segnale PULSE
Istruzione	Partecipazione al sistema scolastico dei bambini di 4-5 anni	Lazio	2023	89	Valori percentuali	Bes dei territori — ISTAT	https://www.istat.it/statistiche-per-temi/focus/benessere-e-sostenibilita/la-misurazione-del-benessere-bes/il-bes-dei-territori/	nan · Dato regionale annuale; non costituisce una notizia del 2026.	ultimo dato osservato, non nuovo segnale PULSE
Istruzione	Partecipazione al sistema scolastico dei bambini di 4-5 anni	Abruzzo	2023	98	Valori percentuali	Bes dei territori — ISTAT	https://www.istat.it/statistiche-per-temi/focus/benessere-e-sostenibilita/la-misurazione-del-benessere-bes/il-bes-dei-territori/	nan · Dato regionale annuale; non costituisce una notizia del 2026.	ultimo dato osservato, non nuovo segnale PULSE
Istruzione	Partecipazione al sistema scolastico dei bambini di 4-5 anni	Molise	2023	95.1	Valori percentuali	Bes dei territori — ISTAT	https://www.istat.it/statistiche-per-temi/focus/benessere-e-sostenibilita/la-misurazione-del-benessere-bes/il-bes-dei-territori/	nan · Dato regionale annuale; non costituisce una notizia del 2026.	ultimo dato osservato, non nuovo segnale PULSE
Istruzione	Partecipazione al sistema scolastico dei bambini di 4-5 anni	Campania	2023	98.6	Valori percentuali	Bes dei territori — ISTAT	https://www.istat.it/statistiche-per-temi/focus/benessere-e-sostenibilita/la-misurazione-del-benessere-bes/il-bes-dei-territori/	nan · Dato regionale annuale; non costituisce una notizia del 2026.	ultimo dato osservato, non nuovo segnale PULSE
Istruzione	Partecipazione al sistema scolastico dei bambini di 4-5 anni	Puglia	2023	97.7	Valori percentuali	Bes dei territori — ISTAT	https://www.istat.it/statistiche-per-temi/focus/benessere-e-sostenibilita/la-misurazione-del-benessere-bes/il-bes-dei-territori/	nan · Dato regionale annuale; non costituisce una notizia del 2026.	ultimo dato osservato, non nuovo segnale PULSE
Istruzione	Partecipazione al sistema scolastico dei bambini di 4-5 anni	Basilicata	2023	96.9	Valori percentuali	Bes dei territori — ISTAT	https://www.istat.it/statistiche-per-temi/focus/benessere-e-sostenibilita/la-misurazione-del-benessere-bes/il-bes-dei-territori/	nan · Dato regionale annuale; non costituisce una notizia del 2026.	ultimo dato osservato, non nuovo segnale PULSE
Istruzione	Partecipazione al sistema scolastico dei bambini di 4-5 anni	Calabria	2023	97	Valori percentuali	Bes dei territori — ISTAT	https://www.istat.it/statistiche-per-temi/focus/benessere-e-sostenibilita/la-misurazione-del-benessere-bes/il-bes-dei-territori/	nan · Dato regionale annuale; non costituisce una notizia del 2026.	ultimo dato osservato, non nuovo segnale PULSE
Istruzione	Partecipazione al sistema scolastico dei bambini di 4-5 anni	Sicilia	2023	95	Valori percentuali	Bes dei territori — ISTAT	https://www.istat.it/statistiche-per-temi/focus/benessere-e-sostenibilita/la-misurazione-del-benessere-bes/il-bes-dei-territori/	nan · Dato regionale annuale; non costituisce una notizia del 2026.	ultimo dato osservato, non nuovo segnale PULSE
Istruzione	Partecipazione al sistema scolastico dei bambini di 4-5 anni	Sardegna	2023	96.9	Valori percentuali	Bes dei territori — ISTAT	https://www.istat.it/statistiche-per-temi/focus/benessere-e-sostenibilita/la-misurazione-del-benessere-bes/il-bes-dei-territori/	nan · Dato regionale annuale; non costituisce una notizia del 2026.	ultimo dato osservato, non nuovo segnale PULSE
Istruzione	Persone con almeno il diploma (25-64 anni)	Piemonte	2024	67.5	Valori percentuali	Bes dei territori — ISTAT	https://www.istat.it/statistiche-per-temi/focus/benessere-e-sostenibilita/la-misurazione-del-benessere-bes/il-bes-dei-territori/	nan · Dato regionale annuale; non costituisce una notizia del 2026.	ultimo dato osservato, non nuovo segnale PULSE
Istruzione	Persone con almeno il diploma (25-64 anni)	Valle d'Aosta/Vallée d'Aoste	2024	63.3	Valori percentuali	Bes dei territori — ISTAT	https://www.istat.it/statistiche-per-temi/focus/benessere-e-sostenibilita/la-misurazione-del-benessere-bes/il-bes-dei-territori/	nan · Dato regionale annuale; non costituisce una notizia del 2026.	ultimo dato osservato, non nuovo segnale PULSE
Istruzione	Persone con almeno il diploma (25-64 anni)	Liguria	2024	71.5	Valori percentuali	Bes dei territori — ISTAT	https://www.istat.it/statistiche-per-temi/focus/benessere-e-sostenibilita/la-misurazione-del-benessere-bes/il-bes-dei-territori/	nan · Dato regionale annuale; non costituisce una notizia del 2026.	ultimo dato osservato, non nuovo segnale PULSE
Istruzione	Persone con almeno il diploma (25-64 anni)	Lombardia	2024	69.4	Valori percentuali	Bes dei territori — ISTAT	https://www.istat.it/statistiche-per-temi/focus/benessere-e-sostenibilita/la-misurazione-del-benessere-bes/il-bes-dei-territori/	nan · Dato regionale annuale; non costituisce una notizia del 2026.	ultimo dato osservato, non nuovo segnale PULSE
Istruzione	Persone con almeno il diploma (25-64 anni)	Trentino-Alto Adige/Südtirol	2024	73.4	Valori percentuali	Bes dei territori — ISTAT	https://www.istat.it/statistiche-per-temi/focus/benessere-e-sostenibilita/la-misurazione-del-benessere-bes/il-bes-dei-territori/	nan · Dato regionale annuale; non costituisce una notizia del 2026.	ultimo dato osservato, non nuovo segnale PULSE
Istruzione	Persone con almeno il diploma (25-64 anni)	Veneto	2024	69.7	Valori percentuali	Bes dei territori — ISTAT	https://www.istat.it/statistiche-per-temi/focus/benessere-e-sostenibilita/la-misurazione-del-benessere-bes/il-bes-dei-territori/	nan · Dato regionale annuale; non costituisce una notizia del 2026.	ultimo dato osservato, non nuovo segnale PULSE
Istruzione	Persone con almeno il diploma (25-64 anni)	Friuli-Venezia Giulia	2024	74.9	Valori percentuali	Bes dei territori — ISTAT	https://www.istat.it/statistiche-per-temi/focus/benessere-e-sostenibilita/la-misurazione-del-benessere-bes/il-bes-dei-territori/	nan · Dato regionale annuale; non costituisce una notizia del 2026.	ultimo dato osservato, non nuovo segnale PULSE
Istruzione	Persone con almeno il diploma (25-64 anni)	Emilia-Romagna	2024	71.6	Valori percentuali	Bes dei territori — ISTAT	https://www.istat.it/statistiche-per-temi/focus/benessere-e-sostenibilita/la-misurazione-del-benessere-bes/il-bes-dei-territori/	nan · Dato regionale annuale; non costituisce una notizia del 2026.	ultimo dato osservato, non nuovo segnale PULSE
Istruzione	Persone con almeno il diploma (25-64 anni)	Toscana	2024	67.6	Valori percentuali	Bes dei territori — ISTAT	https://www.istat.it/statistiche-per-temi/focus/benessere-e-sostenibilita/la-misurazione-del-benessere-bes/il-bes-dei-territori/	nan · Dato regionale annuale; non costituisce una notizia del 2026.	ultimo dato osservato, non nuovo segnale PULSE
Istruzione	Persone con almeno il diploma (25-64 anni)	Umbria	2024	75.9	Valori percentuali	Bes dei territori — ISTAT	https://www.istat.it/statistiche-per-temi/focus/benessere-e-sostenibilita/la-misurazione-del-benessere-bes/il-bes-dei-territori/	nan · Dato regionale annuale; non costituisce una notizia del 2026.	ultimo dato osservato, non nuovo segnale PULSE
Istruzione	Persone con almeno il diploma (25-64 anni)	Marche	2024	70.3	Valori percentuali	Bes dei territori — ISTAT	https://www.istat.it/statistiche-per-temi/focus/benessere-e-sostenibilita/la-misurazione-del-benessere-bes/il-bes-dei-territori/	nan · Dato regionale annuale; non costituisce una notizia del 2026.	ultimo dato osservato, non nuovo segnale PULSE
Istruzione	Persone con almeno il diploma (25-64 anni)	Lazio	2024	75.1	Valori percentuali	Bes dei territori — ISTAT	https://www.istat.it/statistiche-per-temi/focus/benessere-e-sostenibilita/la-misurazione-del-benessere-bes/il-bes-dei-territori/	nan · Dato regionale annuale; non costituisce una notizia del 2026.	ultimo dato osservato, non nuovo segnale PULSE
Istruzione	Persone con almeno il diploma (25-64 anni)	Abruzzo	2024	71.5	Valori percentuali	Bes dei territori — ISTAT	https://www.istat.it/statistiche-per-temi/focus/benessere-e-sostenibilita/la-misurazione-del-benessere-bes/il-bes-dei-territori/	nan · Dato regionale annuale; non costituisce una notizia del 2026.	ultimo dato osservato, non nuovo segnale PULSE
Istruzione	Persone con almeno il diploma (25-64 anni)	Molise	2024	68.9	Valori percentuali	Bes dei territori — ISTAT	https://www.istat.it/statistiche-per-temi/focus/benessere-e-sostenibilita/la-misurazione-del-benessere-bes/il-bes-dei-territori/	nan · Dato regionale annuale; non costituisce una notizia del 2026.	ultimo dato osservato, non nuovo segnale PULSE
Istruzione	Persone con almeno il diploma (25-64 anni)	Campania	2024	58.5	Valori percentuali	Bes dei territori — ISTAT	https://www.istat.it/statistiche-per-temi/focus/benessere-e-sostenibilita/la-misurazione-del-benessere-bes/il-bes-dei-territori/	nan · Dato regionale annuale; non costituisce una notizia del 2026.	ultimo dato osservato, non nuovo segnale PULSE
Istruzione	Persone con almeno il diploma (25-64 anni)	Puglia	2024	56.9	Valori percentuali	Bes dei territori — ISTAT	https://www.istat.it/statistiche-per-temi/focus/benessere-e-sostenibilita/la-misurazione-del-benessere-bes/il-bes-dei-territori/	nan · Dato regionale annuale; non costituisce una notizia del 2026.	ultimo dato osservato, non nuovo segnale PULSE
Istruzione	Persone con almeno il diploma (25-64 anni)	Basilicata	2024	66	Valori percentuali	Bes dei territori — ISTAT	https://www.istat.it/statistiche-per-temi/focus/benessere-e-sostenibilita/la-misurazione-del-benessere-bes/il-bes-dei-territori/	nan · Dato regionale annuale; non costituisce una notizia del 2026.	ultimo dato osservato, non nuovo segnale PULSE
Istruzione	Persone con almeno il diploma (25-64 anni)	Calabria	2024	61.5	Valori percentuali	Bes dei territori — ISTAT	https://www.istat.it/statistiche-per-temi/focus/benessere-e-sostenibilita/la-misurazione-del-benessere-bes/il-bes-dei-territori/	nan · Dato regionale annuale; non costituisce una notizia del 2026.	ultimo dato osservato, non nuovo segnale PULSE
Istruzione	Persone con almeno il diploma (25-64 anni)	Sicilia	2024	56.1	Valori percentuali	Bes dei territori — ISTAT	https://www.istat.it/statistiche-per-temi/focus/benessere-e-sostenibilita/la-misurazione-del-benessere-bes/il-bes-dei-territori/	nan · Dato regionale annuale; non costituisce una notizia del 2026.	ultimo dato osservato, non nuovo segnale PULSE
Istruzione	Persone con almeno il diploma (25-64 anni)	Sardegna	2024	56.8	Valori percentuali	Bes dei territori — ISTAT	https://www.istat.it/statistiche-per-temi/focus/benessere-e-sostenibilita/la-misurazione-del-benessere-bes/il-bes-dei-territori/	nan · Dato regionale annuale; non costituisce una notizia del 2026.	ultimo dato osservato, non nuovo segnale PULSE
Istruzione	Laureati e altri titoli terziari (25-39 anni)	Piemonte	2024	30.7	Valori percentuali	Bes dei territori — ISTAT	https://www.istat.it/statistiche-per-temi/focus/benessere-e-sostenibilita/la-misurazione-del-benessere-bes/il-bes-dei-territori/	nan · Dato regionale annuale; non costituisce una notizia del 2026.	ultimo dato osservato, non nuovo segnale PULSE
Istruzione	Laureati e altri titoli terziari (25-39 anni)	Valle d'Aosta/Vallée d'Aoste	2024	30	Valori percentuali	Bes dei territori — ISTAT	https://www.istat.it/statistiche-per-temi/focus/benessere-e-sostenibilita/la-misurazione-del-benessere-bes/il-bes-dei-territori/	nan · Dato regionale annuale; non costituisce una notizia del 2026.	ultimo dato osservato, non nuovo segnale PULSE
Istruzione	Laureati e altri titoli terziari (25-39 anni)	Liguria	2024	28.9	Valori percentuali	Bes dei territori — ISTAT	https://www.istat.it/statistiche-per-temi/focus/benessere-e-sostenibilita/la-misurazione-del-benessere-bes/il-bes-dei-territori/	nan · Dato regionale annuale; non costituisce una notizia del 2026.	ultimo dato osservato, non nuovo segnale PULSE
Istruzione	Laureati e altri titoli terziari (25-39 anni)	Lombardia	2024	34.4	Valori percentuali	Bes dei territori — ISTAT	https://www.istat.it/statistiche-per-temi/focus/benessere-e-sostenibilita/la-misurazione-del-benessere-bes/il-bes-dei-territori/	nan · Dato regionale annuale; non costituisce una notizia del 2026.	ultimo dato osservato, non nuovo segnale PULSE
Istruzione	Laureati e altri titoli terziari (25-39 anni)	Trentino-Alto Adige/Südtirol	2024	29.3	Valori percentuali	Bes dei territori — ISTAT	https://www.istat.it/statistiche-per-temi/focus/benessere-e-sostenibilita/la-misurazione-del-benessere-bes/il-bes-dei-territori/	nan · Dato regionale annuale; non costituisce una notizia del 2026.	ultimo dato osservato, non nuovo segnale PULSE
Istruzione	Laureati e altri titoli terziari (25-39 anni)	Veneto	2024	34.4	Valori percentuali	Bes dei territori — ISTAT	https://www.istat.it/statistiche-per-temi/focus/benessere-e-sostenibilita/la-misurazione-del-benessere-bes/il-bes-dei-territori/	nan · Dato regionale annuale; non costituisce una notizia del 2026.	ultimo dato osservato, non nuovo segnale PULSE
Istruzione	Laureati e altri titoli terziari (25-39 anni)	Friuli-Venezia Giulia	2024	34.8	Valori percentuali	Bes dei territori — ISTAT	https://www.istat.it/statistiche-per-temi/focus/benessere-e-sostenibilita/la-misurazione-del-benessere-bes/il-bes-dei-territori/	nan · Dato regionale annuale; non costituisce una notizia del 2026.	ultimo dato osservato, non nuovo segnale PULSE
Istruzione	Laureati e altri titoli terziari (25-39 anni)	Emilia-Romagna	2024	36.4	Valori percentuali	Bes dei territori — ISTAT	https://www.istat.it/statistiche-per-temi/focus/benessere-e-sostenibilita/la-misurazione-del-benessere-bes/il-bes-dei-territori/	nan · Dato regionale annuale; non costituisce una notizia del 2026.	ultimo dato osservato, non nuovo segnale PULSE
Istruzione	Laureati e altri titoli terziari (25-39 anni)	Toscana	2024	32.6	Valori percentuali	Bes dei territori — ISTAT	https://www.istat.it/statistiche-per-temi/focus/benessere-e-sostenibilita/la-misurazione-del-benessere-bes/il-bes-dei-territori/	nan · Dato regionale annuale; non costituisce una notizia del 2026.	ultimo dato osservato, non nuovo segnale PULSE
Istruzione	Laureati e altri titoli terziari (25-39 anni)	Umbria	2024	35.3	Valori percentuali	Bes dei territori — ISTAT	https://www.istat.it/statistiche-per-temi/focus/benessere-e-sostenibilita/la-misurazione-del-benessere-bes/il-bes-dei-territori/	nan · Dato regionale annuale; non costituisce una notizia del 2026.	ultimo dato osservato, non nuovo segnale PULSE
Istruzione	Laureati e altri titoli terziari (25-39 anni)	Marche	2024	33.5	Valori percentuali	Bes dei territori — ISTAT	https://www.istat.it/statistiche-per-temi/focus/benessere-e-sostenibilita/la-misurazione-del-benessere-bes/il-bes-dei-territori/	nan · Dato regionale annuale; non costituisce una notizia del 2026.	ultimo dato osservato, non nuovo segnale PULSE
Istruzione	Laureati e altri titoli terziari (25-39 anni)	Lazio	2024	35.3	Valori percentuali	Bes dei territori — ISTAT	https://www.istat.it/statistiche-per-temi/focus/benessere-e-sostenibilita/la-misurazione-del-benessere-bes/il-bes-dei-territori/	nan · Dato regionale annuale; non costituisce una notizia del 2026.	ultimo dato osservato, non nuovo segnale PULSE
Istruzione	Laureati e altri titoli terziari (25-39 anni)	Abruzzo	2024	32.8	Valori percentuali	Bes dei territori — ISTAT	https://www.istat.it/statistiche-per-temi/focus/benessere-e-sostenibilita/la-misurazione-del-benessere-bes/il-bes-dei-territori/	nan · Dato regionale annuale; non costituisce una notizia del 2026.	ultimo dato osservato, non nuovo segnale PULSE
Istruzione	Laureati e altri titoli terziari (25-39 anni)	Molise	2024	30.7	Valori percentuali	Bes dei territori — ISTAT	https://www.istat.it/statistiche-per-temi/focus/benessere-e-sostenibilita/la-misurazione-del-benessere-bes/il-bes-dei-territori/	nan · Dato regionale annuale; non costituisce una notizia del 2026.	ultimo dato osservato, non nuovo segnale PULSE
Istruzione	Laureati e altri titoli terziari (25-39 anni)	Campania	2024	25.6	Valori percentuali	Bes dei territori — ISTAT	https://www.istat.it/statistiche-per-temi/focus/benessere-e-sostenibilita/la-misurazione-del-benessere-bes/il-bes-dei-territori/	nan · Dato regionale annuale; non costituisce una notizia del 2026.	ultimo dato osservato, non nuovo segnale PULSE
Istruzione	Laureati e altri titoli terziari (25-39 anni)	Puglia	2024	24.6	Valori percentuali	Bes dei territori — ISTAT	https://www.istat.it/statistiche-per-temi/focus/benessere-e-sostenibilita/la-misurazione-del-benessere-bes/il-bes-dei-territori/	nan · Dato regionale annuale; non costituisce una notizia del 2026.	ultimo dato osservato, non nuovo segnale PULSE
Istruzione	Laureati e altri titoli terziari (25-39 anni)	Basilicata	2024	26.9	Valori percentuali	Bes dei territori — ISTAT	https://www.istat.it/statistiche-per-temi/focus/benessere-e-sostenibilita/la-misurazione-del-benessere-bes/il-bes-dei-territori/	nan · Dato regionale annuale; non costituisce una notizia del 2026.	ultimo dato osservato, non nuovo segnale PULSE
Istruzione	Laureati e altri titoli terziari (25-39 anni)	Calabria	2024	25.5	Valori percentuali	Bes dei territori — ISTAT	https://www.istat.it/statistiche-per-temi/focus/benessere-e-sostenibilita/la-misurazione-del-benessere-bes/il-bes-dei-territori/	nan · Dato regionale annuale; non costituisce una notizia del 2026.	ultimo dato osservato, non nuovo segnale PULSE
Istruzione	Laureati e altri titoli terziari (25-39 anni)	Sicilia	2024	23.4	Valori percentuali	Bes dei territori — ISTAT	https://www.istat.it/statistiche-per-temi/focus/benessere-e-sostenibilita/la-misurazione-del-benessere-bes/il-bes-dei-territori/	nan · Dato regionale annuale; non costituisce una notizia del 2026.	ultimo dato osservato, non nuovo segnale PULSE
Istruzione	Laureati e altri titoli terziari (25-39 anni)	Sardegna	2024	25.3	Valori percentuali	Bes dei territori — ISTAT	https://www.istat.it/statistiche-per-temi/focus/benessere-e-sostenibilita/la-misurazione-del-benessere-bes/il-bes-dei-territori/	nan · Dato regionale annuale; non costituisce una notizia del 2026.	ultimo dato osservato, non nuovo segnale PULSE
Istruzione	Passaggio all'università	Piemonte	2022	54.8	Tasso specifico di coorte	Bes dei territori — ISTAT	https://www.istat.it/statistiche-per-temi/focus/benessere-e-sostenibilita/la-misurazione-del-benessere-bes/il-bes-dei-territori/	Per la Provincia Autonoma di Bolzano il dato non include quanti si immatricolano ogni anno nelle università pubbliche austriache (circa il 40% degli immatricolati). Fino al 2020 il dato della Valle d'Aosta veniva stimato a livello aggregato. · Dato regionale annuale; non costituisce una notizia del 2026.	ultimo dato osservato, non nuovo segnale PULSE
Istruzione	Passaggio all'università	Valle d'Aosta/Vallée d'Aoste	2022	53.9	Tasso specifico di coorte	Bes dei territori — ISTAT	https://www.istat.it/statistiche-per-temi/focus/benessere-e-sostenibilita/la-misurazione-del-benessere-bes/il-bes-dei-territori/	Per la Provincia Autonoma di Bolzano il dato non include quanti si immatricolano ogni anno nelle università pubbliche austriache (circa il 40% degli immatricolati). Fino al 2020 il dato della Valle d'Aosta veniva stimato a livello aggregato. · Dato regionale annuale; non costituisce una notizia del 2026.	ultimo dato osservato, non nuovo segnale PULSE
Istruzione	Passaggio all'università	Liguria	2022	55	Tasso specifico di coorte	Bes dei territori — ISTAT	https://www.istat.it/statistiche-per-temi/focus/benessere-e-sostenibilita/la-misurazione-del-benessere-bes/il-bes-dei-territori/	Per la Provincia Autonoma di Bolzano il dato non include quanti si immatricolano ogni anno nelle università pubbliche austriache (circa il 40% degli immatricolati). Fino al 2020 il dato della Valle d'Aosta veniva stimato a livello aggregato. · Dato regionale annuale; non costituisce una notizia del 2026.	ultimo dato osservato, non nuovo segnale PULSE
Istruzione	Passaggio all'università	Lombardia	2022	54.3	Tasso specifico di coorte	Bes dei territori — ISTAT	https://www.istat.it/statistiche-per-temi/focus/benessere-e-sostenibilita/la-misurazione-del-benessere-bes/il-bes-dei-territori/	Per la Provincia Autonoma di Bolzano il dato non include quanti si immatricolano ogni anno nelle università pubbliche austriache (circa il 40% degli immatricolati). Fino al 2020 il dato della Valle d'Aosta veniva stimato a livello aggregato. · Dato regionale annuale; non costituisce una notizia del 2026.	ultimo dato osservato, non nuovo segnale PULSE
Istruzione	Passaggio all'università	Trentino-Alto Adige/Südtirol	2022	37.9	Tasso specifico di coorte	Bes dei territori — ISTAT	https://www.istat.it/statistiche-per-temi/focus/benessere-e-sostenibilita/la-misurazione-del-benessere-bes/il-bes-dei-territori/	Per la Provincia Autonoma di Bolzano il dato non include quanti si immatricolano ogni anno nelle università pubbliche austriache (circa il 40% degli immatricolati). Fino al 2020 il dato della Valle d'Aosta veniva stimato a livello aggregato. · Dato regionale annuale; non costituisce una notizia del 2026.	ultimo dato osservato, non nuovo segnale PULSE
Istruzione	Passaggio all'università	Veneto	2022	52.3	Tasso specifico di coorte	Bes dei territori — ISTAT	https://www.istat.it/statistiche-per-temi/focus/benessere-e-sostenibilita/la-misurazione-del-benessere-bes/il-bes-dei-territori/	Per la Provincia Autonoma di Bolzano il dato non include quanti si immatricolano ogni anno nelle università pubbliche austriache (circa il 40% degli immatricolati). Fino al 2020 il dato della Valle d'Aosta veniva stimato a livello aggregato. · Dato regionale annuale; non costituisce una notizia del 2026.	ultimo dato osservato, non nuovo segnale PULSE
Istruzione	Passaggio all'università	Friuli-Venezia Giulia	2022	56.2	Tasso specifico di coorte	Bes dei territori — ISTAT	https://www.istat.it/statistiche-per-temi/focus/benessere-e-sostenibilita/la-misurazione-del-benessere-bes/il-bes-dei-territori/	Per la Provincia Autonoma di Bolzano il dato non include quanti si immatricolano ogni anno nelle università pubbliche austriache (circa il 40% degli immatricolati). Fino al 2020 il dato della Valle d'Aosta veniva stimato a livello aggregato. · Dato regionale annuale; non costituisce una notizia del 2026.	ultimo dato osservato, non nuovo segnale PULSE
Istruzione	Passaggio all'università	Emilia-Romagna	2022	54.5	Tasso specifico di coorte	Bes dei territori — ISTAT	https://www.istat.it/statistiche-per-temi/focus/benessere-e-sostenibilita/la-misurazione-del-benessere-bes/il-bes-dei-territori/	Per la Provincia Autonoma di Bolzano il dato non include quanti si immatricolano ogni anno nelle università pubbliche austriache (circa il 40% degli immatricolati). Fino al 2020 il dato della Valle d'Aosta veniva stimato a livello aggregato. · Dato regionale annuale; non costituisce una notizia del 2026.	ultimo dato osservato, non nuovo segnale PULSE
Istruzione	Passaggio all'università	Toscana	2022	55.1	Tasso specifico di coorte	Bes dei territori — ISTAT	https://www.istat.it/statistiche-per-temi/focus/benessere-e-sostenibilita/la-misurazione-del-benessere-bes/il-bes-dei-territori/	Per la Provincia Autonoma di Bolzano il dato non include quanti si immatricolano ogni anno nelle università pubbliche austriache (circa il 40% degli immatricolati). Fino al 2020 il dato della Valle d'Aosta veniva stimato a livello aggregato. · Dato regionale annuale; non costituisce una notizia del 2026.	ultimo dato osservato, non nuovo segnale PULSE
Istruzione	Passaggio all'università	Umbria	2022	59.8	Tasso specifico di coorte	Bes dei territori — ISTAT	https://www.istat.it/statistiche-per-temi/focus/benessere-e-sostenibilita/la-misurazione-del-benessere-bes/il-bes-dei-territori/	Per la Provincia Autonoma di Bolzano il dato non include quanti si immatricolano ogni anno nelle università pubbliche austriache (circa il 40% degli immatricolati). Fino al 2020 il dato della Valle d'Aosta veniva stimato a livello aggregato. · Dato regionale annuale; non costituisce una notizia del 2026.	ultimo dato osservato, non nuovo segnale PULSE
Istruzione	Passaggio all'università	Marche	2022	57.9	Tasso specifico di coorte	Bes dei territori — ISTAT	https://www.istat.it/statistiche-per-temi/focus/benessere-e-sostenibilita/la-misurazione-del-benessere-bes/il-bes-dei-territori/	Per la Provincia Autonoma di Bolzano il dato non include quanti si immatricolano ogni anno nelle università pubbliche austriache (circa il 40% degli immatricolati). Fino al 2020 il dato della Valle d'Aosta veniva stimato a livello aggregato. · Dato regionale annuale; non costituisce una notizia del 2026.	ultimo dato osservato, non nuovo segnale PULSE
Istruzione	Passaggio all'università	Lazio	2022	57.4	Tasso specifico di coorte	Bes dei territori — ISTAT	https://www.istat.it/statistiche-per-temi/focus/benessere-e-sostenibilita/la-misurazione-del-benessere-bes/il-bes-dei-territori/	Per la Provincia Autonoma di Bolzano il dato non include quanti si immatricolano ogni anno nelle università pubbliche austriache (circa il 40% degli immatricolati). Fino al 2020 il dato della Valle d'Aosta veniva stimato a livello aggregato. · Dato regionale annuale; non costituisce una notizia del 2026.	ultimo dato osservato, non nuovo segnale PULSE
Istruzione	Passaggio all'università	Abruzzo	2022	60.9	Tasso specifico di coorte	Bes dei territori — ISTAT	https://www.istat.it/statistiche-per-temi/focus/benessere-e-sostenibilita/la-misurazione-del-benessere-bes/il-bes-dei-territori/	Per la Provincia Autonoma di Bolzano il dato non include quanti si immatricolano ogni anno nelle università pubbliche austriache (circa il 40% degli immatricolati). Fino al 2020 il dato della Valle d'Aosta veniva stimato a livello aggregato. · Dato regionale annuale; non costituisce una notizia del 2026.	ultimo dato osservato, non nuovo segnale PULSE
Istruzione	Passaggio all'università	Molise	2022	59.7	Tasso specifico di coorte	Bes dei territori — ISTAT	https://www.istat.it/statistiche-per-temi/focus/benessere-e-sostenibilita/la-misurazione-del-benessere-bes/il-bes-dei-territori/	Per la Provincia Autonoma di Bolzano il dato non include quanti si immatricolano ogni anno nelle università pubbliche austriache (circa il 40% degli immatricolati). Fino al 2020 il dato della Valle d'Aosta veniva stimato a livello aggregato. · Dato regionale annuale; non costituisce una notizia del 2026.	ultimo dato osservato, non nuovo segnale PULSE
Istruzione	Passaggio all'università	Campania	2022	39.2	Tasso specifico di coorte	Bes dei territori — ISTAT	https://www.istat.it/statistiche-per-temi/focus/benessere-e-sostenibilita/la-misurazione-del-benessere-bes/il-bes-dei-territori/	Per la Provincia Autonoma di Bolzano il dato non include quanti si immatricolano ogni anno nelle università pubbliche austriache (circa il 40% degli immatricolati). Fino al 2020 il dato della Valle d'Aosta veniva stimato a livello aggregato. · Dato regionale annuale; non costituisce una notizia del 2026.	ultimo dato osservato, non nuovo segnale PULSE
Istruzione	Passaggio all'università	Puglia	2022	52.8	Tasso specifico di coorte	Bes dei territori — ISTAT	https://www.istat.it/statistiche-per-temi/focus/benessere-e-sostenibilita/la-misurazione-del-benessere-bes/il-bes-dei-territori/	Per la Provincia Autonoma di Bolzano il dato non include quanti si immatricolano ogni anno nelle università pubbliche austriache (circa il 40% degli immatricolati). Fino al 2020 il dato della Valle d'Aosta veniva stimato a livello aggregato. · Dato regionale annuale; non costituisce una notizia del 2026.	ultimo dato osservato, non nuovo segnale PULSE
Istruzione	Passaggio all'università	Basilicata	2022	56.7	Tasso specifico di coorte	Bes dei territori — ISTAT	https://www.istat.it/statistiche-per-temi/focus/benessere-e-sostenibilita/la-misurazione-del-benessere-bes/il-bes-dei-territori/	Per la Provincia Autonoma di Bolzano il dato non include quanti si immatricolano ogni anno nelle università pubbliche austriache (circa il 40% degli immatricolati). Fino al 2020 il dato della Valle d'Aosta veniva stimato a livello aggregato. · Dato regionale annuale; non costituisce una notizia del 2026.	ultimo dato osservato, non nuovo segnale PULSE
Istruzione	Passaggio all'università	Calabria	2022	52.3	Tasso specifico di coorte	Bes dei territori — ISTAT	https://www.istat.it/statistiche-per-temi/focus/benessere-e-sostenibilita/la-misurazione-del-benessere-bes/il-bes-dei-territori/	Per la Provincia Autonoma di Bolzano il dato non include quanti si immatricolano ogni anno nelle università pubbliche austriache (circa il 40% degli immatricolati). Fino al 2020 il dato della Valle d'Aosta veniva stimato a livello aggregato. · Dato regionale annuale; non costituisce una notizia del 2026.	ultimo dato osservato, non nuovo segnale PULSE
Istruzione	Passaggio all'università	Sicilia	2022	49.6	Tasso specifico di coorte	Bes dei territori — ISTAT	https://www.istat.it/statistiche-per-temi/focus/benessere-e-sostenibilita/la-misurazione-del-benessere-bes/il-bes-dei-territori/	Per la Provincia Autonoma di Bolzano il dato non include quanti si immatricolano ogni anno nelle università pubbliche austriache (circa il 40% degli immatricolati). Fino al 2020 il dato della Valle d'Aosta veniva stimato a livello aggregato. · Dato regionale annuale; non costituisce una notizia del 2026.	ultimo dato osservato, non nuovo segnale PULSE
Istruzione	Passaggio all'università	Sardegna	2022	51.5	Tasso specifico di coorte	Bes dei territori — ISTAT	https://www.istat.it/statistiche-per-temi/focus/benessere-e-sostenibilita/la-misurazione-del-benessere-bes/il-bes-dei-territori/	Per la Provincia Autonoma di Bolzano il dato non include quanti si immatricolano ogni anno nelle università pubbliche austriache (circa il 40% degli immatricolati). Fino al 2020 il dato della Valle d'Aosta veniva stimato a livello aggregato. · Dato regionale annuale; non costituisce una notizia del 2026.	ultimo dato osservato, non nuovo segnale PULSE
Istruzione	Giovani che non lavorano e non studiano (NEET)	Piemonte	2024	9.8	Valori percentuali	Bes dei territori — ISTAT	https://www.istat.it/statistiche-per-temi/focus/benessere-e-sostenibilita/la-misurazione-del-benessere-bes/il-bes-dei-territori/	nan · Dato regionale annuale; non costituisce una notizia del 2026.	ultimo dato osservato, non nuovo segnale PULSE
Istruzione	Giovani che non lavorano e non studiano (NEET)	Valle d'Aosta/Vallée d'Aoste	2024	10.3	Valori percentuali	Bes dei territori — ISTAT	https://www.istat.it/statistiche-per-temi/focus/benessere-e-sostenibilita/la-misurazione-del-benessere-bes/il-bes-dei-territori/	nan · Dato regionale annuale; non costituisce una notizia del 2026.	ultimo dato osservato, non nuovo segnale PULSE
Istruzione	Giovani che non lavorano e non studiano (NEET)	Liguria	2024	12.4	Valori percentuali	Bes dei territori — ISTAT	https://www.istat.it/statistiche-per-temi/focus/benessere-e-sostenibilita/la-misurazione-del-benessere-bes/il-bes-dei-territori/	nan · Dato regionale annuale; non costituisce una notizia del 2026.	ultimo dato osservato, non nuovo segnale PULSE
Istruzione	Giovani che non lavorano e non studiano (NEET)	Lombardia	2024	10.1	Valori percentuali	Bes dei territori — ISTAT	https://www.istat.it/statistiche-per-temi/focus/benessere-e-sostenibilita/la-misurazione-del-benessere-bes/il-bes-dei-territori/	nan · Dato regionale annuale; non costituisce una notizia del 2026.	ultimo dato osservato, non nuovo segnale PULSE
Istruzione	Giovani che non lavorano e non studiano (NEET)	Trentino-Alto Adige/Südtirol	2024	7.7	Valori percentuali	Bes dei territori — ISTAT	https://www.istat.it/statistiche-per-temi/focus/benessere-e-sostenibilita/la-misurazione-del-benessere-bes/il-bes-dei-territori/	nan · Dato regionale annuale; non costituisce una notizia del 2026.	ultimo dato osservato, non nuovo segnale PULSE
Istruzione	Giovani che non lavorano e non studiano (NEET)	Veneto	2024	9	Valori percentuali	Bes dei territori — ISTAT	https://www.istat.it/statistiche-per-temi/focus/benessere-e-sostenibilita/la-misurazione-del-benessere-bes/il-bes-dei-territori/	nan · Dato regionale annuale; non costituisce una notizia del 2026.	ultimo dato osservato, non nuovo segnale PULSE
Istruzione	Giovani che non lavorano e non studiano (NEET)	Friuli-Venezia Giulia	2024	10.6	Valori percentuali	Bes dei territori — ISTAT	https://www.istat.it/statistiche-per-temi/focus/benessere-e-sostenibilita/la-misurazione-del-benessere-bes/il-bes-dei-territori/	nan · Dato regionale annuale; non costituisce una notizia del 2026.	ultimo dato osservato, non nuovo segnale PULSE
Istruzione	Giovani che non lavorano e non studiano (NEET)	Emilia-Romagna	2024	9.6	Valori percentuali	Bes dei territori — ISTAT	https://www.istat.it/statistiche-per-temi/focus/benessere-e-sostenibilita/la-misurazione-del-benessere-bes/il-bes-dei-territori/	nan · Dato regionale annuale; non costituisce una notizia del 2026.	ultimo dato osservato, non nuovo segnale PULSE
Istruzione	Giovani che non lavorano e non studiano (NEET)	Toscana	2024	11	Valori percentuali	Bes dei territori — ISTAT	https://www.istat.it/statistiche-per-temi/focus/benessere-e-sostenibilita/la-misurazione-del-benessere-bes/il-bes-dei-territori/	nan · Dato regionale annuale; non costituisce una notizia del 2026.	ultimo dato osservato, non nuovo segnale PULSE
Istruzione	Giovani che non lavorano e non studiano (NEET)	Umbria	2024	10.1	Valori percentuali	Bes dei territori — ISTAT	https://www.istat.it/statistiche-per-temi/focus/benessere-e-sostenibilita/la-misurazione-del-benessere-bes/il-bes-dei-territori/	nan · Dato regionale annuale; non costituisce una notizia del 2026.	ultimo dato osservato, non nuovo segnale PULSE
Istruzione	Giovani che non lavorano e non studiano (NEET)	Marche	2024	10.6	Valori percentuali	Bes dei territori — ISTAT	https://www.istat.it/statistiche-per-temi/focus/benessere-e-sostenibilita/la-misurazione-del-benessere-bes/il-bes-dei-territori/	nan · Dato regionale annuale; non costituisce una notizia del 2026.	ultimo dato osservato, non nuovo segnale PULSE
Istruzione	Giovani che non lavorano e non studiano (NEET)	Lazio	2024	15.2	Valori percentuali	Bes dei territori — ISTAT	https://www.istat.it/statistiche-per-temi/focus/benessere-e-sostenibilita/la-misurazione-del-benessere-bes/il-bes-dei-territori/	nan · Dato regionale annuale; non costituisce una notizia del 2026.	ultimo dato osservato, non nuovo segnale PULSE
Istruzione	Giovani che non lavorano e non studiano (NEET)	Abruzzo	2024	17.2	Valori percentuali	Bes dei territori — ISTAT	https://www.istat.it/statistiche-per-temi/focus/benessere-e-sostenibilita/la-misurazione-del-benessere-bes/il-bes-dei-territori/	nan · Dato regionale annuale; non costituisce una notizia del 2026.	ultimo dato osservato, non nuovo segnale PULSE
Istruzione	Giovani che non lavorano e non studiano (NEET)	Molise	2024	19	Valori percentuali	Bes dei territori — ISTAT	https://www.istat.it/statistiche-per-temi/focus/benessere-e-sostenibilita/la-misurazione-del-benessere-bes/il-bes-dei-territori/	nan · Dato regionale annuale; non costituisce una notizia del 2026.	ultimo dato osservato, non nuovo segnale PULSE
Istruzione	Giovani che non lavorano e non studiano (NEET)	Campania	2024	24.9	Valori percentuali	Bes dei territori — ISTAT	https://www.istat.it/statistiche-per-temi/focus/benessere-e-sostenibilita/la-misurazione-del-benessere-bes/il-bes-dei-territori/	nan · Dato regionale annuale; non costituisce una notizia del 2026.	ultimo dato osservato, non nuovo segnale PULSE
Istruzione	Giovani che non lavorano e non studiano (NEET)	Puglia	2024	21.4	Valori percentuali	Bes dei territori — ISTAT	https://www.istat.it/statistiche-per-temi/focus/benessere-e-sostenibilita/la-misurazione-del-benessere-bes/il-bes-dei-territori/	nan · Dato regionale annuale; non costituisce una notizia del 2026.	ultimo dato osservato, non nuovo segnale PULSE
Istruzione	Giovani che non lavorano e non studiano (NEET)	Basilicata	2024	17	Valori percentuali	Bes dei territori — ISTAT	https://www.istat.it/statistiche-per-temi/focus/benessere-e-sostenibilita/la-misurazione-del-benessere-bes/il-bes-dei-territori/	nan · Dato regionale annuale; non costituisce una notizia del 2026.	ultimo dato osservato, non nuovo segnale PULSE
Istruzione	Giovani che non lavorano e non studiano (NEET)	Calabria	2024	26.2	Valori percentuali	Bes dei territori — ISTAT	https://www.istat.it/statistiche-per-temi/focus/benessere-e-sostenibilita/la-misurazione-del-benessere-bes/il-bes-dei-territori/	nan · Dato regionale annuale; non costituisce una notizia del 2026.	ultimo dato osservato, non nuovo segnale PULSE
Istruzione	Giovani che non lavorano e non studiano (NEET)	Sicilia	2024	25.7	Valori percentuali	Bes dei territori — ISTAT	https://www.istat.it/statistiche-per-temi/focus/benessere-e-sostenibilita/la-misurazione-del-benessere-bes/il-bes-dei-territori/	nan · Dato regionale annuale; non costituisce una notizia del 2026.	ultimo dato osservato, non nuovo segnale PULSE
Istruzione	Giovani che non lavorano e non studiano (NEET)	Sardegna	2024	17.8	Valori percentuali	Bes dei territori — ISTAT	https://www.istat.it/statistiche-per-temi/focus/benessere-e-sostenibilita/la-misurazione-del-benessere-bes/il-bes-dei-territori/	nan · Dato regionale annuale; non costituisce una notizia del 2026.	ultimo dato osservato, non nuovo segnale PULSE
Istruzione	Partecipazione alla formazione continua	Piemonte	2024	10.1	Valori percentuali	Bes dei territori — ISTAT	https://www.istat.it/statistiche-per-temi/focus/benessere-e-sostenibilita/la-misurazione-del-benessere-bes/il-bes-dei-territori/	nan · Dato regionale annuale; non costituisce una notizia del 2026.	ultimo dato osservato, non nuovo segnale PULSE
Istruzione	Partecipazione alla formazione continua	Valle d'Aosta/Vallée d'Aoste	2024	10.9	Valori percentuali	Bes dei territori — ISTAT	https://www.istat.it/statistiche-per-temi/focus/benessere-e-sostenibilita/la-misurazione-del-benessere-bes/il-bes-dei-territori/	nan · Dato regionale annuale; non costituisce una notizia del 2026.	ultimo dato osservato, non nuovo segnale PULSE
Istruzione	Partecipazione alla formazione continua	Liguria	2024	11	Valori percentuali	Bes dei territori — ISTAT	https://www.istat.it/statistiche-per-temi/focus/benessere-e-sostenibilita/la-misurazione-del-benessere-bes/il-bes-dei-territori/	nan · Dato regionale annuale; non costituisce una notizia del 2026.	ultimo dato osservato, non nuovo segnale PULSE
Istruzione	Partecipazione alla formazione continua	Lombardia	2024	12	Valori percentuali	Bes dei territori — ISTAT	https://www.istat.it/statistiche-per-temi/focus/benessere-e-sostenibilita/la-misurazione-del-benessere-bes/il-bes-dei-territori/	nan · Dato regionale annuale; non costituisce una notizia del 2026.	ultimo dato osservato, non nuovo segnale PULSE
Istruzione	Partecipazione alla formazione continua	Trentino-Alto Adige/Südtirol	2024	13.3	Valori percentuali	Bes dei territori — ISTAT	https://www.istat.it/statistiche-per-temi/focus/benessere-e-sostenibilita/la-misurazione-del-benessere-bes/il-bes-dei-territori/	nan · Dato regionale annuale; non costituisce una notizia del 2026.	ultimo dato osservato, non nuovo segnale PULSE
Istruzione	Partecipazione alla formazione continua	Veneto	2024	12.4	Valori percentuali	Bes dei territori — ISTAT	https://www.istat.it/statistiche-per-temi/focus/benessere-e-sostenibilita/la-misurazione-del-benessere-bes/il-bes-dei-territori/	nan · Dato regionale annuale; non costituisce una notizia del 2026.	ultimo dato osservato, non nuovo segnale PULSE
Istruzione	Partecipazione alla formazione continua	Friuli-Venezia Giulia	2024	12.8	Valori percentuali	Bes dei territori — ISTAT	https://www.istat.it/statistiche-per-temi/focus/benessere-e-sostenibilita/la-misurazione-del-benessere-bes/il-bes-dei-territori/	nan · Dato regionale annuale; non costituisce una notizia del 2026.	ultimo dato osservato, non nuovo segnale PULSE
Istruzione	Partecipazione alla formazione continua	Emilia-Romagna	2024	13.6	Valori percentuali	Bes dei territori — ISTAT	https://www.istat.it/statistiche-per-temi/focus/benessere-e-sostenibilita/la-misurazione-del-benessere-bes/il-bes-dei-territori/	nan · Dato regionale annuale; non costituisce una notizia del 2026.	ultimo dato osservato, non nuovo segnale PULSE
Istruzione	Partecipazione alla formazione continua	Toscana	2024	11.6	Valori percentuali	Bes dei territori — ISTAT	https://www.istat.it/statistiche-per-temi/focus/benessere-e-sostenibilita/la-misurazione-del-benessere-bes/il-bes-dei-territori/	nan · Dato regionale annuale; non costituisce una notizia del 2026.	ultimo dato osservato, non nuovo segnale PULSE
Istruzione	Partecipazione alla formazione continua	Umbria	2024	11.7	Valori percentuali	Bes dei territori — ISTAT	https://www.istat.it/statistiche-per-temi/focus/benessere-e-sostenibilita/la-misurazione-del-benessere-bes/il-bes-dei-territori/	nan · Dato regionale annuale; non costituisce una notizia del 2026.	ultimo dato osservato, non nuovo segnale PULSE
Istruzione	Partecipazione alla formazione continua	Marche	2024	10.1	Valori percentuali	Bes dei territori — ISTAT	https://www.istat.it/statistiche-per-temi/focus/benessere-e-sostenibilita/la-misurazione-del-benessere-bes/il-bes-dei-territori/	nan · Dato regionale annuale; non costituisce una notizia del 2026.	ultimo dato osservato, non nuovo segnale PULSE
Istruzione	Partecipazione alla formazione continua	Lazio	2024	11.3	Valori percentuali	Bes dei territori — ISTAT	https://www.istat.it/statistiche-per-temi/focus/benessere-e-sostenibilita/la-misurazione-del-benessere-bes/il-bes-dei-territori/	nan · Dato regionale annuale; non costituisce una notizia del 2026.	ultimo dato osservato, non nuovo segnale PULSE
Istruzione	Partecipazione alla formazione continua	Abruzzo	2024	9	Valori percentuali	Bes dei territori — ISTAT	https://www.istat.it/statistiche-per-temi/focus/benessere-e-sostenibilita/la-misurazione-del-benessere-bes/il-bes-dei-territori/	nan · Dato regionale annuale; non costituisce una notizia del 2026.	ultimo dato osservato, non nuovo segnale PULSE
Istruzione	Partecipazione alla formazione continua	Molise	2024	9.8	Valori percentuali	Bes dei territori — ISTAT	https://www.istat.it/statistiche-per-temi/focus/benessere-e-sostenibilita/la-misurazione-del-benessere-bes/il-bes-dei-territori/	nan · Dato regionale annuale; non costituisce una notizia del 2026.	ultimo dato osservato, non nuovo segnale PULSE
Istruzione	Partecipazione alla formazione continua	Campania	2024	7.2	Valori percentuali	Bes dei territori — ISTAT	https://www.istat.it/statistiche-per-temi/focus/benessere-e-sostenibilita/la-misurazione-del-benessere-bes/il-bes-dei-territori/	nan · Dato regionale annuale; non costituisce una notizia del 2026.	ultimo dato osservato, non nuovo segnale PULSE
Istruzione	Partecipazione alla formazione continua	Puglia	2024	7	Valori percentuali	Bes dei territori — ISTAT	https://www.istat.it/statistiche-per-temi/focus/benessere-e-sostenibilita/la-misurazione-del-benessere-bes/il-bes-dei-territori/	nan · Dato regionale annuale; non costituisce una notizia del 2026.	ultimo dato osservato, non nuovo segnale PULSE
Istruzione	Partecipazione alla formazione continua	Basilicata	2024	9.1	Valori percentuali	Bes dei territori — ISTAT	https://www.istat.it/statistiche-per-temi/focus/benessere-e-sostenibilita/la-misurazione-del-benessere-bes/il-bes-dei-territori/	nan · Dato regionale annuale; non costituisce una notizia del 2026.	ultimo dato osservato, non nuovo segnale PULSE
Istruzione	Partecipazione alla formazione continua	Calabria	2024	7.2	Valori percentuali	Bes dei territori — ISTAT	https://www.istat.it/statistiche-per-temi/focus/benessere-e-sostenibilita/la-misurazione-del-benessere-bes/il-bes-dei-territori/	nan · Dato regionale annuale; non costituisce una notizia del 2026.	ultimo dato osservato, non nuovo segnale PULSE
Istruzione	Partecipazione alla formazione continua	Sicilia	2024	6.3	Valori percentuali	Bes dei territori — ISTAT	https://www.istat.it/statistiche-per-temi/focus/benessere-e-sostenibilita/la-misurazione-del-benessere-bes/il-bes-dei-territori/	nan · Dato regionale annuale; non costituisce una notizia del 2026.	ultimo dato osservato, non nuovo segnale PULSE
Istruzione	Partecipazione alla formazione continua	Sardegna	2024	11	Valori percentuali	Bes dei territori — ISTAT	https://www.istat.it/statistiche-per-temi/focus/benessere-e-sostenibilita/la-misurazione-del-benessere-bes/il-bes-dei-territori/	nan · Dato regionale annuale; non costituisce una notizia del 2026.	ultimo dato osservato, non nuovo segnale PULSE
Istruzione	Competenza numerica non adeguata (studenti classi III scuola secondaria primo grado)	Piemonte	2024	40.4	Valori percentuali	Bes dei territori — ISTAT	https://www.istat.it/statistiche-per-temi/focus/benessere-e-sostenibilita/la-misurazione-del-benessere-bes/il-bes-dei-territori/	nan · Dato regionale annuale; non costituisce una notizia del 2026.	ultimo dato osservato, non nuovo segnale PULSE
Istruzione	Competenza numerica non adeguata (studenti classi III scuola secondaria primo grado)	Valle d'Aosta/Vallée d'Aoste	2024	36.3	Valori percentuali	Bes dei territori — ISTAT	https://www.istat.it/statistiche-per-temi/focus/benessere-e-sostenibilita/la-misurazione-del-benessere-bes/il-bes-dei-territori/	nan · Dato regionale annuale; non costituisce una notizia del 2026.	ultimo dato osservato, non nuovo segnale PULSE
Istruzione	Competenza numerica non adeguata (studenti classi III scuola secondaria primo grado)	Liguria	2024	44	Valori percentuali	Bes dei territori — ISTAT	https://www.istat.it/statistiche-per-temi/focus/benessere-e-sostenibilita/la-misurazione-del-benessere-bes/il-bes-dei-territori/	nan · Dato regionale annuale; non costituisce una notizia del 2026.	ultimo dato osservato, non nuovo segnale PULSE
Istruzione	Competenza numerica non adeguata (studenti classi III scuola secondaria primo grado)	Lombardia	2024	35.2	Valori percentuali	Bes dei territori — ISTAT	https://www.istat.it/statistiche-per-temi/focus/benessere-e-sostenibilita/la-misurazione-del-benessere-bes/il-bes-dei-territori/	nan · Dato regionale annuale; non costituisce una notizia del 2026.	ultimo dato osservato, non nuovo segnale PULSE
Istruzione	Competenza numerica non adeguata (studenti classi III scuola secondaria primo grado)	Trentino-Alto Adige/Südtirol	2024	39.4	Valori percentuali	Bes dei territori — ISTAT	https://www.istat.it/statistiche-per-temi/focus/benessere-e-sostenibilita/la-misurazione-del-benessere-bes/il-bes-dei-territori/	nan · Dato regionale annuale; non costituisce una notizia del 2026.	ultimo dato osservato, non nuovo segnale PULSE
Istruzione	Competenza numerica non adeguata (studenti classi III scuola secondaria primo grado)	Veneto	2024	33.5	Valori percentuali	Bes dei territori — ISTAT	https://www.istat.it/statistiche-per-temi/focus/benessere-e-sostenibilita/la-misurazione-del-benessere-bes/il-bes-dei-territori/	nan · Dato regionale annuale; non costituisce una notizia del 2026.	ultimo dato osservato, non nuovo segnale PULSE
Istruzione	Competenza numerica non adeguata (studenti classi III scuola secondaria primo grado)	Friuli-Venezia Giulia	2024	35.5	Valori percentuali	Bes dei territori — ISTAT	https://www.istat.it/statistiche-per-temi/focus/benessere-e-sostenibilita/la-misurazione-del-benessere-bes/il-bes-dei-territori/	nan · Dato regionale annuale; non costituisce una notizia del 2026.	ultimo dato osservato, non nuovo segnale PULSE
Istruzione	Competenza numerica non adeguata (studenti classi III scuola secondaria primo grado)	Emilia-Romagna	2024	38.5	Valori percentuali	Bes dei territori — ISTAT	https://www.istat.it/statistiche-per-temi/focus/benessere-e-sostenibilita/la-misurazione-del-benessere-bes/il-bes-dei-territori/	nan · Dato regionale annuale; non costituisce una notizia del 2026.	ultimo dato osservato, non nuovo segnale PULSE
Istruzione	Competenza numerica non adeguata (studenti classi III scuola secondaria primo grado)	Toscana	2024	38.4	Valori percentuali	Bes dei territori — ISTAT	https://www.istat.it/statistiche-per-temi/focus/benessere-e-sostenibilita/la-misurazione-del-benessere-bes/il-bes-dei-territori/	nan · Dato regionale annuale; non costituisce una notizia del 2026.	ultimo dato osservato, non nuovo segnale PULSE
Istruzione	Competenza numerica non adeguata (studenti classi III scuola secondaria primo grado)	Umbria	2024	35.7	Valori percentuali	Bes dei territori — ISTAT	https://www.istat.it/statistiche-per-temi/focus/benessere-e-sostenibilita/la-misurazione-del-benessere-bes/il-bes-dei-territori/	nan · Dato regionale annuale; non costituisce una notizia del 2026.	ultimo dato osservato, non nuovo segnale PULSE
Istruzione	Competenza numerica non adeguata (studenti classi III scuola secondaria primo grado)	Marche	2024	34.4	Valori percentuali	Bes dei territori — ISTAT	https://www.istat.it/statistiche-per-temi/focus/benessere-e-sostenibilita/la-misurazione-del-benessere-bes/il-bes-dei-territori/	nan · Dato regionale annuale; non costituisce una notizia del 2026.	ultimo dato osservato, non nuovo segnale PULSE
Istruzione	Competenza numerica non adeguata (studenti classi III scuola secondaria primo grado)	Lazio	2024	44.1	Valori percentuali	Bes dei territori — ISTAT	https://www.istat.it/statistiche-per-temi/focus/benessere-e-sostenibilita/la-misurazione-del-benessere-bes/il-bes-dei-territori/	nan · Dato regionale annuale; non costituisce una notizia del 2026.	ultimo dato osservato, non nuovo segnale PULSE
Istruzione	Competenza numerica non adeguata (studenti classi III scuola secondaria primo grado)	Abruzzo	2024	40.9	Valori percentuali	Bes dei territori — ISTAT	https://www.istat.it/statistiche-per-temi/focus/benessere-e-sostenibilita/la-misurazione-del-benessere-bes/il-bes-dei-territori/	nan · Dato regionale annuale; non costituisce una notizia del 2026.	ultimo dato osservato, non nuovo segnale PULSE
Istruzione	Competenza numerica non adeguata (studenti classi III scuola secondaria primo grado)	Molise	2024	46.1	Valori percentuali	Bes dei territori — ISTAT	https://www.istat.it/statistiche-per-temi/focus/benessere-e-sostenibilita/la-misurazione-del-benessere-bes/il-bes-dei-territori/	nan · Dato regionale annuale; non costituisce una notizia del 2026.	ultimo dato osservato, non nuovo segnale PULSE
Istruzione	Competenza numerica non adeguata (studenti classi III scuola secondaria primo grado)	Campania	2024	57.3	Valori percentuali	Bes dei territori — ISTAT	https://www.istat.it/statistiche-per-temi/focus/benessere-e-sostenibilita/la-misurazione-del-benessere-bes/il-bes-dei-territori/	nan · Dato regionale annuale; non costituisce una notizia del 2026.	ultimo dato osservato, non nuovo segnale PULSE
Istruzione	Competenza numerica non adeguata (studenti classi III scuola secondaria primo grado)	Puglia	2024	48.2	Valori percentuali	Bes dei territori — ISTAT	https://www.istat.it/statistiche-per-temi/focus/benessere-e-sostenibilita/la-misurazione-del-benessere-bes/il-bes-dei-territori/	nan · Dato regionale annuale; non costituisce una notizia del 2026.	ultimo dato osservato, non nuovo segnale PULSE
Istruzione	Competenza numerica non adeguata (studenti classi III scuola secondaria primo grado)	Basilicata	2024	50.3	Valori percentuali	Bes dei territori — ISTAT	https://www.istat.it/statistiche-per-temi/focus/benessere-e-sostenibilita/la-misurazione-del-benessere-bes/il-bes-dei-territori/	nan · Dato regionale annuale; non costituisce una notizia del 2026.	ultimo dato osservato, non nuovo segnale PULSE
Istruzione	Competenza numerica non adeguata (studenti classi III scuola secondaria primo grado)	Calabria	2024	61.1	Valori percentuali	Bes dei territori — ISTAT	https://www.istat.it/statistiche-per-temi/focus/benessere-e-sostenibilita/la-misurazione-del-benessere-bes/il-bes-dei-territori/	nan · Dato regionale annuale; non costituisce una notizia del 2026.	ultimo dato osservato, non nuovo segnale PULSE
Istruzione	Competenza numerica non adeguata (studenti classi III scuola secondaria primo grado)	Sicilia	2024	62.3	Valori percentuali	Bes dei territori — ISTAT	https://www.istat.it/statistiche-per-temi/focus/benessere-e-sostenibilita/la-misurazione-del-benessere-bes/il-bes-dei-territori/	nan · Dato regionale annuale; non costituisce una notizia del 2026.	ultimo dato osservato, non nuovo segnale PULSE
Istruzione	Competenza numerica non adeguata (studenti classi III scuola secondaria primo grado)	Sardegna	2024	57.3	Valori percentuali	Bes dei territori — ISTAT	https://www.istat.it/statistiche-per-temi/focus/benessere-e-sostenibilita/la-misurazione-del-benessere-bes/il-bes-dei-territori/	nan · Dato regionale annuale; non costituisce una notizia del 2026.	ultimo dato osservato, non nuovo segnale PULSE
Istruzione	Competenza alfabetica non adeguata (studenti classi III scuola secondaria primo grado)	Piemonte	2024	37.7	Valori percentuali	Bes dei territori — ISTAT	https://www.istat.it/statistiche-per-temi/focus/benessere-e-sostenibilita/la-misurazione-del-benessere-bes/il-bes-dei-territori/	nan · Dato regionale annuale; non costituisce una notizia del 2026.	ultimo dato osservato, non nuovo segnale PULSE
Istruzione	Competenza alfabetica non adeguata (studenti classi III scuola secondaria primo grado)	Valle d'Aosta/Vallée d'Aoste	2024	35.5	Valori percentuali	Bes dei territori — ISTAT	https://www.istat.it/statistiche-per-temi/focus/benessere-e-sostenibilita/la-misurazione-del-benessere-bes/il-bes-dei-territori/	nan · Dato regionale annuale; non costituisce una notizia del 2026.	ultimo dato osservato, non nuovo segnale PULSE
Istruzione	Competenza alfabetica non adeguata (studenti classi III scuola secondaria primo grado)	Liguria	2024	41.5	Valori percentuali	Bes dei territori — ISTAT	https://www.istat.it/statistiche-per-temi/focus/benessere-e-sostenibilita/la-misurazione-del-benessere-bes/il-bes-dei-territori/	nan · Dato regionale annuale; non costituisce una notizia del 2026.	ultimo dato osservato, non nuovo segnale PULSE
Istruzione	Competenza alfabetica non adeguata (studenti classi III scuola secondaria primo grado)	Lombardia	2024	34.5	Valori percentuali	Bes dei territori — ISTAT	https://www.istat.it/statistiche-per-temi/focus/benessere-e-sostenibilita/la-misurazione-del-benessere-bes/il-bes-dei-territori/	nan · Dato regionale annuale; non costituisce una notizia del 2026.	ultimo dato osservato, non nuovo segnale PULSE
Istruzione	Competenza alfabetica non adeguata (studenti classi III scuola secondaria primo grado)	Trentino-Alto Adige/Südtirol	2024	38.5	Valori percentuali	Bes dei territori — ISTAT	https://www.istat.it/statistiche-per-temi/focus/benessere-e-sostenibilita/la-misurazione-del-benessere-bes/il-bes-dei-territori/	nan · Dato regionale annuale; non costituisce una notizia del 2026.	ultimo dato osservato, non nuovo segnale PULSE
Istruzione	Competenza alfabetica non adeguata (studenti classi III scuola secondaria primo grado)	Veneto	2024	34.1	Valori percentuali	Bes dei territori — ISTAT	https://www.istat.it/statistiche-per-temi/focus/benessere-e-sostenibilita/la-misurazione-del-benessere-bes/il-bes-dei-territori/	nan · Dato regionale annuale; non costituisce una notizia del 2026.	ultimo dato osservato, non nuovo segnale PULSE
Istruzione	Competenza alfabetica non adeguata (studenti classi III scuola secondaria primo grado)	Friuli-Venezia Giulia	2024	35.2	Valori percentuali	Bes dei territori — ISTAT	https://www.istat.it/statistiche-per-temi/focus/benessere-e-sostenibilita/la-misurazione-del-benessere-bes/il-bes-dei-territori/	nan · Dato regionale annuale; non costituisce una notizia del 2026.	ultimo dato osservato, non nuovo segnale PULSE
Istruzione	Competenza alfabetica non adeguata (studenti classi III scuola secondaria primo grado)	Emilia-Romagna	2024	37.9	Valori percentuali	Bes dei territori — ISTAT	https://www.istat.it/statistiche-per-temi/focus/benessere-e-sostenibilita/la-misurazione-del-benessere-bes/il-bes-dei-territori/	nan · Dato regionale annuale; non costituisce una notizia del 2026.	ultimo dato osservato, non nuovo segnale PULSE
Istruzione	Competenza alfabetica non adeguata (studenti classi III scuola secondaria primo grado)	Toscana	2024	38.4	Valori percentuali	Bes dei territori — ISTAT	https://www.istat.it/statistiche-per-temi/focus/benessere-e-sostenibilita/la-misurazione-del-benessere-bes/il-bes-dei-territori/	nan · Dato regionale annuale; non costituisce una notizia del 2026.	ultimo dato osservato, non nuovo segnale PULSE
Istruzione	Competenza alfabetica non adeguata (studenti classi III scuola secondaria primo grado)	Umbria	2024	31.9	Valori percentuali	Bes dei territori — ISTAT	https://www.istat.it/statistiche-per-temi/focus/benessere-e-sostenibilita/la-misurazione-del-benessere-bes/il-bes-dei-territori/	nan · Dato regionale annuale; non costituisce una notizia del 2026.	ultimo dato osservato, non nuovo segnale PULSE
Istruzione	Competenza alfabetica non adeguata (studenti classi III scuola secondaria primo grado)	Marche	2024	32.6	Valori percentuali	Bes dei territori — ISTAT	https://www.istat.it/statistiche-per-temi/focus/benessere-e-sostenibilita/la-misurazione-del-benessere-bes/il-bes-dei-territori/	nan · Dato regionale annuale; non costituisce una notizia del 2026.	ultimo dato osservato, non nuovo segnale PULSE
Istruzione	Competenza alfabetica non adeguata (studenti classi III scuola secondaria primo grado)	Lazio	2024	37.9	Valori percentuali	Bes dei territori — ISTAT	https://www.istat.it/statistiche-per-temi/focus/benessere-e-sostenibilita/la-misurazione-del-benessere-bes/il-bes-dei-territori/	nan · Dato regionale annuale; non costituisce una notizia del 2026.	ultimo dato osservato, non nuovo segnale PULSE
Istruzione	Competenza alfabetica non adeguata (studenti classi III scuola secondaria primo grado)	Abruzzo	2024	35.9	Valori percentuali	Bes dei territori — ISTAT	https://www.istat.it/statistiche-per-temi/focus/benessere-e-sostenibilita/la-misurazione-del-benessere-bes/il-bes-dei-territori/	nan · Dato regionale annuale; non costituisce una notizia del 2026.	ultimo dato osservato, non nuovo segnale PULSE
Istruzione	Competenza alfabetica non adeguata (studenti classi III scuola secondaria primo grado)	Molise	2024	38.9	Valori percentuali	Bes dei territori — ISTAT	https://www.istat.it/statistiche-per-temi/focus/benessere-e-sostenibilita/la-misurazione-del-benessere-bes/il-bes-dei-territori/	nan · Dato regionale annuale; non costituisce una notizia del 2026.	ultimo dato osservato, non nuovo segnale PULSE
Istruzione	Competenza alfabetica non adeguata (studenti classi III scuola secondaria primo grado)	Campania	2024	47.7	Valori percentuali	Bes dei territori — ISTAT	https://www.istat.it/statistiche-per-temi/focus/benessere-e-sostenibilita/la-misurazione-del-benessere-bes/il-bes-dei-territori/	nan · Dato regionale annuale; non costituisce una notizia del 2026.	ultimo dato osservato, non nuovo segnale PULSE
Istruzione	Competenza alfabetica non adeguata (studenti classi III scuola secondaria primo grado)	Puglia	2024	40.9	Valori percentuali	Bes dei territori — ISTAT	https://www.istat.it/statistiche-per-temi/focus/benessere-e-sostenibilita/la-misurazione-del-benessere-bes/il-bes-dei-territori/	nan · Dato regionale annuale; non costituisce una notizia del 2026.	ultimo dato osservato, non nuovo segnale PULSE
Istruzione	Competenza alfabetica non adeguata (studenti classi III scuola secondaria primo grado)	Basilicata	2024	40	Valori percentuali	Bes dei territori — ISTAT	https://www.istat.it/statistiche-per-temi/focus/benessere-e-sostenibilita/la-misurazione-del-benessere-bes/il-bes-dei-territori/	nan · Dato regionale annuale; non costituisce una notizia del 2026.	ultimo dato osservato, non nuovo segnale PULSE
Istruzione	Competenza alfabetica non adeguata (studenti classi III scuola secondaria primo grado)	Calabria	2024	50.5	Valori percentuali	Bes dei territori — ISTAT	https://www.istat.it/statistiche-per-temi/focus/benessere-e-sostenibilita/la-misurazione-del-benessere-bes/il-bes-dei-territori/	nan · Dato regionale annuale; non costituisce una notizia del 2026.	ultimo dato osservato, non nuovo segnale PULSE
Istruzione	Competenza alfabetica non adeguata (studenti classi III scuola secondaria primo grado)	Sicilia	2024	52.3	Valori percentuali	Bes dei territori — ISTAT	https://www.istat.it/statistiche-per-temi/focus/benessere-e-sostenibilita/la-misurazione-del-benessere-bes/il-bes-dei-territori/	nan · Dato regionale annuale; non costituisce una notizia del 2026.	ultimo dato osservato, non nuovo segnale PULSE
Istruzione	Competenza alfabetica non adeguata (studenti classi III scuola secondaria primo grado)	Sardegna	2024	47.8	Valori percentuali	Bes dei territori — ISTAT	https://www.istat.it/statistiche-per-temi/focus/benessere-e-sostenibilita/la-misurazione-del-benessere-bes/il-bes-dei-territori/	nan · Dato regionale annuale; non costituisce una notizia del 2026.	ultimo dato osservato, non nuovo segnale PULSE
Lavoro e mercato del lavoro	Tasso di occupazione (20-64 anni)	Piemonte	2024	74.3	Valori percentuali	Bes dei territori — ISTAT	https://www.istat.it/statistiche-per-temi/focus/benessere-e-sostenibilita/la-misurazione-del-benessere-bes/il-bes-dei-territori/	nan · Dato regionale annuale; non costituisce una notizia del 2026.	ultimo dato osservato, non nuovo segnale PULSE
Lavoro e mercato del lavoro	Tasso di occupazione (20-64 anni)	Valle d'Aosta/Vallée d'Aoste	2024	77.6	Valori percentuali	Bes dei territori — ISTAT	https://www.istat.it/statistiche-per-temi/focus/benessere-e-sostenibilita/la-misurazione-del-benessere-bes/il-bes-dei-territori/	nan · Dato regionale annuale; non costituisce una notizia del 2026.	ultimo dato osservato, non nuovo segnale PULSE
Lavoro e mercato del lavoro	Tasso di occupazione (20-64 anni)	Liguria	2024	72.2	Valori percentuali	Bes dei territori — ISTAT	https://www.istat.it/statistiche-per-temi/focus/benessere-e-sostenibilita/la-misurazione-del-benessere-bes/il-bes-dei-territori/	nan · Dato regionale annuale; non costituisce una notizia del 2026.	ultimo dato osservato, non nuovo segnale PULSE
Lavoro e mercato del lavoro	Tasso di occupazione (20-64 anni)	Lombardia	2024	74.8	Valori percentuali	Bes dei territori — ISTAT	https://www.istat.it/statistiche-per-temi/focus/benessere-e-sostenibilita/la-misurazione-del-benessere-bes/il-bes-dei-territori/	nan · Dato regionale annuale; non costituisce una notizia del 2026.	ultimo dato osservato, non nuovo segnale PULSE
Lavoro e mercato del lavoro	Tasso di occupazione (20-64 anni)	Trentino-Alto Adige/Südtirol	2024	78.4	Valori percentuali	Bes dei territori — ISTAT	https://www.istat.it/statistiche-per-temi/focus/benessere-e-sostenibilita/la-misurazione-del-benessere-bes/il-bes-dei-territori/	nan · Dato regionale annuale; non costituisce una notizia del 2026.	ultimo dato osservato, non nuovo segnale PULSE
Lavoro e mercato del lavoro	Tasso di occupazione (20-64 anni)	Veneto	2024	75.6	Valori percentuali	Bes dei territori — ISTAT	https://www.istat.it/statistiche-per-temi/focus/benessere-e-sostenibilita/la-misurazione-del-benessere-bes/il-bes-dei-territori/	nan · Dato regionale annuale; non costituisce una notizia del 2026.	ultimo dato osservato, non nuovo segnale PULSE
Lavoro e mercato del lavoro	Tasso di occupazione (20-64 anni)	Friuli-Venezia Giulia	2024	75.1	Valori percentuali	Bes dei territori — ISTAT	https://www.istat.it/statistiche-per-temi/focus/benessere-e-sostenibilita/la-misurazione-del-benessere-bes/il-bes-dei-territori/	nan · Dato regionale annuale; non costituisce una notizia del 2026.	ultimo dato osservato, non nuovo segnale PULSE
Lavoro e mercato del lavoro	Tasso di occupazione (20-64 anni)	Emilia-Romagna	2024	75.6	Valori percentuali	Bes dei territori — ISTAT	https://www.istat.it/statistiche-per-temi/focus/benessere-e-sostenibilita/la-misurazione-del-benessere-bes/il-bes-dei-territori/	nan · Dato regionale annuale; non costituisce una notizia del 2026.	ultimo dato osservato, non nuovo segnale PULSE
Lavoro e mercato del lavoro	Tasso di occupazione (20-64 anni)	Toscana	2024	76.1	Valori percentuali	Bes dei territori — ISTAT	https://www.istat.it/statistiche-per-temi/focus/benessere-e-sostenibilita/la-misurazione-del-benessere-bes/il-bes-dei-territori/	nan · Dato regionale annuale; non costituisce una notizia del 2026.	ultimo dato osservato, non nuovo segnale PULSE
Lavoro e mercato del lavoro	Tasso di occupazione (20-64 anni)	Umbria	2024	73.4	Valori percentuali	Bes dei territori — ISTAT	https://www.istat.it/statistiche-per-temi/focus/benessere-e-sostenibilita/la-misurazione-del-benessere-bes/il-bes-dei-territori/	nan · Dato regionale annuale; non costituisce una notizia del 2026.	ultimo dato osservato, non nuovo segnale PULSE
Lavoro e mercato del lavoro	Tasso di occupazione (20-64 anni)	Marche	2024	72.2	Valori percentuali	Bes dei territori — ISTAT	https://www.istat.it/statistiche-per-temi/focus/benessere-e-sostenibilita/la-misurazione-del-benessere-bes/il-bes-dei-territori/	nan · Dato regionale annuale; non costituisce una notizia del 2026.	ultimo dato osservato, non nuovo segnale PULSE
Lavoro e mercato del lavoro	Tasso di occupazione (20-64 anni)	Lazio	2024	69	Valori percentuali	Bes dei territori — ISTAT	https://www.istat.it/statistiche-per-temi/focus/benessere-e-sostenibilita/la-misurazione-del-benessere-bes/il-bes-dei-territori/	nan · Dato regionale annuale; non costituisce una notizia del 2026.	ultimo dato osservato, non nuovo segnale PULSE
Lavoro e mercato del lavoro	Tasso di occupazione (20-64 anni)	Abruzzo	2024	66.8	Valori percentuali	Bes dei territori — ISTAT	https://www.istat.it/statistiche-per-temi/focus/benessere-e-sostenibilita/la-misurazione-del-benessere-bes/il-bes-dei-territori/	nan · Dato regionale annuale; non costituisce una notizia del 2026.	ultimo dato osservato, non nuovo segnale PULSE
Lavoro e mercato del lavoro	Tasso di occupazione (20-64 anni)	Molise	2024	62.1	Valori percentuali	Bes dei territori — ISTAT	https://www.istat.it/statistiche-per-temi/focus/benessere-e-sostenibilita/la-misurazione-del-benessere-bes/il-bes-dei-territori/	nan · Dato regionale annuale; non costituisce una notizia del 2026.	ultimo dato osservato, non nuovo segnale PULSE
Lavoro e mercato del lavoro	Tasso di occupazione (20-64 anni)	Campania	2024	49.4	Valori percentuali	Bes dei territori — ISTAT	https://www.istat.it/statistiche-per-temi/focus/benessere-e-sostenibilita/la-misurazione-del-benessere-bes/il-bes-dei-territori/	nan · Dato regionale annuale; non costituisce una notizia del 2026.	ultimo dato osservato, non nuovo segnale PULSE
Lavoro e mercato del lavoro	Tasso di occupazione (20-64 anni)	Puglia	2024	55.3	Valori percentuali	Bes dei territori — ISTAT	https://www.istat.it/statistiche-per-temi/focus/benessere-e-sostenibilita/la-misurazione-del-benessere-bes/il-bes-dei-territori/	nan · Dato regionale annuale; non costituisce una notizia del 2026.	ultimo dato osservato, non nuovo segnale PULSE
Lavoro e mercato del lavoro	Tasso di occupazione (20-64 anni)	Basilicata	2024	60.4	Valori percentuali	Bes dei territori — ISTAT	https://www.istat.it/statistiche-per-temi/focus/benessere-e-sostenibilita/la-misurazione-del-benessere-bes/il-bes-dei-territori/	nan · Dato regionale annuale; non costituisce una notizia del 2026.	ultimo dato osservato, non nuovo segnale PULSE
Lavoro e mercato del lavoro	Tasso di occupazione (20-64 anni)	Calabria	2024	48.5	Valori percentuali	Bes dei territori — ISTAT	https://www.istat.it/statistiche-per-temi/focus/benessere-e-sostenibilita/la-misurazione-del-benessere-bes/il-bes-dei-territori/	nan · Dato regionale annuale; non costituisce una notizia del 2026.	ultimo dato osservato, non nuovo segnale PULSE
Lavoro e mercato del lavoro	Tasso di occupazione (20-64 anni)	Sicilia	2024	50.7	Valori percentuali	Bes dei territori — ISTAT	https://www.istat.it/statistiche-per-temi/focus/benessere-e-sostenibilita/la-misurazione-del-benessere-bes/il-bes-dei-territori/	nan · Dato regionale annuale; non costituisce una notizia del 2026.	ultimo dato osservato, non nuovo segnale PULSE
Lavoro e mercato del lavoro	Tasso di occupazione (20-64 anni)	Sardegna	2024	61.7	Valori percentuali	Bes dei territori — ISTAT	https://www.istat.it/statistiche-per-temi/focus/benessere-e-sostenibilita/la-misurazione-del-benessere-bes/il-bes-dei-territori/	nan · Dato regionale annuale; non costituisce una notizia del 2026.	ultimo dato osservato, non nuovo segnale PULSE
Lavoro e mercato del lavoro	Tasso di mancata partecipazione al lavoro	Piemonte	2024	8.4	Valori percentuali	Bes dei territori — ISTAT	https://www.istat.it/statistiche-per-temi/focus/benessere-e-sostenibilita/la-misurazione-del-benessere-bes/il-bes-dei-territori/	nan · Dato regionale annuale; non costituisce una notizia del 2026.	ultimo dato osservato, non nuovo segnale PULSE
Lavoro e mercato del lavoro	Tasso di mancata partecipazione al lavoro	Valle d'Aosta/Vallée d'Aoste	2024	6.5	Valori percentuali	Bes dei territori — ISTAT	https://www.istat.it/statistiche-per-temi/focus/benessere-e-sostenibilita/la-misurazione-del-benessere-bes/il-bes-dei-territori/	nan · Dato regionale annuale; non costituisce una notizia del 2026.	ultimo dato osservato, non nuovo segnale PULSE
Lavoro e mercato del lavoro	Tasso di mancata partecipazione al lavoro	Liguria	2024	9.5	Valori percentuali	Bes dei territori — ISTAT	https://www.istat.it/statistiche-per-temi/focus/benessere-e-sostenibilita/la-misurazione-del-benessere-bes/il-bes-dei-territori/	nan · Dato regionale annuale; non costituisce una notizia del 2026.	ultimo dato osservato, non nuovo segnale PULSE
Lavoro e mercato del lavoro	Tasso di mancata partecipazione al lavoro	Lombardia	2024	6.7	Valori percentuali	Bes dei territori — ISTAT	https://www.istat.it/statistiche-per-temi/focus/benessere-e-sostenibilita/la-misurazione-del-benessere-bes/il-bes-dei-territori/	nan · Dato regionale annuale; non costituisce una notizia del 2026.	ultimo dato osservato, non nuovo segnale PULSE
Lavoro e mercato del lavoro	Tasso di mancata partecipazione al lavoro	Trentino-Alto Adige/Südtirol	2024	4.3	Valori percentuali	Bes dei territori — ISTAT	https://www.istat.it/statistiche-per-temi/focus/benessere-e-sostenibilita/la-misurazione-del-benessere-bes/il-bes-dei-territori/	nan · Dato regionale annuale; non costituisce una notizia del 2026.	ultimo dato osservato, non nuovo segnale PULSE
Lavoro e mercato del lavoro	Tasso di mancata partecipazione al lavoro	Veneto	2024	5.7	Valori percentuali	Bes dei territori — ISTAT	https://www.istat.it/statistiche-per-temi/focus/benessere-e-sostenibilita/la-misurazione-del-benessere-bes/il-bes-dei-territori/	nan · Dato regionale annuale; non costituisce una notizia del 2026.	ultimo dato osservato, non nuovo segnale PULSE
Lavoro e mercato del lavoro	Tasso di mancata partecipazione al lavoro	Friuli-Venezia Giulia	2024	6.9	Valori percentuali	Bes dei territori — ISTAT	https://www.istat.it/statistiche-per-temi/focus/benessere-e-sostenibilita/la-misurazione-del-benessere-bes/il-bes-dei-territori/	nan · Dato regionale annuale; non costituisce una notizia del 2026.	ultimo dato osservato, non nuovo segnale PULSE
Lavoro e mercato del lavoro	Tasso di mancata partecipazione al lavoro	Emilia-Romagna	2024	7.3	Valori percentuali	Bes dei territori — ISTAT	https://www.istat.it/statistiche-per-temi/focus/benessere-e-sostenibilita/la-misurazione-del-benessere-bes/il-bes-dei-territori/	nan · Dato regionale annuale; non costituisce una notizia del 2026.	ultimo dato osservato, non nuovo segnale PULSE
Lavoro e mercato del lavoro	Tasso di mancata partecipazione al lavoro	Toscana	2024	7.5	Valori percentuali	Bes dei territori — ISTAT	https://www.istat.it/statistiche-per-temi/focus/benessere-e-sostenibilita/la-misurazione-del-benessere-bes/il-bes-dei-territori/	nan · Dato regionale annuale; non costituisce una notizia del 2026.	ultimo dato osservato, non nuovo segnale PULSE
Lavoro e mercato del lavoro	Tasso di mancata partecipazione al lavoro	Umbria	2024	8.2	Valori percentuali	Bes dei territori — ISTAT	https://www.istat.it/statistiche-per-temi/focus/benessere-e-sostenibilita/la-misurazione-del-benessere-bes/il-bes-dei-territori/	nan · Dato regionale annuale; non costituisce una notizia del 2026.	ultimo dato osservato, non nuovo segnale PULSE
Lavoro e mercato del lavoro	Tasso di mancata partecipazione al lavoro	Marche	2024	8.9	Valori percentuali	Bes dei territori — ISTAT	https://www.istat.it/statistiche-per-temi/focus/benessere-e-sostenibilita/la-misurazione-del-benessere-bes/il-bes-dei-territori/	nan · Dato regionale annuale; non costituisce una notizia del 2026.	ultimo dato osservato, non nuovo segnale PULSE
Lavoro e mercato del lavoro	Tasso di mancata partecipazione al lavoro	Lazio	2024	11.2	Valori percentuali	Bes dei territori — ISTAT	https://www.istat.it/statistiche-per-temi/focus/benessere-e-sostenibilita/la-misurazione-del-benessere-bes/il-bes-dei-territori/	nan · Dato regionale annuale; non costituisce una notizia del 2026.	ultimo dato osservato, non nuovo segnale PULSE
Lavoro e mercato del lavoro	Tasso di mancata partecipazione al lavoro	Abruzzo	2024	12.6	Valori percentuali	Bes dei territori — ISTAT	https://www.istat.it/statistiche-per-temi/focus/benessere-e-sostenibilita/la-misurazione-del-benessere-bes/il-bes-dei-territori/	nan · Dato regionale annuale; non costituisce una notizia del 2026.	ultimo dato osservato, non nuovo segnale PULSE
Lavoro e mercato del lavoro	Tasso di mancata partecipazione al lavoro	Molise	2024	16.9	Valori percentuali	Bes dei territori — ISTAT	https://www.istat.it/statistiche-per-temi/focus/benessere-e-sostenibilita/la-misurazione-del-benessere-bes/il-bes-dei-territori/	nan · Dato regionale annuale; non costituisce una notizia del 2026.	ultimo dato osservato, non nuovo segnale PULSE
Lavoro e mercato del lavoro	Tasso di mancata partecipazione al lavoro	Campania	2024	29.6	Valori percentuali	Bes dei territori — ISTAT	https://www.istat.it/statistiche-per-temi/focus/benessere-e-sostenibilita/la-misurazione-del-benessere-bes/il-bes-dei-territori/	nan · Dato regionale annuale; non costituisce una notizia del 2026.	ultimo dato osservato, non nuovo segnale PULSE
Lavoro e mercato del lavoro	Tasso di mancata partecipazione al lavoro	Puglia	2024	21.4	Valori percentuali	Bes dei territori — ISTAT	https://www.istat.it/statistiche-per-temi/focus/benessere-e-sostenibilita/la-misurazione-del-benessere-bes/il-bes-dei-territori/	nan · Dato regionale annuale; non costituisce una notizia del 2026.	ultimo dato osservato, non nuovo segnale PULSE
Lavoro e mercato del lavoro	Tasso di mancata partecipazione al lavoro	Basilicata	2024	19.6	Valori percentuali	Bes dei territori — ISTAT	https://www.istat.it/statistiche-per-temi/focus/benessere-e-sostenibilita/la-misurazione-del-benessere-bes/il-bes-dei-territori/	nan · Dato regionale annuale; non costituisce una notizia del 2026.	ultimo dato osservato, non nuovo segnale PULSE
Lavoro e mercato del lavoro	Tasso di mancata partecipazione al lavoro	Calabria	2024	30.6	Valori percentuali	Bes dei territori — ISTAT	https://www.istat.it/statistiche-per-temi/focus/benessere-e-sostenibilita/la-misurazione-del-benessere-bes/il-bes-dei-territori/	nan · Dato regionale annuale; non costituisce una notizia del 2026.	ultimo dato osservato, non nuovo segnale PULSE
Lavoro e mercato del lavoro	Tasso di mancata partecipazione al lavoro	Sicilia	2024	29	Valori percentuali	Bes dei territori — ISTAT	https://www.istat.it/statistiche-per-temi/focus/benessere-e-sostenibilita/la-misurazione-del-benessere-bes/il-bes-dei-territori/	nan · Dato regionale annuale; non costituisce una notizia del 2026.	ultimo dato osservato, non nuovo segnale PULSE
Lavoro e mercato del lavoro	Tasso di mancata partecipazione al lavoro	Sardegna	2024	18.9	Valori percentuali	Bes dei territori — ISTAT	https://www.istat.it/statistiche-per-temi/focus/benessere-e-sostenibilita/la-misurazione-del-benessere-bes/il-bes-dei-territori/	nan · Dato regionale annuale; non costituisce una notizia del 2026.	ultimo dato osservato, non nuovo segnale PULSE
Lavoro e mercato del lavoro	Tasso di infortuni sul lavoro mortali e con inabilità permanente	Piemonte	2022	8	Per 10.000 occupati	Bes dei territori — ISTAT	https://www.istat.it/statistiche-per-temi/focus/benessere-e-sostenibilita/la-misurazione-del-benessere-bes/il-bes-dei-territori/	I dati del 2022 sono provvisori. · Dato regionale annuale; non costituisce una notizia del 2026.	ultimo dato osservato, non nuovo segnale PULSE
Lavoro e mercato del lavoro	Tasso di infortuni sul lavoro mortali e con inabilità permanente	Valle d'Aosta/Vallée d'Aoste	2022	10.2	Per 10.000 occupati	Bes dei territori — ISTAT	https://www.istat.it/statistiche-per-temi/focus/benessere-e-sostenibilita/la-misurazione-del-benessere-bes/il-bes-dei-territori/	I dati del 2022 sono provvisori. · Dato regionale annuale; non costituisce una notizia del 2026.	ultimo dato osservato, non nuovo segnale PULSE
Lavoro e mercato del lavoro	Tasso di infortuni sul lavoro mortali e con inabilità permanente	Liguria	2022	12	Per 10.000 occupati	Bes dei territori — ISTAT	https://www.istat.it/statistiche-per-temi/focus/benessere-e-sostenibilita/la-misurazione-del-benessere-bes/il-bes-dei-territori/	I dati del 2022 sono provvisori. · Dato regionale annuale; non costituisce una notizia del 2026.	ultimo dato osservato, non nuovo segnale PULSE
Lavoro e mercato del lavoro	Tasso di infortuni sul lavoro mortali e con inabilità permanente	Lombardia	2022	8.1	Per 10.000 occupati	Bes dei territori — ISTAT	https://www.istat.it/statistiche-per-temi/focus/benessere-e-sostenibilita/la-misurazione-del-benessere-bes/il-bes-dei-territori/	I dati del 2022 sono provvisori. · Dato regionale annuale; non costituisce una notizia del 2026.	ultimo dato osservato, non nuovo segnale PULSE
Lavoro e mercato del lavoro	Tasso di infortuni sul lavoro mortali e con inabilità permanente	Trentino-Alto Adige/Südtirol	2022	12.3	Per 10.000 occupati	Bes dei territori — ISTAT	https://www.istat.it/statistiche-per-temi/focus/benessere-e-sostenibilita/la-misurazione-del-benessere-bes/il-bes-dei-territori/	I dati del 2022 sono provvisori. · Dato regionale annuale; non costituisce una notizia del 2026.	ultimo dato osservato, non nuovo segnale PULSE
Lavoro e mercato del lavoro	Tasso di infortuni sul lavoro mortali e con inabilità permanente	Veneto	2022	10.4	Per 10.000 occupati	Bes dei territori — ISTAT	https://www.istat.it/statistiche-per-temi/focus/benessere-e-sostenibilita/la-misurazione-del-benessere-bes/il-bes-dei-territori/	I dati del 2022 sono provvisori. · Dato regionale annuale; non costituisce una notizia del 2026.	ultimo dato osservato, non nuovo segnale PULSE
Lavoro e mercato del lavoro	Tasso di infortuni sul lavoro mortali e con inabilità permanente	Friuli-Venezia Giulia	2022	8.8	Per 10.000 occupati	Bes dei territori — ISTAT	https://www.istat.it/statistiche-per-temi/focus/benessere-e-sostenibilita/la-misurazione-del-benessere-bes/il-bes-dei-territori/	I dati del 2022 sono provvisori. · Dato regionale annuale; non costituisce una notizia del 2026.	ultimo dato osservato, non nuovo segnale PULSE
Lavoro e mercato del lavoro	Tasso di infortuni sul lavoro mortali e con inabilità permanente	Emilia-Romagna	2022	12.1	Per 10.000 occupati	Bes dei territori — ISTAT	https://www.istat.it/statistiche-per-temi/focus/benessere-e-sostenibilita/la-misurazione-del-benessere-bes/il-bes-dei-territori/	I dati del 2022 sono provvisori. · Dato regionale annuale; non costituisce una notizia del 2026.	ultimo dato osservato, non nuovo segnale PULSE
Lavoro e mercato del lavoro	Tasso di infortuni sul lavoro mortali e con inabilità permanente	Toscana	2022	14.4	Per 10.000 occupati	Bes dei territori — ISTAT	https://www.istat.it/statistiche-per-temi/focus/benessere-e-sostenibilita/la-misurazione-del-benessere-bes/il-bes-dei-territori/	I dati del 2022 sono provvisori. · Dato regionale annuale; non costituisce una notizia del 2026.	ultimo dato osservato, non nuovo segnale PULSE
Lavoro e mercato del lavoro	Tasso di infortuni sul lavoro mortali e con inabilità permanente	Umbria	2022	17.8	Per 10.000 occupati	Bes dei territori — ISTAT	https://www.istat.it/statistiche-per-temi/focus/benessere-e-sostenibilita/la-misurazione-del-benessere-bes/il-bes-dei-territori/	I dati del 2022 sono provvisori. · Dato regionale annuale; non costituisce una notizia del 2026.	ultimo dato osservato, non nuovo segnale PULSE
Lavoro e mercato del lavoro	Tasso di infortuni sul lavoro mortali e con inabilità permanente	Marche	2022	15.3	Per 10.000 occupati	Bes dei territori — ISTAT	https://www.istat.it/statistiche-per-temi/focus/benessere-e-sostenibilita/la-misurazione-del-benessere-bes/il-bes-dei-territori/	I dati del 2022 sono provvisori. · Dato regionale annuale; non costituisce una notizia del 2026.	ultimo dato osservato, non nuovo segnale PULSE
Lavoro e mercato del lavoro	Tasso di infortuni sul lavoro mortali e con inabilità permanente	Lazio	2022	8.2	Per 10.000 occupati	Bes dei territori — ISTAT	https://www.istat.it/statistiche-per-temi/focus/benessere-e-sostenibilita/la-misurazione-del-benessere-bes/il-bes-dei-territori/	I dati del 2022 sono provvisori. · Dato regionale annuale; non costituisce una notizia del 2026.	ultimo dato osservato, non nuovo segnale PULSE
Lavoro e mercato del lavoro	Tasso di infortuni sul lavoro mortali e con inabilità permanente	Abruzzo	2022	16.7	Per 10.000 occupati	Bes dei territori — ISTAT	https://www.istat.it/statistiche-per-temi/focus/benessere-e-sostenibilita/la-misurazione-del-benessere-bes/il-bes-dei-territori/	I dati del 2022 sono provvisori. · Dato regionale annuale; non costituisce una notizia del 2026.	ultimo dato osservato, non nuovo segnale PULSE
Lavoro e mercato del lavoro	Tasso di infortuni sul lavoro mortali e con inabilità permanente	Molise	2022	13.8	Per 10.000 occupati	Bes dei territori — ISTAT	https://www.istat.it/statistiche-per-temi/focus/benessere-e-sostenibilita/la-misurazione-del-benessere-bes/il-bes-dei-territori/	I dati del 2022 sono provvisori. · Dato regionale annuale; non costituisce una notizia del 2026.	ultimo dato osservato, non nuovo segnale PULSE
Lavoro e mercato del lavoro	Tasso di infortuni sul lavoro mortali e con inabilità permanente	Campania	2022	11.2	Per 10.000 occupati	Bes dei territori — ISTAT	https://www.istat.it/statistiche-per-temi/focus/benessere-e-sostenibilita/la-misurazione-del-benessere-bes/il-bes-dei-territori/	I dati del 2022 sono provvisori. · Dato regionale annuale; non costituisce una notizia del 2026.	ultimo dato osservato, non nuovo segnale PULSE
Lavoro e mercato del lavoro	Tasso di infortuni sul lavoro mortali e con inabilità permanente	Puglia	2022	13	Per 10.000 occupati	Bes dei territori — ISTAT	https://www.istat.it/statistiche-per-temi/focus/benessere-e-sostenibilita/la-misurazione-del-benessere-bes/il-bes-dei-territori/	I dati del 2022 sono provvisori. · Dato regionale annuale; non costituisce una notizia del 2026.	ultimo dato osservato, non nuovo segnale PULSE
Lavoro e mercato del lavoro	Tasso di infortuni sul lavoro mortali e con inabilità permanente	Basilicata	2022	16.8	Per 10.000 occupati	Bes dei territori — ISTAT	https://www.istat.it/statistiche-per-temi/focus/benessere-e-sostenibilita/la-misurazione-del-benessere-bes/il-bes-dei-territori/	I dati del 2022 sono provvisori. · Dato regionale annuale; non costituisce una notizia del 2026.	ultimo dato osservato, non nuovo segnale PULSE
Lavoro e mercato del lavoro	Tasso di infortuni sul lavoro mortali e con inabilità permanente	Calabria	2022	13.5	Per 10.000 occupati	Bes dei territori — ISTAT	https://www.istat.it/statistiche-per-temi/focus/benessere-e-sostenibilita/la-misurazione-del-benessere-bes/il-bes-dei-territori/	I dati del 2022 sono provvisori. · Dato regionale annuale; non costituisce una notizia del 2026.	ultimo dato osservato, non nuovo segnale PULSE
Lavoro e mercato del lavoro	Tasso di infortuni sul lavoro mortali e con inabilità permanente	Sicilia	2022	13.4	Per 10.000 occupati	Bes dei territori — ISTAT	https://www.istat.it/statistiche-per-temi/focus/benessere-e-sostenibilita/la-misurazione-del-benessere-bes/il-bes-dei-territori/	I dati del 2022 sono provvisori. · Dato regionale annuale; non costituisce una notizia del 2026.	ultimo dato osservato, non nuovo segnale PULSE
Lavoro e mercato del lavoro	Tasso di infortuni sul lavoro mortali e con inabilità permanente	Sardegna	2022	12.4	Per 10.000 occupati	Bes dei territori — ISTAT	https://www.istat.it/statistiche-per-temi/focus/benessere-e-sostenibilita/la-misurazione-del-benessere-bes/il-bes-dei-territori/	I dati del 2022 sono provvisori. · Dato regionale annuale; non costituisce una notizia del 2026.	ultimo dato osservato, non nuovo segnale PULSE
Lavoro e mercato del lavoro	Tasso di occupazione giovanile (15-29 anni)	Piemonte	2024	40.5	Valori percentuali	Bes dei territori — ISTAT	https://www.istat.it/statistiche-per-temi/focus/benessere-e-sostenibilita/la-misurazione-del-benessere-bes/il-bes-dei-territori/	nan · Dato regionale annuale; non costituisce una notizia del 2026.	ultimo dato osservato, non nuovo segnale PULSE
Lavoro e mercato del lavoro	Tasso di occupazione giovanile (15-29 anni)	Valle d'Aosta/Vallée d'Aoste	2024	42.8	Valori percentuali	Bes dei territori — ISTAT	https://www.istat.it/statistiche-per-temi/focus/benessere-e-sostenibilita/la-misurazione-del-benessere-bes/il-bes-dei-territori/	nan · Dato regionale annuale; non costituisce una notizia del 2026.	ultimo dato osservato, non nuovo segnale PULSE
Lavoro e mercato del lavoro	Tasso di occupazione giovanile (15-29 anni)	Liguria	2024	37.1	Valori percentuali	Bes dei territori — ISTAT	https://www.istat.it/statistiche-per-temi/focus/benessere-e-sostenibilita/la-misurazione-del-benessere-bes/il-bes-dei-territori/	nan · Dato regionale annuale; non costituisce una notizia del 2026.	ultimo dato osservato, non nuovo segnale PULSE
Lavoro e mercato del lavoro	Tasso di occupazione giovanile (15-29 anni)	Lombardia	2024	42	Valori percentuali	Bes dei territori — ISTAT	https://www.istat.it/statistiche-per-temi/focus/benessere-e-sostenibilita/la-misurazione-del-benessere-bes/il-bes-dei-territori/	nan · Dato regionale annuale; non costituisce una notizia del 2026.	ultimo dato osservato, non nuovo segnale PULSE
Lavoro e mercato del lavoro	Tasso di occupazione giovanile (15-29 anni)	Trentino-Alto Adige/Südtirol	2024	47.5	Valori percentuali	Bes dei territori — ISTAT	https://www.istat.it/statistiche-per-temi/focus/benessere-e-sostenibilita/la-misurazione-del-benessere-bes/il-bes-dei-territori/	nan · Dato regionale annuale; non costituisce una notizia del 2026.	ultimo dato osservato, non nuovo segnale PULSE
Lavoro e mercato del lavoro	Tasso di occupazione giovanile (15-29 anni)	Veneto	2024	41.7	Valori percentuali	Bes dei territori — ISTAT	https://www.istat.it/statistiche-per-temi/focus/benessere-e-sostenibilita/la-misurazione-del-benessere-bes/il-bes-dei-territori/	nan · Dato regionale annuale; non costituisce una notizia del 2026.	ultimo dato osservato, non nuovo segnale PULSE
Lavoro e mercato del lavoro	Tasso di occupazione giovanile (15-29 anni)	Friuli-Venezia Giulia	2024	39.3	Valori percentuali	Bes dei territori — ISTAT	https://www.istat.it/statistiche-per-temi/focus/benessere-e-sostenibilita/la-misurazione-del-benessere-bes/il-bes-dei-territori/	nan · Dato regionale annuale; non costituisce una notizia del 2026.	ultimo dato osservato, non nuovo segnale PULSE
Lavoro e mercato del lavoro	Tasso di occupazione giovanile (15-29 anni)	Emilia-Romagna	2024	41.9	Valori percentuali	Bes dei territori — ISTAT	https://www.istat.it/statistiche-per-temi/focus/benessere-e-sostenibilita/la-misurazione-del-benessere-bes/il-bes-dei-territori/	nan · Dato regionale annuale; non costituisce una notizia del 2026.	ultimo dato osservato, non nuovo segnale PULSE
Lavoro e mercato del lavoro	Tasso di occupazione giovanile (15-29 anni)	Toscana	2024	40.8	Valori percentuali	Bes dei territori — ISTAT	https://www.istat.it/statistiche-per-temi/focus/benessere-e-sostenibilita/la-misurazione-del-benessere-bes/il-bes-dei-territori/	nan · Dato regionale annuale; non costituisce una notizia del 2026.	ultimo dato osservato, non nuovo segnale PULSE
Lavoro e mercato del lavoro	Tasso di occupazione giovanile (15-29 anni)	Umbria	2024	35.6	Valori percentuali	Bes dei territori — ISTAT	https://www.istat.it/statistiche-per-temi/focus/benessere-e-sostenibilita/la-misurazione-del-benessere-bes/il-bes-dei-territori/	nan · Dato regionale annuale; non costituisce una notizia del 2026.	ultimo dato osservato, non nuovo segnale PULSE
Lavoro e mercato del lavoro	Tasso di occupazione giovanile (15-29 anni)	Marche	2024	38.7	Valori percentuali	Bes dei territori — ISTAT	https://www.istat.it/statistiche-per-temi/focus/benessere-e-sostenibilita/la-misurazione-del-benessere-bes/il-bes-dei-territori/	nan · Dato regionale annuale; non costituisce una notizia del 2026.	ultimo dato osservato, non nuovo segnale PULSE
Lavoro e mercato del lavoro	Tasso di occupazione giovanile (15-29 anni)	Lazio	2024	31.7	Valori percentuali	Bes dei territori — ISTAT	https://www.istat.it/statistiche-per-temi/focus/benessere-e-sostenibilita/la-misurazione-del-benessere-bes/il-bes-dei-territori/	nan · Dato regionale annuale; non costituisce una notizia del 2026.	ultimo dato osservato, non nuovo segnale PULSE
Lavoro e mercato del lavoro	Tasso di occupazione giovanile (15-29 anni)	Abruzzo	2024	30	Valori percentuali	Bes dei territori — ISTAT	https://www.istat.it/statistiche-per-temi/focus/benessere-e-sostenibilita/la-misurazione-del-benessere-bes/il-bes-dei-territori/	nan · Dato regionale annuale; non costituisce una notizia del 2026.	ultimo dato osservato, non nuovo segnale PULSE
Lavoro e mercato del lavoro	Tasso di occupazione giovanile (15-29 anni)	Molise	2024	24.8	Valori percentuali	Bes dei territori — ISTAT	https://www.istat.it/statistiche-per-temi/focus/benessere-e-sostenibilita/la-misurazione-del-benessere-bes/il-bes-dei-territori/	nan · Dato regionale annuale; non costituisce una notizia del 2026.	ultimo dato osservato, non nuovo segnale PULSE
Lavoro e mercato del lavoro	Tasso di occupazione giovanile (15-29 anni)	Campania	2024	22.5	Valori percentuali	Bes dei territori — ISTAT	https://www.istat.it/statistiche-per-temi/focus/benessere-e-sostenibilita/la-misurazione-del-benessere-bes/il-bes-dei-territori/	nan · Dato regionale annuale; non costituisce una notizia del 2026.	ultimo dato osservato, non nuovo segnale PULSE
Lavoro e mercato del lavoro	Tasso di occupazione giovanile (15-29 anni)	Puglia	2024	28.4	Valori percentuali	Bes dei territori — ISTAT	https://www.istat.it/statistiche-per-temi/focus/benessere-e-sostenibilita/la-misurazione-del-benessere-bes/il-bes-dei-territori/	nan · Dato regionale annuale; non costituisce una notizia del 2026.	ultimo dato osservato, non nuovo segnale PULSE
Lavoro e mercato del lavoro	Tasso di occupazione giovanile (15-29 anni)	Basilicata	2024	27.5	Valori percentuali	Bes dei territori — ISTAT	https://www.istat.it/statistiche-per-temi/focus/benessere-e-sostenibilita/la-misurazione-del-benessere-bes/il-bes-dei-territori/	nan · Dato regionale annuale; non costituisce una notizia del 2026.	ultimo dato osservato, non nuovo segnale PULSE
Lavoro e mercato del lavoro	Tasso di occupazione giovanile (15-29 anni)	Calabria	2024	18.5	Valori percentuali	Bes dei territori — ISTAT	https://www.istat.it/statistiche-per-temi/focus/benessere-e-sostenibilita/la-misurazione-del-benessere-bes/il-bes-dei-territori/	nan · Dato regionale annuale; non costituisce una notizia del 2026.	ultimo dato osservato, non nuovo segnale PULSE
Lavoro e mercato del lavoro	Tasso di occupazione giovanile (15-29 anni)	Sicilia	2024	23.5	Valori percentuali	Bes dei territori — ISTAT	https://www.istat.it/statistiche-per-temi/focus/benessere-e-sostenibilita/la-misurazione-del-benessere-bes/il-bes-dei-territori/	nan · Dato regionale annuale; non costituisce una notizia del 2026.	ultimo dato osservato, non nuovo segnale PULSE
Lavoro e mercato del lavoro	Tasso di occupazione giovanile (15-29 anni)	Sardegna	2024	27.8	Valori percentuali	Bes dei territori — ISTAT	https://www.istat.it/statistiche-per-temi/focus/benessere-e-sostenibilita/la-misurazione-del-benessere-bes/il-bes-dei-territori/	nan · Dato regionale annuale; non costituisce una notizia del 2026.	ultimo dato osservato, non nuovo segnale PULSE
Lavoro e mercato del lavoro	Tasso di mancata partecipazione al lavoro giovanile (15-29 anni)	Piemonte	2024	16.3	Valori percentuali	Bes dei territori — ISTAT	https://www.istat.it/statistiche-per-temi/focus/benessere-e-sostenibilita/la-misurazione-del-benessere-bes/il-bes-dei-territori/	nan · Dato regionale annuale; non costituisce una notizia del 2026.	ultimo dato osservato, non nuovo segnale PULSE
Lavoro e mercato del lavoro	Tasso di mancata partecipazione al lavoro giovanile (15-29 anni)	Valle d'Aosta/Vallée d'Aoste	2024	13.7	Valori percentuali	Bes dei territori — ISTAT	https://www.istat.it/statistiche-per-temi/focus/benessere-e-sostenibilita/la-misurazione-del-benessere-bes/il-bes-dei-territori/	nan · Dato regionale annuale; non costituisce una notizia del 2026.	ultimo dato osservato, non nuovo segnale PULSE
Lavoro e mercato del lavoro	Tasso di mancata partecipazione al lavoro giovanile (15-29 anni)	Liguria	2024	21.1	Valori percentuali	Bes dei territori — ISTAT	https://www.istat.it/statistiche-per-temi/focus/benessere-e-sostenibilita/la-misurazione-del-benessere-bes/il-bes-dei-territori/	nan · Dato regionale annuale; non costituisce una notizia del 2026.	ultimo dato osservato, non nuovo segnale PULSE
Lavoro e mercato del lavoro	Tasso di mancata partecipazione al lavoro giovanile (15-29 anni)	Lombardia	2024	13.5	Valori percentuali	Bes dei territori — ISTAT	https://www.istat.it/statistiche-per-temi/focus/benessere-e-sostenibilita/la-misurazione-del-benessere-bes/il-bes-dei-territori/	nan · Dato regionale annuale; non costituisce una notizia del 2026.	ultimo dato osservato, non nuovo segnale PULSE
Lavoro e mercato del lavoro	Tasso di mancata partecipazione al lavoro giovanile (15-29 anni)	Trentino-Alto Adige/Südtirol	2024	8.8	Valori percentuali	Bes dei territori — ISTAT	https://www.istat.it/statistiche-per-temi/focus/benessere-e-sostenibilita/la-misurazione-del-benessere-bes/il-bes-dei-territori/	nan · Dato regionale annuale; non costituisce una notizia del 2026.	ultimo dato osservato, non nuovo segnale PULSE
Lavoro e mercato del lavoro	Tasso di mancata partecipazione al lavoro giovanile (15-29 anni)	Veneto	2024	14.1	Valori percentuali	Bes dei territori — ISTAT	https://www.istat.it/statistiche-per-temi/focus/benessere-e-sostenibilita/la-misurazione-del-benessere-bes/il-bes-dei-territori/	nan · Dato regionale annuale; non costituisce una notizia del 2026.	ultimo dato osservato, non nuovo segnale PULSE
Lavoro e mercato del lavoro	Tasso di mancata partecipazione al lavoro giovanile (15-29 anni)	Friuli-Venezia Giulia	2024	14.2	Valori percentuali	Bes dei territori — ISTAT	https://www.istat.it/statistiche-per-temi/focus/benessere-e-sostenibilita/la-misurazione-del-benessere-bes/il-bes-dei-territori/	nan · Dato regionale annuale; non costituisce una notizia del 2026.	ultimo dato osservato, non nuovo segnale PULSE
Lavoro e mercato del lavoro	Tasso di mancata partecipazione al lavoro giovanile (15-29 anni)	Emilia-Romagna	2024	15.4	Valori percentuali	Bes dei territori — ISTAT	https://www.istat.it/statistiche-per-temi/focus/benessere-e-sostenibilita/la-misurazione-del-benessere-bes/il-bes-dei-territori/	nan · Dato regionale annuale; non costituisce una notizia del 2026.	ultimo dato osservato, non nuovo segnale PULSE
Lavoro e mercato del lavoro	Tasso di mancata partecipazione al lavoro giovanile (15-29 anni)	Toscana	2024	15.7	Valori percentuali	Bes dei territori — ISTAT	https://www.istat.it/statistiche-per-temi/focus/benessere-e-sostenibilita/la-misurazione-del-benessere-bes/il-bes-dei-territori/	nan · Dato regionale annuale; non costituisce una notizia del 2026.	ultimo dato osservato, non nuovo segnale PULSE
Lavoro e mercato del lavoro	Tasso di mancata partecipazione al lavoro giovanile (15-29 anni)	Umbria	2024	17.1	Valori percentuali	Bes dei territori — ISTAT	https://www.istat.it/statistiche-per-temi/focus/benessere-e-sostenibilita/la-misurazione-del-benessere-bes/il-bes-dei-territori/	nan · Dato regionale annuale; non costituisce una notizia del 2026.	ultimo dato osservato, non nuovo segnale PULSE
Lavoro e mercato del lavoro	Tasso di mancata partecipazione al lavoro giovanile (15-29 anni)	Marche	2024	17.2	Valori percentuali	Bes dei territori — ISTAT	https://www.istat.it/statistiche-per-temi/focus/benessere-e-sostenibilita/la-misurazione-del-benessere-bes/il-bes-dei-territori/	nan · Dato regionale annuale; non costituisce una notizia del 2026.	ultimo dato osservato, non nuovo segnale PULSE
Lavoro e mercato del lavoro	Tasso di mancata partecipazione al lavoro giovanile (15-29 anni)	Lazio	2024	24.9	Valori percentuali	Bes dei territori — ISTAT	https://www.istat.it/statistiche-per-temi/focus/benessere-e-sostenibilita/la-misurazione-del-benessere-bes/il-bes-dei-territori/	nan · Dato regionale annuale; non costituisce una notizia del 2026.	ultimo dato osservato, non nuovo segnale PULSE
Lavoro e mercato del lavoro	Tasso di mancata partecipazione al lavoro giovanile (15-29 anni)	Abruzzo	2024	30.2	Valori percentuali	Bes dei territori — ISTAT	https://www.istat.it/statistiche-per-temi/focus/benessere-e-sostenibilita/la-misurazione-del-benessere-bes/il-bes-dei-territori/	nan · Dato regionale annuale; non costituisce una notizia del 2026.	ultimo dato osservato, non nuovo segnale PULSE
Lavoro e mercato del lavoro	Tasso di mancata partecipazione al lavoro giovanile (15-29 anni)	Molise	2024	37.7	Valori percentuali	Bes dei territori — ISTAT	https://www.istat.it/statistiche-per-temi/focus/benessere-e-sostenibilita/la-misurazione-del-benessere-bes/il-bes-dei-territori/	nan · Dato regionale annuale; non costituisce una notizia del 2026.	ultimo dato osservato, non nuovo segnale PULSE
Lavoro e mercato del lavoro	Tasso di mancata partecipazione al lavoro giovanile (15-29 anni)	Campania	2024	47.6	Valori percentuali	Bes dei territori — ISTAT	https://www.istat.it/statistiche-per-temi/focus/benessere-e-sostenibilita/la-misurazione-del-benessere-bes/il-bes-dei-territori/	nan · Dato regionale annuale; non costituisce una notizia del 2026.	ultimo dato osservato, non nuovo segnale PULSE
Lavoro e mercato del lavoro	Tasso di mancata partecipazione al lavoro giovanile (15-29 anni)	Puglia	2024	38.1	Valori percentuali	Bes dei territori — ISTAT	https://www.istat.it/statistiche-per-temi/focus/benessere-e-sostenibilita/la-misurazione-del-benessere-bes/il-bes-dei-territori/	nan · Dato regionale annuale; non costituisce una notizia del 2026.	ultimo dato osservato, non nuovo segnale PULSE
Lavoro e mercato del lavoro	Tasso di mancata partecipazione al lavoro giovanile (15-29 anni)	Basilicata	2024	34.8	Valori percentuali	Bes dei territori — ISTAT	https://www.istat.it/statistiche-per-temi/focus/benessere-e-sostenibilita/la-misurazione-del-benessere-bes/il-bes-dei-territori/	nan · Dato regionale annuale; non costituisce una notizia del 2026.	ultimo dato osservato, non nuovo segnale PULSE
Lavoro e mercato del lavoro	Tasso di mancata partecipazione al lavoro giovanile (15-29 anni)	Calabria	2024	58.2	Valori percentuali	Bes dei territori — ISTAT	https://www.istat.it/statistiche-per-temi/focus/benessere-e-sostenibilita/la-misurazione-del-benessere-bes/il-bes-dei-territori/	nan · Dato regionale annuale; non costituisce una notizia del 2026.	ultimo dato osservato, non nuovo segnale PULSE
Lavoro e mercato del lavoro	Tasso di mancata partecipazione al lavoro giovanile (15-29 anni)	Sicilia	2024	47	Valori percentuali	Bes dei territori — ISTAT	https://www.istat.it/statistiche-per-temi/focus/benessere-e-sostenibilita/la-misurazione-del-benessere-bes/il-bes-dei-territori/	nan · Dato regionale annuale; non costituisce una notizia del 2026.	ultimo dato osservato, non nuovo segnale PULSE
Lavoro e mercato del lavoro	Tasso di mancata partecipazione al lavoro giovanile (15-29 anni)	Sardegna	2024	39.2	Valori percentuali	Bes dei territori — ISTAT	https://www.istat.it/statistiche-per-temi/focus/benessere-e-sostenibilita/la-misurazione-del-benessere-bes/il-bes-dei-territori/	nan · Dato regionale annuale; non costituisce una notizia del 2026.	ultimo dato osservato, non nuovo segnale PULSE
Lavoro e mercato del lavoro	Giornate retribuite nell'anno (lavoratori dipendenti)	Piemonte	2023	82.3	Valori percentuali	Bes dei territori — ISTAT	https://www.istat.it/statistiche-per-temi/focus/benessere-e-sostenibilita/la-misurazione-del-benessere-bes/il-bes-dei-territori/	I dati dal 2008 al 2021 i riferiscono ai confini provinciali in essere fino al 31 dicembre 2005 · Dato regionale annuale; non costituisce una notizia del 2026.	ultimo dato osservato, non nuovo segnale PULSE
Lavoro e mercato del lavoro	Giornate retribuite nell'anno (lavoratori dipendenti)	Valle d'Aosta/Vallée d'Aoste	2023	70.1	Valori percentuali	Bes dei territori — ISTAT	https://www.istat.it/statistiche-per-temi/focus/benessere-e-sostenibilita/la-misurazione-del-benessere-bes/il-bes-dei-territori/	I dati dal 2008 al 2021 i riferiscono ai confini provinciali in essere fino al 31 dicembre 2005 · Dato regionale annuale; non costituisce una notizia del 2026.	ultimo dato osservato, non nuovo segnale PULSE
Lavoro e mercato del lavoro	Giornate retribuite nell'anno (lavoratori dipendenti)	Liguria	2023	77.8	Valori percentuali	Bes dei territori — ISTAT	https://www.istat.it/statistiche-per-temi/focus/benessere-e-sostenibilita/la-misurazione-del-benessere-bes/il-bes-dei-territori/	I dati dal 2008 al 2021 i riferiscono ai confini provinciali in essere fino al 31 dicembre 2005 · Dato regionale annuale; non costituisce una notizia del 2026.	ultimo dato osservato, non nuovo segnale PULSE
Lavoro e mercato del lavoro	Giornate retribuite nell'anno (lavoratori dipendenti)	Lombardia	2023	82.9	Valori percentuali	Bes dei territori — ISTAT	https://www.istat.it/statistiche-per-temi/focus/benessere-e-sostenibilita/la-misurazione-del-benessere-bes/il-bes-dei-territori/	I dati dal 2008 al 2021 i riferiscono ai confini provinciali in essere fino al 31 dicembre 2005 · Dato regionale annuale; non costituisce una notizia del 2026.	ultimo dato osservato, non nuovo segnale PULSE
Lavoro e mercato del lavoro	Giornate retribuite nell'anno (lavoratori dipendenti)	Trentino-Alto Adige/Südtirol	2023	75.8	Valori percentuali	Bes dei territori — ISTAT	https://www.istat.it/statistiche-per-temi/focus/benessere-e-sostenibilita/la-misurazione-del-benessere-bes/il-bes-dei-territori/	I dati dal 2008 al 2021 i riferiscono ai confini provinciali in essere fino al 31 dicembre 2005 · Dato regionale annuale; non costituisce una notizia del 2026.	ultimo dato osservato, non nuovo segnale PULSE
Lavoro e mercato del lavoro	Giornate retribuite nell'anno (lavoratori dipendenti)	Veneto	2023	82.1	Valori percentuali	Bes dei territori — ISTAT	https://www.istat.it/statistiche-per-temi/focus/benessere-e-sostenibilita/la-misurazione-del-benessere-bes/il-bes-dei-territori/	I dati dal 2008 al 2021 i riferiscono ai confini provinciali in essere fino al 31 dicembre 2005 · Dato regionale annuale; non costituisce una notizia del 2026.	ultimo dato osservato, non nuovo segnale PULSE
Lavoro e mercato del lavoro	Giornate retribuite nell'anno (lavoratori dipendenti)	Friuli-Venezia Giulia	2023	81.7	Valori percentuali	Bes dei territori — ISTAT	https://www.istat.it/statistiche-per-temi/focus/benessere-e-sostenibilita/la-misurazione-del-benessere-bes/il-bes-dei-territori/	I dati dal 2008 al 2021 i riferiscono ai confini provinciali in essere fino al 31 dicembre 2005 · Dato regionale annuale; non costituisce una notizia del 2026.	ultimo dato osservato, non nuovo segnale PULSE
Lavoro e mercato del lavoro	Giornate retribuite nell'anno (lavoratori dipendenti)	Emilia-Romagna	2023	80.4	Valori percentuali	Bes dei territori — ISTAT	https://www.istat.it/statistiche-per-temi/focus/benessere-e-sostenibilita/la-misurazione-del-benessere-bes/il-bes-dei-territori/	I dati dal 2008 al 2021 i riferiscono ai confini provinciali in essere fino al 31 dicembre 2005 · Dato regionale annuale; non costituisce una notizia del 2026.	ultimo dato osservato, non nuovo segnale PULSE
Lavoro e mercato del lavoro	Giornate retribuite nell'anno (lavoratori dipendenti)	Toscana	2023	79.9	Valori percentuali	Bes dei territori — ISTAT	https://www.istat.it/statistiche-per-temi/focus/benessere-e-sostenibilita/la-misurazione-del-benessere-bes/il-bes-dei-territori/	I dati dal 2008 al 2021 i riferiscono ai confini provinciali in essere fino al 31 dicembre 2005 · Dato regionale annuale; non costituisce una notizia del 2026.	ultimo dato osservato, non nuovo segnale PULSE
Lavoro e mercato del lavoro	Giornate retribuite nell'anno (lavoratori dipendenti)	Umbria	2023	80	Valori percentuali	Bes dei territori — ISTAT	https://www.istat.it/statistiche-per-temi/focus/benessere-e-sostenibilita/la-misurazione-del-benessere-bes/il-bes-dei-territori/	I dati dal 2008 al 2021 i riferiscono ai confini provinciali in essere fino al 31 dicembre 2005 · Dato regionale annuale; non costituisce una notizia del 2026.	ultimo dato osservato, non nuovo segnale PULSE
Lavoro e mercato del lavoro	Giornate retribuite nell'anno (lavoratori dipendenti)	Marche	2023	78.5	Valori percentuali	Bes dei territori — ISTAT	https://www.istat.it/statistiche-per-temi/focus/benessere-e-sostenibilita/la-misurazione-del-benessere-bes/il-bes-dei-territori/	I dati dal 2008 al 2021 i riferiscono ai confini provinciali in essere fino al 31 dicembre 2005 · Dato regionale annuale; non costituisce una notizia del 2026.	ultimo dato osservato, non nuovo segnale PULSE
Lavoro e mercato del lavoro	Giornate retribuite nell'anno (lavoratori dipendenti)	Lazio	2023	77.2	Valori percentuali	Bes dei territori — ISTAT	https://www.istat.it/statistiche-per-temi/focus/benessere-e-sostenibilita/la-misurazione-del-benessere-bes/il-bes-dei-territori/	I dati dal 2008 al 2021 i riferiscono ai confini provinciali in essere fino al 31 dicembre 2005 · Dato regionale annuale; non costituisce una notizia del 2026.	ultimo dato osservato, non nuovo segnale PULSE
Lavoro e mercato del lavoro	Giornate retribuite nell'anno (lavoratori dipendenti)	Abruzzo	2023	75.3	Valori percentuali	Bes dei territori — ISTAT	https://www.istat.it/statistiche-per-temi/focus/benessere-e-sostenibilita/la-misurazione-del-benessere-bes/il-bes-dei-territori/	I dati dal 2008 al 2021 i riferiscono ai confini provinciali in essere fino al 31 dicembre 2005 · Dato regionale annuale; non costituisce una notizia del 2026.	ultimo dato osservato, non nuovo segnale PULSE
Lavoro e mercato del lavoro	Giornate retribuite nell'anno (lavoratori dipendenti)	Molise	2023	74.9	Valori percentuali	Bes dei territori — ISTAT	https://www.istat.it/statistiche-per-temi/focus/benessere-e-sostenibilita/la-misurazione-del-benessere-bes/il-bes-dei-territori/	I dati dal 2008 al 2021 i riferiscono ai confini provinciali in essere fino al 31 dicembre 2005 · Dato regionale annuale; non costituisce una notizia del 2026.	ultimo dato osservato, non nuovo segnale PULSE
Lavoro e mercato del lavoro	Giornate retribuite nell'anno (lavoratori dipendenti)	Campania	2023	72.8	Valori percentuali	Bes dei territori — ISTAT	https://www.istat.it/statistiche-per-temi/focus/benessere-e-sostenibilita/la-misurazione-del-benessere-bes/il-bes-dei-territori/	I dati dal 2008 al 2021 i riferiscono ai confini provinciali in essere fino al 31 dicembre 2005 · Dato regionale annuale; non costituisce una notizia del 2026.	ultimo dato osservato, non nuovo segnale PULSE
Lavoro e mercato del lavoro	Giornate retribuite nell'anno (lavoratori dipendenti)	Puglia	2023	73.4	Valori percentuali	Bes dei territori — ISTAT	https://www.istat.it/statistiche-per-temi/focus/benessere-e-sostenibilita/la-misurazione-del-benessere-bes/il-bes-dei-territori/	I dati dal 2008 al 2021 i riferiscono ai confini provinciali in essere fino al 31 dicembre 2005 · Dato regionale annuale; non costituisce una notizia del 2026.	ultimo dato osservato, non nuovo segnale PULSE
Lavoro e mercato del lavoro	Giornate retribuite nell'anno (lavoratori dipendenti)	Basilicata	2023	74.2	Valori percentuali	Bes dei territori — ISTAT	https://www.istat.it/statistiche-per-temi/focus/benessere-e-sostenibilita/la-misurazione-del-benessere-bes/il-bes-dei-territori/	I dati dal 2008 al 2021 i riferiscono ai confini provinciali in essere fino al 31 dicembre 2005 · Dato regionale annuale; non costituisce una notizia del 2026.	ultimo dato osservato, non nuovo segnale PULSE
Lavoro e mercato del lavoro	Giornate retribuite nell'anno (lavoratori dipendenti)	Calabria	2023	69.9	Valori percentuali	Bes dei territori — ISTAT	https://www.istat.it/statistiche-per-temi/focus/benessere-e-sostenibilita/la-misurazione-del-benessere-bes/il-bes-dei-territori/	I dati dal 2008 al 2021 i riferiscono ai confini provinciali in essere fino al 31 dicembre 2005 · Dato regionale annuale; non costituisce una notizia del 2026.	ultimo dato osservato, non nuovo segnale PULSE
Lavoro e mercato del lavoro	Giornate retribuite nell'anno (lavoratori dipendenti)	Sicilia	2023	72.7	Valori percentuali	Bes dei territori — ISTAT	https://www.istat.it/statistiche-per-temi/focus/benessere-e-sostenibilita/la-misurazione-del-benessere-bes/il-bes-dei-territori/	I dati dal 2008 al 2021 i riferiscono ai confini provinciali in essere fino al 31 dicembre 2005 · Dato regionale annuale; non costituisce una notizia del 2026.	ultimo dato osservato, non nuovo segnale PULSE
Lavoro e mercato del lavoro	Giornate retribuite nell'anno (lavoratori dipendenti)	Sardegna	2023	72.9	Valori percentuali	Bes dei territori — ISTAT	https://www.istat.it/statistiche-per-temi/focus/benessere-e-sostenibilita/la-misurazione-del-benessere-bes/il-bes-dei-territori/	I dati dal 2008 al 2021 i riferiscono ai confini provinciali in essere fino al 31 dicembre 2005 · Dato regionale annuale; non costituisce una notizia del 2026.	ultimo dato osservato, non nuovo segnale PULSE
Redditi	Reddito medio disponibile pro capite	Piemonte	2023	24416	Euro	Bes dei territori — ISTAT	https://www.istat.it/statistiche-per-temi/focus/benessere-e-sostenibilita/la-misurazione-del-benessere-bes/il-bes-dei-territori/	nan · Dato regionale annuale; non costituisce una notizia del 2026.	ultimo dato osservato, non nuovo segnale PULSE
Redditi	Reddito medio disponibile pro capite	Valle d'Aosta/Vallée d'Aoste	2023	25151.3	Euro	Bes dei territori — ISTAT	https://www.istat.it/statistiche-per-temi/focus/benessere-e-sostenibilita/la-misurazione-del-benessere-bes/il-bes-dei-territori/	nan · Dato regionale annuale; non costituisce una notizia del 2026.	ultimo dato osservato, non nuovo segnale PULSE
Redditi	Reddito medio disponibile pro capite	Liguria	2023	25084.9	Euro	Bes dei territori — ISTAT	https://www.istat.it/statistiche-per-temi/focus/benessere-e-sostenibilita/la-misurazione-del-benessere-bes/il-bes-dei-territori/	nan · Dato regionale annuale; non costituisce una notizia del 2026.	ultimo dato osservato, non nuovo segnale PULSE
Redditi	Reddito medio disponibile pro capite	Lombardia	2023	27243.4	Euro	Bes dei territori — ISTAT	https://www.istat.it/statistiche-per-temi/focus/benessere-e-sostenibilita/la-misurazione-del-benessere-bes/il-bes-dei-territori/	nan · Dato regionale annuale; non costituisce una notizia del 2026.	ultimo dato osservato, non nuovo segnale PULSE
Redditi	Reddito medio disponibile pro capite	Trentino-Alto Adige/Südtirol	2023	28123.8	Euro	Bes dei territori — ISTAT	https://www.istat.it/statistiche-per-temi/focus/benessere-e-sostenibilita/la-misurazione-del-benessere-bes/il-bes-dei-territori/	nan · Dato regionale annuale; non costituisce una notizia del 2026.	ultimo dato osservato, non nuovo segnale PULSE
Redditi	Reddito medio disponibile pro capite	Veneto	2023	24103	Euro	Bes dei territori — ISTAT	https://www.istat.it/statistiche-per-temi/focus/benessere-e-sostenibilita/la-misurazione-del-benessere-bes/il-bes-dei-territori/	nan · Dato regionale annuale; non costituisce una notizia del 2026.	ultimo dato osservato, non nuovo segnale PULSE
Redditi	Reddito medio disponibile pro capite	Friuli-Venezia Giulia	2023	23493.5	Euro	Bes dei territori — ISTAT	https://www.istat.it/statistiche-per-temi/focus/benessere-e-sostenibilita/la-misurazione-del-benessere-bes/il-bes-dei-territori/	nan · Dato regionale annuale; non costituisce una notizia del 2026.	ultimo dato osservato, non nuovo segnale PULSE
Redditi	Reddito medio disponibile pro capite	Emilia-Romagna	2023	26072.7	Euro	Bes dei territori — ISTAT	https://www.istat.it/statistiche-per-temi/focus/benessere-e-sostenibilita/la-misurazione-del-benessere-bes/il-bes-dei-territori/	nan · Dato regionale annuale; non costituisce una notizia del 2026.	ultimo dato osservato, non nuovo segnale PULSE
Redditi	Reddito medio disponibile pro capite	Toscana	2023	23494.2	Euro	Bes dei territori — ISTAT	https://www.istat.it/statistiche-per-temi/focus/benessere-e-sostenibilita/la-misurazione-del-benessere-bes/il-bes-dei-territori/	nan · Dato regionale annuale; non costituisce una notizia del 2026.	ultimo dato osservato, non nuovo segnale PULSE
Redditi	Reddito medio disponibile pro capite	Umbria	2023	21635.4	Euro	Bes dei territori — ISTAT	https://www.istat.it/statistiche-per-temi/focus/benessere-e-sostenibilita/la-misurazione-del-benessere-bes/il-bes-dei-territori/	nan · Dato regionale annuale; non costituisce una notizia del 2026.	ultimo dato osservato, non nuovo segnale PULSE
Redditi	Reddito medio disponibile pro capite	Marche	2023	22116	Euro	Bes dei territori — ISTAT	https://www.istat.it/statistiche-per-temi/focus/benessere-e-sostenibilita/la-misurazione-del-benessere-bes/il-bes-dei-territori/	nan · Dato regionale annuale; non costituisce una notizia del 2026.	ultimo dato osservato, non nuovo segnale PULSE
Redditi	Reddito medio disponibile pro capite	Lazio	2023	23348.1	Euro	Bes dei territori — ISTAT	https://www.istat.it/statistiche-per-temi/focus/benessere-e-sostenibilita/la-misurazione-del-benessere-bes/il-bes-dei-territori/	nan · Dato regionale annuale; non costituisce una notizia del 2026.	ultimo dato osservato, non nuovo segnale PULSE
Redditi	Reddito medio disponibile pro capite	Abruzzo	2023	19767.5	Euro	Bes dei territori — ISTAT	https://www.istat.it/statistiche-per-temi/focus/benessere-e-sostenibilita/la-misurazione-del-benessere-bes/il-bes-dei-territori/	nan · Dato regionale annuale; non costituisce una notizia del 2026.	ultimo dato osservato, non nuovo segnale PULSE
Redditi	Reddito medio disponibile pro capite	Molise	2023	18209.9	Euro	Bes dei territori — ISTAT	https://www.istat.it/statistiche-per-temi/focus/benessere-e-sostenibilita/la-misurazione-del-benessere-bes/il-bes-dei-territori/	nan · Dato regionale annuale; non costituisce una notizia del 2026.	ultimo dato osservato, non nuovo segnale PULSE
Redditi	Reddito medio disponibile pro capite	Campania	2023	16444.6	Euro	Bes dei territori — ISTAT	https://www.istat.it/statistiche-per-temi/focus/benessere-e-sostenibilita/la-misurazione-del-benessere-bes/il-bes-dei-territori/	nan · Dato regionale annuale; non costituisce una notizia del 2026.	ultimo dato osservato, non nuovo segnale PULSE
Redditi	Reddito medio disponibile pro capite	Puglia	2023	17148.5	Euro	Bes dei territori — ISTAT	https://www.istat.it/statistiche-per-temi/focus/benessere-e-sostenibilita/la-misurazione-del-benessere-bes/il-bes-dei-territori/	nan · Dato regionale annuale; non costituisce una notizia del 2026.	ultimo dato osservato, non nuovo segnale PULSE
Redditi	Reddito medio disponibile pro capite	Basilicata	2023	17335.8	Euro	Bes dei territori — ISTAT	https://www.istat.it/statistiche-per-temi/focus/benessere-e-sostenibilita/la-misurazione-del-benessere-bes/il-bes-dei-territori/	nan · Dato regionale annuale; non costituisce una notizia del 2026.	ultimo dato osservato, non nuovo segnale PULSE
Redditi	Reddito medio disponibile pro capite	Calabria	2023	16172.6	Euro	Bes dei territori — ISTAT	https://www.istat.it/statistiche-per-temi/focus/benessere-e-sostenibilita/la-misurazione-del-benessere-bes/il-bes-dei-territori/	nan · Dato regionale annuale; non costituisce una notizia del 2026.	ultimo dato osservato, non nuovo segnale PULSE
Redditi	Reddito medio disponibile pro capite	Sicilia	2023	16906.9	Euro	Bes dei territori — ISTAT	https://www.istat.it/statistiche-per-temi/focus/benessere-e-sostenibilita/la-misurazione-del-benessere-bes/il-bes-dei-territori/	nan · Dato regionale annuale; non costituisce una notizia del 2026.	ultimo dato osservato, non nuovo segnale PULSE
Redditi	Reddito medio disponibile pro capite	Sardegna	2023	19063.7	Euro	Bes dei territori — ISTAT	https://www.istat.it/statistiche-per-temi/focus/benessere-e-sostenibilita/la-misurazione-del-benessere-bes/il-bes-dei-territori/	nan · Dato regionale annuale; non costituisce una notizia del 2026.	ultimo dato osservato, non nuovo segnale PULSE
Redditi	Retribuzione media annua dei lavoratori dipendenti	Piemonte	2023	25441.6	Euro	Bes dei territori — ISTAT	https://www.istat.it/statistiche-per-temi/focus/benessere-e-sostenibilita/la-misurazione-del-benessere-bes/il-bes-dei-territori/	I dati dal 2008 al 2021 si riferiscono ai confini provinciali in essere fino al 31 dicembre 2005 · Dato regionale annuale; non costituisce una notizia del 2026.	ultimo dato osservato, non nuovo segnale PULSE
Redditi	Retribuzione media annua dei lavoratori dipendenti	Valle d'Aosta/Vallée d'Aoste	2023	19918.3	Euro	Bes dei territori — ISTAT	https://www.istat.it/statistiche-per-temi/focus/benessere-e-sostenibilita/la-misurazione-del-benessere-bes/il-bes-dei-territori/	I dati dal 2008 al 2021 si riferiscono ai confini provinciali in essere fino al 31 dicembre 2005 · Dato regionale annuale; non costituisce una notizia del 2026.	ultimo dato osservato, non nuovo segnale PULSE
Redditi	Retribuzione media annua dei lavoratori dipendenti	Liguria	2023	23310.9	Euro	Bes dei territori — ISTAT	https://www.istat.it/statistiche-per-temi/focus/benessere-e-sostenibilita/la-misurazione-del-benessere-bes/il-bes-dei-territori/	I dati dal 2008 al 2021 si riferiscono ai confini provinciali in essere fino al 31 dicembre 2005 · Dato regionale annuale; non costituisce una notizia del 2026.	ultimo dato osservato, non nuovo segnale PULSE
Redditi	Retribuzione media annua dei lavoratori dipendenti	Lombardia	2023	29305.5	Euro	Bes dei territori — ISTAT	https://www.istat.it/statistiche-per-temi/focus/benessere-e-sostenibilita/la-misurazione-del-benessere-bes/il-bes-dei-territori/	I dati dal 2008 al 2021 si riferiscono ai confini provinciali in essere fino al 31 dicembre 2005 · Dato regionale annuale; non costituisce una notizia del 2026.	ultimo dato osservato, non nuovo segnale PULSE
Redditi	Retribuzione media annua dei lavoratori dipendenti	Trentino-Alto Adige/Südtirol	2023	24348.4	Euro	Bes dei territori — ISTAT	https://www.istat.it/statistiche-per-temi/focus/benessere-e-sostenibilita/la-misurazione-del-benessere-bes/il-bes-dei-territori/	I dati dal 2008 al 2021 si riferiscono ai confini provinciali in essere fino al 31 dicembre 2005 · Dato regionale annuale; non costituisce una notizia del 2026.	ultimo dato osservato, non nuovo segnale PULSE
Redditi	Retribuzione media annua dei lavoratori dipendenti	Veneto	2023	24493	Euro	Bes dei territori — ISTAT	https://www.istat.it/statistiche-per-temi/focus/benessere-e-sostenibilita/la-misurazione-del-benessere-bes/il-bes-dei-territori/	I dati dal 2008 al 2021 si riferiscono ai confini provinciali in essere fino al 31 dicembre 2005 · Dato regionale annuale; non costituisce una notizia del 2026.	ultimo dato osservato, non nuovo segnale PULSE
Redditi	Retribuzione media annua dei lavoratori dipendenti	Friuli-Venezia Giulia	2023	24203.2	Euro	Bes dei territori — ISTAT	https://www.istat.it/statistiche-per-temi/focus/benessere-e-sostenibilita/la-misurazione-del-benessere-bes/il-bes-dei-territori/	I dati dal 2008 al 2021 si riferiscono ai confini provinciali in essere fino al 31 dicembre 2005 · Dato regionale annuale; non costituisce una notizia del 2026.	ultimo dato osservato, non nuovo segnale PULSE
Redditi	Retribuzione media annua dei lavoratori dipendenti	Emilia-Romagna	2023	25486.3	Euro	Bes dei territori — ISTAT	https://www.istat.it/statistiche-per-temi/focus/benessere-e-sostenibilita/la-misurazione-del-benessere-bes/il-bes-dei-territori/	I dati dal 2008 al 2021 si riferiscono ai confini provinciali in essere fino al 31 dicembre 2005 · Dato regionale annuale; non costituisce una notizia del 2026.	ultimo dato osservato, non nuovo segnale PULSE
Redditi	Retribuzione media annua dei lavoratori dipendenti	Toscana	2023	22388	Euro	Bes dei territori — ISTAT	https://www.istat.it/statistiche-per-temi/focus/benessere-e-sostenibilita/la-misurazione-del-benessere-bes/il-bes-dei-territori/	I dati dal 2008 al 2021 si riferiscono ai confini provinciali in essere fino al 31 dicembre 2005 · Dato regionale annuale; non costituisce una notizia del 2026.	ultimo dato osservato, non nuovo segnale PULSE
Redditi	Retribuzione media annua dei lavoratori dipendenti	Umbria	2023	20992.8	Euro	Bes dei territori — ISTAT	https://www.istat.it/statistiche-per-temi/focus/benessere-e-sostenibilita/la-misurazione-del-benessere-bes/il-bes-dei-territori/	I dati dal 2008 al 2021 si riferiscono ai confini provinciali in essere fino al 31 dicembre 2005 · Dato regionale annuale; non costituisce una notizia del 2026.	ultimo dato osservato, non nuovo segnale PULSE
Redditi	Retribuzione media annua dei lavoratori dipendenti	Marche	2023	20956.3	Euro	Bes dei territori — ISTAT	https://www.istat.it/statistiche-per-temi/focus/benessere-e-sostenibilita/la-misurazione-del-benessere-bes/il-bes-dei-territori/	I dati dal 2008 al 2021 si riferiscono ai confini provinciali in essere fino al 31 dicembre 2005 · Dato regionale annuale; non costituisce una notizia del 2026.	ultimo dato osservato, non nuovo segnale PULSE
Redditi	Retribuzione media annua dei lavoratori dipendenti	Lazio	2023	24169.1	Euro	Bes dei territori — ISTAT	https://www.istat.it/statistiche-per-temi/focus/benessere-e-sostenibilita/la-misurazione-del-benessere-bes/il-bes-dei-territori/	I dati dal 2008 al 2021 si riferiscono ai confini provinciali in essere fino al 31 dicembre 2005 · Dato regionale annuale; non costituisce una notizia del 2026.	ultimo dato osservato, non nuovo segnale PULSE
Redditi	Retribuzione media annua dei lavoratori dipendenti	Abruzzo	2023	19597.7	Euro	Bes dei territori — ISTAT	https://www.istat.it/statistiche-per-temi/focus/benessere-e-sostenibilita/la-misurazione-del-benessere-bes/il-bes-dei-territori/	I dati dal 2008 al 2021 si riferiscono ai confini provinciali in essere fino al 31 dicembre 2005 · Dato regionale annuale; non costituisce una notizia del 2026.	ultimo dato osservato, non nuovo segnale PULSE
Redditi	Retribuzione media annua dei lavoratori dipendenti	Molise	2023	18161.7	Euro	Bes dei territori — ISTAT	https://www.istat.it/statistiche-per-temi/focus/benessere-e-sostenibilita/la-misurazione-del-benessere-bes/il-bes-dei-territori/	I dati dal 2008 al 2021 si riferiscono ai confini provinciali in essere fino al 31 dicembre 2005 · Dato regionale annuale; non costituisce una notizia del 2026.	ultimo dato osservato, non nuovo segnale PULSE
Redditi	Retribuzione media annua dei lavoratori dipendenti	Campania	2023	17504.6	Euro	Bes dei territori — ISTAT	https://www.istat.it/statistiche-per-temi/focus/benessere-e-sostenibilita/la-misurazione-del-benessere-bes/il-bes-dei-territori/	I dati dal 2008 al 2021 si riferiscono ai confini provinciali in essere fino al 31 dicembre 2005 · Dato regionale annuale; non costituisce una notizia del 2026.	ultimo dato osservato, non nuovo segnale PULSE
Redditi	Retribuzione media annua dei lavoratori dipendenti	Puglia	2023	17630.1	Euro	Bes dei territori — ISTAT	https://www.istat.it/statistiche-per-temi/focus/benessere-e-sostenibilita/la-misurazione-del-benessere-bes/il-bes-dei-territori/	I dati dal 2008 al 2021 si riferiscono ai confini provinciali in essere fino al 31 dicembre 2005 · Dato regionale annuale; non costituisce una notizia del 2026.	ultimo dato osservato, non nuovo segnale PULSE
Redditi	Retribuzione media annua dei lavoratori dipendenti	Basilicata	2023	18629.6	Euro	Bes dei territori — ISTAT	https://www.istat.it/statistiche-per-temi/focus/benessere-e-sostenibilita/la-misurazione-del-benessere-bes/il-bes-dei-territori/	I dati dal 2008 al 2021 si riferiscono ai confini provinciali in essere fino al 31 dicembre 2005 · Dato regionale annuale; non costituisce una notizia del 2026.	ultimo dato osservato, non nuovo segnale PULSE
Redditi	Retribuzione media annua dei lavoratori dipendenti	Calabria	2023	15350.4	Euro	Bes dei territori — ISTAT	https://www.istat.it/statistiche-per-temi/focus/benessere-e-sostenibilita/la-misurazione-del-benessere-bes/il-bes-dei-territori/	I dati dal 2008 al 2021 si riferiscono ai confini provinciali in essere fino al 31 dicembre 2005 · Dato regionale annuale; non costituisce una notizia del 2026.	ultimo dato osservato, non nuovo segnale PULSE
Redditi	Retribuzione media annua dei lavoratori dipendenti	Sicilia	2023	17135.2	Euro	Bes dei territori — ISTAT	https://www.istat.it/statistiche-per-temi/focus/benessere-e-sostenibilita/la-misurazione-del-benessere-bes/il-bes-dei-territori/	I dati dal 2008 al 2021 si riferiscono ai confini provinciali in essere fino al 31 dicembre 2005 · Dato regionale annuale; non costituisce una notizia del 2026.	ultimo dato osservato, non nuovo segnale PULSE
Redditi	Retribuzione media annua dei lavoratori dipendenti	Sardegna	2023	17642.4	Euro	Bes dei territori — ISTAT	https://www.istat.it/statistiche-per-temi/focus/benessere-e-sostenibilita/la-misurazione-del-benessere-bes/il-bes-dei-territori/	I dati dal 2008 al 2021 si riferiscono ai confini provinciali in essere fino al 31 dicembre 2005 · Dato regionale annuale; non costituisce una notizia del 2026.	ultimo dato osservato, non nuovo segnale PULSE
Potere d'acquisto e consumi	Importo medio annuo pro-capite dei redditi pensionistici	Piemonte	2023	23026.1	Euro	Bes dei territori — ISTAT	https://www.istat.it/statistiche-per-temi/focus/benessere-e-sostenibilita/la-misurazione-del-benessere-bes/il-bes-dei-territori/	nan · Dato regionale annuale; non costituisce una notizia del 2026.	ultimo dato osservato, non nuovo segnale PULSE
Potere d'acquisto e consumi	Importo medio annuo pro-capite dei redditi pensionistici	Valle d'Aosta/Vallée d'Aoste	2023	23366.4	Euro	Bes dei territori — ISTAT	https://www.istat.it/statistiche-per-temi/focus/benessere-e-sostenibilita/la-misurazione-del-benessere-bes/il-bes-dei-territori/	nan · Dato regionale annuale; non costituisce una notizia del 2026.	ultimo dato osservato, non nuovo segnale PULSE
Potere d'acquisto e consumi	Importo medio annuo pro-capite dei redditi pensionistici	Liguria	2023	23400.2	Euro	Bes dei territori — ISTAT	https://www.istat.it/statistiche-per-temi/focus/benessere-e-sostenibilita/la-misurazione-del-benessere-bes/il-bes-dei-territori/	nan · Dato regionale annuale; non costituisce una notizia del 2026.	ultimo dato osservato, non nuovo segnale PULSE
Potere d'acquisto e consumi	Importo medio annuo pro-capite dei redditi pensionistici	Lombardia	2023	23757.5	Euro	Bes dei territori — ISTAT	https://www.istat.it/statistiche-per-temi/focus/benessere-e-sostenibilita/la-misurazione-del-benessere-bes/il-bes-dei-territori/	nan · Dato regionale annuale; non costituisce una notizia del 2026.	ultimo dato osservato, non nuovo segnale PULSE
Potere d'acquisto e consumi	Importo medio annuo pro-capite dei redditi pensionistici	Trentino-Alto Adige/Südtirol	2023	23074.1	Euro	Bes dei territori — ISTAT	https://www.istat.it/statistiche-per-temi/focus/benessere-e-sostenibilita/la-misurazione-del-benessere-bes/il-bes-dei-territori/	nan · Dato regionale annuale; non costituisce una notizia del 2026.	ultimo dato osservato, non nuovo segnale PULSE
Potere d'acquisto e consumi	Importo medio annuo pro-capite dei redditi pensionistici	Veneto	2023	22061.8	Euro	Bes dei territori — ISTAT	https://www.istat.it/statistiche-per-temi/focus/benessere-e-sostenibilita/la-misurazione-del-benessere-bes/il-bes-dei-territori/	nan · Dato regionale annuale; non costituisce una notizia del 2026.	ultimo dato osservato, non nuovo segnale PULSE
Potere d'acquisto e consumi	Importo medio annuo pro-capite dei redditi pensionistici	Friuli-Venezia Giulia	2023	23381.3	Euro	Bes dei territori — ISTAT	https://www.istat.it/statistiche-per-temi/focus/benessere-e-sostenibilita/la-misurazione-del-benessere-bes/il-bes-dei-territori/	nan · Dato regionale annuale; non costituisce una notizia del 2026.	ultimo dato osservato, non nuovo segnale PULSE
Potere d'acquisto e consumi	Importo medio annuo pro-capite dei redditi pensionistici	Emilia-Romagna	2023	23305.9	Euro	Bes dei territori — ISTAT	https://www.istat.it/statistiche-per-temi/focus/benessere-e-sostenibilita/la-misurazione-del-benessere-bes/il-bes-dei-territori/	nan · Dato regionale annuale; non costituisce una notizia del 2026.	ultimo dato osservato, non nuovo segnale PULSE
Potere d'acquisto e consumi	Importo medio annuo pro-capite dei redditi pensionistici	Toscana	2023	22604	Euro	Bes dei territori — ISTAT	https://www.istat.it/statistiche-per-temi/focus/benessere-e-sostenibilita/la-misurazione-del-benessere-bes/il-bes-dei-territori/	nan · Dato regionale annuale; non costituisce una notizia del 2026.	ultimo dato osservato, non nuovo segnale PULSE
Potere d'acquisto e consumi	Importo medio annuo pro-capite dei redditi pensionistici	Umbria	2023	21683	Euro	Bes dei territori — ISTAT	https://www.istat.it/statistiche-per-temi/focus/benessere-e-sostenibilita/la-misurazione-del-benessere-bes/il-bes-dei-territori/	nan · Dato regionale annuale; non costituisce una notizia del 2026.	ultimo dato osservato, non nuovo segnale PULSE
Potere d'acquisto e consumi	Importo medio annuo pro-capite dei redditi pensionistici	Marche	2023	21066.6	Euro	Bes dei territori — ISTAT	https://www.istat.it/statistiche-per-temi/focus/benessere-e-sostenibilita/la-misurazione-del-benessere-bes/il-bes-dei-territori/	nan · Dato regionale annuale; non costituisce una notizia del 2026.	ultimo dato osservato, non nuovo segnale PULSE
Potere d'acquisto e consumi	Importo medio annuo pro-capite dei redditi pensionistici	Lazio	2023	23798.8	Euro	Bes dei territori — ISTAT	https://www.istat.it/statistiche-per-temi/focus/benessere-e-sostenibilita/la-misurazione-del-benessere-bes/il-bes-dei-territori/	nan · Dato regionale annuale; non costituisce una notizia del 2026.	ultimo dato osservato, non nuovo segnale PULSE
Potere d'acquisto e consumi	Importo medio annuo pro-capite dei redditi pensionistici	Abruzzo	2023	20015.8	Euro	Bes dei territori — ISTAT	https://www.istat.it/statistiche-per-temi/focus/benessere-e-sostenibilita/la-misurazione-del-benessere-bes/il-bes-dei-territori/	nan · Dato regionale annuale; non costituisce una notizia del 2026.	ultimo dato osservato, non nuovo segnale PULSE
Potere d'acquisto e consumi	Importo medio annuo pro-capite dei redditi pensionistici	Molise	2023	19167.7	Euro	Bes dei territori — ISTAT	https://www.istat.it/statistiche-per-temi/focus/benessere-e-sostenibilita/la-misurazione-del-benessere-bes/il-bes-dei-territori/	nan · Dato regionale annuale; non costituisce una notizia del 2026.	ultimo dato osservato, non nuovo segnale PULSE
Potere d'acquisto e consumi	Importo medio annuo pro-capite dei redditi pensionistici	Campania	2023	18623.4	Euro	Bes dei territori — ISTAT	https://www.istat.it/statistiche-per-temi/focus/benessere-e-sostenibilita/la-misurazione-del-benessere-bes/il-bes-dei-territori/	nan · Dato regionale annuale; non costituisce una notizia del 2026.	ultimo dato osservato, non nuovo segnale PULSE
Potere d'acquisto e consumi	Importo medio annuo pro-capite dei redditi pensionistici	Puglia	2023	18819	Euro	Bes dei territori — ISTAT	https://www.istat.it/statistiche-per-temi/focus/benessere-e-sostenibilita/la-misurazione-del-benessere-bes/il-bes-dei-territori/	nan · Dato regionale annuale; non costituisce una notizia del 2026.	ultimo dato osservato, non nuovo segnale PULSE
Potere d'acquisto e consumi	Importo medio annuo pro-capite dei redditi pensionistici	Basilicata	2023	18657.6	Euro	Bes dei territori — ISTAT	https://www.istat.it/statistiche-per-temi/focus/benessere-e-sostenibilita/la-misurazione-del-benessere-bes/il-bes-dei-territori/	nan · Dato regionale annuale; non costituisce una notizia del 2026.	ultimo dato osservato, non nuovo segnale PULSE
Potere d'acquisto e consumi	Importo medio annuo pro-capite dei redditi pensionistici	Calabria	2023	18077.7	Euro	Bes dei territori — ISTAT	https://www.istat.it/statistiche-per-temi/focus/benessere-e-sostenibilita/la-misurazione-del-benessere-bes/il-bes-dei-territori/	nan · Dato regionale annuale; non costituisce una notizia del 2026.	ultimo dato osservato, non nuovo segnale PULSE
Potere d'acquisto e consumi	Importo medio annuo pro-capite dei redditi pensionistici	Sicilia	2023	18766.3	Euro	Bes dei territori — ISTAT	https://www.istat.it/statistiche-per-temi/focus/benessere-e-sostenibilita/la-misurazione-del-benessere-bes/il-bes-dei-territori/	nan · Dato regionale annuale; non costituisce una notizia del 2026.	ultimo dato osservato, non nuovo segnale PULSE
Potere d'acquisto e consumi	Importo medio annuo pro-capite dei redditi pensionistici	Sardegna	2023	20042.7	Euro	Bes dei territori — ISTAT	https://www.istat.it/statistiche-per-temi/focus/benessere-e-sostenibilita/la-misurazione-del-benessere-bes/il-bes-dei-territori/	nan · Dato regionale annuale; non costituisce una notizia del 2026.	ultimo dato osservato, non nuovo segnale PULSE
Redditi	Pensionati con reddito pensionistico di basso importo	Piemonte	2023	6.4	Valori percentuali	Bes dei territori — ISTAT	https://www.istat.it/statistiche-per-temi/focus/benessere-e-sostenibilita/la-misurazione-del-benessere-bes/il-bes-dei-territori/	nan · Dato regionale annuale; non costituisce una notizia del 2026.	ultimo dato osservato, non nuovo segnale PULSE
Redditi	Pensionati con reddito pensionistico di basso importo	Valle d'Aosta/Vallée d'Aoste	2023	6	Valori percentuali	Bes dei territori — ISTAT	https://www.istat.it/statistiche-per-temi/focus/benessere-e-sostenibilita/la-misurazione-del-benessere-bes/il-bes-dei-territori/	nan · Dato regionale annuale; non costituisce una notizia del 2026.	ultimo dato osservato, non nuovo segnale PULSE
Redditi	Pensionati con reddito pensionistico di basso importo	Liguria	2023	7.4	Valori percentuali	Bes dei territori — ISTAT	https://www.istat.it/statistiche-per-temi/focus/benessere-e-sostenibilita/la-misurazione-del-benessere-bes/il-bes-dei-territori/	nan · Dato regionale annuale; non costituisce una notizia del 2026.	ultimo dato osservato, non nuovo segnale PULSE
Redditi	Pensionati con reddito pensionistico di basso importo	Lombardia	2023	6.6	Valori percentuali	Bes dei territori — ISTAT	https://www.istat.it/statistiche-per-temi/focus/benessere-e-sostenibilita/la-misurazione-del-benessere-bes/il-bes-dei-territori/	nan · Dato regionale annuale; non costituisce una notizia del 2026.	ultimo dato osservato, non nuovo segnale PULSE
Redditi	Pensionati con reddito pensionistico di basso importo	Trentino-Alto Adige/Südtirol	2023	5.2	Valori percentuali	Bes dei territori — ISTAT	https://www.istat.it/statistiche-per-temi/focus/benessere-e-sostenibilita/la-misurazione-del-benessere-bes/il-bes-dei-territori/	nan · Dato regionale annuale; non costituisce una notizia del 2026.	ultimo dato osservato, non nuovo segnale PULSE
Redditi	Pensionati con reddito pensionistico di basso importo	Veneto	2023	6.1	Valori percentuali	Bes dei territori — ISTAT	https://www.istat.it/statistiche-per-temi/focus/benessere-e-sostenibilita/la-misurazione-del-benessere-bes/il-bes-dei-territori/	nan · Dato regionale annuale; non costituisce una notizia del 2026.	ultimo dato osservato, non nuovo segnale PULSE
Redditi	Pensionati con reddito pensionistico di basso importo	Friuli-Venezia Giulia	2023	6.3	Valori percentuali	Bes dei territori — ISTAT	https://www.istat.it/statistiche-per-temi/focus/benessere-e-sostenibilita/la-misurazione-del-benessere-bes/il-bes-dei-territori/	nan · Dato regionale annuale; non costituisce una notizia del 2026.	ultimo dato osservato, non nuovo segnale PULSE
Redditi	Pensionati con reddito pensionistico di basso importo	Emilia-Romagna	2023	6.2	Valori percentuali	Bes dei territori — ISTAT	https://www.istat.it/statistiche-per-temi/focus/benessere-e-sostenibilita/la-misurazione-del-benessere-bes/il-bes-dei-territori/	nan · Dato regionale annuale; non costituisce una notizia del 2026.	ultimo dato osservato, non nuovo segnale PULSE
Redditi	Pensionati con reddito pensionistico di basso importo	Toscana	2023	6.7	Valori percentuali	Bes dei territori — ISTAT	https://www.istat.it/statistiche-per-temi/focus/benessere-e-sostenibilita/la-misurazione-del-benessere-bes/il-bes-dei-territori/	nan · Dato regionale annuale; non costituisce una notizia del 2026.	ultimo dato osservato, non nuovo segnale PULSE
Redditi	Pensionati con reddito pensionistico di basso importo	Umbria	2023	8.7	Valori percentuali	Bes dei territori — ISTAT	https://www.istat.it/statistiche-per-temi/focus/benessere-e-sostenibilita/la-misurazione-del-benessere-bes/il-bes-dei-territori/	nan · Dato regionale annuale; non costituisce una notizia del 2026.	ultimo dato osservato, non nuovo segnale PULSE
Redditi	Pensionati con reddito pensionistico di basso importo	Marche	2023	7.9	Valori percentuali	Bes dei territori — ISTAT	https://www.istat.it/statistiche-per-temi/focus/benessere-e-sostenibilita/la-misurazione-del-benessere-bes/il-bes-dei-territori/	nan · Dato regionale annuale; non costituisce una notizia del 2026.	ultimo dato osservato, non nuovo segnale PULSE
Redditi	Pensionati con reddito pensionistico di basso importo	Lazio	2023	10.6	Valori percentuali	Bes dei territori — ISTAT	https://www.istat.it/statistiche-per-temi/focus/benessere-e-sostenibilita/la-misurazione-del-benessere-bes/il-bes-dei-territori/	nan · Dato regionale annuale; non costituisce una notizia del 2026.	ultimo dato osservato, non nuovo segnale PULSE
Redditi	Pensionati con reddito pensionistico di basso importo	Abruzzo	2023	10.3	Valori percentuali	Bes dei territori — ISTAT	https://www.istat.it/statistiche-per-temi/focus/benessere-e-sostenibilita/la-misurazione-del-benessere-bes/il-bes-dei-territori/	nan · Dato regionale annuale; non costituisce una notizia del 2026.	ultimo dato osservato, non nuovo segnale PULSE
Redditi	Pensionati con reddito pensionistico di basso importo	Molise	2023	10.2	Valori percentuali	Bes dei territori — ISTAT	https://www.istat.it/statistiche-per-temi/focus/benessere-e-sostenibilita/la-misurazione-del-benessere-bes/il-bes-dei-territori/	nan · Dato regionale annuale; non costituisce una notizia del 2026.	ultimo dato osservato, non nuovo segnale PULSE
Redditi	Pensionati con reddito pensionistico di basso importo	Campania	2023	14.2	Valori percentuali	Bes dei territori — ISTAT	https://www.istat.it/statistiche-per-temi/focus/benessere-e-sostenibilita/la-misurazione-del-benessere-bes/il-bes-dei-territori/	nan · Dato regionale annuale; non costituisce una notizia del 2026.	ultimo dato osservato, non nuovo segnale PULSE
Redditi	Pensionati con reddito pensionistico di basso importo	Puglia	2023	12.7	Valori percentuali	Bes dei territori — ISTAT	https://www.istat.it/statistiche-per-temi/focus/benessere-e-sostenibilita/la-misurazione-del-benessere-bes/il-bes-dei-territori/	nan · Dato regionale annuale; non costituisce una notizia del 2026.	ultimo dato osservato, non nuovo segnale PULSE
Redditi	Pensionati con reddito pensionistico di basso importo	Basilicata	2023	11.4	Valori percentuali	Bes dei territori — ISTAT	https://www.istat.it/statistiche-per-temi/focus/benessere-e-sostenibilita/la-misurazione-del-benessere-bes/il-bes-dei-territori/	nan · Dato regionale annuale; non costituisce una notizia del 2026.	ultimo dato osservato, non nuovo segnale PULSE
Redditi	Pensionati con reddito pensionistico di basso importo	Calabria	2023	14	Valori percentuali	Bes dei territori — ISTAT	https://www.istat.it/statistiche-per-temi/focus/benessere-e-sostenibilita/la-misurazione-del-benessere-bes/il-bes-dei-territori/	nan · Dato regionale annuale; non costituisce una notizia del 2026.	ultimo dato osservato, non nuovo segnale PULSE
Redditi	Pensionati con reddito pensionistico di basso importo	Sicilia	2023	12.7	Valori percentuali	Bes dei territori — ISTAT	https://www.istat.it/statistiche-per-temi/focus/benessere-e-sostenibilita/la-misurazione-del-benessere-bes/il-bes-dei-territori/	nan · Dato regionale annuale; non costituisce una notizia del 2026.	ultimo dato osservato, non nuovo segnale PULSE
Redditi	Pensionati con reddito pensionistico di basso importo	Sardegna	2023	10.4	Valori percentuali	Bes dei territori — ISTAT	https://www.istat.it/statistiche-per-temi/focus/benessere-e-sostenibilita/la-misurazione-del-benessere-bes/il-bes-dei-territori/	nan · Dato regionale annuale; non costituisce una notizia del 2026.	ultimo dato osservato, non nuovo segnale PULSE
Potere d'acquisto e consumi	Tasso di ingresso in sofferenza dei prestiti bancari alle famiglie	Piemonte	2024	0.5	Valori percentuali	Bes dei territori — ISTAT	https://www.istat.it/statistiche-per-temi/focus/benessere-e-sostenibilita/la-misurazione-del-benessere-bes/il-bes-dei-territori/	nan · Dato regionale annuale; non costituisce una notizia del 2026.	ultimo dato osservato, non nuovo segnale PULSE
Potere d'acquisto e consumi	Tasso di ingresso in sofferenza dei prestiti bancari alle famiglie	Valle d'Aosta/Vallée d'Aoste	2024	0.4	Valori percentuali	Bes dei territori — ISTAT	https://www.istat.it/statistiche-per-temi/focus/benessere-e-sostenibilita/la-misurazione-del-benessere-bes/il-bes-dei-territori/	nan · Dato regionale annuale; non costituisce una notizia del 2026.	ultimo dato osservato, non nuovo segnale PULSE
Potere d'acquisto e consumi	Tasso di ingresso in sofferenza dei prestiti bancari alle famiglie	Liguria	2024	0.5	Valori percentuali	Bes dei territori — ISTAT	https://www.istat.it/statistiche-per-temi/focus/benessere-e-sostenibilita/la-misurazione-del-benessere-bes/il-bes-dei-territori/	nan · Dato regionale annuale; non costituisce una notizia del 2026.	ultimo dato osservato, non nuovo segnale PULSE
Potere d'acquisto e consumi	Tasso di ingresso in sofferenza dei prestiti bancari alle famiglie	Lombardia	2024	0.4	Valori percentuali	Bes dei territori — ISTAT	https://www.istat.it/statistiche-per-temi/focus/benessere-e-sostenibilita/la-misurazione-del-benessere-bes/il-bes-dei-territori/	nan · Dato regionale annuale; non costituisce una notizia del 2026.	ultimo dato osservato, non nuovo segnale PULSE
Potere d'acquisto e consumi	Tasso di ingresso in sofferenza dei prestiti bancari alle famiglie	Trentino-Alto Adige/Südtirol	2024	0.2	Valori percentuali	Bes dei territori — ISTAT	https://www.istat.it/statistiche-per-temi/focus/benessere-e-sostenibilita/la-misurazione-del-benessere-bes/il-bes-dei-territori/	nan · Dato regionale annuale; non costituisce una notizia del 2026.	ultimo dato osservato, non nuovo segnale PULSE
Potere d'acquisto e consumi	Tasso di ingresso in sofferenza dei prestiti bancari alle famiglie	Veneto	2024	0.6	Valori percentuali	Bes dei territori — ISTAT	https://www.istat.it/statistiche-per-temi/focus/benessere-e-sostenibilita/la-misurazione-del-benessere-bes/il-bes-dei-territori/	nan · Dato regionale annuale; non costituisce una notizia del 2026.	ultimo dato osservato, non nuovo segnale PULSE
Potere d'acquisto e consumi	Tasso di ingresso in sofferenza dei prestiti bancari alle famiglie	Friuli-Venezia Giulia	2024	0.4	Valori percentuali	Bes dei territori — ISTAT	https://www.istat.it/statistiche-per-temi/focus/benessere-e-sostenibilita/la-misurazione-del-benessere-bes/il-bes-dei-territori/	nan · Dato regionale annuale; non costituisce una notizia del 2026.	ultimo dato osservato, non nuovo segnale PULSE
Potere d'acquisto e consumi	Tasso di ingresso in sofferenza dei prestiti bancari alle famiglie	Emilia-Romagna	2024	0.4	Valori percentuali	Bes dei territori — ISTAT	https://www.istat.it/statistiche-per-temi/focus/benessere-e-sostenibilita/la-misurazione-del-benessere-bes/il-bes-dei-territori/	nan · Dato regionale annuale; non costituisce una notizia del 2026.	ultimo dato osservato, non nuovo segnale PULSE
Potere d'acquisto e consumi	Tasso di ingresso in sofferenza dei prestiti bancari alle famiglie	Toscana	2024	0.5	Valori percentuali	Bes dei territori — ISTAT	https://www.istat.it/statistiche-per-temi/focus/benessere-e-sostenibilita/la-misurazione-del-benessere-bes/il-bes-dei-territori/	nan · Dato regionale annuale; non costituisce una notizia del 2026.	ultimo dato osservato, non nuovo segnale PULSE
Potere d'acquisto e consumi	Tasso di ingresso in sofferenza dei prestiti bancari alle famiglie	Umbria	2024	0.5	Valori percentuali	Bes dei territori — ISTAT	https://www.istat.it/statistiche-per-temi/focus/benessere-e-sostenibilita/la-misurazione-del-benessere-bes/il-bes-dei-territori/	nan · Dato regionale annuale; non costituisce una notizia del 2026.	ultimo dato osservato, non nuovo segnale PULSE
Potere d'acquisto e consumi	Tasso di ingresso in sofferenza dei prestiti bancari alle famiglie	Marche	2024	0.6	Valori percentuali	Bes dei territori — ISTAT	https://www.istat.it/statistiche-per-temi/focus/benessere-e-sostenibilita/la-misurazione-del-benessere-bes/il-bes-dei-territori/	nan · Dato regionale annuale; non costituisce una notizia del 2026.	ultimo dato osservato, non nuovo segnale PULSE
Potere d'acquisto e consumi	Tasso di ingresso in sofferenza dei prestiti bancari alle famiglie	Lazio	2024	0.5	Valori percentuali	Bes dei territori — ISTAT	https://www.istat.it/statistiche-per-temi/focus/benessere-e-sostenibilita/la-misurazione-del-benessere-bes/il-bes-dei-territori/	nan · Dato regionale annuale; non costituisce una notizia del 2026.	ultimo dato osservato, non nuovo segnale PULSE
Potere d'acquisto e consumi	Tasso di ingresso in sofferenza dei prestiti bancari alle famiglie	Abruzzo	2024	0.8	Valori percentuali	Bes dei territori — ISTAT	https://www.istat.it/statistiche-per-temi/focus/benessere-e-sostenibilita/la-misurazione-del-benessere-bes/il-bes-dei-territori/	nan · Dato regionale annuale; non costituisce una notizia del 2026.	ultimo dato osservato, non nuovo segnale PULSE
Potere d'acquisto e consumi	Tasso di ingresso in sofferenza dei prestiti bancari alle famiglie	Molise	2024	0.6	Valori percentuali	Bes dei territori — ISTAT	https://www.istat.it/statistiche-per-temi/focus/benessere-e-sostenibilita/la-misurazione-del-benessere-bes/il-bes-dei-territori/	nan · Dato regionale annuale; non costituisce una notizia del 2026.	ultimo dato osservato, non nuovo segnale PULSE
Potere d'acquisto e consumi	Tasso di ingresso in sofferenza dei prestiti bancari alle famiglie	Campania	2024	0.8	Valori percentuali	Bes dei territori — ISTAT	https://www.istat.it/statistiche-per-temi/focus/benessere-e-sostenibilita/la-misurazione-del-benessere-bes/il-bes-dei-territori/	nan · Dato regionale annuale; non costituisce una notizia del 2026.	ultimo dato osservato, non nuovo segnale PULSE
Potere d'acquisto e consumi	Tasso di ingresso in sofferenza dei prestiti bancari alle famiglie	Puglia	2024	0.7	Valori percentuali	Bes dei territori — ISTAT	https://www.istat.it/statistiche-per-temi/focus/benessere-e-sostenibilita/la-misurazione-del-benessere-bes/il-bes-dei-territori/	nan · Dato regionale annuale; non costituisce una notizia del 2026.	ultimo dato osservato, non nuovo segnale PULSE
Potere d'acquisto e consumi	Tasso di ingresso in sofferenza dei prestiti bancari alle famiglie	Basilicata	2024	0.6	Valori percentuali	Bes dei territori — ISTAT	https://www.istat.it/statistiche-per-temi/focus/benessere-e-sostenibilita/la-misurazione-del-benessere-bes/il-bes-dei-territori/	nan · Dato regionale annuale; non costituisce una notizia del 2026.	ultimo dato osservato, non nuovo segnale PULSE
Potere d'acquisto e consumi	Tasso di ingresso in sofferenza dei prestiti bancari alle famiglie	Calabria	2024	0.9	Valori percentuali	Bes dei territori — ISTAT	https://www.istat.it/statistiche-per-temi/focus/benessere-e-sostenibilita/la-misurazione-del-benessere-bes/il-bes-dei-territori/	nan · Dato regionale annuale; non costituisce una notizia del 2026.	ultimo dato osservato, non nuovo segnale PULSE
Potere d'acquisto e consumi	Tasso di ingresso in sofferenza dei prestiti bancari alle famiglie	Sicilia	2024	0.8	Valori percentuali	Bes dei territori — ISTAT	https://www.istat.it/statistiche-per-temi/focus/benessere-e-sostenibilita/la-misurazione-del-benessere-bes/il-bes-dei-territori/	nan · Dato regionale annuale; non costituisce una notizia del 2026.	ultimo dato osservato, non nuovo segnale PULSE
Potere d'acquisto e consumi	Tasso di ingresso in sofferenza dei prestiti bancari alle famiglie	Sardegna	2024	0.4	Valori percentuali	Bes dei territori — ISTAT	https://www.istat.it/statistiche-per-temi/focus/benessere-e-sostenibilita/la-misurazione-del-benessere-bes/il-bes-dei-territori/	nan · Dato regionale annuale; non costituisce una notizia del 2026.	ultimo dato osservato, non nuovo segnale PULSE
Società e cultura	Organizzazioni non profit	Piemonte	2022	70	Per 10.000 abitanti	Bes dei territori — ISTAT	https://www.istat.it/statistiche-per-temi/focus/benessere-e-sostenibilita/la-misurazione-del-benessere-bes/il-bes-dei-territori/	nan · Dato regionale annuale; non costituisce una notizia del 2026.	ultimo dato osservato, non nuovo segnale PULSE
Società e cultura	Organizzazioni non profit	Valle d'Aosta/Vallée d'Aoste	2022	109.6	Per 10.000 abitanti	Bes dei territori — ISTAT	https://www.istat.it/statistiche-per-temi/focus/benessere-e-sostenibilita/la-misurazione-del-benessere-bes/il-bes-dei-territori/	nan · Dato regionale annuale; non costituisce una notizia del 2026.	ultimo dato osservato, non nuovo segnale PULSE
Società e cultura	Organizzazioni non profit	Liguria	2022	74.1	Per 10.000 abitanti	Bes dei territori — ISTAT	https://www.istat.it/statistiche-per-temi/focus/benessere-e-sostenibilita/la-misurazione-del-benessere-bes/il-bes-dei-territori/	nan · Dato regionale annuale; non costituisce una notizia del 2026.	ultimo dato osservato, non nuovo segnale PULSE
Società e cultura	Organizzazioni non profit	Lombardia	2022	57.5	Per 10.000 abitanti	Bes dei territori — ISTAT	https://www.istat.it/statistiche-per-temi/focus/benessere-e-sostenibilita/la-misurazione-del-benessere-bes/il-bes-dei-territori/	nan · Dato regionale annuale; non costituisce una notizia del 2026.	ultimo dato osservato, non nuovo segnale PULSE
Società e cultura	Organizzazioni non profit	Trentino-Alto Adige/Südtirol	2022	108.1	Per 10.000 abitanti	Bes dei territori — ISTAT	https://www.istat.it/statistiche-per-temi/focus/benessere-e-sostenibilita/la-misurazione-del-benessere-bes/il-bes-dei-territori/	nan · Dato regionale annuale; non costituisce una notizia del 2026.	ultimo dato osservato, non nuovo segnale PULSE
Società e cultura	Organizzazioni non profit	Veneto	2022	62.7	Per 10.000 abitanti	Bes dei territori — ISTAT	https://www.istat.it/statistiche-per-temi/focus/benessere-e-sostenibilita/la-misurazione-del-benessere-bes/il-bes-dei-territori/	nan · Dato regionale annuale; non costituisce una notizia del 2026.	ultimo dato osservato, non nuovo segnale PULSE
Società e cultura	Organizzazioni non profit	Friuli-Venezia Giulia	2022	88.8	Per 10.000 abitanti	Bes dei territori — ISTAT	https://www.istat.it/statistiche-per-temi/focus/benessere-e-sostenibilita/la-misurazione-del-benessere-bes/il-bes-dei-territori/	nan · Dato regionale annuale; non costituisce una notizia del 2026.	ultimo dato osservato, non nuovo segnale PULSE
Società e cultura	Organizzazioni non profit	Emilia-Romagna	2022	62	Per 10.000 abitanti	Bes dei territori — ISTAT	https://www.istat.it/statistiche-per-temi/focus/benessere-e-sostenibilita/la-misurazione-del-benessere-bes/il-bes-dei-territori/	nan · Dato regionale annuale; non costituisce una notizia del 2026.	ultimo dato osservato, non nuovo segnale PULSE
Società e cultura	Organizzazioni non profit	Toscana	2022	72.1	Per 10.000 abitanti	Bes dei territori — ISTAT	https://www.istat.it/statistiche-per-temi/focus/benessere-e-sostenibilita/la-misurazione-del-benessere-bes/il-bes-dei-territori/	nan · Dato regionale annuale; non costituisce una notizia del 2026.	ultimo dato osservato, non nuovo segnale PULSE
Società e cultura	Organizzazioni non profit	Umbria	2022	82	Per 10.000 abitanti	Bes dei territori — ISTAT	https://www.istat.it/statistiche-per-temi/focus/benessere-e-sostenibilita/la-misurazione-del-benessere-bes/il-bes-dei-territori/	nan · Dato regionale annuale; non costituisce una notizia del 2026.	ultimo dato osservato, non nuovo segnale PULSE
Società e cultura	Organizzazioni non profit	Marche	2022	75.7	Per 10.000 abitanti	Bes dei territori — ISTAT	https://www.istat.it/statistiche-per-temi/focus/benessere-e-sostenibilita/la-misurazione-del-benessere-bes/il-bes-dei-territori/	nan · Dato regionale annuale; non costituisce una notizia del 2026.	ultimo dato osservato, non nuovo segnale PULSE
Società e cultura	Organizzazioni non profit	Lazio	2022	60.9	Per 10.000 abitanti	Bes dei territori — ISTAT	https://www.istat.it/statistiche-per-temi/focus/benessere-e-sostenibilita/la-misurazione-del-benessere-bes/il-bes-dei-territori/	nan · Dato regionale annuale; non costituisce una notizia del 2026.	ultimo dato osservato, non nuovo segnale PULSE
Società e cultura	Organizzazioni non profit	Abruzzo	2022	65.8	Per 10.000 abitanti	Bes dei territori — ISTAT	https://www.istat.it/statistiche-per-temi/focus/benessere-e-sostenibilita/la-misurazione-del-benessere-bes/il-bes-dei-territori/	nan · Dato regionale annuale; non costituisce una notizia del 2026.	ultimo dato osservato, non nuovo segnale PULSE
Società e cultura	Organizzazioni non profit	Molise	2022	67.9	Per 10.000 abitanti	Bes dei territori — ISTAT	https://www.istat.it/statistiche-per-temi/focus/benessere-e-sostenibilita/la-misurazione-del-benessere-bes/il-bes-dei-territori/	nan · Dato regionale annuale; non costituisce una notizia del 2026.	ultimo dato osservato, non nuovo segnale PULSE
Società e cultura	Organizzazioni non profit	Campania	2022	40.4	Per 10.000 abitanti	Bes dei territori — ISTAT	https://www.istat.it/statistiche-per-temi/focus/benessere-e-sostenibilita/la-misurazione-del-benessere-bes/il-bes-dei-territori/	nan · Dato regionale annuale; non costituisce una notizia del 2026.	ultimo dato osservato, non nuovo segnale PULSE
Società e cultura	Organizzazioni non profit	Puglia	2022	49.2	Per 10.000 abitanti	Bes dei territori — ISTAT	https://www.istat.it/statistiche-per-temi/focus/benessere-e-sostenibilita/la-misurazione-del-benessere-bes/il-bes-dei-territori/	nan · Dato regionale annuale; non costituisce una notizia del 2026.	ultimo dato osservato, non nuovo segnale PULSE
Società e cultura	Organizzazioni non profit	Basilicata	2022	66.1	Per 10.000 abitanti	Bes dei territori — ISTAT	https://www.istat.it/statistiche-per-temi/focus/benessere-e-sostenibilita/la-misurazione-del-benessere-bes/il-bes-dei-territori/	nan · Dato regionale annuale; non costituisce una notizia del 2026.	ultimo dato osservato, non nuovo segnale PULSE
Società e cultura	Organizzazioni non profit	Calabria	2022	57.3	Per 10.000 abitanti	Bes dei territori — ISTAT	https://www.istat.it/statistiche-per-temi/focus/benessere-e-sostenibilita/la-misurazione-del-benessere-bes/il-bes-dei-territori/	nan · Dato regionale annuale; non costituisce una notizia del 2026.	ultimo dato osservato, non nuovo segnale PULSE
Società e cultura	Organizzazioni non profit	Sicilia	2022	48.2	Per 10.000 abitanti	Bes dei territori — ISTAT	https://www.istat.it/statistiche-per-temi/focus/benessere-e-sostenibilita/la-misurazione-del-benessere-bes/il-bes-dei-territori/	nan · Dato regionale annuale; non costituisce una notizia del 2026.	ultimo dato osservato, non nuovo segnale PULSE
Società e cultura	Organizzazioni non profit	Sardegna	2022	70.2	Per 10.000 abitanti	Bes dei territori — ISTAT	https://www.istat.it/statistiche-per-temi/focus/benessere-e-sostenibilita/la-misurazione-del-benessere-bes/il-bes-dei-territori/	nan · Dato regionale annuale; non costituisce una notizia del 2026.	ultimo dato osservato, non nuovo segnale PULSE
Società e cultura	Scuole accessibili	Piemonte	2024	44.7	Valori percentuali	Bes dei territori — ISTAT	https://www.istat.it/statistiche-per-temi/focus/benessere-e-sostenibilita/la-misurazione-del-benessere-bes/il-bes-dei-territori/	nan · Dato regionale annuale; non costituisce una notizia del 2026.	ultimo dato osservato, non nuovo segnale PULSE
Società e cultura	Scuole accessibili	Valle d'Aosta/Vallée d'Aoste	2024	75.8	Valori percentuali	Bes dei territori — ISTAT	https://www.istat.it/statistiche-per-temi/focus/benessere-e-sostenibilita/la-misurazione-del-benessere-bes/il-bes-dei-territori/	nan · Dato regionale annuale; non costituisce una notizia del 2026.	ultimo dato osservato, non nuovo segnale PULSE
Società e cultura	Scuole accessibili	Liguria	2024	30.3	Valori percentuali	Bes dei territori — ISTAT	https://www.istat.it/statistiche-per-temi/focus/benessere-e-sostenibilita/la-misurazione-del-benessere-bes/il-bes-dei-territori/	nan · Dato regionale annuale; non costituisce una notizia del 2026.	ultimo dato osservato, non nuovo segnale PULSE
Società e cultura	Scuole accessibili	Lombardia	2024	46.7	Valori percentuali	Bes dei territori — ISTAT	https://www.istat.it/statistiche-per-temi/focus/benessere-e-sostenibilita/la-misurazione-del-benessere-bes/il-bes-dei-territori/	nan · Dato regionale annuale; non costituisce una notizia del 2026.	ultimo dato osservato, non nuovo segnale PULSE
Società e cultura	Scuole accessibili	Trentino-Alto Adige/Südtirol	2024	44.4	Valori percentuali	Bes dei territori — ISTAT	https://www.istat.it/statistiche-per-temi/focus/benessere-e-sostenibilita/la-misurazione-del-benessere-bes/il-bes-dei-territori/	nan · Dato regionale annuale; non costituisce una notizia del 2026.	ultimo dato osservato, non nuovo segnale PULSE
Società e cultura	Scuole accessibili	Veneto	2024	40.8	Valori percentuali	Bes dei territori — ISTAT	https://www.istat.it/statistiche-per-temi/focus/benessere-e-sostenibilita/la-misurazione-del-benessere-bes/il-bes-dei-territori/	nan · Dato regionale annuale; non costituisce una notizia del 2026.	ultimo dato osservato, non nuovo segnale PULSE
Società e cultura	Scuole accessibili	Friuli-Venezia Giulia	2024	45.1	Valori percentuali	Bes dei territori — ISTAT	https://www.istat.it/statistiche-per-temi/focus/benessere-e-sostenibilita/la-misurazione-del-benessere-bes/il-bes-dei-territori/	nan · Dato regionale annuale; non costituisce una notizia del 2026.	ultimo dato osservato, non nuovo segnale PULSE
Società e cultura	Scuole accessibili	Emilia-Romagna	2024	45.2	Valori percentuali	Bes dei territori — ISTAT	https://www.istat.it/statistiche-per-temi/focus/benessere-e-sostenibilita/la-misurazione-del-benessere-bes/il-bes-dei-territori/	nan · Dato regionale annuale; non costituisce una notizia del 2026.	ultimo dato osservato, non nuovo segnale PULSE
Società e cultura	Scuole accessibili	Toscana	2024	42.2	Valori percentuali	Bes dei territori — ISTAT	https://www.istat.it/statistiche-per-temi/focus/benessere-e-sostenibilita/la-misurazione-del-benessere-bes/il-bes-dei-territori/	nan · Dato regionale annuale; non costituisce una notizia del 2026.	ultimo dato osservato, non nuovo segnale PULSE
Società e cultura	Scuole accessibili	Umbria	2024	42	Valori percentuali	Bes dei territori — ISTAT	https://www.istat.it/statistiche-per-temi/focus/benessere-e-sostenibilita/la-misurazione-del-benessere-bes/il-bes-dei-territori/	nan · Dato regionale annuale; non costituisce una notizia del 2026.	ultimo dato osservato, non nuovo segnale PULSE
Società e cultura	Scuole accessibili	Marche	2024	44	Valori percentuali	Bes dei territori — ISTAT	https://www.istat.it/statistiche-per-temi/focus/benessere-e-sostenibilita/la-misurazione-del-benessere-bes/il-bes-dei-territori/	nan · Dato regionale annuale; non costituisce una notizia del 2026.	ultimo dato osservato, non nuovo segnale PULSE
Società e cultura	Scuole accessibili	Lazio	2024	36.4	Valori percentuali	Bes dei territori — ISTAT	https://www.istat.it/statistiche-per-temi/focus/benessere-e-sostenibilita/la-misurazione-del-benessere-bes/il-bes-dei-territori/	nan · Dato regionale annuale; non costituisce una notizia del 2026.	ultimo dato osservato, non nuovo segnale PULSE
Società e cultura	Scuole accessibili	Abruzzo	2024	45.9	Valori percentuali	Bes dei territori — ISTAT	https://www.istat.it/statistiche-per-temi/focus/benessere-e-sostenibilita/la-misurazione-del-benessere-bes/il-bes-dei-territori/	nan · Dato regionale annuale; non costituisce una notizia del 2026.	ultimo dato osservato, non nuovo segnale PULSE
Società e cultura	Scuole accessibili	Molise	2024	47.8	Valori percentuali	Bes dei territori — ISTAT	https://www.istat.it/statistiche-per-temi/focus/benessere-e-sostenibilita/la-misurazione-del-benessere-bes/il-bes-dei-territori/	nan · Dato regionale annuale; non costituisce una notizia del 2026.	ultimo dato osservato, non nuovo segnale PULSE
Società e cultura	Scuole accessibili	Campania	2024	29.6	Valori percentuali	Bes dei territori — ISTAT	https://www.istat.it/statistiche-per-temi/focus/benessere-e-sostenibilita/la-misurazione-del-benessere-bes/il-bes-dei-territori/	nan · Dato regionale annuale; non costituisce una notizia del 2026.	ultimo dato osservato, non nuovo segnale PULSE
Società e cultura	Scuole accessibili	Puglia	2024	43.2	Valori percentuali	Bes dei territori — ISTAT	https://www.istat.it/statistiche-per-temi/focus/benessere-e-sostenibilita/la-misurazione-del-benessere-bes/il-bes-dei-territori/	nan · Dato regionale annuale; non costituisce una notizia del 2026.	ultimo dato osservato, non nuovo segnale PULSE
Società e cultura	Scuole accessibili	Basilicata	2024	39.7	Valori percentuali	Bes dei territori — ISTAT	https://www.istat.it/statistiche-per-temi/focus/benessere-e-sostenibilita/la-misurazione-del-benessere-bes/il-bes-dei-territori/	nan · Dato regionale annuale; non costituisce una notizia del 2026.	ultimo dato osservato, non nuovo segnale PULSE
Società e cultura	Scuole accessibili	Calabria	2024	34.6	Valori percentuali	Bes dei territori — ISTAT	https://www.istat.it/statistiche-per-temi/focus/benessere-e-sostenibilita/la-misurazione-del-benessere-bes/il-bes-dei-territori/	nan · Dato regionale annuale; non costituisce una notizia del 2026.	ultimo dato osservato, non nuovo segnale PULSE
Società e cultura	Scuole accessibili	Sicilia	2024	36.5	Valori percentuali	Bes dei territori — ISTAT	https://www.istat.it/statistiche-per-temi/focus/benessere-e-sostenibilita/la-misurazione-del-benessere-bes/il-bes-dei-territori/	nan · Dato regionale annuale; non costituisce una notizia del 2026.	ultimo dato osservato, non nuovo segnale PULSE
Società e cultura	Scuole accessibili	Sardegna	2024	43.4	Valori percentuali	Bes dei territori — ISTAT	https://www.istat.it/statistiche-per-temi/focus/benessere-e-sostenibilita/la-misurazione-del-benessere-bes/il-bes-dei-territori/	nan · Dato regionale annuale; non costituisce una notizia del 2026.	ultimo dato osservato, non nuovo segnale PULSE
Politica e istituzioni	Partecipazione elettorale	Piemonte	2024	56.6	Valori percentuali	Bes dei territori — ISTAT	https://www.istat.it/statistiche-per-temi/focus/benessere-e-sostenibilita/la-misurazione-del-benessere-bes/il-bes-dei-territori/	nan · Dato regionale annuale; non costituisce una notizia del 2026.	ultimo dato osservato, non nuovo segnale PULSE
Politica e istituzioni	Partecipazione elettorale	Valle d'Aosta/Vallée d'Aoste	2024	42.5	Valori percentuali	Bes dei territori — ISTAT	https://www.istat.it/statistiche-per-temi/focus/benessere-e-sostenibilita/la-misurazione-del-benessere-bes/il-bes-dei-territori/	nan · Dato regionale annuale; non costituisce una notizia del 2026.	ultimo dato osservato, non nuovo segnale PULSE
Politica e istituzioni	Partecipazione elettorale	Liguria	2024	50.6	Valori percentuali	Bes dei territori — ISTAT	https://www.istat.it/statistiche-per-temi/focus/benessere-e-sostenibilita/la-misurazione-del-benessere-bes/il-bes-dei-territori/	nan · Dato regionale annuale; non costituisce una notizia del 2026.	ultimo dato osservato, non nuovo segnale PULSE
Politica e istituzioni	Partecipazione elettorale	Lombardia	2024	55.3	Valori percentuali	Bes dei territori — ISTAT	https://www.istat.it/statistiche-per-temi/focus/benessere-e-sostenibilita/la-misurazione-del-benessere-bes/il-bes-dei-territori/	nan · Dato regionale annuale; non costituisce una notizia del 2026.	ultimo dato osservato, non nuovo segnale PULSE
Politica e istituzioni	Partecipazione elettorale	Trentino-Alto Adige/Südtirol	2024	47	Valori percentuali	Bes dei territori — ISTAT	https://www.istat.it/statistiche-per-temi/focus/benessere-e-sostenibilita/la-misurazione-del-benessere-bes/il-bes-dei-territori/	nan · Dato regionale annuale; non costituisce una notizia del 2026.	ultimo dato osservato, non nuovo segnale PULSE
Politica e istituzioni	Partecipazione elettorale	Veneto	2024	52.6	Valori percentuali	Bes dei territori — ISTAT	https://www.istat.it/statistiche-per-temi/focus/benessere-e-sostenibilita/la-misurazione-del-benessere-bes/il-bes-dei-territori/	nan · Dato regionale annuale; non costituisce una notizia del 2026.	ultimo dato osservato, non nuovo segnale PULSE
Politica e istituzioni	Partecipazione elettorale	Friuli-Venezia Giulia	2024	48.3	Valori percentuali	Bes dei territori — ISTAT	https://www.istat.it/statistiche-per-temi/focus/benessere-e-sostenibilita/la-misurazione-del-benessere-bes/il-bes-dei-territori/	nan · Dato regionale annuale; non costituisce una notizia del 2026.	ultimo dato osservato, non nuovo segnale PULSE
Politica e istituzioni	Partecipazione elettorale	Emilia-Romagna	2024	59	Valori percentuali	Bes dei territori — ISTAT	https://www.istat.it/statistiche-per-temi/focus/benessere-e-sostenibilita/la-misurazione-del-benessere-bes/il-bes-dei-territori/	nan · Dato regionale annuale; non costituisce una notizia del 2026.	ultimo dato osservato, non nuovo segnale PULSE
Politica e istituzioni	Partecipazione elettorale	Toscana	2024	59.1	Valori percentuali	Bes dei territori — ISTAT	https://www.istat.it/statistiche-per-temi/focus/benessere-e-sostenibilita/la-misurazione-del-benessere-bes/il-bes-dei-territori/	nan · Dato regionale annuale; non costituisce una notizia del 2026.	ultimo dato osservato, non nuovo segnale PULSE
Politica e istituzioni	Partecipazione elettorale	Umbria	2024	60.8	Valori percentuali	Bes dei territori — ISTAT	https://www.istat.it/statistiche-per-temi/focus/benessere-e-sostenibilita/la-misurazione-del-benessere-bes/il-bes-dei-territori/	nan · Dato regionale annuale; non costituisce una notizia del 2026.	ultimo dato osservato, non nuovo segnale PULSE
Politica e istituzioni	Partecipazione elettorale	Marche	2024	54.6	Valori percentuali	Bes dei territori — ISTAT	https://www.istat.it/statistiche-per-temi/focus/benessere-e-sostenibilita/la-misurazione-del-benessere-bes/il-bes-dei-territori/	nan · Dato regionale annuale; non costituisce una notizia del 2026.	ultimo dato osservato, non nuovo segnale PULSE
Politica e istituzioni	Partecipazione elettorale	Lazio	2024	46.6	Valori percentuali	Bes dei territori — ISTAT	https://www.istat.it/statistiche-per-temi/focus/benessere-e-sostenibilita/la-misurazione-del-benessere-bes/il-bes-dei-territori/	nan · Dato regionale annuale; non costituisce una notizia del 2026.	ultimo dato osservato, non nuovo segnale PULSE
Politica e istituzioni	Partecipazione elettorale	Abruzzo	2024	47.1	Valori percentuali	Bes dei territori — ISTAT	https://www.istat.it/statistiche-per-temi/focus/benessere-e-sostenibilita/la-misurazione-del-benessere-bes/il-bes-dei-territori/	nan · Dato regionale annuale; non costituisce una notizia del 2026.	ultimo dato osservato, non nuovo segnale PULSE
Politica e istituzioni	Partecipazione elettorale	Molise	2024	48	Valori percentuali	Bes dei territori — ISTAT	https://www.istat.it/statistiche-per-temi/focus/benessere-e-sostenibilita/la-misurazione-del-benessere-bes/il-bes-dei-territori/	nan · Dato regionale annuale; non costituisce una notizia del 2026.	ultimo dato osservato, non nuovo segnale PULSE
Politica e istituzioni	Partecipazione elettorale	Campania	2024	44	Valori percentuali	Bes dei territori — ISTAT	https://www.istat.it/statistiche-per-temi/focus/benessere-e-sostenibilita/la-misurazione-del-benessere-bes/il-bes-dei-territori/	nan · Dato regionale annuale; non costituisce una notizia del 2026.	ultimo dato osservato, non nuovo segnale PULSE
Politica e istituzioni	Partecipazione elettorale	Puglia	2024	43.6	Valori percentuali	Bes dei territori — ISTAT	https://www.istat.it/statistiche-per-temi/focus/benessere-e-sostenibilita/la-misurazione-del-benessere-bes/il-bes-dei-territori/	nan · Dato regionale annuale; non costituisce una notizia del 2026.	ultimo dato osservato, non nuovo segnale PULSE
Politica e istituzioni	Partecipazione elettorale	Basilicata	2024	42.8	Valori percentuali	Bes dei territori — ISTAT	https://www.istat.it/statistiche-per-temi/focus/benessere-e-sostenibilita/la-misurazione-del-benessere-bes/il-bes-dei-territori/	nan · Dato regionale annuale; non costituisce una notizia del 2026.	ultimo dato osservato, non nuovo segnale PULSE
Politica e istituzioni	Partecipazione elettorale	Calabria	2024	40.3	Valori percentuali	Bes dei territori — ISTAT	https://www.istat.it/statistiche-per-temi/focus/benessere-e-sostenibilita/la-misurazione-del-benessere-bes/il-bes-dei-territori/	nan · Dato regionale annuale; non costituisce una notizia del 2026.	ultimo dato osservato, non nuovo segnale PULSE
Politica e istituzioni	Partecipazione elettorale	Sicilia	2024	38	Valori percentuali	Bes dei territori — ISTAT	https://www.istat.it/statistiche-per-temi/focus/benessere-e-sostenibilita/la-misurazione-del-benessere-bes/il-bes-dei-territori/	nan · Dato regionale annuale; non costituisce una notizia del 2026.	ultimo dato osservato, non nuovo segnale PULSE
Politica e istituzioni	Partecipazione elettorale	Sardegna	2024	36.9	Valori percentuali	Bes dei territori — ISTAT	https://www.istat.it/statistiche-per-temi/focus/benessere-e-sostenibilita/la-misurazione-del-benessere-bes/il-bes-dei-territori/	nan · Dato regionale annuale; non costituisce una notizia del 2026.	ultimo dato osservato, non nuovo segnale PULSE
Politica e istituzioni	Partecipazione elettorale (elezioni regionali)	Piemonte	2024	55.3	Valori percentuali	Bes dei territori — ISTAT	https://www.istat.it/statistiche-per-temi/focus/benessere-e-sostenibilita/la-misurazione-del-benessere-bes/il-bes-dei-territori/	I dati del 2024 sono provvisori · Dato regionale annuale; non costituisce una notizia del 2026.	ultimo dato osservato, non nuovo segnale PULSE
Politica e istituzioni	Partecipazione elettorale (elezioni regionali)	Valle d'Aosta/Vallée d'Aoste	2020	70.5	Valori percentuali	Bes dei territori — ISTAT	https://www.istat.it/statistiche-per-temi/focus/benessere-e-sostenibilita/la-misurazione-del-benessere-bes/il-bes-dei-territori/	I dati del 2024 sono provvisori · Dato regionale annuale; non costituisce una notizia del 2026.	ultimo dato osservato, non nuovo segnale PULSE
Politica e istituzioni	Partecipazione elettorale (elezioni regionali)	Liguria	2024	46	Valori percentuali	Bes dei territori — ISTAT	https://www.istat.it/statistiche-per-temi/focus/benessere-e-sostenibilita/la-misurazione-del-benessere-bes/il-bes-dei-territori/	I dati del 2024 sono provvisori · Dato regionale annuale; non costituisce una notizia del 2026.	ultimo dato osservato, non nuovo segnale PULSE
Politica e istituzioni	Partecipazione elettorale (elezioni regionali)	Lombardia	2023	41.7	Valori percentuali	Bes dei territori — ISTAT	https://www.istat.it/statistiche-per-temi/focus/benessere-e-sostenibilita/la-misurazione-del-benessere-bes/il-bes-dei-territori/	I dati del 2024 sono provvisori · Dato regionale annuale; non costituisce una notizia del 2026.	ultimo dato osservato, non nuovo segnale PULSE
Politica e istituzioni	Partecipazione elettorale (elezioni regionali)	Trentino-Alto Adige/Südtirol	2023	62.9	Valori percentuali	Bes dei territori — ISTAT	https://www.istat.it/statistiche-per-temi/focus/benessere-e-sostenibilita/la-misurazione-del-benessere-bes/il-bes-dei-territori/	I dati del 2024 sono provvisori · Dato regionale annuale; non costituisce una notizia del 2026.	ultimo dato osservato, non nuovo segnale PULSE
Politica e istituzioni	Partecipazione elettorale (elezioni regionali)	Veneto	2020	61.1	Valori percentuali	Bes dei territori — ISTAT	https://www.istat.it/statistiche-per-temi/focus/benessere-e-sostenibilita/la-misurazione-del-benessere-bes/il-bes-dei-territori/	I dati del 2024 sono provvisori · Dato regionale annuale; non costituisce una notizia del 2026.	ultimo dato osservato, non nuovo segnale PULSE
Politica e istituzioni	Partecipazione elettorale (elezioni regionali)	Friuli-Venezia Giulia	2023	45.3	Valori percentuali	Bes dei territori — ISTAT	https://www.istat.it/statistiche-per-temi/focus/benessere-e-sostenibilita/la-misurazione-del-benessere-bes/il-bes-dei-territori/	I dati del 2024 sono provvisori · Dato regionale annuale; non costituisce una notizia del 2026.	ultimo dato osservato, non nuovo segnale PULSE
Politica e istituzioni	Partecipazione elettorale (elezioni regionali)	Emilia-Romagna	2024	46.4	Valori percentuali	Bes dei territori — ISTAT	https://www.istat.it/statistiche-per-temi/focus/benessere-e-sostenibilita/la-misurazione-del-benessere-bes/il-bes-dei-territori/	I dati del 2024 sono provvisori · Dato regionale annuale; non costituisce una notizia del 2026.	ultimo dato osservato, non nuovo segnale PULSE
Politica e istituzioni	Partecipazione elettorale (elezioni regionali)	Toscana	2020	62.6	Valori percentuali	Bes dei territori — ISTAT	https://www.istat.it/statistiche-per-temi/focus/benessere-e-sostenibilita/la-misurazione-del-benessere-bes/il-bes-dei-territori/	I dati del 2024 sono provvisori · Dato regionale annuale; non costituisce una notizia del 2026.	ultimo dato osservato, non nuovo segnale PULSE
Politica e istituzioni	Partecipazione elettorale (elezioni regionali)	Umbria	2024	52.3	Valori percentuali	Bes dei territori — ISTAT	https://www.istat.it/statistiche-per-temi/focus/benessere-e-sostenibilita/la-misurazione-del-benessere-bes/il-bes-dei-territori/	I dati del 2024 sono provvisori · Dato regionale annuale; non costituisce una notizia del 2026.	ultimo dato osservato, non nuovo segnale PULSE
Politica e istituzioni	Partecipazione elettorale (elezioni regionali)	Marche	2020	59.8	Valori percentuali	Bes dei territori — ISTAT	https://www.istat.it/statistiche-per-temi/focus/benessere-e-sostenibilita/la-misurazione-del-benessere-bes/il-bes-dei-territori/	I dati del 2024 sono provvisori · Dato regionale annuale; non costituisce una notizia del 2026.	ultimo dato osservato, non nuovo segnale PULSE
Politica e istituzioni	Partecipazione elettorale (elezioni regionali)	Lazio	2023	37.2	Valori percentuali	Bes dei territori — ISTAT	https://www.istat.it/statistiche-per-temi/focus/benessere-e-sostenibilita/la-misurazione-del-benessere-bes/il-bes-dei-territori/	I dati del 2024 sono provvisori · Dato regionale annuale; non costituisce una notizia del 2026.	ultimo dato osservato, non nuovo segnale PULSE
Politica e istituzioni	Partecipazione elettorale (elezioni regionali)	Abruzzo	2024	52.2	Valori percentuali	Bes dei territori — ISTAT	https://www.istat.it/statistiche-per-temi/focus/benessere-e-sostenibilita/la-misurazione-del-benessere-bes/il-bes-dei-territori/	I dati del 2024 sono provvisori · Dato regionale annuale; non costituisce una notizia del 2026.	ultimo dato osservato, non nuovo segnale PULSE
Politica e istituzioni	Partecipazione elettorale (elezioni regionali)	Molise	2023	47.9	Valori percentuali	Bes dei territori — ISTAT	https://www.istat.it/statistiche-per-temi/focus/benessere-e-sostenibilita/la-misurazione-del-benessere-bes/il-bes-dei-territori/	I dati del 2024 sono provvisori · Dato regionale annuale; non costituisce una notizia del 2026.	ultimo dato osservato, non nuovo segnale PULSE
Politica e istituzioni	Partecipazione elettorale (elezioni regionali)	Campania	2020	55.5	Valori percentuali	Bes dei territori — ISTAT	https://www.istat.it/statistiche-per-temi/focus/benessere-e-sostenibilita/la-misurazione-del-benessere-bes/il-bes-dei-territori/	I dati del 2024 sono provvisori · Dato regionale annuale; non costituisce una notizia del 2026.	ultimo dato osservato, non nuovo segnale PULSE
Politica e istituzioni	Partecipazione elettorale (elezioni regionali)	Puglia	2020	54.6	Valori percentuali	Bes dei territori — ISTAT	https://www.istat.it/statistiche-per-temi/focus/benessere-e-sostenibilita/la-misurazione-del-benessere-bes/il-bes-dei-territori/	I dati del 2024 sono provvisori · Dato regionale annuale; non costituisce una notizia del 2026.	ultimo dato osservato, non nuovo segnale PULSE
Politica e istituzioni	Partecipazione elettorale (elezioni regionali)	Basilicata	2024	49.8	Valori percentuali	Bes dei territori — ISTAT	https://www.istat.it/statistiche-per-temi/focus/benessere-e-sostenibilita/la-misurazione-del-benessere-bes/il-bes-dei-territori/	I dati del 2024 sono provvisori · Dato regionale annuale; non costituisce una notizia del 2026.	ultimo dato osservato, non nuovo segnale PULSE
Politica e istituzioni	Partecipazione elettorale (elezioni regionali)	Calabria	2021	44.4	Valori percentuali	Bes dei territori — ISTAT	https://www.istat.it/statistiche-per-temi/focus/benessere-e-sostenibilita/la-misurazione-del-benessere-bes/il-bes-dei-territori/	I dati del 2024 sono provvisori · Dato regionale annuale; non costituisce una notizia del 2026.	ultimo dato osservato, non nuovo segnale PULSE
Politica e istituzioni	Partecipazione elettorale (elezioni regionali)	Sicilia	2022	48.8	Valori percentuali	Bes dei territori — ISTAT	https://www.istat.it/statistiche-per-temi/focus/benessere-e-sostenibilita/la-misurazione-del-benessere-bes/il-bes-dei-territori/	I dati del 2024 sono provvisori · Dato regionale annuale; non costituisce una notizia del 2026.	ultimo dato osservato, non nuovo segnale PULSE
Politica e istituzioni	Partecipazione elettorale (elezioni regionali)	Sardegna	2019	53.7	Valori percentuali	Bes dei territori — ISTAT	https://www.istat.it/statistiche-per-temi/focus/benessere-e-sostenibilita/la-misurazione-del-benessere-bes/il-bes-dei-territori/	I dati del 2024 sono provvisori · Dato regionale annuale; non costituisce una notizia del 2026.	ultimo dato osservato, non nuovo segnale PULSE
Politica e istituzioni	Amministratori comunali donne	Piemonte	2024	33.4	Valori percentuali	Bes dei territori — ISTAT	https://www.istat.it/statistiche-per-temi/focus/benessere-e-sostenibilita/la-misurazione-del-benessere-bes/il-bes-dei-territori/	nan · Dato regionale annuale; non costituisce una notizia del 2026.	ultimo dato osservato, non nuovo segnale PULSE
Politica e istituzioni	Amministratori comunali donne	Valle d'Aosta/Vallée d'Aoste	2024	38.2	Valori percentuali	Bes dei territori — ISTAT	https://www.istat.it/statistiche-per-temi/focus/benessere-e-sostenibilita/la-misurazione-del-benessere-bes/il-bes-dei-territori/	nan · Dato regionale annuale; non costituisce una notizia del 2026.	ultimo dato osservato, non nuovo segnale PULSE
Politica e istituzioni	Amministratori comunali donne	Liguria	2024	33	Valori percentuali	Bes dei territori — ISTAT	https://www.istat.it/statistiche-per-temi/focus/benessere-e-sostenibilita/la-misurazione-del-benessere-bes/il-bes-dei-territori/	nan · Dato regionale annuale; non costituisce una notizia del 2026.	ultimo dato osservato, non nuovo segnale PULSE
Politica e istituzioni	Amministratori comunali donne	Lombardia	2024	35.3	Valori percentuali	Bes dei territori — ISTAT	https://www.istat.it/statistiche-per-temi/focus/benessere-e-sostenibilita/la-misurazione-del-benessere-bes/il-bes-dei-territori/	nan · Dato regionale annuale; non costituisce una notizia del 2026.	ultimo dato osservato, non nuovo segnale PULSE
Politica e istituzioni	Amministratori comunali donne	Trentino-Alto Adige/Südtirol	2024	29.9	Valori percentuali	Bes dei territori — ISTAT	https://www.istat.it/statistiche-per-temi/focus/benessere-e-sostenibilita/la-misurazione-del-benessere-bes/il-bes-dei-territori/	nan · Dato regionale annuale; non costituisce una notizia del 2026.	ultimo dato osservato, non nuovo segnale PULSE
Politica e istituzioni	Amministratori comunali donne	Veneto	2024	36.9	Valori percentuali	Bes dei territori — ISTAT	https://www.istat.it/statistiche-per-temi/focus/benessere-e-sostenibilita/la-misurazione-del-benessere-bes/il-bes-dei-territori/	nan · Dato regionale annuale; non costituisce una notizia del 2026.	ultimo dato osservato, non nuovo segnale PULSE
Politica e istituzioni	Amministratori comunali donne	Friuli-Venezia Giulia	2024	40.4	Valori percentuali	Bes dei territori — ISTAT	https://www.istat.it/statistiche-per-temi/focus/benessere-e-sostenibilita/la-misurazione-del-benessere-bes/il-bes-dei-territori/	nan · Dato regionale annuale; non costituisce una notizia del 2026.	ultimo dato osservato, non nuovo segnale PULSE
Politica e istituzioni	Amministratori comunali donne	Emilia-Romagna	2024	39.3	Valori percentuali	Bes dei territori — ISTAT	https://www.istat.it/statistiche-per-temi/focus/benessere-e-sostenibilita/la-misurazione-del-benessere-bes/il-bes-dei-territori/	nan · Dato regionale annuale; non costituisce una notizia del 2026.	ultimo dato osservato, non nuovo segnale PULSE
Politica e istituzioni	Amministratori comunali donne	Toscana	2024	38.8	Valori percentuali	Bes dei territori — ISTAT	https://www.istat.it/statistiche-per-temi/focus/benessere-e-sostenibilita/la-misurazione-del-benessere-bes/il-bes-dei-territori/	nan · Dato regionale annuale; non costituisce una notizia del 2026.	ultimo dato osservato, non nuovo segnale PULSE
Politica e istituzioni	Amministratori comunali donne	Umbria	2024	34.2	Valori percentuali	Bes dei territori — ISTAT	https://www.istat.it/statistiche-per-temi/focus/benessere-e-sostenibilita/la-misurazione-del-benessere-bes/il-bes-dei-territori/	nan · Dato regionale annuale; non costituisce una notizia del 2026.	ultimo dato osservato, non nuovo segnale PULSE
Politica e istituzioni	Amministratori comunali donne	Marche	2024	36.6	Valori percentuali	Bes dei territori — ISTAT	https://www.istat.it/statistiche-per-temi/focus/benessere-e-sostenibilita/la-misurazione-del-benessere-bes/il-bes-dei-territori/	nan · Dato regionale annuale; non costituisce una notizia del 2026.	ultimo dato osservato, non nuovo segnale PULSE
Politica e istituzioni	Amministratori comunali donne	Lazio	2024	32.1	Valori percentuali	Bes dei territori — ISTAT	https://www.istat.it/statistiche-per-temi/focus/benessere-e-sostenibilita/la-misurazione-del-benessere-bes/il-bes-dei-territori/	nan · Dato regionale annuale; non costituisce una notizia del 2026.	ultimo dato osservato, non nuovo segnale PULSE
Politica e istituzioni	Amministratori comunali donne	Abruzzo	2024	29.6	Valori percentuali	Bes dei territori — ISTAT	https://www.istat.it/statistiche-per-temi/focus/benessere-e-sostenibilita/la-misurazione-del-benessere-bes/il-bes-dei-territori/	nan · Dato regionale annuale; non costituisce una notizia del 2026.	ultimo dato osservato, non nuovo segnale PULSE
Politica e istituzioni	Amministratori comunali donne	Molise	2024	27.1	Valori percentuali	Bes dei territori — ISTAT	https://www.istat.it/statistiche-per-temi/focus/benessere-e-sostenibilita/la-misurazione-del-benessere-bes/il-bes-dei-territori/	nan · Dato regionale annuale; non costituisce una notizia del 2026.	ultimo dato osservato, non nuovo segnale PULSE
Politica e istituzioni	Amministratori comunali donne	Campania	2024	27.6	Valori percentuali	Bes dei territori — ISTAT	https://www.istat.it/statistiche-per-temi/focus/benessere-e-sostenibilita/la-misurazione-del-benessere-bes/il-bes-dei-territori/	nan · Dato regionale annuale; non costituisce una notizia del 2026.	ultimo dato osservato, non nuovo segnale PULSE
Politica e istituzioni	Amministratori comunali donne	Puglia	2024	32.9	Valori percentuali	Bes dei territori — ISTAT	https://www.istat.it/statistiche-per-temi/focus/benessere-e-sostenibilita/la-misurazione-del-benessere-bes/il-bes-dei-territori/	nan · Dato regionale annuale; non costituisce una notizia del 2026.	ultimo dato osservato, non nuovo segnale PULSE
Politica e istituzioni	Amministratori comunali donne	Basilicata	2024	29.7	Valori percentuali	Bes dei territori — ISTAT	https://www.istat.it/statistiche-per-temi/focus/benessere-e-sostenibilita/la-misurazione-del-benessere-bes/il-bes-dei-territori/	nan · Dato regionale annuale; non costituisce una notizia del 2026.	ultimo dato osservato, non nuovo segnale PULSE
Politica e istituzioni	Amministratori comunali donne	Calabria	2024	28.8	Valori percentuali	Bes dei territori — ISTAT	https://www.istat.it/statistiche-per-temi/focus/benessere-e-sostenibilita/la-misurazione-del-benessere-bes/il-bes-dei-territori/	nan · Dato regionale annuale; non costituisce una notizia del 2026.	ultimo dato osservato, non nuovo segnale PULSE
Politica e istituzioni	Amministratori comunali donne	Sicilia	2024	37.8	Valori percentuali	Bes dei territori — ISTAT	https://www.istat.it/statistiche-per-temi/focus/benessere-e-sostenibilita/la-misurazione-del-benessere-bes/il-bes-dei-territori/	nan · Dato regionale annuale; non costituisce una notizia del 2026.	ultimo dato osservato, non nuovo segnale PULSE
Politica e istituzioni	Amministratori comunali donne	Sardegna	2024	35.5	Valori percentuali	Bes dei territori — ISTAT	https://www.istat.it/statistiche-per-temi/focus/benessere-e-sostenibilita/la-misurazione-del-benessere-bes/il-bes-dei-territori/	nan · Dato regionale annuale; non costituisce una notizia del 2026.	ultimo dato osservato, non nuovo segnale PULSE
Politica e istituzioni	Amministratori comunali con meno di 40 anni	Piemonte	2024	22.8	Valori percentuali	Bes dei territori — ISTAT	https://www.istat.it/statistiche-per-temi/focus/benessere-e-sostenibilita/la-misurazione-del-benessere-bes/il-bes-dei-territori/	nan · Dato regionale annuale; non costituisce una notizia del 2026.	ultimo dato osservato, non nuovo segnale PULSE
Politica e istituzioni	Amministratori comunali con meno di 40 anni	Valle d'Aosta/Vallée d'Aoste	2024	27.2	Valori percentuali	Bes dei territori — ISTAT	https://www.istat.it/statistiche-per-temi/focus/benessere-e-sostenibilita/la-misurazione-del-benessere-bes/il-bes-dei-territori/	nan · Dato regionale annuale; non costituisce una notizia del 2026.	ultimo dato osservato, non nuovo segnale PULSE
Politica e istituzioni	Amministratori comunali con meno di 40 anni	Liguria	2024	20	Valori percentuali	Bes dei territori — ISTAT	https://www.istat.it/statistiche-per-temi/focus/benessere-e-sostenibilita/la-misurazione-del-benessere-bes/il-bes-dei-territori/	nan · Dato regionale annuale; non costituisce una notizia del 2026.	ultimo dato osservato, non nuovo segnale PULSE
Politica e istituzioni	Amministratori comunali con meno di 40 anni	Lombardia	2024	26.3	Valori percentuali	Bes dei territori — ISTAT	https://www.istat.it/statistiche-per-temi/focus/benessere-e-sostenibilita/la-misurazione-del-benessere-bes/il-bes-dei-territori/	nan · Dato regionale annuale; non costituisce una notizia del 2026.	ultimo dato osservato, non nuovo segnale PULSE
Politica e istituzioni	Amministratori comunali con meno di 40 anni	Trentino-Alto Adige/Südtirol	2024	25.8	Valori percentuali	Bes dei territori — ISTAT	https://www.istat.it/statistiche-per-temi/focus/benessere-e-sostenibilita/la-misurazione-del-benessere-bes/il-bes-dei-territori/	nan · Dato regionale annuale; non costituisce una notizia del 2026.	ultimo dato osservato, non nuovo segnale PULSE
Politica e istituzioni	Amministratori comunali con meno di 40 anni	Veneto	2024	26.3	Valori percentuali	Bes dei territori — ISTAT	https://www.istat.it/statistiche-per-temi/focus/benessere-e-sostenibilita/la-misurazione-del-benessere-bes/il-bes-dei-territori/	nan · Dato regionale annuale; non costituisce una notizia del 2026.	ultimo dato osservato, non nuovo segnale PULSE
Politica e istituzioni	Amministratori comunali con meno di 40 anni	Friuli-Venezia Giulia	2024	23	Valori percentuali	Bes dei territori — ISTAT	https://www.istat.it/statistiche-per-temi/focus/benessere-e-sostenibilita/la-misurazione-del-benessere-bes/il-bes-dei-territori/	nan · Dato regionale annuale; non costituisce una notizia del 2026.	ultimo dato osservato, non nuovo segnale PULSE
Politica e istituzioni	Amministratori comunali con meno di 40 anni	Emilia-Romagna	2024	28.3	Valori percentuali	Bes dei territori — ISTAT	https://www.istat.it/statistiche-per-temi/focus/benessere-e-sostenibilita/la-misurazione-del-benessere-bes/il-bes-dei-territori/	nan · Dato regionale annuale; non costituisce una notizia del 2026.	ultimo dato osservato, non nuovo segnale PULSE
Politica e istituzioni	Amministratori comunali con meno di 40 anni	Toscana	2024	26.3	Valori percentuali	Bes dei territori — ISTAT	https://www.istat.it/statistiche-per-temi/focus/benessere-e-sostenibilita/la-misurazione-del-benessere-bes/il-bes-dei-territori/	nan · Dato regionale annuale; non costituisce una notizia del 2026.	ultimo dato osservato, non nuovo segnale PULSE
Politica e istituzioni	Amministratori comunali con meno di 40 anni	Umbria	2024	25	Valori percentuali	Bes dei territori — ISTAT	https://www.istat.it/statistiche-per-temi/focus/benessere-e-sostenibilita/la-misurazione-del-benessere-bes/il-bes-dei-territori/	nan · Dato regionale annuale; non costituisce una notizia del 2026.	ultimo dato osservato, non nuovo segnale PULSE
Politica e istituzioni	Amministratori comunali con meno di 40 anni	Marche	2024	25	Valori percentuali	Bes dei territori — ISTAT	https://www.istat.it/statistiche-per-temi/focus/benessere-e-sostenibilita/la-misurazione-del-benessere-bes/il-bes-dei-territori/	nan · Dato regionale annuale; non costituisce una notizia del 2026.	ultimo dato osservato, non nuovo segnale PULSE
Politica e istituzioni	Amministratori comunali con meno di 40 anni	Lazio	2024	22.2	Valori percentuali	Bes dei territori — ISTAT	https://www.istat.it/statistiche-per-temi/focus/benessere-e-sostenibilita/la-misurazione-del-benessere-bes/il-bes-dei-territori/	nan · Dato regionale annuale; non costituisce una notizia del 2026.	ultimo dato osservato, non nuovo segnale PULSE
Politica e istituzioni	Amministratori comunali con meno di 40 anni	Abruzzo	2024	24.2	Valori percentuali	Bes dei territori — ISTAT	https://www.istat.it/statistiche-per-temi/focus/benessere-e-sostenibilita/la-misurazione-del-benessere-bes/il-bes-dei-territori/	nan · Dato regionale annuale; non costituisce una notizia del 2026.	ultimo dato osservato, non nuovo segnale PULSE
Politica e istituzioni	Amministratori comunali con meno di 40 anni	Molise	2024	25.9	Valori percentuali	Bes dei territori — ISTAT	https://www.istat.it/statistiche-per-temi/focus/benessere-e-sostenibilita/la-misurazione-del-benessere-bes/il-bes-dei-territori/	nan · Dato regionale annuale; non costituisce una notizia del 2026.	ultimo dato osservato, non nuovo segnale PULSE
Politica e istituzioni	Amministratori comunali con meno di 40 anni	Campania	2024	26	Valori percentuali	Bes dei territori — ISTAT	https://www.istat.it/statistiche-per-temi/focus/benessere-e-sostenibilita/la-misurazione-del-benessere-bes/il-bes-dei-territori/	nan · Dato regionale annuale; non costituisce una notizia del 2026.	ultimo dato osservato, non nuovo segnale PULSE
Politica e istituzioni	Amministratori comunali con meno di 40 anni	Puglia	2024	22	Valori percentuali	Bes dei territori — ISTAT	https://www.istat.it/statistiche-per-temi/focus/benessere-e-sostenibilita/la-misurazione-del-benessere-bes/il-bes-dei-territori/	nan · Dato regionale annuale; non costituisce una notizia del 2026.	ultimo dato osservato, non nuovo segnale PULSE
Politica e istituzioni	Amministratori comunali con meno di 40 anni	Basilicata	2024	29.9	Valori percentuali	Bes dei territori — ISTAT	https://www.istat.it/statistiche-per-temi/focus/benessere-e-sostenibilita/la-misurazione-del-benessere-bes/il-bes-dei-territori/	nan · Dato regionale annuale; non costituisce una notizia del 2026.	ultimo dato osservato, non nuovo segnale PULSE
Politica e istituzioni	Amministratori comunali con meno di 40 anni	Calabria	2024	29.7	Valori percentuali	Bes dei territori — ISTAT	https://www.istat.it/statistiche-per-temi/focus/benessere-e-sostenibilita/la-misurazione-del-benessere-bes/il-bes-dei-territori/	nan · Dato regionale annuale; non costituisce una notizia del 2026.	ultimo dato osservato, non nuovo segnale PULSE
Politica e istituzioni	Amministratori comunali con meno di 40 anni	Sicilia	2024	29.8	Valori percentuali	Bes dei territori — ISTAT	https://www.istat.it/statistiche-per-temi/focus/benessere-e-sostenibilita/la-misurazione-del-benessere-bes/il-bes-dei-territori/	nan · Dato regionale annuale; non costituisce una notizia del 2026.	ultimo dato osservato, non nuovo segnale PULSE
Politica e istituzioni	Amministratori comunali con meno di 40 anni	Sardegna	2024	25	Valori percentuali	Bes dei territori — ISTAT	https://www.istat.it/statistiche-per-temi/focus/benessere-e-sostenibilita/la-misurazione-del-benessere-bes/il-bes-dei-territori/	nan · Dato regionale annuale; non costituisce una notizia del 2026.	ultimo dato osservato, non nuovo segnale PULSE
Politica e istituzioni	Affollamento degli istituti di pena	Piemonte	2024	111.8	Valori percentuali	Bes dei territori — ISTAT	https://www.istat.it/statistiche-per-temi/focus/benessere-e-sostenibilita/la-misurazione-del-benessere-bes/il-bes-dei-territori/	nan · Dato regionale annuale; non costituisce una notizia del 2026.	ultimo dato osservato, non nuovo segnale PULSE
Politica e istituzioni	Affollamento degli istituti di pena	Valle d'Aosta/Vallée d'Aoste	2024	77.9	Valori percentuali	Bes dei territori — ISTAT	https://www.istat.it/statistiche-per-temi/focus/benessere-e-sostenibilita/la-misurazione-del-benessere-bes/il-bes-dei-territori/	nan · Dato regionale annuale; non costituisce una notizia del 2026.	ultimo dato osservato, non nuovo segnale PULSE
Politica e istituzioni	Affollamento degli istituti di pena	Liguria	2024	120.2	Valori percentuali	Bes dei territori — ISTAT	https://www.istat.it/statistiche-per-temi/focus/benessere-e-sostenibilita/la-misurazione-del-benessere-bes/il-bes-dei-territori/	nan · Dato regionale annuale; non costituisce una notizia del 2026.	ultimo dato osservato, non nuovo segnale PULSE
Politica e istituzioni	Affollamento degli istituti di pena	Lombardia	2024	143.8	Valori percentuali	Bes dei territori — ISTAT	https://www.istat.it/statistiche-per-temi/focus/benessere-e-sostenibilita/la-misurazione-del-benessere-bes/il-bes-dei-territori/	nan · Dato regionale annuale; non costituisce una notizia del 2026.	ultimo dato osservato, non nuovo segnale PULSE
Politica e istituzioni	Affollamento degli istituti di pena	Trentino-Alto Adige/Südtirol	2024	93.3	Valori percentuali	Bes dei territori — ISTAT	https://www.istat.it/statistiche-per-temi/focus/benessere-e-sostenibilita/la-misurazione-del-benessere-bes/il-bes-dei-territori/	nan · Dato regionale annuale; non costituisce una notizia del 2026.	ultimo dato osservato, non nuovo segnale PULSE
Politica e istituzioni	Affollamento degli istituti di pena	Veneto	2024	140.5	Valori percentuali	Bes dei territori — ISTAT	https://www.istat.it/statistiche-per-temi/focus/benessere-e-sostenibilita/la-misurazione-del-benessere-bes/il-bes-dei-territori/	nan · Dato regionale annuale; non costituisce una notizia del 2026.	ultimo dato osservato, non nuovo segnale PULSE
Politica e istituzioni	Affollamento degli istituti di pena	Friuli-Venezia Giulia	2024	142.4	Valori percentuali	Bes dei territori — ISTAT	https://www.istat.it/statistiche-per-temi/focus/benessere-e-sostenibilita/la-misurazione-del-benessere-bes/il-bes-dei-territori/	nan · Dato regionale annuale; non costituisce una notizia del 2026.	ultimo dato osservato, non nuovo segnale PULSE
Politica e istituzioni	Affollamento degli istituti di pena	Emilia-Romagna	2024	127.8	Valori percentuali	Bes dei territori — ISTAT	https://www.istat.it/statistiche-per-temi/focus/benessere-e-sostenibilita/la-misurazione-del-benessere-bes/il-bes-dei-territori/	nan · Dato regionale annuale; non costituisce una notizia del 2026.	ultimo dato osservato, non nuovo segnale PULSE
Politica e istituzioni	Affollamento degli istituti di pena	Toscana	2024	101.5	Valori percentuali	Bes dei territori — ISTAT	https://www.istat.it/statistiche-per-temi/focus/benessere-e-sostenibilita/la-misurazione-del-benessere-bes/il-bes-dei-territori/	nan · Dato regionale annuale; non costituisce una notizia del 2026.	ultimo dato osservato, non nuovo segnale PULSE
Politica e istituzioni	Affollamento degli istituti di pena	Umbria	2024	120.7	Valori percentuali	Bes dei territori — ISTAT	https://www.istat.it/statistiche-per-temi/focus/benessere-e-sostenibilita/la-misurazione-del-benessere-bes/il-bes-dei-territori/	nan · Dato regionale annuale; non costituisce una notizia del 2026.	ultimo dato osservato, non nuovo segnale PULSE
Politica e istituzioni	Affollamento degli istituti di pena	Marche	2024	113.5	Valori percentuali	Bes dei territori — ISTAT	https://www.istat.it/statistiche-per-temi/focus/benessere-e-sostenibilita/la-misurazione-del-benessere-bes/il-bes-dei-territori/	nan · Dato regionale annuale; non costituisce una notizia del 2026.	ultimo dato osservato, non nuovo segnale PULSE
Politica e istituzioni	Affollamento degli istituti di pena	Lazio	2024	126.2	Valori percentuali	Bes dei territori — ISTAT	https://www.istat.it/statistiche-per-temi/focus/benessere-e-sostenibilita/la-misurazione-del-benessere-bes/il-bes-dei-territori/	nan · Dato regionale annuale; non costituisce una notizia del 2026.	ultimo dato osservato, non nuovo segnale PULSE
Politica e istituzioni	Affollamento degli istituti di pena	Abruzzo	2024	112.4	Valori percentuali	Bes dei territori — ISTAT	https://www.istat.it/statistiche-per-temi/focus/benessere-e-sostenibilita/la-misurazione-del-benessere-bes/il-bes-dei-territori/	nan · Dato regionale annuale; non costituisce una notizia del 2026.	ultimo dato osservato, non nuovo segnale PULSE
Politica e istituzioni	Affollamento degli istituti di pena	Molise	2024	139.6	Valori percentuali	Bes dei territori — ISTAT	https://www.istat.it/statistiche-per-temi/focus/benessere-e-sostenibilita/la-misurazione-del-benessere-bes/il-bes-dei-territori/	nan · Dato regionale annuale; non costituisce una notizia del 2026.	ultimo dato osservato, non nuovo segnale PULSE
Politica e istituzioni	Affollamento degli istituti di pena	Campania	2024	121.4	Valori percentuali	Bes dei territori — ISTAT	https://www.istat.it/statistiche-per-temi/focus/benessere-e-sostenibilita/la-misurazione-del-benessere-bes/il-bes-dei-territori/	nan · Dato regionale annuale; non costituisce una notizia del 2026.	ultimo dato osservato, non nuovo segnale PULSE
Politica e istituzioni	Affollamento degli istituti di pena	Puglia	2024	148	Valori percentuali	Bes dei territori — ISTAT	https://www.istat.it/statistiche-per-temi/focus/benessere-e-sostenibilita/la-misurazione-del-benessere-bes/il-bes-dei-territori/	nan · Dato regionale annuale; non costituisce una notizia del 2026.	ultimo dato osservato, non nuovo segnale PULSE
Politica e istituzioni	Affollamento degli istituti di pena	Basilicata	2024	124.7	Valori percentuali	Bes dei territori — ISTAT	https://www.istat.it/statistiche-per-temi/focus/benessere-e-sostenibilita/la-misurazione-del-benessere-bes/il-bes-dei-territori/	nan · Dato regionale annuale; non costituisce una notizia del 2026.	ultimo dato osservato, non nuovo segnale PULSE
Politica e istituzioni	Affollamento degli istituti di pena	Calabria	2024	109.8	Valori percentuali	Bes dei territori — ISTAT	https://www.istat.it/statistiche-per-temi/focus/benessere-e-sostenibilita/la-misurazione-del-benessere-bes/il-bes-dei-territori/	nan · Dato regionale annuale; non costituisce una notizia del 2026.	ultimo dato osservato, non nuovo segnale PULSE
Politica e istituzioni	Affollamento degli istituti di pena	Sicilia	2024	107.7	Valori percentuali	Bes dei territori — ISTAT	https://www.istat.it/statistiche-per-temi/focus/benessere-e-sostenibilita/la-misurazione-del-benessere-bes/il-bes-dei-territori/	nan · Dato regionale annuale; non costituisce una notizia del 2026.	ultimo dato osservato, non nuovo segnale PULSE
Politica e istituzioni	Affollamento degli istituti di pena	Sardegna	2024	87.6	Valori percentuali	Bes dei territori — ISTAT	https://www.istat.it/statistiche-per-temi/focus/benessere-e-sostenibilita/la-misurazione-del-benessere-bes/il-bes-dei-territori/	nan · Dato regionale annuale; non costituisce una notizia del 2026.	ultimo dato osservato, non nuovo segnale PULSE
Politica e istituzioni	Comuni: capacità di riscossione	Piemonte	2022	79.6	Valori percentuali	Bes dei territori — ISTAT	https://www.istat.it/statistiche-per-temi/focus/benessere-e-sostenibilita/la-misurazione-del-benessere-bes/il-bes-dei-territori/	nan · Dato regionale annuale; non costituisce una notizia del 2026.	ultimo dato osservato, non nuovo segnale PULSE
Politica e istituzioni	Comuni: capacità di riscossione	Valle d'Aosta/Vallée d'Aoste	2022	80.5	Valori percentuali	Bes dei territori — ISTAT	https://www.istat.it/statistiche-per-temi/focus/benessere-e-sostenibilita/la-misurazione-del-benessere-bes/il-bes-dei-territori/	nan · Dato regionale annuale; non costituisce una notizia del 2026.	ultimo dato osservato, non nuovo segnale PULSE
Politica e istituzioni	Comuni: capacità di riscossione	Liguria	2022	79	Valori percentuali	Bes dei territori — ISTAT	https://www.istat.it/statistiche-per-temi/focus/benessere-e-sostenibilita/la-misurazione-del-benessere-bes/il-bes-dei-territori/	nan · Dato regionale annuale; non costituisce una notizia del 2026.	ultimo dato osservato, non nuovo segnale PULSE
Politica e istituzioni	Comuni: capacità di riscossione	Lombardia	2022	77.9	Valori percentuali	Bes dei territori — ISTAT	https://www.istat.it/statistiche-per-temi/focus/benessere-e-sostenibilita/la-misurazione-del-benessere-bes/il-bes-dei-territori/	nan · Dato regionale annuale; non costituisce una notizia del 2026.	ultimo dato osservato, non nuovo segnale PULSE
Politica e istituzioni	Comuni: capacità di riscossione	Trentino-Alto Adige/Südtirol	2022	73.1	Valori percentuali	Bes dei territori — ISTAT	https://www.istat.it/statistiche-per-temi/focus/benessere-e-sostenibilita/la-misurazione-del-benessere-bes/il-bes-dei-territori/	nan · Dato regionale annuale; non costituisce una notizia del 2026.	ultimo dato osservato, non nuovo segnale PULSE
Politica e istituzioni	Comuni: capacità di riscossione	Veneto	2022	79.8	Valori percentuali	Bes dei territori — ISTAT	https://www.istat.it/statistiche-per-temi/focus/benessere-e-sostenibilita/la-misurazione-del-benessere-bes/il-bes-dei-territori/	nan · Dato regionale annuale; non costituisce una notizia del 2026.	ultimo dato osservato, non nuovo segnale PULSE
Politica e istituzioni	Comuni: capacità di riscossione	Friuli-Venezia Giulia	2022	81.3	Valori percentuali	Bes dei territori — ISTAT	https://www.istat.it/statistiche-per-temi/focus/benessere-e-sostenibilita/la-misurazione-del-benessere-bes/il-bes-dei-territori/	nan · Dato regionale annuale; non costituisce una notizia del 2026.	ultimo dato osservato, non nuovo segnale PULSE
Politica e istituzioni	Comuni: capacità di riscossione	Emilia-Romagna	2022	79.2	Valori percentuali	Bes dei territori — ISTAT	https://www.istat.it/statistiche-per-temi/focus/benessere-e-sostenibilita/la-misurazione-del-benessere-bes/il-bes-dei-territori/	nan · Dato regionale annuale; non costituisce una notizia del 2026.	ultimo dato osservato, non nuovo segnale PULSE
Politica e istituzioni	Comuni: capacità di riscossione	Toscana	2022	75.8	Valori percentuali	Bes dei territori — ISTAT	https://www.istat.it/statistiche-per-temi/focus/benessere-e-sostenibilita/la-misurazione-del-benessere-bes/il-bes-dei-territori/	nan · Dato regionale annuale; non costituisce una notizia del 2026.	ultimo dato osservato, non nuovo segnale PULSE
Politica e istituzioni	Comuni: capacità di riscossione	Umbria	2022	76.5	Valori percentuali	Bes dei territori — ISTAT	https://www.istat.it/statistiche-per-temi/focus/benessere-e-sostenibilita/la-misurazione-del-benessere-bes/il-bes-dei-territori/	nan · Dato regionale annuale; non costituisce una notizia del 2026.	ultimo dato osservato, non nuovo segnale PULSE
Politica e istituzioni	Comuni: capacità di riscossione	Marche	2022	73.2	Valori percentuali	Bes dei territori — ISTAT	https://www.istat.it/statistiche-per-temi/focus/benessere-e-sostenibilita/la-misurazione-del-benessere-bes/il-bes-dei-territori/	nan · Dato regionale annuale; non costituisce una notizia del 2026.	ultimo dato osservato, non nuovo segnale PULSE
Politica e istituzioni	Comuni: capacità di riscossione	Lazio	2022	73.3	Valori percentuali	Bes dei territori — ISTAT	https://www.istat.it/statistiche-per-temi/focus/benessere-e-sostenibilita/la-misurazione-del-benessere-bes/il-bes-dei-territori/	nan · Dato regionale annuale; non costituisce una notizia del 2026.	ultimo dato osservato, non nuovo segnale PULSE
Politica e istituzioni	Comuni: capacità di riscossione	Abruzzo	2022	60.1	Valori percentuali	Bes dei territori — ISTAT	https://www.istat.it/statistiche-per-temi/focus/benessere-e-sostenibilita/la-misurazione-del-benessere-bes/il-bes-dei-territori/	nan · Dato regionale annuale; non costituisce una notizia del 2026.	ultimo dato osservato, non nuovo segnale PULSE
Politica e istituzioni	Comuni: capacità di riscossione	Molise	2022	66.4	Valori percentuali	Bes dei territori — ISTAT	https://www.istat.it/statistiche-per-temi/focus/benessere-e-sostenibilita/la-misurazione-del-benessere-bes/il-bes-dei-territori/	nan · Dato regionale annuale; non costituisce una notizia del 2026.	ultimo dato osservato, non nuovo segnale PULSE
Politica e istituzioni	Comuni: capacità di riscossione	Campania	2022	66.1	Valori percentuali	Bes dei territori — ISTAT	https://www.istat.it/statistiche-per-temi/focus/benessere-e-sostenibilita/la-misurazione-del-benessere-bes/il-bes-dei-territori/	nan · Dato regionale annuale; non costituisce una notizia del 2026.	ultimo dato osservato, non nuovo segnale PULSE
Politica e istituzioni	Comuni: capacità di riscossione	Puglia	2022	71.5	Valori percentuali	Bes dei territori — ISTAT	https://www.istat.it/statistiche-per-temi/focus/benessere-e-sostenibilita/la-misurazione-del-benessere-bes/il-bes-dei-territori/	nan · Dato regionale annuale; non costituisce una notizia del 2026.	ultimo dato osservato, non nuovo segnale PULSE
Politica e istituzioni	Comuni: capacità di riscossione	Basilicata	2022	73	Valori percentuali	Bes dei territori — ISTAT	https://www.istat.it/statistiche-per-temi/focus/benessere-e-sostenibilita/la-misurazione-del-benessere-bes/il-bes-dei-territori/	nan · Dato regionale annuale; non costituisce una notizia del 2026.	ultimo dato osservato, non nuovo segnale PULSE
Politica e istituzioni	Comuni: capacità di riscossione	Calabria	2022	63	Valori percentuali	Bes dei territori — ISTAT	https://www.istat.it/statistiche-per-temi/focus/benessere-e-sostenibilita/la-misurazione-del-benessere-bes/il-bes-dei-territori/	nan · Dato regionale annuale; non costituisce una notizia del 2026.	ultimo dato osservato, non nuovo segnale PULSE
Politica e istituzioni	Comuni: capacità di riscossione	Sicilia	2022	70.1	Valori percentuali	Bes dei territori — ISTAT	https://www.istat.it/statistiche-per-temi/focus/benessere-e-sostenibilita/la-misurazione-del-benessere-bes/il-bes-dei-territori/	nan · Dato regionale annuale; non costituisce una notizia del 2026.	ultimo dato osservato, non nuovo segnale PULSE
Politica e istituzioni	Comuni: capacità di riscossione	Sardegna	2022	78.5	Valori percentuali	Bes dei territori — ISTAT	https://www.istat.it/statistiche-per-temi/focus/benessere-e-sostenibilita/la-misurazione-del-benessere-bes/il-bes-dei-territori/	nan · Dato regionale annuale; non costituisce una notizia del 2026.	ultimo dato osservato, non nuovo segnale PULSE
Politica e istituzioni	Amministrazioni provinciali: capacità di riscossione	Piemonte	2022	81.2	Valori percentuali	Bes dei territori — ISTAT	https://www.istat.it/statistiche-per-temi/focus/benessere-e-sostenibilita/la-misurazione-del-benessere-bes/il-bes-dei-territori/	(a) Nel 2019 tutte le Amministrazioni provinciali del Friuli-Venezia Giulia risultano abolite. · Dato regionale annuale; non costituisce una notizia del 2026.	ultimo dato osservato, non nuovo segnale PULSE
Politica e istituzioni	Amministrazioni provinciali: capacità di riscossione	Valle d'Aosta/Vallée d'Aoste	2022	79.5	Valori percentuali	Bes dei territori — ISTAT	https://www.istat.it/statistiche-per-temi/focus/benessere-e-sostenibilita/la-misurazione-del-benessere-bes/il-bes-dei-territori/	(a) Nel 2019 tutte le Amministrazioni provinciali del Friuli-Venezia Giulia risultano abolite. · Dato regionale annuale; non costituisce una notizia del 2026.	ultimo dato osservato, non nuovo segnale PULSE
Politica e istituzioni	Amministrazioni provinciali: capacità di riscossione	Liguria	2022	82.7	Valori percentuali	Bes dei territori — ISTAT	https://www.istat.it/statistiche-per-temi/focus/benessere-e-sostenibilita/la-misurazione-del-benessere-bes/il-bes-dei-territori/	(a) Nel 2019 tutte le Amministrazioni provinciali del Friuli-Venezia Giulia risultano abolite. · Dato regionale annuale; non costituisce una notizia del 2026.	ultimo dato osservato, non nuovo segnale PULSE
Politica e istituzioni	Amministrazioni provinciali: capacità di riscossione	Lombardia	2022	73.4	Valori percentuali	Bes dei territori — ISTAT	https://www.istat.it/statistiche-per-temi/focus/benessere-e-sostenibilita/la-misurazione-del-benessere-bes/il-bes-dei-territori/	(a) Nel 2019 tutte le Amministrazioni provinciali del Friuli-Venezia Giulia risultano abolite. · Dato regionale annuale; non costituisce una notizia del 2026.	ultimo dato osservato, non nuovo segnale PULSE
Politica e istituzioni	Amministrazioni provinciali: capacità di riscossione	Trentino-Alto Adige/Südtirol	2022	94.3	Valori percentuali	Bes dei territori — ISTAT	https://www.istat.it/statistiche-per-temi/focus/benessere-e-sostenibilita/la-misurazione-del-benessere-bes/il-bes-dei-territori/	(a) Nel 2019 tutte le Amministrazioni provinciali del Friuli-Venezia Giulia risultano abolite. · Dato regionale annuale; non costituisce una notizia del 2026.	ultimo dato osservato, non nuovo segnale PULSE
Politica e istituzioni	Amministrazioni provinciali: capacità di riscossione	Veneto	2022	89.4	Valori percentuali	Bes dei territori — ISTAT	https://www.istat.it/statistiche-per-temi/focus/benessere-e-sostenibilita/la-misurazione-del-benessere-bes/il-bes-dei-territori/	(a) Nel 2019 tutte le Amministrazioni provinciali del Friuli-Venezia Giulia risultano abolite. · Dato regionale annuale; non costituisce una notizia del 2026.	ultimo dato osservato, non nuovo segnale PULSE
Politica e istituzioni	Amministrazioni provinciali: capacità di riscossione	Friuli-Venezia Giulia	2017	54	Valori percentuali	Bes dei territori — ISTAT	https://www.istat.it/statistiche-per-temi/focus/benessere-e-sostenibilita/la-misurazione-del-benessere-bes/il-bes-dei-territori/	(a) Nel 2019 tutte le Amministrazioni provinciali del Friuli-Venezia Giulia risultano abolite. · Dato regionale annuale; non costituisce una notizia del 2026.	ultimo dato osservato, non nuovo segnale PULSE
Politica e istituzioni	Amministrazioni provinciali: capacità di riscossione	Emilia-Romagna	2022	85.5	Valori percentuali	Bes dei territori — ISTAT	https://www.istat.it/statistiche-per-temi/focus/benessere-e-sostenibilita/la-misurazione-del-benessere-bes/il-bes-dei-territori/	(a) Nel 2019 tutte le Amministrazioni provinciali del Friuli-Venezia Giulia risultano abolite. · Dato regionale annuale; non costituisce una notizia del 2026.	ultimo dato osservato, non nuovo segnale PULSE
Politica e istituzioni	Amministrazioni provinciali: capacità di riscossione	Toscana	2022	82.7	Valori percentuali	Bes dei territori — ISTAT	https://www.istat.it/statistiche-per-temi/focus/benessere-e-sostenibilita/la-misurazione-del-benessere-bes/il-bes-dei-territori/	(a) Nel 2019 tutte le Amministrazioni provinciali del Friuli-Venezia Giulia risultano abolite. · Dato regionale annuale; non costituisce una notizia del 2026.	ultimo dato osservato, non nuovo segnale PULSE
Politica e istituzioni	Amministrazioni provinciali: capacità di riscossione	Umbria	2022	62.3	Valori percentuali	Bes dei territori — ISTAT	https://www.istat.it/statistiche-per-temi/focus/benessere-e-sostenibilita/la-misurazione-del-benessere-bes/il-bes-dei-territori/	(a) Nel 2019 tutte le Amministrazioni provinciali del Friuli-Venezia Giulia risultano abolite. · Dato regionale annuale; non costituisce una notizia del 2026.	ultimo dato osservato, non nuovo segnale PULSE
Politica e istituzioni	Amministrazioni provinciali: capacità di riscossione	Marche	2022	88	Valori percentuali	Bes dei territori — ISTAT	https://www.istat.it/statistiche-per-temi/focus/benessere-e-sostenibilita/la-misurazione-del-benessere-bes/il-bes-dei-territori/	(a) Nel 2019 tutte le Amministrazioni provinciali del Friuli-Venezia Giulia risultano abolite. · Dato regionale annuale; non costituisce una notizia del 2026.	ultimo dato osservato, non nuovo segnale PULSE
Politica e istituzioni	Amministrazioni provinciali: capacità di riscossione	Lazio	2022	69.1	Valori percentuali	Bes dei territori — ISTAT	https://www.istat.it/statistiche-per-temi/focus/benessere-e-sostenibilita/la-misurazione-del-benessere-bes/il-bes-dei-territori/	(a) Nel 2019 tutte le Amministrazioni provinciali del Friuli-Venezia Giulia risultano abolite. · Dato regionale annuale; non costituisce una notizia del 2026.	ultimo dato osservato, non nuovo segnale PULSE
Politica e istituzioni	Amministrazioni provinciali: capacità di riscossione	Abruzzo	2022	78.2	Valori percentuali	Bes dei territori — ISTAT	https://www.istat.it/statistiche-per-temi/focus/benessere-e-sostenibilita/la-misurazione-del-benessere-bes/il-bes-dei-territori/	(a) Nel 2019 tutte le Amministrazioni provinciali del Friuli-Venezia Giulia risultano abolite. · Dato regionale annuale; non costituisce una notizia del 2026.	ultimo dato osservato, non nuovo segnale PULSE
Politica e istituzioni	Amministrazioni provinciali: capacità di riscossione	Molise	2022	81.3	Valori percentuali	Bes dei territori — ISTAT	https://www.istat.it/statistiche-per-temi/focus/benessere-e-sostenibilita/la-misurazione-del-benessere-bes/il-bes-dei-territori/	(a) Nel 2019 tutte le Amministrazioni provinciali del Friuli-Venezia Giulia risultano abolite. · Dato regionale annuale; non costituisce una notizia del 2026.	ultimo dato osservato, non nuovo segnale PULSE
Politica e istituzioni	Amministrazioni provinciali: capacità di riscossione	Campania	2022	79.7	Valori percentuali	Bes dei territori — ISTAT	https://www.istat.it/statistiche-per-temi/focus/benessere-e-sostenibilita/la-misurazione-del-benessere-bes/il-bes-dei-territori/	(a) Nel 2019 tutte le Amministrazioni provinciali del Friuli-Venezia Giulia risultano abolite. · Dato regionale annuale; non costituisce una notizia del 2026.	ultimo dato osservato, non nuovo segnale PULSE
Politica e istituzioni	Amministrazioni provinciali: capacità di riscossione	Puglia	2022	86.1	Valori percentuali	Bes dei territori — ISTAT	https://www.istat.it/statistiche-per-temi/focus/benessere-e-sostenibilita/la-misurazione-del-benessere-bes/il-bes-dei-territori/	(a) Nel 2019 tutte le Amministrazioni provinciali del Friuli-Venezia Giulia risultano abolite. · Dato regionale annuale; non costituisce una notizia del 2026.	ultimo dato osservato, non nuovo segnale PULSE
Politica e istituzioni	Amministrazioni provinciali: capacità di riscossione	Basilicata	2022	79.4	Valori percentuali	Bes dei territori — ISTAT	https://www.istat.it/statistiche-per-temi/focus/benessere-e-sostenibilita/la-misurazione-del-benessere-bes/il-bes-dei-territori/	(a) Nel 2019 tutte le Amministrazioni provinciali del Friuli-Venezia Giulia risultano abolite. · Dato regionale annuale; non costituisce una notizia del 2026.	ultimo dato osservato, non nuovo segnale PULSE
Politica e istituzioni	Amministrazioni provinciali: capacità di riscossione	Calabria	2022	78.7	Valori percentuali	Bes dei territori — ISTAT	https://www.istat.it/statistiche-per-temi/focus/benessere-e-sostenibilita/la-misurazione-del-benessere-bes/il-bes-dei-territori/	(a) Nel 2019 tutte le Amministrazioni provinciali del Friuli-Venezia Giulia risultano abolite. · Dato regionale annuale; non costituisce una notizia del 2026.	ultimo dato osservato, non nuovo segnale PULSE
Politica e istituzioni	Amministrazioni provinciali: capacità di riscossione	Sicilia	2022	79.3	Valori percentuali	Bes dei territori — ISTAT	https://www.istat.it/statistiche-per-temi/focus/benessere-e-sostenibilita/la-misurazione-del-benessere-bes/il-bes-dei-territori/	(a) Nel 2019 tutte le Amministrazioni provinciali del Friuli-Venezia Giulia risultano abolite. · Dato regionale annuale; non costituisce una notizia del 2026.	ultimo dato osservato, non nuovo segnale PULSE
Politica e istituzioni	Amministrazioni provinciali: capacità di riscossione	Sardegna	2022	83.8	Valori percentuali	Bes dei territori — ISTAT	https://www.istat.it/statistiche-per-temi/focus/benessere-e-sostenibilita/la-misurazione-del-benessere-bes/il-bes-dei-territori/	(a) Nel 2019 tutte le Amministrazioni provinciali del Friuli-Venezia Giulia risultano abolite. · Dato regionale annuale; non costituisce una notizia del 2026.	ultimo dato osservato, non nuovo segnale PULSE
Territorio e mobilità	Omicidi volontari	Piemonte	2023	0.5	Per 100.000 abitanti	Bes dei territori — ISTAT	https://www.istat.it/statistiche-per-temi/focus/benessere-e-sostenibilita/la-misurazione-del-benessere-bes/il-bes-dei-territori/	I dati delle province di Sassari, Nuoro, Cagliari e Oristano si riferiscono ai confini in essere fino al 31 dicembre 2005; la somma dei dati provinciali corrisponde al dato complessivo della regione Sardegna. · Dato regionale annuale; non costituisce una notizia del 2026.	ultimo dato osservato, non nuovo segnale PULSE
Territorio e mobilità	Omicidi volontari	Valle d'Aosta/Vallée d'Aoste	2021	1.6	Per 100.000 abitanti	Bes dei territori — ISTAT	https://www.istat.it/statistiche-per-temi/focus/benessere-e-sostenibilita/la-misurazione-del-benessere-bes/il-bes-dei-territori/	I dati delle province di Sassari, Nuoro, Cagliari e Oristano si riferiscono ai confini in essere fino al 31 dicembre 2005; la somma dei dati provinciali corrisponde al dato complessivo della regione Sardegna. · Dato regionale annuale; non costituisce una notizia del 2026.	ultimo dato osservato, non nuovo segnale PULSE
Territorio e mobilità	Omicidi volontari	Liguria	2023	0.9	Per 100.000 abitanti	Bes dei territori — ISTAT	https://www.istat.it/statistiche-per-temi/focus/benessere-e-sostenibilita/la-misurazione-del-benessere-bes/il-bes-dei-territori/	I dati delle province di Sassari, Nuoro, Cagliari e Oristano si riferiscono ai confini in essere fino al 31 dicembre 2005; la somma dei dati provinciali corrisponde al dato complessivo della regione Sardegna. · Dato regionale annuale; non costituisce una notizia del 2026.	ultimo dato osservato, non nuovo segnale PULSE
Territorio e mobilità	Omicidi volontari	Lombardia	2023	0.4	Per 100.000 abitanti	Bes dei territori — ISTAT	https://www.istat.it/statistiche-per-temi/focus/benessere-e-sostenibilita/la-misurazione-del-benessere-bes/il-bes-dei-territori/	I dati delle province di Sassari, Nuoro, Cagliari e Oristano si riferiscono ai confini in essere fino al 31 dicembre 2005; la somma dei dati provinciali corrisponde al dato complessivo della regione Sardegna. · Dato regionale annuale; non costituisce una notizia del 2026.	ultimo dato osservato, non nuovo segnale PULSE
Territorio e mobilità	Omicidi volontari	Trentino-Alto Adige/Südtirol	2023	0.5	Per 100.000 abitanti	Bes dei territori — ISTAT	https://www.istat.it/statistiche-per-temi/focus/benessere-e-sostenibilita/la-misurazione-del-benessere-bes/il-bes-dei-territori/	I dati delle province di Sassari, Nuoro, Cagliari e Oristano si riferiscono ai confini in essere fino al 31 dicembre 2005; la somma dei dati provinciali corrisponde al dato complessivo della regione Sardegna. · Dato regionale annuale; non costituisce una notizia del 2026.	ultimo dato osservato, non nuovo segnale PULSE
Territorio e mobilità	Omicidi volontari	Veneto	2023	0.5	Per 100.000 abitanti	Bes dei territori — ISTAT	https://www.istat.it/statistiche-per-temi/focus/benessere-e-sostenibilita/la-misurazione-del-benessere-bes/il-bes-dei-territori/	I dati delle province di Sassari, Nuoro, Cagliari e Oristano si riferiscono ai confini in essere fino al 31 dicembre 2005; la somma dei dati provinciali corrisponde al dato complessivo della regione Sardegna. · Dato regionale annuale; non costituisce una notizia del 2026.	ultimo dato osservato, non nuovo segnale PULSE
Territorio e mobilità	Omicidi volontari	Friuli-Venezia Giulia	2023	0.5	Per 100.000 abitanti	Bes dei territori — ISTAT	https://www.istat.it/statistiche-per-temi/focus/benessere-e-sostenibilita/la-misurazione-del-benessere-bes/il-bes-dei-territori/	I dati delle province di Sassari, Nuoro, Cagliari e Oristano si riferiscono ai confini in essere fino al 31 dicembre 2005; la somma dei dati provinciali corrisponde al dato complessivo della regione Sardegna. · Dato regionale annuale; non costituisce una notizia del 2026.	ultimo dato osservato, non nuovo segnale PULSE
Territorio e mobilità	Omicidi volontari	Emilia-Romagna	2023	0.6	Per 100.000 abitanti	Bes dei territori — ISTAT	https://www.istat.it/statistiche-per-temi/focus/benessere-e-sostenibilita/la-misurazione-del-benessere-bes/il-bes-dei-territori/	I dati delle province di Sassari, Nuoro, Cagliari e Oristano si riferiscono ai confini in essere fino al 31 dicembre 2005; la somma dei dati provinciali corrisponde al dato complessivo della regione Sardegna. · Dato regionale annuale; non costituisce una notizia del 2026.	ultimo dato osservato, non nuovo segnale PULSE
Territorio e mobilità	Omicidi volontari	Toscana	2023	0.6	Per 100.000 abitanti	Bes dei territori — ISTAT	https://www.istat.it/statistiche-per-temi/focus/benessere-e-sostenibilita/la-misurazione-del-benessere-bes/il-bes-dei-territori/	I dati delle province di Sassari, Nuoro, Cagliari e Oristano si riferiscono ai confini in essere fino al 31 dicembre 2005; la somma dei dati provinciali corrisponde al dato complessivo della regione Sardegna. · Dato regionale annuale; non costituisce una notizia del 2026.	ultimo dato osservato, non nuovo segnale PULSE
Territorio e mobilità	Omicidi volontari	Umbria	2023	0.5	Per 100.000 abitanti	Bes dei territori — ISTAT	https://www.istat.it/statistiche-per-temi/focus/benessere-e-sostenibilita/la-misurazione-del-benessere-bes/il-bes-dei-territori/	I dati delle province di Sassari, Nuoro, Cagliari e Oristano si riferiscono ai confini in essere fino al 31 dicembre 2005; la somma dei dati provinciali corrisponde al dato complessivo della regione Sardegna. · Dato regionale annuale; non costituisce una notizia del 2026.	ultimo dato osservato, non nuovo segnale PULSE
Territorio e mobilità	Omicidi volontari	Marche	2023	0.5	Per 100.000 abitanti	Bes dei territori — ISTAT	https://www.istat.it/statistiche-per-temi/focus/benessere-e-sostenibilita/la-misurazione-del-benessere-bes/il-bes-dei-territori/	I dati delle province di Sassari, Nuoro, Cagliari e Oristano si riferiscono ai confini in essere fino al 31 dicembre 2005; la somma dei dati provinciali corrisponde al dato complessivo della regione Sardegna. · Dato regionale annuale; non costituisce una notizia del 2026.	ultimo dato osservato, non nuovo segnale PULSE
Territorio e mobilità	Omicidi volontari	Lazio	2023	0.6	Per 100.000 abitanti	Bes dei territori — ISTAT	https://www.istat.it/statistiche-per-temi/focus/benessere-e-sostenibilita/la-misurazione-del-benessere-bes/il-bes-dei-territori/	I dati delle province di Sassari, Nuoro, Cagliari e Oristano si riferiscono ai confini in essere fino al 31 dicembre 2005; la somma dei dati provinciali corrisponde al dato complessivo della regione Sardegna. · Dato regionale annuale; non costituisce una notizia del 2026.	ultimo dato osservato, non nuovo segnale PULSE
Territorio e mobilità	Omicidi volontari	Abruzzo	2023	0.7	Per 100.000 abitanti	Bes dei territori — ISTAT	https://www.istat.it/statistiche-per-temi/focus/benessere-e-sostenibilita/la-misurazione-del-benessere-bes/il-bes-dei-territori/	I dati delle province di Sassari, Nuoro, Cagliari e Oristano si riferiscono ai confini in essere fino al 31 dicembre 2005; la somma dei dati provinciali corrisponde al dato complessivo della regione Sardegna. · Dato regionale annuale; non costituisce una notizia del 2026.	ultimo dato osservato, non nuovo segnale PULSE
Territorio e mobilità	Omicidi volontari	Molise	2022	0.3	Per 100.000 abitanti	Bes dei territori — ISTAT	https://www.istat.it/statistiche-per-temi/focus/benessere-e-sostenibilita/la-misurazione-del-benessere-bes/il-bes-dei-territori/	I dati delle province di Sassari, Nuoro, Cagliari e Oristano si riferiscono ai confini in essere fino al 31 dicembre 2005; la somma dei dati provinciali corrisponde al dato complessivo della regione Sardegna. · Dato regionale annuale; non costituisce una notizia del 2026.	ultimo dato osservato, non nuovo segnale PULSE
Territorio e mobilità	Omicidi volontari	Campania	2023	0.7	Per 100.000 abitanti	Bes dei territori — ISTAT	https://www.istat.it/statistiche-per-temi/focus/benessere-e-sostenibilita/la-misurazione-del-benessere-bes/il-bes-dei-territori/	I dati delle province di Sassari, Nuoro, Cagliari e Oristano si riferiscono ai confini in essere fino al 31 dicembre 2005; la somma dei dati provinciali corrisponde al dato complessivo della regione Sardegna. · Dato regionale annuale; non costituisce una notizia del 2026.	ultimo dato osservato, non nuovo segnale PULSE
Territorio e mobilità	Omicidi volontari	Puglia	2023	0.7	Per 100.000 abitanti	Bes dei territori — ISTAT	https://www.istat.it/statistiche-per-temi/focus/benessere-e-sostenibilita/la-misurazione-del-benessere-bes/il-bes-dei-territori/	I dati delle province di Sassari, Nuoro, Cagliari e Oristano si riferiscono ai confini in essere fino al 31 dicembre 2005; la somma dei dati provinciali corrisponde al dato complessivo della regione Sardegna. · Dato regionale annuale; non costituisce una notizia del 2026.	ultimo dato osservato, non nuovo segnale PULSE
Territorio e mobilità	Omicidi volontari	Basilicata	2023	0.4	Per 100.000 abitanti	Bes dei territori — ISTAT	https://www.istat.it/statistiche-per-temi/focus/benessere-e-sostenibilita/la-misurazione-del-benessere-bes/il-bes-dei-territori/	I dati delle province di Sassari, Nuoro, Cagliari e Oristano si riferiscono ai confini in essere fino al 31 dicembre 2005; la somma dei dati provinciali corrisponde al dato complessivo della regione Sardegna. · Dato regionale annuale; non costituisce una notizia del 2026.	ultimo dato osservato, non nuovo segnale PULSE
Territorio e mobilità	Omicidi volontari	Calabria	2023	0.7	Per 100.000 abitanti	Bes dei territori — ISTAT	https://www.istat.it/statistiche-per-temi/focus/benessere-e-sostenibilita/la-misurazione-del-benessere-bes/il-bes-dei-territori/	I dati delle province di Sassari, Nuoro, Cagliari e Oristano si riferiscono ai confini in essere fino al 31 dicembre 2005; la somma dei dati provinciali corrisponde al dato complessivo della regione Sardegna. · Dato regionale annuale; non costituisce una notizia del 2026.	ultimo dato osservato, non nuovo segnale PULSE
Territorio e mobilità	Omicidi volontari	Sicilia	2023	0.6	Per 100.000 abitanti	Bes dei territori — ISTAT	https://www.istat.it/statistiche-per-temi/focus/benessere-e-sostenibilita/la-misurazione-del-benessere-bes/il-bes-dei-territori/	I dati delle province di Sassari, Nuoro, Cagliari e Oristano si riferiscono ai confini in essere fino al 31 dicembre 2005; la somma dei dati provinciali corrisponde al dato complessivo della regione Sardegna. · Dato regionale annuale; non costituisce una notizia del 2026.	ultimo dato osservato, non nuovo segnale PULSE
Territorio e mobilità	Omicidi volontari	Sardegna	2023	1	Per 100.000 abitanti	Bes dei territori — ISTAT	https://www.istat.it/statistiche-per-temi/focus/benessere-e-sostenibilita/la-misurazione-del-benessere-bes/il-bes-dei-territori/	I dati delle province di Sassari, Nuoro, Cagliari e Oristano si riferiscono ai confini in essere fino al 31 dicembre 2005; la somma dei dati provinciali corrisponde al dato complessivo della regione Sardegna. · Dato regionale annuale; non costituisce una notizia del 2026.	ultimo dato osservato, non nuovo segnale PULSE
Territorio e mobilità	Altri delitti mortali denunciati	Piemonte	2023	1.7	Per 100.000 abitanti	Bes dei territori — ISTAT	https://www.istat.it/statistiche-per-temi/focus/benessere-e-sostenibilita/la-misurazione-del-benessere-bes/il-bes-dei-territori/	I dati delle province di Sassari, Nuoro, Cagliari e Oristano si riferiscono ai confini in essere fino al 31 dicembre 2005; la somma dei dati provinciali corrisponde al dato complessivo della regione Sardegna. · Dato regionale annuale; non costituisce una notizia del 2026.	ultimo dato osservato, non nuovo segnale PULSE
Territorio e mobilità	Altri delitti mortali denunciati	Valle d'Aosta/Vallée d'Aoste	2023	0.8	Per 100.000 abitanti	Bes dei territori — ISTAT	https://www.istat.it/statistiche-per-temi/focus/benessere-e-sostenibilita/la-misurazione-del-benessere-bes/il-bes-dei-territori/	I dati delle province di Sassari, Nuoro, Cagliari e Oristano si riferiscono ai confini in essere fino al 31 dicembre 2005; la somma dei dati provinciali corrisponde al dato complessivo della regione Sardegna. · Dato regionale annuale; non costituisce una notizia del 2026.	ultimo dato osservato, non nuovo segnale PULSE
Territorio e mobilità	Altri delitti mortali denunciati	Liguria	2023	2.3	Per 100.000 abitanti	Bes dei territori — ISTAT	https://www.istat.it/statistiche-per-temi/focus/benessere-e-sostenibilita/la-misurazione-del-benessere-bes/il-bes-dei-territori/	I dati delle province di Sassari, Nuoro, Cagliari e Oristano si riferiscono ai confini in essere fino al 31 dicembre 2005; la somma dei dati provinciali corrisponde al dato complessivo della regione Sardegna. · Dato regionale annuale; non costituisce una notizia del 2026.	ultimo dato osservato, non nuovo segnale PULSE
Territorio e mobilità	Altri delitti mortali denunciati	Lombardia	2023	2.3	Per 100.000 abitanti	Bes dei territori — ISTAT	https://www.istat.it/statistiche-per-temi/focus/benessere-e-sostenibilita/la-misurazione-del-benessere-bes/il-bes-dei-territori/	I dati delle province di Sassari, Nuoro, Cagliari e Oristano si riferiscono ai confini in essere fino al 31 dicembre 2005; la somma dei dati provinciali corrisponde al dato complessivo della regione Sardegna. · Dato regionale annuale; non costituisce una notizia del 2026.	ultimo dato osservato, non nuovo segnale PULSE
Territorio e mobilità	Altri delitti mortali denunciati	Trentino-Alto Adige/Südtirol	2023	1.9	Per 100.000 abitanti	Bes dei territori — ISTAT	https://www.istat.it/statistiche-per-temi/focus/benessere-e-sostenibilita/la-misurazione-del-benessere-bes/il-bes-dei-territori/	I dati delle province di Sassari, Nuoro, Cagliari e Oristano si riferiscono ai confini in essere fino al 31 dicembre 2005; la somma dei dati provinciali corrisponde al dato complessivo della regione Sardegna. · Dato regionale annuale; non costituisce una notizia del 2026.	ultimo dato osservato, non nuovo segnale PULSE
Territorio e mobilità	Altri delitti mortali denunciati	Veneto	2023	2.5	Per 100.000 abitanti	Bes dei territori — ISTAT	https://www.istat.it/statistiche-per-temi/focus/benessere-e-sostenibilita/la-misurazione-del-benessere-bes/il-bes-dei-territori/	I dati delle province di Sassari, Nuoro, Cagliari e Oristano si riferiscono ai confini in essere fino al 31 dicembre 2005; la somma dei dati provinciali corrisponde al dato complessivo della regione Sardegna. · Dato regionale annuale; non costituisce una notizia del 2026.	ultimo dato osservato, non nuovo segnale PULSE
Territorio e mobilità	Altri delitti mortali denunciati	Friuli-Venezia Giulia	2023	2.1	Per 100.000 abitanti	Bes dei territori — ISTAT	https://www.istat.it/statistiche-per-temi/focus/benessere-e-sostenibilita/la-misurazione-del-benessere-bes/il-bes-dei-territori/	I dati delle province di Sassari, Nuoro, Cagliari e Oristano si riferiscono ai confini in essere fino al 31 dicembre 2005; la somma dei dati provinciali corrisponde al dato complessivo della regione Sardegna. · Dato regionale annuale; non costituisce una notizia del 2026.	ultimo dato osservato, non nuovo segnale PULSE
Territorio e mobilità	Altri delitti mortali denunciati	Emilia-Romagna	2023	3.4	Per 100.000 abitanti	Bes dei territori — ISTAT	https://www.istat.it/statistiche-per-temi/focus/benessere-e-sostenibilita/la-misurazione-del-benessere-bes/il-bes-dei-territori/	I dati delle province di Sassari, Nuoro, Cagliari e Oristano si riferiscono ai confini in essere fino al 31 dicembre 2005; la somma dei dati provinciali corrisponde al dato complessivo della regione Sardegna. · Dato regionale annuale; non costituisce una notizia del 2026.	ultimo dato osservato, non nuovo segnale PULSE
Territorio e mobilità	Altri delitti mortali denunciati	Toscana	2023	2.3	Per 100.000 abitanti	Bes dei territori — ISTAT	https://www.istat.it/statistiche-per-temi/focus/benessere-e-sostenibilita/la-misurazione-del-benessere-bes/il-bes-dei-territori/	I dati delle province di Sassari, Nuoro, Cagliari e Oristano si riferiscono ai confini in essere fino al 31 dicembre 2005; la somma dei dati provinciali corrisponde al dato complessivo della regione Sardegna. · Dato regionale annuale; non costituisce una notizia del 2026.	ultimo dato osservato, non nuovo segnale PULSE
Territorio e mobilità	Altri delitti mortali denunciati	Umbria	2023	3.2	Per 100.000 abitanti	Bes dei territori — ISTAT	https://www.istat.it/statistiche-per-temi/focus/benessere-e-sostenibilita/la-misurazione-del-benessere-bes/il-bes-dei-territori/	I dati delle province di Sassari, Nuoro, Cagliari e Oristano si riferiscono ai confini in essere fino al 31 dicembre 2005; la somma dei dati provinciali corrisponde al dato complessivo della regione Sardegna. · Dato regionale annuale; non costituisce una notizia del 2026.	ultimo dato osservato, non nuovo segnale PULSE
Territorio e mobilità	Altri delitti mortali denunciati	Marche	2023	2.4	Per 100.000 abitanti	Bes dei territori — ISTAT	https://www.istat.it/statistiche-per-temi/focus/benessere-e-sostenibilita/la-misurazione-del-benessere-bes/il-bes-dei-territori/	I dati delle province di Sassari, Nuoro, Cagliari e Oristano si riferiscono ai confini in essere fino al 31 dicembre 2005; la somma dei dati provinciali corrisponde al dato complessivo della regione Sardegna. · Dato regionale annuale; non costituisce una notizia del 2026.	ultimo dato osservato, non nuovo segnale PULSE
Territorio e mobilità	Altri delitti mortali denunciati	Lazio	2023	3.6	Per 100.000 abitanti	Bes dei territori — ISTAT	https://www.istat.it/statistiche-per-temi/focus/benessere-e-sostenibilita/la-misurazione-del-benessere-bes/il-bes-dei-territori/	I dati delle province di Sassari, Nuoro, Cagliari e Oristano si riferiscono ai confini in essere fino al 31 dicembre 2005; la somma dei dati provinciali corrisponde al dato complessivo della regione Sardegna. · Dato regionale annuale; non costituisce una notizia del 2026.	ultimo dato osservato, non nuovo segnale PULSE
Territorio e mobilità	Altri delitti mortali denunciati	Abruzzo	2023	3.4	Per 100.000 abitanti	Bes dei territori — ISTAT	https://www.istat.it/statistiche-per-temi/focus/benessere-e-sostenibilita/la-misurazione-del-benessere-bes/il-bes-dei-territori/	I dati delle province di Sassari, Nuoro, Cagliari e Oristano si riferiscono ai confini in essere fino al 31 dicembre 2005; la somma dei dati provinciali corrisponde al dato complessivo della regione Sardegna. · Dato regionale annuale; non costituisce una notizia del 2026.	ultimo dato osservato, non nuovo segnale PULSE
Territorio e mobilità	Altri delitti mortali denunciati	Molise	2023	4.1	Per 100.000 abitanti	Bes dei territori — ISTAT	https://www.istat.it/statistiche-per-temi/focus/benessere-e-sostenibilita/la-misurazione-del-benessere-bes/il-bes-dei-territori/	I dati delle province di Sassari, Nuoro, Cagliari e Oristano si riferiscono ai confini in essere fino al 31 dicembre 2005; la somma dei dati provinciali corrisponde al dato complessivo della regione Sardegna. · Dato regionale annuale; non costituisce una notizia del 2026.	ultimo dato osservato, non nuovo segnale PULSE
Territorio e mobilità	Altri delitti mortali denunciati	Campania	2023	2.8	Per 100.000 abitanti	Bes dei territori — ISTAT	https://www.istat.it/statistiche-per-temi/focus/benessere-e-sostenibilita/la-misurazione-del-benessere-bes/il-bes-dei-territori/	I dati delle province di Sassari, Nuoro, Cagliari e Oristano si riferiscono ai confini in essere fino al 31 dicembre 2005; la somma dei dati provinciali corrisponde al dato complessivo della regione Sardegna. · Dato regionale annuale; non costituisce una notizia del 2026.	ultimo dato osservato, non nuovo segnale PULSE
Territorio e mobilità	Altri delitti mortali denunciati	Puglia	2023	3.4	Per 100.000 abitanti	Bes dei territori — ISTAT	https://www.istat.it/statistiche-per-temi/focus/benessere-e-sostenibilita/la-misurazione-del-benessere-bes/il-bes-dei-territori/	I dati delle province di Sassari, Nuoro, Cagliari e Oristano si riferiscono ai confini in essere fino al 31 dicembre 2005; la somma dei dati provinciali corrisponde al dato complessivo della regione Sardegna. · Dato regionale annuale; non costituisce una notizia del 2026.	ultimo dato osservato, non nuovo segnale PULSE
Territorio e mobilità	Altri delitti mortali denunciati	Basilicata	2023	2.6	Per 100.000 abitanti	Bes dei territori — ISTAT	https://www.istat.it/statistiche-per-temi/focus/benessere-e-sostenibilita/la-misurazione-del-benessere-bes/il-bes-dei-territori/	I dati delle province di Sassari, Nuoro, Cagliari e Oristano si riferiscono ai confini in essere fino al 31 dicembre 2005; la somma dei dati provinciali corrisponde al dato complessivo della regione Sardegna. · Dato regionale annuale; non costituisce una notizia del 2026.	ultimo dato osservato, non nuovo segnale PULSE
Territorio e mobilità	Altri delitti mortali denunciati	Calabria	2023	4.8	Per 100.000 abitanti	Bes dei territori — ISTAT	https://www.istat.it/statistiche-per-temi/focus/benessere-e-sostenibilita/la-misurazione-del-benessere-bes/il-bes-dei-territori/	I dati delle province di Sassari, Nuoro, Cagliari e Oristano si riferiscono ai confini in essere fino al 31 dicembre 2005; la somma dei dati provinciali corrisponde al dato complessivo della regione Sardegna. · Dato regionale annuale; non costituisce una notizia del 2026.	ultimo dato osservato, non nuovo segnale PULSE
Territorio e mobilità	Altri delitti mortali denunciati	Sicilia	2023	2.9	Per 100.000 abitanti	Bes dei territori — ISTAT	https://www.istat.it/statistiche-per-temi/focus/benessere-e-sostenibilita/la-misurazione-del-benessere-bes/il-bes-dei-territori/	I dati delle province di Sassari, Nuoro, Cagliari e Oristano si riferiscono ai confini in essere fino al 31 dicembre 2005; la somma dei dati provinciali corrisponde al dato complessivo della regione Sardegna. · Dato regionale annuale; non costituisce una notizia del 2026.	ultimo dato osservato, non nuovo segnale PULSE
Territorio e mobilità	Altri delitti mortali denunciati	Sardegna	2023	3.2	Per 100.000 abitanti	Bes dei territori — ISTAT	https://www.istat.it/statistiche-per-temi/focus/benessere-e-sostenibilita/la-misurazione-del-benessere-bes/il-bes-dei-territori/	I dati delle province di Sassari, Nuoro, Cagliari e Oristano si riferiscono ai confini in essere fino al 31 dicembre 2005; la somma dei dati provinciali corrisponde al dato complessivo della regione Sardegna. · Dato regionale annuale; non costituisce una notizia del 2026.	ultimo dato osservato, non nuovo segnale PULSE
Territorio e mobilità	Denunce di furto in abitazione	Piemonte	2023	259.7	Per 100.000 abitanti	Bes dei territori — ISTAT	https://www.istat.it/statistiche-per-temi/focus/benessere-e-sostenibilita/la-misurazione-del-benessere-bes/il-bes-dei-territori/	I dati delle province di Sassari, Nuoro, Cagliari e Oristano si riferiscono ai confini in essere fino al 31 dicembre 2005; la somma dei dati provinciali corrisponde al dato complessivo della regione Sardegna. · Dato regionale annuale; non costituisce una notizia del 2026.	ultimo dato osservato, non nuovo segnale PULSE
Territorio e mobilità	Denunce di furto in abitazione	Valle d'Aosta/Vallée d'Aoste	2023	139.8	Per 100.000 abitanti	Bes dei territori — ISTAT	https://www.istat.it/statistiche-per-temi/focus/benessere-e-sostenibilita/la-misurazione-del-benessere-bes/il-bes-dei-territori/	I dati delle province di Sassari, Nuoro, Cagliari e Oristano si riferiscono ai confini in essere fino al 31 dicembre 2005; la somma dei dati provinciali corrisponde al dato complessivo della regione Sardegna. · Dato regionale annuale; non costituisce una notizia del 2026.	ultimo dato osservato, non nuovo segnale PULSE
Territorio e mobilità	Denunce di furto in abitazione	Liguria	2023	193.7	Per 100.000 abitanti	Bes dei territori — ISTAT	https://www.istat.it/statistiche-per-temi/focus/benessere-e-sostenibilita/la-misurazione-del-benessere-bes/il-bes-dei-territori/	I dati delle province di Sassari, Nuoro, Cagliari e Oristano si riferiscono ai confini in essere fino al 31 dicembre 2005; la somma dei dati provinciali corrisponde al dato complessivo della regione Sardegna. · Dato regionale annuale; non costituisce una notizia del 2026.	ultimo dato osservato, non nuovo segnale PULSE
Territorio e mobilità	Denunce di furto in abitazione	Lombardia	2023	314.5	Per 100.000 abitanti	Bes dei territori — ISTAT	https://www.istat.it/statistiche-per-temi/focus/benessere-e-sostenibilita/la-misurazione-del-benessere-bes/il-bes-dei-territori/	I dati delle province di Sassari, Nuoro, Cagliari e Oristano si riferiscono ai confini in essere fino al 31 dicembre 2005; la somma dei dati provinciali corrisponde al dato complessivo della regione Sardegna. · Dato regionale annuale; non costituisce una notizia del 2026.	ultimo dato osservato, non nuovo segnale PULSE
Territorio e mobilità	Denunce di furto in abitazione	Trentino-Alto Adige/Südtirol	2023	189.4	Per 100.000 abitanti	Bes dei territori — ISTAT	https://www.istat.it/statistiche-per-temi/focus/benessere-e-sostenibilita/la-misurazione-del-benessere-bes/il-bes-dei-territori/	I dati delle province di Sassari, Nuoro, Cagliari e Oristano si riferiscono ai confini in essere fino al 31 dicembre 2005; la somma dei dati provinciali corrisponde al dato complessivo della regione Sardegna. · Dato regionale annuale; non costituisce una notizia del 2026.	ultimo dato osservato, non nuovo segnale PULSE
Territorio e mobilità	Denunce di furto in abitazione	Veneto	2023	327.6	Per 100.000 abitanti	Bes dei territori — ISTAT	https://www.istat.it/statistiche-per-temi/focus/benessere-e-sostenibilita/la-misurazione-del-benessere-bes/il-bes-dei-territori/	I dati delle province di Sassari, Nuoro, Cagliari e Oristano si riferiscono ai confini in essere fino al 31 dicembre 2005; la somma dei dati provinciali corrisponde al dato complessivo della regione Sardegna. · Dato regionale annuale; non costituisce una notizia del 2026.	ultimo dato osservato, non nuovo segnale PULSE
Territorio e mobilità	Denunce di furto in abitazione	Friuli-Venezia Giulia	2023	289.4	Per 100.000 abitanti	Bes dei territori — ISTAT	https://www.istat.it/statistiche-per-temi/focus/benessere-e-sostenibilita/la-misurazione-del-benessere-bes/il-bes-dei-territori/	I dati delle province di Sassari, Nuoro, Cagliari e Oristano si riferiscono ai confini in essere fino al 31 dicembre 2005; la somma dei dati provinciali corrisponde al dato complessivo della regione Sardegna. · Dato regionale annuale; non costituisce una notizia del 2026.	ultimo dato osservato, non nuovo segnale PULSE
Territorio e mobilità	Denunce di furto in abitazione	Emilia-Romagna	2023	343	Per 100.000 abitanti	Bes dei territori — ISTAT	https://www.istat.it/statistiche-per-temi/focus/benessere-e-sostenibilita/la-misurazione-del-benessere-bes/il-bes-dei-territori/	I dati delle province di Sassari, Nuoro, Cagliari e Oristano si riferiscono ai confini in essere fino al 31 dicembre 2005; la somma dei dati provinciali corrisponde al dato complessivo della regione Sardegna. · Dato regionale annuale; non costituisce una notizia del 2026.	ultimo dato osservato, non nuovo segnale PULSE
Territorio e mobilità	Denunce di furto in abitazione	Toscana	2023	384.6	Per 100.000 abitanti	Bes dei territori — ISTAT	https://www.istat.it/statistiche-per-temi/focus/benessere-e-sostenibilita/la-misurazione-del-benessere-bes/il-bes-dei-territori/	I dati delle province di Sassari, Nuoro, Cagliari e Oristano si riferiscono ai confini in essere fino al 31 dicembre 2005; la somma dei dati provinciali corrisponde al dato complessivo della regione Sardegna. · Dato regionale annuale; non costituisce una notizia del 2026.	ultimo dato osservato, non nuovo segnale PULSE
Territorio e mobilità	Denunce di furto in abitazione	Umbria	2023	329	Per 100.000 abitanti	Bes dei territori — ISTAT	https://www.istat.it/statistiche-per-temi/focus/benessere-e-sostenibilita/la-misurazione-del-benessere-bes/il-bes-dei-territori/	I dati delle province di Sassari, Nuoro, Cagliari e Oristano si riferiscono ai confini in essere fino al 31 dicembre 2005; la somma dei dati provinciali corrisponde al dato complessivo della regione Sardegna. · Dato regionale annuale; non costituisce una notizia del 2026.	ultimo dato osservato, non nuovo segnale PULSE
Territorio e mobilità	Denunce di furto in abitazione	Marche	2023	191.5	Per 100.000 abitanti	Bes dei territori — ISTAT	https://www.istat.it/statistiche-per-temi/focus/benessere-e-sostenibilita/la-misurazione-del-benessere-bes/il-bes-dei-territori/	I dati delle province di Sassari, Nuoro, Cagliari e Oristano si riferiscono ai confini in essere fino al 31 dicembre 2005; la somma dei dati provinciali corrisponde al dato complessivo della regione Sardegna. · Dato regionale annuale; non costituisce una notizia del 2026.	ultimo dato osservato, non nuovo segnale PULSE
Territorio e mobilità	Denunce di furto in abitazione	Lazio	2023	298.2	Per 100.000 abitanti	Bes dei territori — ISTAT	https://www.istat.it/statistiche-per-temi/focus/benessere-e-sostenibilita/la-misurazione-del-benessere-bes/il-bes-dei-territori/	I dati delle province di Sassari, Nuoro, Cagliari e Oristano si riferiscono ai confini in essere fino al 31 dicembre 2005; la somma dei dati provinciali corrisponde al dato complessivo della regione Sardegna. · Dato regionale annuale; non costituisce una notizia del 2026.	ultimo dato osservato, non nuovo segnale PULSE
Territorio e mobilità	Denunce di furto in abitazione	Abruzzo	2023	208.7	Per 100.000 abitanti	Bes dei territori — ISTAT	https://www.istat.it/statistiche-per-temi/focus/benessere-e-sostenibilita/la-misurazione-del-benessere-bes/il-bes-dei-territori/	I dati delle province di Sassari, Nuoro, Cagliari e Oristano si riferiscono ai confini in essere fino al 31 dicembre 2005; la somma dei dati provinciali corrisponde al dato complessivo della regione Sardegna. · Dato regionale annuale; non costituisce una notizia del 2026.	ultimo dato osservato, non nuovo segnale PULSE
Territorio e mobilità	Denunce di furto in abitazione	Molise	2023	190	Per 100.000 abitanti	Bes dei territori — ISTAT	https://www.istat.it/statistiche-per-temi/focus/benessere-e-sostenibilita/la-misurazione-del-benessere-bes/il-bes-dei-territori/	I dati delle province di Sassari, Nuoro, Cagliari e Oristano si riferiscono ai confini in essere fino al 31 dicembre 2005; la somma dei dati provinciali corrisponde al dato complessivo della regione Sardegna. · Dato regionale annuale; non costituisce una notizia del 2026.	ultimo dato osservato, non nuovo segnale PULSE
Territorio e mobilità	Denunce di furto in abitazione	Campania	2023	160.1	Per 100.000 abitanti	Bes dei territori — ISTAT	https://www.istat.it/statistiche-per-temi/focus/benessere-e-sostenibilita/la-misurazione-del-benessere-bes/il-bes-dei-territori/	I dati delle province di Sassari, Nuoro, Cagliari e Oristano si riferiscono ai confini in essere fino al 31 dicembre 2005; la somma dei dati provinciali corrisponde al dato complessivo della regione Sardegna. · Dato regionale annuale; non costituisce una notizia del 2026.	ultimo dato osservato, non nuovo segnale PULSE
Territorio e mobilità	Denunce di furto in abitazione	Puglia	2023	161.8	Per 100.000 abitanti	Bes dei territori — ISTAT	https://www.istat.it/statistiche-per-temi/focus/benessere-e-sostenibilita/la-misurazione-del-benessere-bes/il-bes-dei-territori/	I dati delle province di Sassari, Nuoro, Cagliari e Oristano si riferiscono ai confini in essere fino al 31 dicembre 2005; la somma dei dati provinciali corrisponde al dato complessivo della regione Sardegna. · Dato regionale annuale; non costituisce una notizia del 2026.	ultimo dato osservato, non nuovo segnale PULSE
Territorio e mobilità	Denunce di furto in abitazione	Basilicata	2023	100.8	Per 100.000 abitanti	Bes dei territori — ISTAT	https://www.istat.it/statistiche-per-temi/focus/benessere-e-sostenibilita/la-misurazione-del-benessere-bes/il-bes-dei-territori/	I dati delle province di Sassari, Nuoro, Cagliari e Oristano si riferiscono ai confini in essere fino al 31 dicembre 2005; la somma dei dati provinciali corrisponde al dato complessivo della regione Sardegna. · Dato regionale annuale; non costituisce una notizia del 2026.	ultimo dato osservato, non nuovo segnale PULSE
Territorio e mobilità	Denunce di furto in abitazione	Calabria	2023	91.6	Per 100.000 abitanti	Bes dei territori — ISTAT	https://www.istat.it/statistiche-per-temi/focus/benessere-e-sostenibilita/la-misurazione-del-benessere-bes/il-bes-dei-territori/	I dati delle province di Sassari, Nuoro, Cagliari e Oristano si riferiscono ai confini in essere fino al 31 dicembre 2005; la somma dei dati provinciali corrisponde al dato complessivo della regione Sardegna. · Dato regionale annuale; non costituisce una notizia del 2026.	ultimo dato osservato, non nuovo segnale PULSE
Territorio e mobilità	Denunce di furto in abitazione	Sicilia	2023	136.9	Per 100.000 abitanti	Bes dei territori — ISTAT	https://www.istat.it/statistiche-per-temi/focus/benessere-e-sostenibilita/la-misurazione-del-benessere-bes/il-bes-dei-territori/	I dati delle province di Sassari, Nuoro, Cagliari e Oristano si riferiscono ai confini in essere fino al 31 dicembre 2005; la somma dei dati provinciali corrisponde al dato complessivo della regione Sardegna. · Dato regionale annuale; non costituisce una notizia del 2026.	ultimo dato osservato, non nuovo segnale PULSE
Territorio e mobilità	Denunce di furto in abitazione	Sardegna	2023	85.4	Per 100.000 abitanti	Bes dei territori — ISTAT	https://www.istat.it/statistiche-per-temi/focus/benessere-e-sostenibilita/la-misurazione-del-benessere-bes/il-bes-dei-territori/	I dati delle province di Sassari, Nuoro, Cagliari e Oristano si riferiscono ai confini in essere fino al 31 dicembre 2005; la somma dei dati provinciali corrisponde al dato complessivo della regione Sardegna. · Dato regionale annuale; non costituisce una notizia del 2026.	ultimo dato osservato, non nuovo segnale PULSE
Territorio e mobilità	Denunce di borseggio	Piemonte	2023	297.9	Per 100.000 abitanti	Bes dei territori — ISTAT	https://www.istat.it/statistiche-per-temi/focus/benessere-e-sostenibilita/la-misurazione-del-benessere-bes/il-bes-dei-territori/	I dati delle province di Sassari, Nuoro, Cagliari e Oristano si riferiscono ai confini in essere fino al 31 dicembre 2005; la somma dei dati provinciali corrisponde al dato complessivo della regione Sardegna. · Dato regionale annuale; non costituisce una notizia del 2026.	ultimo dato osservato, non nuovo segnale PULSE
Territorio e mobilità	Denunce di borseggio	Valle d'Aosta/Vallée d'Aoste	2023	17.9	Per 100.000 abitanti	Bes dei territori — ISTAT	https://www.istat.it/statistiche-per-temi/focus/benessere-e-sostenibilita/la-misurazione-del-benessere-bes/il-bes-dei-territori/	I dati delle province di Sassari, Nuoro, Cagliari e Oristano si riferiscono ai confini in essere fino al 31 dicembre 2005; la somma dei dati provinciali corrisponde al dato complessivo della regione Sardegna. · Dato regionale annuale; non costituisce una notizia del 2026.	ultimo dato osservato, non nuovo segnale PULSE
Territorio e mobilità	Denunce di borseggio	Liguria	2023	250.5	Per 100.000 abitanti	Bes dei territori — ISTAT	https://www.istat.it/statistiche-per-temi/focus/benessere-e-sostenibilita/la-misurazione-del-benessere-bes/il-bes-dei-territori/	I dati delle province di Sassari, Nuoro, Cagliari e Oristano si riferiscono ai confini in essere fino al 31 dicembre 2005; la somma dei dati provinciali corrisponde al dato complessivo della regione Sardegna. · Dato regionale annuale; non costituisce una notizia del 2026.	ultimo dato osservato, non nuovo segnale PULSE
Territorio e mobilità	Denunce di borseggio	Lombardia	2023	379.9	Per 100.000 abitanti	Bes dei territori — ISTAT	https://www.istat.it/statistiche-per-temi/focus/benessere-e-sostenibilita/la-misurazione-del-benessere-bes/il-bes-dei-territori/	I dati delle province di Sassari, Nuoro, Cagliari e Oristano si riferiscono ai confini in essere fino al 31 dicembre 2005; la somma dei dati provinciali corrisponde al dato complessivo della regione Sardegna. · Dato regionale annuale; non costituisce una notizia del 2026.	ultimo dato osservato, non nuovo segnale PULSE
Territorio e mobilità	Denunce di borseggio	Trentino-Alto Adige/Südtirol	2023	98.8	Per 100.000 abitanti	Bes dei territori — ISTAT	https://www.istat.it/statistiche-per-temi/focus/benessere-e-sostenibilita/la-misurazione-del-benessere-bes/il-bes-dei-territori/	I dati delle province di Sassari, Nuoro, Cagliari e Oristano si riferiscono ai confini in essere fino al 31 dicembre 2005; la somma dei dati provinciali corrisponde al dato complessivo della regione Sardegna. · Dato regionale annuale; non costituisce una notizia del 2026.	ultimo dato osservato, non nuovo segnale PULSE
Territorio e mobilità	Denunce di borseggio	Veneto	2023	237.4	Per 100.000 abitanti	Bes dei territori — ISTAT	https://www.istat.it/statistiche-per-temi/focus/benessere-e-sostenibilita/la-misurazione-del-benessere-bes/il-bes-dei-territori/	I dati delle province di Sassari, Nuoro, Cagliari e Oristano si riferiscono ai confini in essere fino al 31 dicembre 2005; la somma dei dati provinciali corrisponde al dato complessivo della regione Sardegna. · Dato regionale annuale; non costituisce una notizia del 2026.	ultimo dato osservato, non nuovo segnale PULSE
Territorio e mobilità	Denunce di borseggio	Friuli-Venezia Giulia	2023	64.5	Per 100.000 abitanti	Bes dei territori — ISTAT	https://www.istat.it/statistiche-per-temi/focus/benessere-e-sostenibilita/la-misurazione-del-benessere-bes/il-bes-dei-territori/	I dati delle province di Sassari, Nuoro, Cagliari e Oristano si riferiscono ai confini in essere fino al 31 dicembre 2005; la somma dei dati provinciali corrisponde al dato complessivo della regione Sardegna. · Dato regionale annuale; non costituisce una notizia del 2026.	ultimo dato osservato, non nuovo segnale PULSE
Territorio e mobilità	Denunce di borseggio	Emilia-Romagna	2023	269.5	Per 100.000 abitanti	Bes dei territori — ISTAT	https://www.istat.it/statistiche-per-temi/focus/benessere-e-sostenibilita/la-misurazione-del-benessere-bes/il-bes-dei-territori/	I dati delle province di Sassari, Nuoro, Cagliari e Oristano si riferiscono ai confini in essere fino al 31 dicembre 2005; la somma dei dati provinciali corrisponde al dato complessivo della regione Sardegna. · Dato regionale annuale; non costituisce una notizia del 2026.	ultimo dato osservato, non nuovo segnale PULSE
Territorio e mobilità	Denunce di borseggio	Toscana	2023	303.6	Per 100.000 abitanti	Bes dei territori — ISTAT	https://www.istat.it/statistiche-per-temi/focus/benessere-e-sostenibilita/la-misurazione-del-benessere-bes/il-bes-dei-territori/	I dati delle province di Sassari, Nuoro, Cagliari e Oristano si riferiscono ai confini in essere fino al 31 dicembre 2005; la somma dei dati provinciali corrisponde al dato complessivo della regione Sardegna. · Dato regionale annuale; non costituisce una notizia del 2026.	ultimo dato osservato, non nuovo segnale PULSE
Territorio e mobilità	Denunce di borseggio	Umbria	2023	98.4	Per 100.000 abitanti	Bes dei territori — ISTAT	https://www.istat.it/statistiche-per-temi/focus/benessere-e-sostenibilita/la-misurazione-del-benessere-bes/il-bes-dei-territori/	I dati delle province di Sassari, Nuoro, Cagliari e Oristano si riferiscono ai confini in essere fino al 31 dicembre 2005; la somma dei dati provinciali corrisponde al dato complessivo della regione Sardegna. · Dato regionale annuale; non costituisce una notizia del 2026.	ultimo dato osservato, non nuovo segnale PULSE
Territorio e mobilità	Denunce di borseggio	Marche	2023	70.1	Per 100.000 abitanti	Bes dei territori — ISTAT	https://www.istat.it/statistiche-per-temi/focus/benessere-e-sostenibilita/la-misurazione-del-benessere-bes/il-bes-dei-territori/	I dati delle province di Sassari, Nuoro, Cagliari e Oristano si riferiscono ai confini in essere fino al 31 dicembre 2005; la somma dei dati provinciali corrisponde al dato complessivo della regione Sardegna. · Dato regionale annuale; non costituisce una notizia del 2026.	ultimo dato osservato, non nuovo segnale PULSE
Territorio e mobilità	Denunce di borseggio	Lazio	2023	576.2	Per 100.000 abitanti	Bes dei territori — ISTAT	https://www.istat.it/statistiche-per-temi/focus/benessere-e-sostenibilita/la-misurazione-del-benessere-bes/il-bes-dei-territori/	I dati delle province di Sassari, Nuoro, Cagliari e Oristano si riferiscono ai confini in essere fino al 31 dicembre 2005; la somma dei dati provinciali corrisponde al dato complessivo della regione Sardegna. · Dato regionale annuale; non costituisce una notizia del 2026.	ultimo dato osservato, non nuovo segnale PULSE
Territorio e mobilità	Denunce di borseggio	Abruzzo	2023	56.6	Per 100.000 abitanti	Bes dei territori — ISTAT	https://www.istat.it/statistiche-per-temi/focus/benessere-e-sostenibilita/la-misurazione-del-benessere-bes/il-bes-dei-territori/	I dati delle province di Sassari, Nuoro, Cagliari e Oristano si riferiscono ai confini in essere fino al 31 dicembre 2005; la somma dei dati provinciali corrisponde al dato complessivo della regione Sardegna. · Dato regionale annuale; non costituisce una notizia del 2026.	ultimo dato osservato, non nuovo segnale PULSE
Territorio e mobilità	Denunce di borseggio	Molise	2023	39	Per 100.000 abitanti	Bes dei territori — ISTAT	https://www.istat.it/statistiche-per-temi/focus/benessere-e-sostenibilita/la-misurazione-del-benessere-bes/il-bes-dei-territori/	I dati delle province di Sassari, Nuoro, Cagliari e Oristano si riferiscono ai confini in essere fino al 31 dicembre 2005; la somma dei dati provinciali corrisponde al dato complessivo della regione Sardegna. · Dato regionale annuale; non costituisce una notizia del 2026.	ultimo dato osservato, non nuovo segnale PULSE
Territorio e mobilità	Denunce di borseggio	Campania	2023	130.2	Per 100.000 abitanti	Bes dei territori — ISTAT	https://www.istat.it/statistiche-per-temi/focus/benessere-e-sostenibilita/la-misurazione-del-benessere-bes/il-bes-dei-territori/	I dati delle province di Sassari, Nuoro, Cagliari e Oristano si riferiscono ai confini in essere fino al 31 dicembre 2005; la somma dei dati provinciali corrisponde al dato complessivo della regione Sardegna. · Dato regionale annuale; non costituisce una notizia del 2026.	ultimo dato osservato, non nuovo segnale PULSE
Territorio e mobilità	Denunce di borseggio	Puglia	2023	49	Per 100.000 abitanti	Bes dei territori — ISTAT	https://www.istat.it/statistiche-per-temi/focus/benessere-e-sostenibilita/la-misurazione-del-benessere-bes/il-bes-dei-territori/	I dati delle province di Sassari, Nuoro, Cagliari e Oristano si riferiscono ai confini in essere fino al 31 dicembre 2005; la somma dei dati provinciali corrisponde al dato complessivo della regione Sardegna. · Dato regionale annuale; non costituisce una notizia del 2026.	ultimo dato osservato, non nuovo segnale PULSE
Territorio e mobilità	Denunce di borseggio	Basilicata	2023	16.6	Per 100.000 abitanti	Bes dei territori — ISTAT	https://www.istat.it/statistiche-per-temi/focus/benessere-e-sostenibilita/la-misurazione-del-benessere-bes/il-bes-dei-territori/	I dati delle province di Sassari, Nuoro, Cagliari e Oristano si riferiscono ai confini in essere fino al 31 dicembre 2005; la somma dei dati provinciali corrisponde al dato complessivo della regione Sardegna. · Dato regionale annuale; non costituisce una notizia del 2026.	ultimo dato osservato, non nuovo segnale PULSE
Territorio e mobilità	Denunce di borseggio	Calabria	2023	15.4	Per 100.000 abitanti	Bes dei territori — ISTAT	https://www.istat.it/statistiche-per-temi/focus/benessere-e-sostenibilita/la-misurazione-del-benessere-bes/il-bes-dei-territori/	I dati delle province di Sassari, Nuoro, Cagliari e Oristano si riferiscono ai confini in essere fino al 31 dicembre 2005; la somma dei dati provinciali corrisponde al dato complessivo della regione Sardegna. · Dato regionale annuale; non costituisce una notizia del 2026.	ultimo dato osservato, non nuovo segnale PULSE
Territorio e mobilità	Denunce di borseggio	Sicilia	2023	64.1	Per 100.000 abitanti	Bes dei territori — ISTAT	https://www.istat.it/statistiche-per-temi/focus/benessere-e-sostenibilita/la-misurazione-del-benessere-bes/il-bes-dei-territori/	I dati delle province di Sassari, Nuoro, Cagliari e Oristano si riferiscono ai confini in essere fino al 31 dicembre 2005; la somma dei dati provinciali corrisponde al dato complessivo della regione Sardegna. · Dato regionale annuale; non costituisce una notizia del 2026.	ultimo dato osservato, non nuovo segnale PULSE
Territorio e mobilità	Denunce di borseggio	Sardegna	2023	29.5	Per 100.000 abitanti	Bes dei territori — ISTAT	https://www.istat.it/statistiche-per-temi/focus/benessere-e-sostenibilita/la-misurazione-del-benessere-bes/il-bes-dei-territori/	I dati delle province di Sassari, Nuoro, Cagliari e Oristano si riferiscono ai confini in essere fino al 31 dicembre 2005; la somma dei dati provinciali corrisponde al dato complessivo della regione Sardegna. · Dato regionale annuale; non costituisce una notizia del 2026.	ultimo dato osservato, non nuovo segnale PULSE
Territorio e mobilità	Denunce di rapina	Piemonte	2023	56.2	Per 100.000 abitanti	Bes dei territori — ISTAT	https://www.istat.it/statistiche-per-temi/focus/benessere-e-sostenibilita/la-misurazione-del-benessere-bes/il-bes-dei-territori/	I dati delle province di Sassari, Nuoro, Cagliari e Oristano si riferiscono ai confini in essere fino al 31 dicembre 2005; la somma dei dati provinciali corrisponde al dato complessivo della regione Sardegna. · Dato regionale annuale; non costituisce una notizia del 2026.	ultimo dato osservato, non nuovo segnale PULSE
Territorio e mobilità	Denunce di rapina	Valle d'Aosta/Vallée d'Aoste	2023	13.8	Per 100.000 abitanti	Bes dei territori — ISTAT	https://www.istat.it/statistiche-per-temi/focus/benessere-e-sostenibilita/la-misurazione-del-benessere-bes/il-bes-dei-territori/	I dati delle province di Sassari, Nuoro, Cagliari e Oristano si riferiscono ai confini in essere fino al 31 dicembre 2005; la somma dei dati provinciali corrisponde al dato complessivo della regione Sardegna. · Dato regionale annuale; non costituisce una notizia del 2026.	ultimo dato osservato, non nuovo segnale PULSE
Territorio e mobilità	Denunce di rapina	Liguria	2023	59.4	Per 100.000 abitanti	Bes dei territori — ISTAT	https://www.istat.it/statistiche-per-temi/focus/benessere-e-sostenibilita/la-misurazione-del-benessere-bes/il-bes-dei-territori/	I dati delle province di Sassari, Nuoro, Cagliari e Oristano si riferiscono ai confini in essere fino al 31 dicembre 2005; la somma dei dati provinciali corrisponde al dato complessivo della regione Sardegna. · Dato regionale annuale; non costituisce una notizia del 2026.	ultimo dato osservato, non nuovo segnale PULSE
Territorio e mobilità	Denunce di rapina	Lombardia	2023	65.5	Per 100.000 abitanti	Bes dei territori — ISTAT	https://www.istat.it/statistiche-per-temi/focus/benessere-e-sostenibilita/la-misurazione-del-benessere-bes/il-bes-dei-territori/	I dati delle province di Sassari, Nuoro, Cagliari e Oristano si riferiscono ai confini in essere fino al 31 dicembre 2005; la somma dei dati provinciali corrisponde al dato complessivo della regione Sardegna. · Dato regionale annuale; non costituisce una notizia del 2026.	ultimo dato osservato, non nuovo segnale PULSE
Territorio e mobilità	Denunce di rapina	Trentino-Alto Adige/Südtirol	2023	30.3	Per 100.000 abitanti	Bes dei territori — ISTAT	https://www.istat.it/statistiche-per-temi/focus/benessere-e-sostenibilita/la-misurazione-del-benessere-bes/il-bes-dei-territori/	I dati delle province di Sassari, Nuoro, Cagliari e Oristano si riferiscono ai confini in essere fino al 31 dicembre 2005; la somma dei dati provinciali corrisponde al dato complessivo della regione Sardegna. · Dato regionale annuale; non costituisce una notizia del 2026.	ultimo dato osservato, non nuovo segnale PULSE
Territorio e mobilità	Denunce di rapina	Veneto	2023	34.3	Per 100.000 abitanti	Bes dei territori — ISTAT	https://www.istat.it/statistiche-per-temi/focus/benessere-e-sostenibilita/la-misurazione-del-benessere-bes/il-bes-dei-territori/	I dati delle province di Sassari, Nuoro, Cagliari e Oristano si riferiscono ai confini in essere fino al 31 dicembre 2005; la somma dei dati provinciali corrisponde al dato complessivo della regione Sardegna. · Dato regionale annuale; non costituisce una notizia del 2026.	ultimo dato osservato, non nuovo segnale PULSE
Territorio e mobilità	Denunce di rapina	Friuli-Venezia Giulia	2023	26.8	Per 100.000 abitanti	Bes dei territori — ISTAT	https://www.istat.it/statistiche-per-temi/focus/benessere-e-sostenibilita/la-misurazione-del-benessere-bes/il-bes-dei-territori/	I dati delle province di Sassari, Nuoro, Cagliari e Oristano si riferiscono ai confini in essere fino al 31 dicembre 2005; la somma dei dati provinciali corrisponde al dato complessivo della regione Sardegna. · Dato regionale annuale; non costituisce una notizia del 2026.	ultimo dato osservato, non nuovo segnale PULSE
Territorio e mobilità	Denunce di rapina	Emilia-Romagna	2023	53.7	Per 100.000 abitanti	Bes dei territori — ISTAT	https://www.istat.it/statistiche-per-temi/focus/benessere-e-sostenibilita/la-misurazione-del-benessere-bes/il-bes-dei-territori/	I dati delle province di Sassari, Nuoro, Cagliari e Oristano si riferiscono ai confini in essere fino al 31 dicembre 2005; la somma dei dati provinciali corrisponde al dato complessivo della regione Sardegna. · Dato regionale annuale; non costituisce una notizia del 2026.	ultimo dato osservato, non nuovo segnale PULSE
Territorio e mobilità	Denunce di rapina	Toscana	2023	63.4	Per 100.000 abitanti	Bes dei territori — ISTAT	https://www.istat.it/statistiche-per-temi/focus/benessere-e-sostenibilita/la-misurazione-del-benessere-bes/il-bes-dei-territori/	I dati delle province di Sassari, Nuoro, Cagliari e Oristano si riferiscono ai confini in essere fino al 31 dicembre 2005; la somma dei dati provinciali corrisponde al dato complessivo della regione Sardegna. · Dato regionale annuale; non costituisce una notizia del 2026.	ultimo dato osservato, non nuovo segnale PULSE
Territorio e mobilità	Denunce di rapina	Umbria	2023	23.6	Per 100.000 abitanti	Bes dei territori — ISTAT	https://www.istat.it/statistiche-per-temi/focus/benessere-e-sostenibilita/la-misurazione-del-benessere-bes/il-bes-dei-territori/	I dati delle province di Sassari, Nuoro, Cagliari e Oristano si riferiscono ai confini in essere fino al 31 dicembre 2005; la somma dei dati provinciali corrisponde al dato complessivo della regione Sardegna. · Dato regionale annuale; non costituisce una notizia del 2026.	ultimo dato osservato, non nuovo segnale PULSE
Territorio e mobilità	Denunce di rapina	Marche	2023	17.8	Per 100.000 abitanti	Bes dei territori — ISTAT	https://www.istat.it/statistiche-per-temi/focus/benessere-e-sostenibilita/la-misurazione-del-benessere-bes/il-bes-dei-territori/	I dati delle province di Sassari, Nuoro, Cagliari e Oristano si riferiscono ai confini in essere fino al 31 dicembre 2005; la somma dei dati provinciali corrisponde al dato complessivo della regione Sardegna. · Dato regionale annuale; non costituisce una notizia del 2026.	ultimo dato osservato, non nuovo segnale PULSE
Territorio e mobilità	Denunce di rapina	Lazio	2023	58.3	Per 100.000 abitanti	Bes dei territori — ISTAT	https://www.istat.it/statistiche-per-temi/focus/benessere-e-sostenibilita/la-misurazione-del-benessere-bes/il-bes-dei-territori/	I dati delle province di Sassari, Nuoro, Cagliari e Oristano si riferiscono ai confini in essere fino al 31 dicembre 2005; la somma dei dati provinciali corrisponde al dato complessivo della regione Sardegna. · Dato regionale annuale; non costituisce una notizia del 2026.	ultimo dato osservato, non nuovo segnale PULSE
Territorio e mobilità	Denunce di rapina	Abruzzo	2023	19.2	Per 100.000 abitanti	Bes dei territori — ISTAT	https://www.istat.it/statistiche-per-temi/focus/benessere-e-sostenibilita/la-misurazione-del-benessere-bes/il-bes-dei-territori/	I dati delle province di Sassari, Nuoro, Cagliari e Oristano si riferiscono ai confini in essere fino al 31 dicembre 2005; la somma dei dati provinciali corrisponde al dato complessivo della regione Sardegna. · Dato regionale annuale; non costituisce una notizia del 2026.	ultimo dato osservato, non nuovo segnale PULSE
Territorio e mobilità	Denunce di rapina	Molise	2023	12.1	Per 100.000 abitanti	Bes dei territori — ISTAT	https://www.istat.it/statistiche-per-temi/focus/benessere-e-sostenibilita/la-misurazione-del-benessere-bes/il-bes-dei-territori/	I dati delle province di Sassari, Nuoro, Cagliari e Oristano si riferiscono ai confini in essere fino al 31 dicembre 2005; la somma dei dati provinciali corrisponde al dato complessivo della regione Sardegna. · Dato regionale annuale; non costituisce una notizia del 2026.	ultimo dato osservato, non nuovo segnale PULSE
Territorio e mobilità	Denunce di rapina	Campania	2023	73.9	Per 100.000 abitanti	Bes dei territori — ISTAT	https://www.istat.it/statistiche-per-temi/focus/benessere-e-sostenibilita/la-misurazione-del-benessere-bes/il-bes-dei-territori/	I dati delle province di Sassari, Nuoro, Cagliari e Oristano si riferiscono ai confini in essere fino al 31 dicembre 2005; la somma dei dati provinciali corrisponde al dato complessivo della regione Sardegna. · Dato regionale annuale; non costituisce una notizia del 2026.	ultimo dato osservato, non nuovo segnale PULSE
Territorio e mobilità	Denunce di rapina	Puglia	2023	25.6	Per 100.000 abitanti	Bes dei territori — ISTAT	https://www.istat.it/statistiche-per-temi/focus/benessere-e-sostenibilita/la-misurazione-del-benessere-bes/il-bes-dei-territori/	I dati delle province di Sassari, Nuoro, Cagliari e Oristano si riferiscono ai confini in essere fino al 31 dicembre 2005; la somma dei dati provinciali corrisponde al dato complessivo della regione Sardegna. · Dato regionale annuale; non costituisce una notizia del 2026.	ultimo dato osservato, non nuovo segnale PULSE
Territorio e mobilità	Denunce di rapina	Basilicata	2023	8.2	Per 100.000 abitanti	Bes dei territori — ISTAT	https://www.istat.it/statistiche-per-temi/focus/benessere-e-sostenibilita/la-misurazione-del-benessere-bes/il-bes-dei-territori/	I dati delle province di Sassari, Nuoro, Cagliari e Oristano si riferiscono ai confini in essere fino al 31 dicembre 2005; la somma dei dati provinciali corrisponde al dato complessivo della regione Sardegna. · Dato regionale annuale; non costituisce una notizia del 2026.	ultimo dato osservato, non nuovo segnale PULSE
Territorio e mobilità	Denunce di rapina	Calabria	2023	10	Per 100.000 abitanti	Bes dei territori — ISTAT	https://www.istat.it/statistiche-per-temi/focus/benessere-e-sostenibilita/la-misurazione-del-benessere-bes/il-bes-dei-territori/	I dati delle province di Sassari, Nuoro, Cagliari e Oristano si riferiscono ai confini in essere fino al 31 dicembre 2005; la somma dei dati provinciali corrisponde al dato complessivo della regione Sardegna. · Dato regionale annuale; non costituisce una notizia del 2026.	ultimo dato osservato, non nuovo segnale PULSE
Territorio e mobilità	Denunce di rapina	Sicilia	2023	30	Per 100.000 abitanti	Bes dei territori — ISTAT	https://www.istat.it/statistiche-per-temi/focus/benessere-e-sostenibilita/la-misurazione-del-benessere-bes/il-bes-dei-territori/	I dati delle province di Sassari, Nuoro, Cagliari e Oristano si riferiscono ai confini in essere fino al 31 dicembre 2005; la somma dei dati provinciali corrisponde al dato complessivo della regione Sardegna. · Dato regionale annuale; non costituisce una notizia del 2026.	ultimo dato osservato, non nuovo segnale PULSE
Territorio e mobilità	Denunce di rapina	Sardegna	2023	19.1	Per 100.000 abitanti	Bes dei territori — ISTAT	https://www.istat.it/statistiche-per-temi/focus/benessere-e-sostenibilita/la-misurazione-del-benessere-bes/il-bes-dei-territori/	I dati delle province di Sassari, Nuoro, Cagliari e Oristano si riferiscono ai confini in essere fino al 31 dicembre 2005; la somma dei dati provinciali corrisponde al dato complessivo della regione Sardegna. · Dato regionale annuale; non costituisce una notizia del 2026.	ultimo dato osservato, non nuovo segnale PULSE
Territorio e mobilità	Mortalità stradale in ambito extraurbano	Piemonte	2023	4.3	Valori percentuali	Bes dei territori — ISTAT	https://www.istat.it/statistiche-per-temi/focus/benessere-e-sostenibilita/la-misurazione-del-benessere-bes/il-bes-dei-territori/	nan · Dato regionale annuale; non costituisce una notizia del 2026.	ultimo dato osservato, non nuovo segnale PULSE
Territorio e mobilità	Mortalità stradale in ambito extraurbano	Valle d'Aosta/Vallée d'Aoste	2023	2.6	Valori percentuali	Bes dei territori — ISTAT	https://www.istat.it/statistiche-per-temi/focus/benessere-e-sostenibilita/la-misurazione-del-benessere-bes/il-bes-dei-territori/	nan · Dato regionale annuale; non costituisce una notizia del 2026.	ultimo dato osservato, non nuovo segnale PULSE
Territorio e mobilità	Mortalità stradale in ambito extraurbano	Liguria	2023	2.9	Valori percentuali	Bes dei territori — ISTAT	https://www.istat.it/statistiche-per-temi/focus/benessere-e-sostenibilita/la-misurazione-del-benessere-bes/il-bes-dei-territori/	nan · Dato regionale annuale; non costituisce una notizia del 2026.	ultimo dato osservato, non nuovo segnale PULSE
Territorio e mobilità	Mortalità stradale in ambito extraurbano	Lombardia	2023	3	Valori percentuali	Bes dei territori — ISTAT	https://www.istat.it/statistiche-per-temi/focus/benessere-e-sostenibilita/la-misurazione-del-benessere-bes/il-bes-dei-territori/	nan · Dato regionale annuale; non costituisce una notizia del 2026.	ultimo dato osservato, non nuovo segnale PULSE
Territorio e mobilità	Mortalità stradale in ambito extraurbano	Trentino-Alto Adige/Südtirol	2023	3.8	Valori percentuali	Bes dei territori — ISTAT	https://www.istat.it/statistiche-per-temi/focus/benessere-e-sostenibilita/la-misurazione-del-benessere-bes/il-bes-dei-territori/	nan · Dato regionale annuale; non costituisce una notizia del 2026.	ultimo dato osservato, non nuovo segnale PULSE
Territorio e mobilità	Mortalità stradale in ambito extraurbano	Veneto	2023	4.8	Valori percentuali	Bes dei territori — ISTAT	https://www.istat.it/statistiche-per-temi/focus/benessere-e-sostenibilita/la-misurazione-del-benessere-bes/il-bes-dei-territori/	nan · Dato regionale annuale; non costituisce una notizia del 2026.	ultimo dato osservato, non nuovo segnale PULSE
Territorio e mobilità	Mortalità stradale in ambito extraurbano	Friuli-Venezia Giulia	2023	2.3	Valori percentuali	Bes dei territori — ISTAT	https://www.istat.it/statistiche-per-temi/focus/benessere-e-sostenibilita/la-misurazione-del-benessere-bes/il-bes-dei-territori/	nan · Dato regionale annuale; non costituisce una notizia del 2026.	ultimo dato osservato, non nuovo segnale PULSE
Territorio e mobilità	Mortalità stradale in ambito extraurbano	Emilia-Romagna	2023	3.2	Valori percentuali	Bes dei territori — ISTAT	https://www.istat.it/statistiche-per-temi/focus/benessere-e-sostenibilita/la-misurazione-del-benessere-bes/il-bes-dei-territori/	nan · Dato regionale annuale; non costituisce una notizia del 2026.	ultimo dato osservato, non nuovo segnale PULSE
Territorio e mobilità	Mortalità stradale in ambito extraurbano	Toscana	2023	3.4	Valori percentuali	Bes dei territori — ISTAT	https://www.istat.it/statistiche-per-temi/focus/benessere-e-sostenibilita/la-misurazione-del-benessere-bes/il-bes-dei-territori/	nan · Dato regionale annuale; non costituisce una notizia del 2026.	ultimo dato osservato, non nuovo segnale PULSE
Territorio e mobilità	Mortalità stradale in ambito extraurbano	Umbria	2023	2.7	Valori percentuali	Bes dei territori — ISTAT	https://www.istat.it/statistiche-per-temi/focus/benessere-e-sostenibilita/la-misurazione-del-benessere-bes/il-bes-dei-territori/	nan · Dato regionale annuale; non costituisce una notizia del 2026.	ultimo dato osservato, non nuovo segnale PULSE
Territorio e mobilità	Mortalità stradale in ambito extraurbano	Marche	2023	3.1	Valori percentuali	Bes dei territori — ISTAT	https://www.istat.it/statistiche-per-temi/focus/benessere-e-sostenibilita/la-misurazione-del-benessere-bes/il-bes-dei-territori/	nan · Dato regionale annuale; non costituisce una notizia del 2026.	ultimo dato osservato, non nuovo segnale PULSE
Territorio e mobilità	Mortalità stradale in ambito extraurbano	Lazio	2023	4	Valori percentuali	Bes dei territori — ISTAT	https://www.istat.it/statistiche-per-temi/focus/benessere-e-sostenibilita/la-misurazione-del-benessere-bes/il-bes-dei-territori/	nan · Dato regionale annuale; non costituisce una notizia del 2026.	ultimo dato osservato, non nuovo segnale PULSE
Territorio e mobilità	Mortalità stradale in ambito extraurbano	Abruzzo	2023	5.4	Valori percentuali	Bes dei territori — ISTAT	https://www.istat.it/statistiche-per-temi/focus/benessere-e-sostenibilita/la-misurazione-del-benessere-bes/il-bes-dei-territori/	nan · Dato regionale annuale; non costituisce una notizia del 2026.	ultimo dato osservato, non nuovo segnale PULSE
Territorio e mobilità	Mortalità stradale in ambito extraurbano	Molise	2023	6.4	Valori percentuali	Bes dei territori — ISTAT	https://www.istat.it/statistiche-per-temi/focus/benessere-e-sostenibilita/la-misurazione-del-benessere-bes/il-bes-dei-territori/	nan · Dato regionale annuale; non costituisce una notizia del 2026.	ultimo dato osservato, non nuovo segnale PULSE
Territorio e mobilità	Mortalità stradale in ambito extraurbano	Campania	2023	4.6	Valori percentuali	Bes dei territori — ISTAT	https://www.istat.it/statistiche-per-temi/focus/benessere-e-sostenibilita/la-misurazione-del-benessere-bes/il-bes-dei-territori/	nan · Dato regionale annuale; non costituisce una notizia del 2026.	ultimo dato osservato, non nuovo segnale PULSE
Territorio e mobilità	Mortalità stradale in ambito extraurbano	Puglia	2023	5.9	Valori percentuali	Bes dei territori — ISTAT	https://www.istat.it/statistiche-per-temi/focus/benessere-e-sostenibilita/la-misurazione-del-benessere-bes/il-bes-dei-territori/	nan · Dato regionale annuale; non costituisce una notizia del 2026.	ultimo dato osservato, non nuovo segnale PULSE
Territorio e mobilità	Mortalità stradale in ambito extraurbano	Basilicata	2023	4.6	Valori percentuali	Bes dei territori — ISTAT	https://www.istat.it/statistiche-per-temi/focus/benessere-e-sostenibilita/la-misurazione-del-benessere-bes/il-bes-dei-territori/	nan · Dato regionale annuale; non costituisce una notizia del 2026.	ultimo dato osservato, non nuovo segnale PULSE
Territorio e mobilità	Mortalità stradale in ambito extraurbano	Calabria	2023	6.8	Valori percentuali	Bes dei territori — ISTAT	https://www.istat.it/statistiche-per-temi/focus/benessere-e-sostenibilita/la-misurazione-del-benessere-bes/il-bes-dei-territori/	nan · Dato regionale annuale; non costituisce una notizia del 2026.	ultimo dato osservato, non nuovo segnale PULSE
Territorio e mobilità	Mortalità stradale in ambito extraurbano	Sicilia	2023	5.5	Valori percentuali	Bes dei territori — ISTAT	https://www.istat.it/statistiche-per-temi/focus/benessere-e-sostenibilita/la-misurazione-del-benessere-bes/il-bes-dei-territori/	nan · Dato regionale annuale; non costituisce una notizia del 2026.	ultimo dato osservato, non nuovo segnale PULSE
Territorio e mobilità	Mortalità stradale in ambito extraurbano	Sardegna	2023	5.5	Valori percentuali	Bes dei territori — ISTAT	https://www.istat.it/statistiche-per-temi/focus/benessere-e-sostenibilita/la-misurazione-del-benessere-bes/il-bes-dei-territori/	nan · Dato regionale annuale; non costituisce una notizia del 2026.	ultimo dato osservato, non nuovo segnale PULSE
Società e cultura	Densità e rilevanza del patrimonio museale	Piemonte	2022	1.11	Per 100 km2	Bes dei territori — ISTAT	https://www.istat.it/statistiche-per-temi/focus/benessere-e-sostenibilita/la-misurazione-del-benessere-bes/il-bes-dei-territori/	nan · Dato regionale annuale; non costituisce una notizia del 2026.	ultimo dato osservato, non nuovo segnale PULSE
Società e cultura	Densità e rilevanza del patrimonio museale	Valle d'Aosta/Vallée d'Aoste	2022	1.45	Per 100 km2	Bes dei territori — ISTAT	https://www.istat.it/statistiche-per-temi/focus/benessere-e-sostenibilita/la-misurazione-del-benessere-bes/il-bes-dei-territori/	nan · Dato regionale annuale; non costituisce una notizia del 2026.	ultimo dato osservato, non nuovo segnale PULSE
Società e cultura	Densità e rilevanza del patrimonio museale	Liguria	2022	0.91	Per 100 km2	Bes dei territori — ISTAT	https://www.istat.it/statistiche-per-temi/focus/benessere-e-sostenibilita/la-misurazione-del-benessere-bes/il-bes-dei-territori/	nan · Dato regionale annuale; non costituisce una notizia del 2026.	ultimo dato osservato, non nuovo segnale PULSE
Società e cultura	Densità e rilevanza del patrimonio museale	Lombardia	2022	1.55	Per 100 km2	Bes dei territori — ISTAT	https://www.istat.it/statistiche-per-temi/focus/benessere-e-sostenibilita/la-misurazione-del-benessere-bes/il-bes-dei-territori/	nan · Dato regionale annuale; non costituisce una notizia del 2026.	ultimo dato osservato, non nuovo segnale PULSE
Società e cultura	Densità e rilevanza del patrimonio museale	Trentino-Alto Adige/Südtirol	2022	0.89	Per 100 km2	Bes dei territori — ISTAT	https://www.istat.it/statistiche-per-temi/focus/benessere-e-sostenibilita/la-misurazione-del-benessere-bes/il-bes-dei-territori/	nan · Dato regionale annuale; non costituisce una notizia del 2026.	ultimo dato osservato, non nuovo segnale PULSE
Società e cultura	Densità e rilevanza del patrimonio museale	Veneto	2022	1.93	Per 100 km2	Bes dei territori — ISTAT	https://www.istat.it/statistiche-per-temi/focus/benessere-e-sostenibilita/la-misurazione-del-benessere-bes/il-bes-dei-territori/	nan · Dato regionale annuale; non costituisce una notizia del 2026.	ultimo dato osservato, non nuovo segnale PULSE
Società e cultura	Densità e rilevanza del patrimonio museale	Friuli-Venezia Giulia	2022	1.19	Per 100 km2	Bes dei territori — ISTAT	https://www.istat.it/statistiche-per-temi/focus/benessere-e-sostenibilita/la-misurazione-del-benessere-bes/il-bes-dei-territori/	nan · Dato regionale annuale; non costituisce una notizia del 2026.	ultimo dato osservato, non nuovo segnale PULSE
Società e cultura	Densità e rilevanza del patrimonio museale	Emilia-Romagna	2022	1.16	Per 100 km2	Bes dei territori — ISTAT	https://www.istat.it/statistiche-per-temi/focus/benessere-e-sostenibilita/la-misurazione-del-benessere-bes/il-bes-dei-territori/	nan · Dato regionale annuale; non costituisce una notizia del 2026.	ultimo dato osservato, non nuovo segnale PULSE
Società e cultura	Densità e rilevanza del patrimonio museale	Toscana	2022	3.28	Per 100 km2	Bes dei territori — ISTAT	https://www.istat.it/statistiche-per-temi/focus/benessere-e-sostenibilita/la-misurazione-del-benessere-bes/il-bes-dei-territori/	nan · Dato regionale annuale; non costituisce una notizia del 2026.	ultimo dato osservato, non nuovo segnale PULSE
Società e cultura	Densità e rilevanza del patrimonio museale	Umbria	2022	0.92	Per 100 km2	Bes dei territori — ISTAT	https://www.istat.it/statistiche-per-temi/focus/benessere-e-sostenibilita/la-misurazione-del-benessere-bes/il-bes-dei-territori/	nan · Dato regionale annuale; non costituisce una notizia del 2026.	ultimo dato osservato, non nuovo segnale PULSE
Società e cultura	Densità e rilevanza del patrimonio museale	Marche	2022	0.6	Per 100 km2	Bes dei territori — ISTAT	https://www.istat.it/statistiche-per-temi/focus/benessere-e-sostenibilita/la-misurazione-del-benessere-bes/il-bes-dei-territori/	nan · Dato regionale annuale; non costituisce una notizia del 2026.	ultimo dato osservato, non nuovo segnale PULSE
Società e cultura	Densità e rilevanza del patrimonio museale	Lazio	2022	6.13	Per 100 km2	Bes dei territori — ISTAT	https://www.istat.it/statistiche-per-temi/focus/benessere-e-sostenibilita/la-misurazione-del-benessere-bes/il-bes-dei-territori/	nan · Dato regionale annuale; non costituisce una notizia del 2026.	ultimo dato osservato, non nuovo segnale PULSE
Società e cultura	Densità e rilevanza del patrimonio museale	Abruzzo	2022	0.17	Per 100 km2	Bes dei territori — ISTAT	https://www.istat.it/statistiche-per-temi/focus/benessere-e-sostenibilita/la-misurazione-del-benessere-bes/il-bes-dei-territori/	nan · Dato regionale annuale; non costituisce una notizia del 2026.	ultimo dato osservato, non nuovo segnale PULSE
Società e cultura	Densità e rilevanza del patrimonio museale	Molise	2022	0.12	Per 100 km2	Bes dei territori — ISTAT	https://www.istat.it/statistiche-per-temi/focus/benessere-e-sostenibilita/la-misurazione-del-benessere-bes/il-bes-dei-territori/	nan · Dato regionale annuale; non costituisce una notizia del 2026.	ultimo dato osservato, non nuovo segnale PULSE
Società e cultura	Densità e rilevanza del patrimonio museale	Campania	2022	3.46	Per 100 km2	Bes dei territori — ISTAT	https://www.istat.it/statistiche-per-temi/focus/benessere-e-sostenibilita/la-misurazione-del-benessere-bes/il-bes-dei-territori/	nan · Dato regionale annuale; non costituisce una notizia del 2026.	ultimo dato osservato, non nuovo segnale PULSE
Società e cultura	Densità e rilevanza del patrimonio museale	Puglia	2022	0.23	Per 100 km2	Bes dei territori — ISTAT	https://www.istat.it/statistiche-per-temi/focus/benessere-e-sostenibilita/la-misurazione-del-benessere-bes/il-bes-dei-territori/	nan · Dato regionale annuale; non costituisce una notizia del 2026.	ultimo dato osservato, non nuovo segnale PULSE
Società e cultura	Densità e rilevanza del patrimonio museale	Basilicata	2022	0.13	Per 100 km2	Bes dei territori — ISTAT	https://www.istat.it/statistiche-per-temi/focus/benessere-e-sostenibilita/la-misurazione-del-benessere-bes/il-bes-dei-territori/	nan · Dato regionale annuale; non costituisce una notizia del 2026.	ultimo dato osservato, non nuovo segnale PULSE
Società e cultura	Densità e rilevanza del patrimonio museale	Calabria	2022	0.24	Per 100 km2	Bes dei territori — ISTAT	https://www.istat.it/statistiche-per-temi/focus/benessere-e-sostenibilita/la-misurazione-del-benessere-bes/il-bes-dei-territori/	nan · Dato regionale annuale; non costituisce una notizia del 2026.	ultimo dato osservato, non nuovo segnale PULSE
Società e cultura	Densità e rilevanza del patrimonio museale	Sicilia	2022	0.88	Per 100 km2	Bes dei territori — ISTAT	https://www.istat.it/statistiche-per-temi/focus/benessere-e-sostenibilita/la-misurazione-del-benessere-bes/il-bes-dei-territori/	nan · Dato regionale annuale; non costituisce una notizia del 2026.	ultimo dato osservato, non nuovo segnale PULSE
Società e cultura	Densità e rilevanza del patrimonio museale	Sardegna	2022	0.32	Per 100 km2	Bes dei territori — ISTAT	https://www.istat.it/statistiche-per-temi/focus/benessere-e-sostenibilita/la-misurazione-del-benessere-bes/il-bes-dei-territori/	nan · Dato regionale annuale; non costituisce una notizia del 2026.	ultimo dato osservato, non nuovo segnale PULSE
Società e cultura	Diffusione delle aziende agrituristiche	Piemonte	2023	5.7	Per 100 km2	Bes dei territori — ISTAT	https://www.istat.it/statistiche-per-temi/focus/benessere-e-sostenibilita/la-misurazione-del-benessere-bes/il-bes-dei-territori/	nan · Dato regionale annuale; non costituisce una notizia del 2026.	ultimo dato osservato, non nuovo segnale PULSE
Società e cultura	Diffusione delle aziende agrituristiche	Valle d'Aosta/Vallée d'Aoste	2023	1.7	Per 100 km2	Bes dei territori — ISTAT	https://www.istat.it/statistiche-per-temi/focus/benessere-e-sostenibilita/la-misurazione-del-benessere-bes/il-bes-dei-territori/	nan · Dato regionale annuale; non costituisce una notizia del 2026.	ultimo dato osservato, non nuovo segnale PULSE
Società e cultura	Diffusione delle aziende agrituristiche	Liguria	2023	13.1	Per 100 km2	Bes dei territori — ISTAT	https://www.istat.it/statistiche-per-temi/focus/benessere-e-sostenibilita/la-misurazione-del-benessere-bes/il-bes-dei-territori/	nan · Dato regionale annuale; non costituisce una notizia del 2026.	ultimo dato osservato, non nuovo segnale PULSE
Società e cultura	Diffusione delle aziende agrituristiche	Lombardia	2023	7.3	Per 100 km2	Bes dei territori — ISTAT	https://www.istat.it/statistiche-per-temi/focus/benessere-e-sostenibilita/la-misurazione-del-benessere-bes/il-bes-dei-territori/	nan · Dato regionale annuale; non costituisce una notizia del 2026.	ultimo dato osservato, non nuovo segnale PULSE
Società e cultura	Diffusione delle aziende agrituristiche	Trentino-Alto Adige/Südtirol	2023	28.7	Per 100 km2	Bes dei territori — ISTAT	https://www.istat.it/statistiche-per-temi/focus/benessere-e-sostenibilita/la-misurazione-del-benessere-bes/il-bes-dei-territori/	nan · Dato regionale annuale; non costituisce una notizia del 2026.	ultimo dato osservato, non nuovo segnale PULSE
Società e cultura	Diffusione delle aziende agrituristiche	Veneto	2023	9	Per 100 km2	Bes dei territori — ISTAT	https://www.istat.it/statistiche-per-temi/focus/benessere-e-sostenibilita/la-misurazione-del-benessere-bes/il-bes-dei-territori/	nan · Dato regionale annuale; non costituisce una notizia del 2026.	ultimo dato osservato, non nuovo segnale PULSE
Società e cultura	Diffusione delle aziende agrituristiche	Friuli-Venezia Giulia	2023	9.2	Per 100 km2	Bes dei territori — ISTAT	https://www.istat.it/statistiche-per-temi/focus/benessere-e-sostenibilita/la-misurazione-del-benessere-bes/il-bes-dei-territori/	nan · Dato regionale annuale; non costituisce una notizia del 2026.	ultimo dato osservato, non nuovo segnale PULSE
Società e cultura	Diffusione delle aziende agrituristiche	Emilia-Romagna	2023	5.3	Per 100 km2	Bes dei territori — ISTAT	https://www.istat.it/statistiche-per-temi/focus/benessere-e-sostenibilita/la-misurazione-del-benessere-bes/il-bes-dei-territori/	nan · Dato regionale annuale; non costituisce una notizia del 2026.	ultimo dato osservato, non nuovo segnale PULSE
Società e cultura	Diffusione delle aziende agrituristiche	Toscana	2023	25.2	Per 100 km2	Bes dei territori — ISTAT	https://www.istat.it/statistiche-per-temi/focus/benessere-e-sostenibilita/la-misurazione-del-benessere-bes/il-bes-dei-territori/	nan · Dato regionale annuale; non costituisce una notizia del 2026.	ultimo dato osservato, non nuovo segnale PULSE
Società e cultura	Diffusione delle aziende agrituristiche	Umbria	2023	15.4	Per 100 km2	Bes dei territori — ISTAT	https://www.istat.it/statistiche-per-temi/focus/benessere-e-sostenibilita/la-misurazione-del-benessere-bes/il-bes-dei-territori/	nan · Dato regionale annuale; non costituisce una notizia del 2026.	ultimo dato osservato, non nuovo segnale PULSE
Società e cultura	Diffusione delle aziende agrituristiche	Marche	2023	12.1	Per 100 km2	Bes dei territori — ISTAT	https://www.istat.it/statistiche-per-temi/focus/benessere-e-sostenibilita/la-misurazione-del-benessere-bes/il-bes-dei-territori/	nan · Dato regionale annuale; non costituisce una notizia del 2026.	ultimo dato osservato, non nuovo segnale PULSE
Società e cultura	Diffusione delle aziende agrituristiche	Lazio	2023	7.8	Per 100 km2	Bes dei territori — ISTAT	https://www.istat.it/statistiche-per-temi/focus/benessere-e-sostenibilita/la-misurazione-del-benessere-bes/il-bes-dei-territori/	nan · Dato regionale annuale; non costituisce una notizia del 2026.	ultimo dato osservato, non nuovo segnale PULSE
Società e cultura	Diffusione delle aziende agrituristiche	Abruzzo	2023	5.2	Per 100 km2	Bes dei territori — ISTAT	https://www.istat.it/statistiche-per-temi/focus/benessere-e-sostenibilita/la-misurazione-del-benessere-bes/il-bes-dei-territori/	nan · Dato regionale annuale; non costituisce una notizia del 2026.	ultimo dato osservato, non nuovo segnale PULSE
Società e cultura	Diffusione delle aziende agrituristiche	Molise	2023	2.6	Per 100 km2	Bes dei territori — ISTAT	https://www.istat.it/statistiche-per-temi/focus/benessere-e-sostenibilita/la-misurazione-del-benessere-bes/il-bes-dei-territori/	nan · Dato regionale annuale; non costituisce una notizia del 2026.	ultimo dato osservato, non nuovo segnale PULSE
Società e cultura	Diffusione delle aziende agrituristiche	Campania	2023	6.7	Per 100 km2	Bes dei territori — ISTAT	https://www.istat.it/statistiche-per-temi/focus/benessere-e-sostenibilita/la-misurazione-del-benessere-bes/il-bes-dei-territori/	nan · Dato regionale annuale; non costituisce una notizia del 2026.	ultimo dato osservato, non nuovo segnale PULSE
Società e cultura	Diffusione delle aziende agrituristiche	Puglia	2023	4.8	Per 100 km2	Bes dei territori — ISTAT	https://www.istat.it/statistiche-per-temi/focus/benessere-e-sostenibilita/la-misurazione-del-benessere-bes/il-bes-dei-territori/	nan · Dato regionale annuale; non costituisce una notizia del 2026.	ultimo dato osservato, non nuovo segnale PULSE
Società e cultura	Diffusione delle aziende agrituristiche	Basilicata	2023	2.1	Per 100 km2	Bes dei territori — ISTAT	https://www.istat.it/statistiche-per-temi/focus/benessere-e-sostenibilita/la-misurazione-del-benessere-bes/il-bes-dei-territori/	nan · Dato regionale annuale; non costituisce una notizia del 2026.	ultimo dato osservato, non nuovo segnale PULSE
Società e cultura	Diffusione delle aziende agrituristiche	Calabria	2023	3.7	Per 100 km2	Bes dei territori — ISTAT	https://www.istat.it/statistiche-per-temi/focus/benessere-e-sostenibilita/la-misurazione-del-benessere-bes/il-bes-dei-territori/	nan · Dato regionale annuale; non costituisce una notizia del 2026.	ultimo dato osservato, non nuovo segnale PULSE
Società e cultura	Diffusione delle aziende agrituristiche	Sicilia	2023	3.8	Per 100 km2	Bes dei territori — ISTAT	https://www.istat.it/statistiche-per-temi/focus/benessere-e-sostenibilita/la-misurazione-del-benessere-bes/il-bes-dei-territori/	nan · Dato regionale annuale; non costituisce una notizia del 2026.	ultimo dato osservato, non nuovo segnale PULSE
Società e cultura	Diffusione delle aziende agrituristiche	Sardegna	2023	3.3	Per 100 km2	Bes dei territori — ISTAT	https://www.istat.it/statistiche-per-temi/focus/benessere-e-sostenibilita/la-misurazione-del-benessere-bes/il-bes-dei-territori/	nan · Dato regionale annuale; non costituisce una notizia del 2026.	ultimo dato osservato, non nuovo segnale PULSE
Società e cultura	Densità di verde storico	Piemonte	2022	3.8	Per 100 m2	Bes dei territori — ISTAT	https://www.istat.it/statistiche-per-temi/focus/benessere-e-sostenibilita/la-misurazione-del-benessere-bes/il-bes-dei-territori/	Nuova serie storica (base 2021) · Dato regionale annuale; non costituisce una notizia del 2026.	ultimo dato osservato, non nuovo segnale PULSE
Società e cultura	Densità di verde storico	Valle d'Aosta/Vallée d'Aoste	2022	0.9	Per 100 m2	Bes dei territori — ISTAT	https://www.istat.it/statistiche-per-temi/focus/benessere-e-sostenibilita/la-misurazione-del-benessere-bes/il-bes-dei-territori/	Nuova serie storica (base 2021) · Dato regionale annuale; non costituisce una notizia del 2026.	ultimo dato osservato, non nuovo segnale PULSE
Società e cultura	Densità di verde storico	Liguria	2022	0.8	Per 100 m2	Bes dei territori — ISTAT	https://www.istat.it/statistiche-per-temi/focus/benessere-e-sostenibilita/la-misurazione-del-benessere-bes/il-bes-dei-territori/	Nuova serie storica (base 2021) · Dato regionale annuale; non costituisce una notizia del 2026.	ultimo dato osservato, non nuovo segnale PULSE
Società e cultura	Densità di verde storico	Lombardia	2022	2.7	Per 100 m2	Bes dei territori — ISTAT	https://www.istat.it/statistiche-per-temi/focus/benessere-e-sostenibilita/la-misurazione-del-benessere-bes/il-bes-dei-territori/	Nuova serie storica (base 2021) · Dato regionale annuale; non costituisce una notizia del 2026.	ultimo dato osservato, non nuovo segnale PULSE
Società e cultura	Densità di verde storico	Trentino-Alto Adige/Südtirol	2022	0.3	Per 100 m2	Bes dei territori — ISTAT	https://www.istat.it/statistiche-per-temi/focus/benessere-e-sostenibilita/la-misurazione-del-benessere-bes/il-bes-dei-territori/	Nuova serie storica (base 2021) · Dato regionale annuale; non costituisce una notizia del 2026.	ultimo dato osservato, non nuovo segnale PULSE
Società e cultura	Densità di verde storico	Veneto	2022	2.3	Per 100 m2	Bes dei territori — ISTAT	https://www.istat.it/statistiche-per-temi/focus/benessere-e-sostenibilita/la-misurazione-del-benessere-bes/il-bes-dei-territori/	Nuova serie storica (base 2021) · Dato regionale annuale; non costituisce una notizia del 2026.	ultimo dato osservato, non nuovo segnale PULSE
Società e cultura	Densità di verde storico	Friuli-Venezia Giulia	2022	3.5	Per 100 m2	Bes dei territori — ISTAT	https://www.istat.it/statistiche-per-temi/focus/benessere-e-sostenibilita/la-misurazione-del-benessere-bes/il-bes-dei-territori/	Nuova serie storica (base 2021) · Dato regionale annuale; non costituisce una notizia del 2026.	ultimo dato osservato, non nuovo segnale PULSE
Società e cultura	Densità di verde storico	Emilia-Romagna	2022	0.7	Per 100 m2	Bes dei territori — ISTAT	https://www.istat.it/statistiche-per-temi/focus/benessere-e-sostenibilita/la-misurazione-del-benessere-bes/il-bes-dei-territori/	Nuova serie storica (base 2021) · Dato regionale annuale; non costituisce una notizia del 2026.	ultimo dato osservato, non nuovo segnale PULSE
Società e cultura	Densità di verde storico	Toscana	2022	1.2	Per 100 m2	Bes dei territori — ISTAT	https://www.istat.it/statistiche-per-temi/focus/benessere-e-sostenibilita/la-misurazione-del-benessere-bes/il-bes-dei-territori/	Nuova serie storica (base 2021) · Dato regionale annuale; non costituisce una notizia del 2026.	ultimo dato osservato, non nuovo segnale PULSE
Società e cultura	Densità di verde storico	Umbria	2022	4.7	Per 100 m2	Bes dei territori — ISTAT	https://www.istat.it/statistiche-per-temi/focus/benessere-e-sostenibilita/la-misurazione-del-benessere-bes/il-bes-dei-territori/	Nuova serie storica (base 2021) · Dato regionale annuale; non costituisce una notizia del 2026.	ultimo dato osservato, non nuovo segnale PULSE
Società e cultura	Densità di verde storico	Marche	2022	1.3	Per 100 m2	Bes dei territori — ISTAT	https://www.istat.it/statistiche-per-temi/focus/benessere-e-sostenibilita/la-misurazione-del-benessere-bes/il-bes-dei-territori/	Nuova serie storica (base 2021) · Dato regionale annuale; non costituisce una notizia del 2026.	ultimo dato osservato, non nuovo segnale PULSE
Società e cultura	Densità di verde storico	Lazio	2022	0.9	Per 100 m2	Bes dei territori — ISTAT	https://www.istat.it/statistiche-per-temi/focus/benessere-e-sostenibilita/la-misurazione-del-benessere-bes/il-bes-dei-territori/	Nuova serie storica (base 2021) · Dato regionale annuale; non costituisce una notizia del 2026.	ultimo dato osservato, non nuovo segnale PULSE
Società e cultura	Densità di verde storico	Abruzzo	2022	0.9	Per 100 m2	Bes dei territori — ISTAT	https://www.istat.it/statistiche-per-temi/focus/benessere-e-sostenibilita/la-misurazione-del-benessere-bes/il-bes-dei-territori/	Nuova serie storica (base 2021) · Dato regionale annuale; non costituisce una notizia del 2026.	ultimo dato osservato, non nuovo segnale PULSE
Società e cultura	Densità di verde storico	Molise	2022	0.1	Per 100 m2	Bes dei territori — ISTAT	https://www.istat.it/statistiche-per-temi/focus/benessere-e-sostenibilita/la-misurazione-del-benessere-bes/il-bes-dei-territori/	Nuova serie storica (base 2021) · Dato regionale annuale; non costituisce una notizia del 2026.	ultimo dato osservato, non nuovo segnale PULSE
Società e cultura	Densità di verde storico	Campania	2022	1.6	Per 100 m2	Bes dei territori — ISTAT	https://www.istat.it/statistiche-per-temi/focus/benessere-e-sostenibilita/la-misurazione-del-benessere-bes/il-bes-dei-territori/	Nuova serie storica (base 2021) · Dato regionale annuale; non costituisce una notizia del 2026.	ultimo dato osservato, non nuovo segnale PULSE
Società e cultura	Densità di verde storico	Puglia	2022	0.7	Per 100 m2	Bes dei territori — ISTAT	https://www.istat.it/statistiche-per-temi/focus/benessere-e-sostenibilita/la-misurazione-del-benessere-bes/il-bes-dei-territori/	Nuova serie storica (base 2021) · Dato regionale annuale; non costituisce una notizia del 2026.	ultimo dato osservato, non nuovo segnale PULSE
Società e cultura	Densità di verde storico	Basilicata	2022	0.2	Per 100 m2	Bes dei territori — ISTAT	https://www.istat.it/statistiche-per-temi/focus/benessere-e-sostenibilita/la-misurazione-del-benessere-bes/il-bes-dei-territori/	Nuova serie storica (base 2021) · Dato regionale annuale; non costituisce una notizia del 2026.	ultimo dato osservato, non nuovo segnale PULSE
Società e cultura	Densità di verde storico	Calabria	2022	0.6	Per 100 m2	Bes dei territori — ISTAT	https://www.istat.it/statistiche-per-temi/focus/benessere-e-sostenibilita/la-misurazione-del-benessere-bes/il-bes-dei-territori/	Nuova serie storica (base 2021) · Dato regionale annuale; non costituisce una notizia del 2026.	ultimo dato osservato, non nuovo segnale PULSE
Società e cultura	Densità di verde storico	Sicilia	2022	1.2	Per 100 m2	Bes dei territori — ISTAT	https://www.istat.it/statistiche-per-temi/focus/benessere-e-sostenibilita/la-misurazione-del-benessere-bes/il-bes-dei-territori/	Nuova serie storica (base 2021) · Dato regionale annuale; non costituisce una notizia del 2026.	ultimo dato osservato, non nuovo segnale PULSE
Società e cultura	Densità di verde storico	Sardegna	2022	0.3	Per 100 m2	Bes dei territori — ISTAT	https://www.istat.it/statistiche-per-temi/focus/benessere-e-sostenibilita/la-misurazione-del-benessere-bes/il-bes-dei-territori/	Nuova serie storica (base 2021) · Dato regionale annuale; non costituisce una notizia del 2026.	ultimo dato osservato, non nuovo segnale PULSE
Ambiente	Concentrazione media annua di PM10	Piemonte	2023	6	Microgrammi per m3	Bes dei territori — ISTAT	https://www.istat.it/statistiche-per-temi/focus/benessere-e-sostenibilita/la-misurazione-del-benessere-bes/il-bes-dei-territori/	nan · Dato regionale annuale; non costituisce una notizia del 2026.	ultimo dato osservato, non nuovo segnale PULSE
Ambiente	Concentrazione media annua di PM10	Valle d'Aosta/Vallée d'Aoste	2023	0	Microgrammi per m3	Bes dei territori — ISTAT	https://www.istat.it/statistiche-per-temi/focus/benessere-e-sostenibilita/la-misurazione-del-benessere-bes/il-bes-dei-territori/	nan · Dato regionale annuale; non costituisce una notizia del 2026.	ultimo dato osservato, non nuovo segnale PULSE
Ambiente	Concentrazione media annua di PM10	Liguria	2023	1	Microgrammi per m3	Bes dei territori — ISTAT	https://www.istat.it/statistiche-per-temi/focus/benessere-e-sostenibilita/la-misurazione-del-benessere-bes/il-bes-dei-territori/	nan · Dato regionale annuale; non costituisce una notizia del 2026.	ultimo dato osservato, non nuovo segnale PULSE
Ambiente	Concentrazione media annua di PM10	Lombardia	2023	10	Microgrammi per m3	Bes dei territori — ISTAT	https://www.istat.it/statistiche-per-temi/focus/benessere-e-sostenibilita/la-misurazione-del-benessere-bes/il-bes-dei-territori/	nan · Dato regionale annuale; non costituisce una notizia del 2026.	ultimo dato osservato, non nuovo segnale PULSE
Ambiente	Concentrazione media annua di PM10	Trentino-Alto Adige/Südtirol	2023	1	Microgrammi per m3	Bes dei territori — ISTAT	https://www.istat.it/statistiche-per-temi/focus/benessere-e-sostenibilita/la-misurazione-del-benessere-bes/il-bes-dei-territori/	nan · Dato regionale annuale; non costituisce una notizia del 2026.	ultimo dato osservato, non nuovo segnale PULSE
Ambiente	Concentrazione media annua di PM10	Veneto	2023	6	Microgrammi per m3	Bes dei territori — ISTAT	https://www.istat.it/statistiche-per-temi/focus/benessere-e-sostenibilita/la-misurazione-del-benessere-bes/il-bes-dei-territori/	nan · Dato regionale annuale; non costituisce una notizia del 2026.	ultimo dato osservato, non nuovo segnale PULSE
Ambiente	Concentrazione media annua di PM10	Friuli-Venezia Giulia	2023	2	Microgrammi per m3	Bes dei territori — ISTAT	https://www.istat.it/statistiche-per-temi/focus/benessere-e-sostenibilita/la-misurazione-del-benessere-bes/il-bes-dei-territori/	nan · Dato regionale annuale; non costituisce una notizia del 2026.	ultimo dato osservato, non nuovo segnale PULSE
Ambiente	Concentrazione media annua di PM10	Emilia-Romagna	2023	9	Microgrammi per m3	Bes dei territori — ISTAT	https://www.istat.it/statistiche-per-temi/focus/benessere-e-sostenibilita/la-misurazione-del-benessere-bes/il-bes-dei-territori/	nan · Dato regionale annuale; non costituisce una notizia del 2026.	ultimo dato osservato, non nuovo segnale PULSE
Ambiente	Concentrazione media annua di PM10	Toscana	2023	7	Microgrammi per m3	Bes dei territori — ISTAT	https://www.istat.it/statistiche-per-temi/focus/benessere-e-sostenibilita/la-misurazione-del-benessere-bes/il-bes-dei-territori/	nan · Dato regionale annuale; non costituisce una notizia del 2026.	ultimo dato osservato, non nuovo segnale PULSE
Ambiente	Concentrazione media annua di PM10	Umbria	2023	2	Microgrammi per m3	Bes dei territori — ISTAT	https://www.istat.it/statistiche-per-temi/focus/benessere-e-sostenibilita/la-misurazione-del-benessere-bes/il-bes-dei-territori/	nan · Dato regionale annuale; non costituisce una notizia del 2026.	ultimo dato osservato, non nuovo segnale PULSE
Ambiente	Concentrazione media annua di PM10	Marche	2023	2	Microgrammi per m3	Bes dei territori — ISTAT	https://www.istat.it/statistiche-per-temi/focus/benessere-e-sostenibilita/la-misurazione-del-benessere-bes/il-bes-dei-territori/	nan · Dato regionale annuale; non costituisce una notizia del 2026.	ultimo dato osservato, non nuovo segnale PULSE
Ambiente	Concentrazione media annua di PM10	Lazio	2023	3	Microgrammi per m3	Bes dei territori — ISTAT	https://www.istat.it/statistiche-per-temi/focus/benessere-e-sostenibilita/la-misurazione-del-benessere-bes/il-bes-dei-territori/	nan · Dato regionale annuale; non costituisce una notizia del 2026.	ultimo dato osservato, non nuovo segnale PULSE
Ambiente	Concentrazione media annua di PM10	Abruzzo	2023	2	Microgrammi per m3	Bes dei territori — ISTAT	https://www.istat.it/statistiche-per-temi/focus/benessere-e-sostenibilita/la-misurazione-del-benessere-bes/il-bes-dei-territori/	nan · Dato regionale annuale; non costituisce una notizia del 2026.	ultimo dato osservato, non nuovo segnale PULSE
Ambiente	Concentrazione media annua di PM10	Molise	2023	0	Microgrammi per m3	Bes dei territori — ISTAT	https://www.istat.it/statistiche-per-temi/focus/benessere-e-sostenibilita/la-misurazione-del-benessere-bes/il-bes-dei-territori/	nan · Dato regionale annuale; non costituisce una notizia del 2026.	ultimo dato osservato, non nuovo segnale PULSE
Ambiente	Concentrazione media annua di PM10	Campania	2023	4	Microgrammi per m3	Bes dei territori — ISTAT	https://www.istat.it/statistiche-per-temi/focus/benessere-e-sostenibilita/la-misurazione-del-benessere-bes/il-bes-dei-territori/	nan · Dato regionale annuale; non costituisce una notizia del 2026.	ultimo dato osservato, non nuovo segnale PULSE
Ambiente	Concentrazione media annua di PM10	Puglia	2023	6	Microgrammi per m3	Bes dei territori — ISTAT	https://www.istat.it/statistiche-per-temi/focus/benessere-e-sostenibilita/la-misurazione-del-benessere-bes/il-bes-dei-territori/	nan · Dato regionale annuale; non costituisce una notizia del 2026.	ultimo dato osservato, non nuovo segnale PULSE
Ambiente	Concentrazione media annua di PM10	Basilicata	2023	0	Microgrammi per m3	Bes dei territori — ISTAT	https://www.istat.it/statistiche-per-temi/focus/benessere-e-sostenibilita/la-misurazione-del-benessere-bes/il-bes-dei-territori/	nan · Dato regionale annuale; non costituisce una notizia del 2026.	ultimo dato osservato, non nuovo segnale PULSE
Ambiente	Concentrazione media annua di PM10	Calabria	2023	0	Microgrammi per m3	Bes dei territori — ISTAT	https://www.istat.it/statistiche-per-temi/focus/benessere-e-sostenibilita/la-misurazione-del-benessere-bes/il-bes-dei-territori/	nan · Dato regionale annuale; non costituisce una notizia del 2026.	ultimo dato osservato, non nuovo segnale PULSE
Ambiente	Concentrazione media annua di PM10	Sicilia	2023	7	Microgrammi per m3	Bes dei territori — ISTAT	https://www.istat.it/statistiche-per-temi/focus/benessere-e-sostenibilita/la-misurazione-del-benessere-bes/il-bes-dei-territori/	nan · Dato regionale annuale; non costituisce una notizia del 2026.	ultimo dato osservato, non nuovo segnale PULSE
Ambiente	Concentrazione media annua di PM10	Sardegna	2023	2	Microgrammi per m3	Bes dei territori — ISTAT	https://www.istat.it/statistiche-per-temi/focus/benessere-e-sostenibilita/la-misurazione-del-benessere-bes/il-bes-dei-territori/	nan · Dato regionale annuale; non costituisce una notizia del 2026.	ultimo dato osservato, non nuovo segnale PULSE
Ambiente	Concentrazione media annua di PM2.5	Piemonte	2023	8	Microgrammi per m3	Bes dei territori — ISTAT	https://www.istat.it/statistiche-per-temi/focus/benessere-e-sostenibilita/la-misurazione-del-benessere-bes/il-bes-dei-territori/	nan · Dato regionale annuale; non costituisce una notizia del 2026.	ultimo dato osservato, non nuovo segnale PULSE
Ambiente	Concentrazione media annua di PM2.5	Valle d'Aosta/Vallée d'Aoste	2023	1	Microgrammi per m3	Bes dei territori — ISTAT	https://www.istat.it/statistiche-per-temi/focus/benessere-e-sostenibilita/la-misurazione-del-benessere-bes/il-bes-dei-territori/	nan · Dato regionale annuale; non costituisce una notizia del 2026.	ultimo dato osservato, non nuovo segnale PULSE
Ambiente	Concentrazione media annua di PM2.5	Liguria	2023	3	Microgrammi per m3	Bes dei territori — ISTAT	https://www.istat.it/statistiche-per-temi/focus/benessere-e-sostenibilita/la-misurazione-del-benessere-bes/il-bes-dei-territori/	nan · Dato regionale annuale; non costituisce una notizia del 2026.	ultimo dato osservato, non nuovo segnale PULSE
Ambiente	Concentrazione media annua di PM2.5	Lombardia	2023	12	Microgrammi per m3	Bes dei territori — ISTAT	https://www.istat.it/statistiche-per-temi/focus/benessere-e-sostenibilita/la-misurazione-del-benessere-bes/il-bes-dei-territori/	nan · Dato regionale annuale; non costituisce una notizia del 2026.	ultimo dato osservato, non nuovo segnale PULSE
Ambiente	Concentrazione media annua di PM2.5	Trentino-Alto Adige/Südtirol	2023	2	Microgrammi per m3	Bes dei territori — ISTAT	https://www.istat.it/statistiche-per-temi/focus/benessere-e-sostenibilita/la-misurazione-del-benessere-bes/il-bes-dei-territori/	nan · Dato regionale annuale; non costituisce una notizia del 2026.	ultimo dato osservato, non nuovo segnale PULSE
Ambiente	Concentrazione media annua di PM2.5	Veneto	2023	7	Microgrammi per m3	Bes dei territori — ISTAT	https://www.istat.it/statistiche-per-temi/focus/benessere-e-sostenibilita/la-misurazione-del-benessere-bes/il-bes-dei-territori/	nan · Dato regionale annuale; non costituisce una notizia del 2026.	ultimo dato osservato, non nuovo segnale PULSE
Ambiente	Concentrazione media annua di PM2.5	Friuli-Venezia Giulia	2023	4	Microgrammi per m3	Bes dei territori — ISTAT	https://www.istat.it/statistiche-per-temi/focus/benessere-e-sostenibilita/la-misurazione-del-benessere-bes/il-bes-dei-territori/	nan · Dato regionale annuale; non costituisce una notizia del 2026.	ultimo dato osservato, non nuovo segnale PULSE
Ambiente	Concentrazione media annua di PM2.5	Emilia-Romagna	2023	9	Microgrammi per m3	Bes dei territori — ISTAT	https://www.istat.it/statistiche-per-temi/focus/benessere-e-sostenibilita/la-misurazione-del-benessere-bes/il-bes-dei-territori/	nan · Dato regionale annuale; non costituisce una notizia del 2026.	ultimo dato osservato, non nuovo segnale PULSE
Ambiente	Concentrazione media annua di PM2.5	Toscana	2023	5	Microgrammi per m3	Bes dei territori — ISTAT	https://www.istat.it/statistiche-per-temi/focus/benessere-e-sostenibilita/la-misurazione-del-benessere-bes/il-bes-dei-territori/	nan · Dato regionale annuale; non costituisce una notizia del 2026.	ultimo dato osservato, non nuovo segnale PULSE
Ambiente	Concentrazione media annua di PM2.5	Umbria	2023	2	Microgrammi per m3	Bes dei territori — ISTAT	https://www.istat.it/statistiche-per-temi/focus/benessere-e-sostenibilita/la-misurazione-del-benessere-bes/il-bes-dei-territori/	nan · Dato regionale annuale; non costituisce una notizia del 2026.	ultimo dato osservato, non nuovo segnale PULSE
Ambiente	Concentrazione media annua di PM2.5	Marche	2023	3	Microgrammi per m3	Bes dei territori — ISTAT	https://www.istat.it/statistiche-per-temi/focus/benessere-e-sostenibilita/la-misurazione-del-benessere-bes/il-bes-dei-territori/	nan · Dato regionale annuale; non costituisce una notizia del 2026.	ultimo dato osservato, non nuovo segnale PULSE
Ambiente	Concentrazione media annua di PM2.5	Lazio	2023	3	Microgrammi per m3	Bes dei territori — ISTAT	https://www.istat.it/statistiche-per-temi/focus/benessere-e-sostenibilita/la-misurazione-del-benessere-bes/il-bes-dei-territori/	nan · Dato regionale annuale; non costituisce una notizia del 2026.	ultimo dato osservato, non nuovo segnale PULSE
Ambiente	Concentrazione media annua di PM2.5	Abruzzo	2023	3	Microgrammi per m3	Bes dei territori — ISTAT	https://www.istat.it/statistiche-per-temi/focus/benessere-e-sostenibilita/la-misurazione-del-benessere-bes/il-bes-dei-territori/	nan · Dato regionale annuale; non costituisce una notizia del 2026.	ultimo dato osservato, non nuovo segnale PULSE
Ambiente	Concentrazione media annua di PM2.5	Molise	2023	1	Microgrammi per m3	Bes dei territori — ISTAT	https://www.istat.it/statistiche-per-temi/focus/benessere-e-sostenibilita/la-misurazione-del-benessere-bes/il-bes-dei-territori/	nan · Dato regionale annuale; non costituisce una notizia del 2026.	ultimo dato osservato, non nuovo segnale PULSE
Ambiente	Concentrazione media annua di PM2.5	Campania	2023	5	Microgrammi per m3	Bes dei territori — ISTAT	https://www.istat.it/statistiche-per-temi/focus/benessere-e-sostenibilita/la-misurazione-del-benessere-bes/il-bes-dei-territori/	nan · Dato regionale annuale; non costituisce una notizia del 2026.	ultimo dato osservato, non nuovo segnale PULSE
Ambiente	Concentrazione media annua di PM2.5	Puglia	2023	6	Microgrammi per m3	Bes dei territori — ISTAT	https://www.istat.it/statistiche-per-temi/focus/benessere-e-sostenibilita/la-misurazione-del-benessere-bes/il-bes-dei-territori/	nan · Dato regionale annuale; non costituisce una notizia del 2026.	ultimo dato osservato, non nuovo segnale PULSE
Ambiente	Concentrazione media annua di PM2.5	Basilicata	2023	0	Microgrammi per m3	Bes dei territori — ISTAT	https://www.istat.it/statistiche-per-temi/focus/benessere-e-sostenibilita/la-misurazione-del-benessere-bes/il-bes-dei-territori/	nan · Dato regionale annuale; non costituisce una notizia del 2026.	ultimo dato osservato, non nuovo segnale PULSE
Ambiente	Concentrazione media annua di PM2.5	Calabria	2023	0	Microgrammi per m3	Bes dei territori — ISTAT	https://www.istat.it/statistiche-per-temi/focus/benessere-e-sostenibilita/la-misurazione-del-benessere-bes/il-bes-dei-territori/	nan · Dato regionale annuale; non costituisce una notizia del 2026.	ultimo dato osservato, non nuovo segnale PULSE
Ambiente	Concentrazione media annua di PM2.5	Sicilia	2023	6	Microgrammi per m3	Bes dei territori — ISTAT	https://www.istat.it/statistiche-per-temi/focus/benessere-e-sostenibilita/la-misurazione-del-benessere-bes/il-bes-dei-territori/	nan · Dato regionale annuale; non costituisce una notizia del 2026.	ultimo dato osservato, non nuovo segnale PULSE
Ambiente	Concentrazione media annua di PM2.5	Sardegna	2023	1	Microgrammi per m3	Bes dei territori — ISTAT	https://www.istat.it/statistiche-per-temi/focus/benessere-e-sostenibilita/la-misurazione-del-benessere-bes/il-bes-dei-territori/	nan · Dato regionale annuale; non costituisce una notizia del 2026.	ultimo dato osservato, non nuovo segnale PULSE
Ambiente	Popolazione esposta al rischio di frane	Piemonte	2020	1.9	Valori percentuali	Bes dei territori — ISTAT	https://www.istat.it/statistiche-per-temi/focus/benessere-e-sostenibilita/la-misurazione-del-benessere-bes/il-bes-dei-territori/	nan · Dato regionale annuale; non costituisce una notizia del 2026.	ultimo dato osservato, non nuovo segnale PULSE
Ambiente	Popolazione esposta al rischio di frane	Valle d'Aosta/Vallée d'Aoste	2020	12.1	Valori percentuali	Bes dei territori — ISTAT	https://www.istat.it/statistiche-per-temi/focus/benessere-e-sostenibilita/la-misurazione-del-benessere-bes/il-bes-dei-territori/	nan · Dato regionale annuale; non costituisce una notizia del 2026.	ultimo dato osservato, non nuovo segnale PULSE
Ambiente	Popolazione esposta al rischio di frane	Liguria	2020	5.9	Valori percentuali	Bes dei territori — ISTAT	https://www.istat.it/statistiche-per-temi/focus/benessere-e-sostenibilita/la-misurazione-del-benessere-bes/il-bes-dei-territori/	nan · Dato regionale annuale; non costituisce una notizia del 2026.	ultimo dato osservato, non nuovo segnale PULSE
Ambiente	Popolazione esposta al rischio di frane	Lombardia	2020	0.5	Valori percentuali	Bes dei territori — ISTAT	https://www.istat.it/statistiche-per-temi/focus/benessere-e-sostenibilita/la-misurazione-del-benessere-bes/il-bes-dei-territori/	nan · Dato regionale annuale; non costituisce una notizia del 2026.	ultimo dato osservato, non nuovo segnale PULSE
Ambiente	Popolazione esposta al rischio di frane	Trentino-Alto Adige/Südtirol	2020	2.1	Valori percentuali	Bes dei territori — ISTAT	https://www.istat.it/statistiche-per-temi/focus/benessere-e-sostenibilita/la-misurazione-del-benessere-bes/il-bes-dei-territori/	nan · Dato regionale annuale; non costituisce una notizia del 2026.	ultimo dato osservato, non nuovo segnale PULSE
Ambiente	Popolazione esposta al rischio di frane	Veneto	2020	0.1	Valori percentuali	Bes dei territori — ISTAT	https://www.istat.it/statistiche-per-temi/focus/benessere-e-sostenibilita/la-misurazione-del-benessere-bes/il-bes-dei-territori/	nan · Dato regionale annuale; non costituisce una notizia del 2026.	ultimo dato osservato, non nuovo segnale PULSE
Ambiente	Popolazione esposta al rischio di frane	Friuli-Venezia Giulia	2020	0.4	Valori percentuali	Bes dei territori — ISTAT	https://www.istat.it/statistiche-per-temi/focus/benessere-e-sostenibilita/la-misurazione-del-benessere-bes/il-bes-dei-territori/	nan · Dato regionale annuale; non costituisce una notizia del 2026.	ultimo dato osservato, non nuovo segnale PULSE
Ambiente	Popolazione esposta al rischio di frane	Emilia-Romagna	2020	2	Valori percentuali	Bes dei territori — ISTAT	https://www.istat.it/statistiche-per-temi/focus/benessere-e-sostenibilita/la-misurazione-del-benessere-bes/il-bes-dei-territori/	nan · Dato regionale annuale; non costituisce una notizia del 2026.	ultimo dato osservato, non nuovo segnale PULSE
Ambiente	Popolazione esposta al rischio di frane	Toscana	2020	4.2	Valori percentuali	Bes dei territori — ISTAT	https://www.istat.it/statistiche-per-temi/focus/benessere-e-sostenibilita/la-misurazione-del-benessere-bes/il-bes-dei-territori/	nan · Dato regionale annuale; non costituisce una notizia del 2026.	ultimo dato osservato, non nuovo segnale PULSE
Ambiente	Popolazione esposta al rischio di frane	Umbria	2020	2	Valori percentuali	Bes dei territori — ISTAT	https://www.istat.it/statistiche-per-temi/focus/benessere-e-sostenibilita/la-misurazione-del-benessere-bes/il-bes-dei-territori/	nan · Dato regionale annuale; non costituisce una notizia del 2026.	ultimo dato osservato, non nuovo segnale PULSE
Ambiente	Popolazione esposta al rischio di frane	Marche	2020	2.2	Valori percentuali	Bes dei territori — ISTAT	https://www.istat.it/statistiche-per-temi/focus/benessere-e-sostenibilita/la-misurazione-del-benessere-bes/il-bes-dei-territori/	nan · Dato regionale annuale; non costituisce una notizia del 2026.	ultimo dato osservato, non nuovo segnale PULSE
Ambiente	Popolazione esposta al rischio di frane	Lazio	2020	1.6	Valori percentuali	Bes dei territori — ISTAT	https://www.istat.it/statistiche-per-temi/focus/benessere-e-sostenibilita/la-misurazione-del-benessere-bes/il-bes-dei-territori/	nan · Dato regionale annuale; non costituisce una notizia del 2026.	ultimo dato osservato, non nuovo segnale PULSE
Ambiente	Popolazione esposta al rischio di frane	Abruzzo	2020	5.6	Valori percentuali	Bes dei territori — ISTAT	https://www.istat.it/statistiche-per-temi/focus/benessere-e-sostenibilita/la-misurazione-del-benessere-bes/il-bes-dei-territori/	nan · Dato regionale annuale; non costituisce una notizia del 2026.	ultimo dato osservato, non nuovo segnale PULSE
Ambiente	Popolazione esposta al rischio di frane	Molise	2020	6.1	Valori percentuali	Bes dei territori — ISTAT	https://www.istat.it/statistiche-per-temi/focus/benessere-e-sostenibilita/la-misurazione-del-benessere-bes/il-bes-dei-territori/	nan · Dato regionale annuale; non costituisce una notizia del 2026.	ultimo dato osservato, non nuovo segnale PULSE
Ambiente	Popolazione esposta al rischio di frane	Campania	2020	5	Valori percentuali	Bes dei territori — ISTAT	https://www.istat.it/statistiche-per-temi/focus/benessere-e-sostenibilita/la-misurazione-del-benessere-bes/il-bes-dei-territori/	nan · Dato regionale annuale; non costituisce una notizia del 2026.	ultimo dato osservato, non nuovo segnale PULSE
Ambiente	Popolazione esposta al rischio di frane	Puglia	2020	1.4	Valori percentuali	Bes dei territori — ISTAT	https://www.istat.it/statistiche-per-temi/focus/benessere-e-sostenibilita/la-misurazione-del-benessere-bes/il-bes-dei-territori/	nan · Dato regionale annuale; non costituisce una notizia del 2026.	ultimo dato osservato, non nuovo segnale PULSE
Ambiente	Popolazione esposta al rischio di frane	Basilicata	2020	7	Valori percentuali	Bes dei territori — ISTAT	https://www.istat.it/statistiche-per-temi/focus/benessere-e-sostenibilita/la-misurazione-del-benessere-bes/il-bes-dei-territori/	nan · Dato regionale annuale; non costituisce una notizia del 2026.	ultimo dato osservato, non nuovo segnale PULSE
Ambiente	Popolazione esposta al rischio di frane	Calabria	2020	3.3	Valori percentuali	Bes dei territori — ISTAT	https://www.istat.it/statistiche-per-temi/focus/benessere-e-sostenibilita/la-misurazione-del-benessere-bes/il-bes-dei-territori/	nan · Dato regionale annuale; non costituisce una notizia del 2026.	ultimo dato osservato, non nuovo segnale PULSE
Ambiente	Popolazione esposta al rischio di frane	Sicilia	2020	1.8	Valori percentuali	Bes dei territori — ISTAT	https://www.istat.it/statistiche-per-temi/focus/benessere-e-sostenibilita/la-misurazione-del-benessere-bes/il-bes-dei-territori/	nan · Dato regionale annuale; non costituisce una notizia del 2026.	ultimo dato osservato, non nuovo segnale PULSE
Ambiente	Popolazione esposta al rischio di frane	Sardegna	2020	1.3	Valori percentuali	Bes dei territori — ISTAT	https://www.istat.it/statistiche-per-temi/focus/benessere-e-sostenibilita/la-misurazione-del-benessere-bes/il-bes-dei-territori/	nan · Dato regionale annuale; non costituisce una notizia del 2026.	ultimo dato osservato, non nuovo segnale PULSE
Ambiente	Popolazione esposta al rischio di alluvioni	Piemonte	2020	4.9	Valori percentuali	Bes dei territori — ISTAT	https://www.istat.it/statistiche-per-temi/focus/benessere-e-sostenibilita/la-misurazione-del-benessere-bes/il-bes-dei-territori/	nan · Dato regionale annuale; non costituisce una notizia del 2026.	ultimo dato osservato, non nuovo segnale PULSE
Ambiente	Popolazione esposta al rischio di alluvioni	Valle d'Aosta/Vallée d'Aoste	2020	9.1	Valori percentuali	Bes dei territori — ISTAT	https://www.istat.it/statistiche-per-temi/focus/benessere-e-sostenibilita/la-misurazione-del-benessere-bes/il-bes-dei-territori/	nan · Dato regionale annuale; non costituisce una notizia del 2026.	ultimo dato osservato, non nuovo segnale PULSE
Ambiente	Popolazione esposta al rischio di alluvioni	Liguria	2020	17.4	Valori percentuali	Bes dei territori — ISTAT	https://www.istat.it/statistiche-per-temi/focus/benessere-e-sostenibilita/la-misurazione-del-benessere-bes/il-bes-dei-territori/	nan · Dato regionale annuale; non costituisce una notizia del 2026.	ultimo dato osservato, non nuovo segnale PULSE
Ambiente	Popolazione esposta al rischio di alluvioni	Lombardia	2020	4.4	Valori percentuali	Bes dei territori — ISTAT	https://www.istat.it/statistiche-per-temi/focus/benessere-e-sostenibilita/la-misurazione-del-benessere-bes/il-bes-dei-territori/	nan · Dato regionale annuale; non costituisce una notizia del 2026.	ultimo dato osservato, non nuovo segnale PULSE
Ambiente	Popolazione esposta al rischio di alluvioni	Trentino-Alto Adige/Südtirol	2020	18	Valori percentuali	Bes dei territori — ISTAT	https://www.istat.it/statistiche-per-temi/focus/benessere-e-sostenibilita/la-misurazione-del-benessere-bes/il-bes-dei-territori/	nan · Dato regionale annuale; non costituisce una notizia del 2026.	ultimo dato osservato, non nuovo segnale PULSE
Ambiente	Popolazione esposta al rischio di alluvioni	Veneto	2020	11.7	Valori percentuali	Bes dei territori — ISTAT	https://www.istat.it/statistiche-per-temi/focus/benessere-e-sostenibilita/la-misurazione-del-benessere-bes/il-bes-dei-territori/	nan · Dato regionale annuale; non costituisce una notizia del 2026.	ultimo dato osservato, non nuovo segnale PULSE
Ambiente	Popolazione esposta al rischio di alluvioni	Friuli-Venezia Giulia	2020	9.9	Valori percentuali	Bes dei territori — ISTAT	https://www.istat.it/statistiche-per-temi/focus/benessere-e-sostenibilita/la-misurazione-del-benessere-bes/il-bes-dei-territori/	nan · Dato regionale annuale; non costituisce una notizia del 2026.	ultimo dato osservato, non nuovo segnale PULSE
Ambiente	Popolazione esposta al rischio di alluvioni	Emilia-Romagna	2020	62.5	Valori percentuali	Bes dei territori — ISTAT	https://www.istat.it/statistiche-per-temi/focus/benessere-e-sostenibilita/la-misurazione-del-benessere-bes/il-bes-dei-territori/	nan · Dato regionale annuale; non costituisce una notizia del 2026.	ultimo dato osservato, non nuovo segnale PULSE
Ambiente	Popolazione esposta al rischio di alluvioni	Toscana	2020	25.5	Valori percentuali	Bes dei territori — ISTAT	https://www.istat.it/statistiche-per-temi/focus/benessere-e-sostenibilita/la-misurazione-del-benessere-bes/il-bes-dei-territori/	nan · Dato regionale annuale; non costituisce una notizia del 2026.	ultimo dato osservato, non nuovo segnale PULSE
Ambiente	Popolazione esposta al rischio di alluvioni	Umbria	2020	7.2	Valori percentuali	Bes dei territori — ISTAT	https://www.istat.it/statistiche-per-temi/focus/benessere-e-sostenibilita/la-misurazione-del-benessere-bes/il-bes-dei-territori/	nan · Dato regionale annuale; non costituisce una notizia del 2026.	ultimo dato osservato, non nuovo segnale PULSE
Ambiente	Popolazione esposta al rischio di alluvioni	Marche	2020	5.2	Valori percentuali	Bes dei territori — ISTAT	https://www.istat.it/statistiche-per-temi/focus/benessere-e-sostenibilita/la-misurazione-del-benessere-bes/il-bes-dei-territori/	nan · Dato regionale annuale; non costituisce una notizia del 2026.	ultimo dato osservato, non nuovo segnale PULSE
Ambiente	Popolazione esposta al rischio di alluvioni	Lazio	2020	3.2	Valori percentuali	Bes dei territori — ISTAT	https://www.istat.it/statistiche-per-temi/focus/benessere-e-sostenibilita/la-misurazione-del-benessere-bes/il-bes-dei-territori/	nan · Dato regionale annuale; non costituisce una notizia del 2026.	ultimo dato osservato, non nuovo segnale PULSE
Ambiente	Popolazione esposta al rischio di alluvioni	Abruzzo	2020	7.2	Valori percentuali	Bes dei territori — ISTAT	https://www.istat.it/statistiche-per-temi/focus/benessere-e-sostenibilita/la-misurazione-del-benessere-bes/il-bes-dei-territori/	nan · Dato regionale annuale; non costituisce una notizia del 2026.	ultimo dato osservato, non nuovo segnale PULSE
Ambiente	Popolazione esposta al rischio di alluvioni	Molise	2020	2.3	Valori percentuali	Bes dei territori — ISTAT	https://www.istat.it/statistiche-per-temi/focus/benessere-e-sostenibilita/la-misurazione-del-benessere-bes/il-bes-dei-territori/	nan · Dato regionale annuale; non costituisce una notizia del 2026.	ultimo dato osservato, non nuovo segnale PULSE
Ambiente	Popolazione esposta al rischio di alluvioni	Campania	2020	5.1	Valori percentuali	Bes dei territori — ISTAT	https://www.istat.it/statistiche-per-temi/focus/benessere-e-sostenibilita/la-misurazione-del-benessere-bes/il-bes-dei-territori/	nan · Dato regionale annuale; non costituisce una notizia del 2026.	ultimo dato osservato, non nuovo segnale PULSE
Ambiente	Popolazione esposta al rischio di alluvioni	Puglia	2020	3.4	Valori percentuali	Bes dei territori — ISTAT	https://www.istat.it/statistiche-per-temi/focus/benessere-e-sostenibilita/la-misurazione-del-benessere-bes/il-bes-dei-territori/	nan · Dato regionale annuale; non costituisce una notizia del 2026.	ultimo dato osservato, non nuovo segnale PULSE
Ambiente	Popolazione esposta al rischio di alluvioni	Basilicata	2020	1.1	Valori percentuali	Bes dei territori — ISTAT	https://www.istat.it/statistiche-per-temi/focus/benessere-e-sostenibilita/la-misurazione-del-benessere-bes/il-bes-dei-territori/	nan · Dato regionale annuale; non costituisce una notizia del 2026.	ultimo dato osservato, non nuovo segnale PULSE
Ambiente	Popolazione esposta al rischio di alluvioni	Calabria	2020	12.8	Valori percentuali	Bes dei territori — ISTAT	https://www.istat.it/statistiche-per-temi/focus/benessere-e-sostenibilita/la-misurazione-del-benessere-bes/il-bes-dei-territori/	nan · Dato regionale annuale; non costituisce una notizia del 2026.	ultimo dato osservato, non nuovo segnale PULSE
Ambiente	Popolazione esposta al rischio di alluvioni	Sicilia	2020	2.6	Valori percentuali	Bes dei territori — ISTAT	https://www.istat.it/statistiche-per-temi/focus/benessere-e-sostenibilita/la-misurazione-del-benessere-bes/il-bes-dei-territori/	nan · Dato regionale annuale; non costituisce una notizia del 2026.	ultimo dato osservato, non nuovo segnale PULSE
Ambiente	Popolazione esposta al rischio di alluvioni	Sardegna	2020	7.5	Valori percentuali	Bes dei territori — ISTAT	https://www.istat.it/statistiche-per-temi/focus/benessere-e-sostenibilita/la-misurazione-del-benessere-bes/il-bes-dei-territori/	nan · Dato regionale annuale; non costituisce una notizia del 2026.	ultimo dato osservato, non nuovo segnale PULSE
Ambiente	Dispersione da rete idrica comunale	Piemonte	2022	35.4	Valori percentuali	Bes dei territori — ISTAT	https://www.istat.it/statistiche-per-temi/focus/benessere-e-sostenibilita/la-misurazione-del-benessere-bes/il-bes-dei-territori/	nan · Dato regionale annuale; non costituisce una notizia del 2026.	ultimo dato osservato, non nuovo segnale PULSE
Ambiente	Dispersione da rete idrica comunale	Valle d'Aosta/Vallée d'Aoste	2022	29.8	Valori percentuali	Bes dei territori — ISTAT	https://www.istat.it/statistiche-per-temi/focus/benessere-e-sostenibilita/la-misurazione-del-benessere-bes/il-bes-dei-territori/	nan · Dato regionale annuale; non costituisce una notizia del 2026.	ultimo dato osservato, non nuovo segnale PULSE
Ambiente	Dispersione da rete idrica comunale	Liguria	2022	40	Valori percentuali	Bes dei territori — ISTAT	https://www.istat.it/statistiche-per-temi/focus/benessere-e-sostenibilita/la-misurazione-del-benessere-bes/il-bes-dei-territori/	nan · Dato regionale annuale; non costituisce una notizia del 2026.	ultimo dato osservato, non nuovo segnale PULSE
Ambiente	Dispersione da rete idrica comunale	Lombardia	2022	31.8	Valori percentuali	Bes dei territori — ISTAT	https://www.istat.it/statistiche-per-temi/focus/benessere-e-sostenibilita/la-misurazione-del-benessere-bes/il-bes-dei-territori/	nan · Dato regionale annuale; non costituisce una notizia del 2026.	ultimo dato osservato, non nuovo segnale PULSE
Ambiente	Dispersione da rete idrica comunale	Trentino-Alto Adige/Südtirol	2022	33.8	Valori percentuali	Bes dei territori — ISTAT	https://www.istat.it/statistiche-per-temi/focus/benessere-e-sostenibilita/la-misurazione-del-benessere-bes/il-bes-dei-territori/	nan · Dato regionale annuale; non costituisce una notizia del 2026.	ultimo dato osservato, non nuovo segnale PULSE
Ambiente	Dispersione da rete idrica comunale	Veneto	2022	42.2	Valori percentuali	Bes dei territori — ISTAT	https://www.istat.it/statistiche-per-temi/focus/benessere-e-sostenibilita/la-misurazione-del-benessere-bes/il-bes-dei-territori/	nan · Dato regionale annuale; non costituisce una notizia del 2026.	ultimo dato osservato, non nuovo segnale PULSE
Ambiente	Dispersione da rete idrica comunale	Friuli-Venezia Giulia	2022	42.3	Valori percentuali	Bes dei territori — ISTAT	https://www.istat.it/statistiche-per-temi/focus/benessere-e-sostenibilita/la-misurazione-del-benessere-bes/il-bes-dei-territori/	nan · Dato regionale annuale; non costituisce una notizia del 2026.	ultimo dato osservato, non nuovo segnale PULSE
Ambiente	Dispersione da rete idrica comunale	Emilia-Romagna	2022	29.7	Valori percentuali	Bes dei territori — ISTAT	https://www.istat.it/statistiche-per-temi/focus/benessere-e-sostenibilita/la-misurazione-del-benessere-bes/il-bes-dei-territori/	nan · Dato regionale annuale; non costituisce una notizia del 2026.	ultimo dato osservato, non nuovo segnale PULSE
Ambiente	Dispersione da rete idrica comunale	Toscana	2022	40.9	Valori percentuali	Bes dei territori — ISTAT	https://www.istat.it/statistiche-per-temi/focus/benessere-e-sostenibilita/la-misurazione-del-benessere-bes/il-bes-dei-territori/	nan · Dato regionale annuale; non costituisce una notizia del 2026.	ultimo dato osservato, non nuovo segnale PULSE
Ambiente	Dispersione da rete idrica comunale	Umbria	2022	49.7	Valori percentuali	Bes dei territori — ISTAT	https://www.istat.it/statistiche-per-temi/focus/benessere-e-sostenibilita/la-misurazione-del-benessere-bes/il-bes-dei-territori/	nan · Dato regionale annuale; non costituisce una notizia del 2026.	ultimo dato osservato, non nuovo segnale PULSE
Ambiente	Dispersione da rete idrica comunale	Marche	2022	34.4	Valori percentuali	Bes dei territori — ISTAT	https://www.istat.it/statistiche-per-temi/focus/benessere-e-sostenibilita/la-misurazione-del-benessere-bes/il-bes-dei-territori/	nan · Dato regionale annuale; non costituisce una notizia del 2026.	ultimo dato osservato, non nuovo segnale PULSE
Ambiente	Dispersione da rete idrica comunale	Lazio	2022	46.2	Valori percentuali	Bes dei territori — ISTAT	https://www.istat.it/statistiche-per-temi/focus/benessere-e-sostenibilita/la-misurazione-del-benessere-bes/il-bes-dei-territori/	nan · Dato regionale annuale; non costituisce una notizia del 2026.	ultimo dato osservato, non nuovo segnale PULSE
Ambiente	Dispersione da rete idrica comunale	Abruzzo	2022	62.5	Valori percentuali	Bes dei territori — ISTAT	https://www.istat.it/statistiche-per-temi/focus/benessere-e-sostenibilita/la-misurazione-del-benessere-bes/il-bes-dei-territori/	nan · Dato regionale annuale; non costituisce una notizia del 2026.	ultimo dato osservato, non nuovo segnale PULSE
Ambiente	Dispersione da rete idrica comunale	Molise	2022	53.9	Valori percentuali	Bes dei territori — ISTAT	https://www.istat.it/statistiche-per-temi/focus/benessere-e-sostenibilita/la-misurazione-del-benessere-bes/il-bes-dei-territori/	nan · Dato regionale annuale; non costituisce una notizia del 2026.	ultimo dato osservato, non nuovo segnale PULSE
Ambiente	Dispersione da rete idrica comunale	Campania	2022	49.9	Valori percentuali	Bes dei territori — ISTAT	https://www.istat.it/statistiche-per-temi/focus/benessere-e-sostenibilita/la-misurazione-del-benessere-bes/il-bes-dei-territori/	nan · Dato regionale annuale; non costituisce una notizia del 2026.	ultimo dato osservato, non nuovo segnale PULSE
Ambiente	Dispersione da rete idrica comunale	Puglia	2022	40.7	Valori percentuali	Bes dei territori — ISTAT	https://www.istat.it/statistiche-per-temi/focus/benessere-e-sostenibilita/la-misurazione-del-benessere-bes/il-bes-dei-territori/	nan · Dato regionale annuale; non costituisce una notizia del 2026.	ultimo dato osservato, non nuovo segnale PULSE
Ambiente	Dispersione da rete idrica comunale	Basilicata	2022	65.5	Valori percentuali	Bes dei territori — ISTAT	https://www.istat.it/statistiche-per-temi/focus/benessere-e-sostenibilita/la-misurazione-del-benessere-bes/il-bes-dei-territori/	nan · Dato regionale annuale; non costituisce una notizia del 2026.	ultimo dato osservato, non nuovo segnale PULSE
Ambiente	Dispersione da rete idrica comunale	Calabria	2022	48.7	Valori percentuali	Bes dei territori — ISTAT	https://www.istat.it/statistiche-per-temi/focus/benessere-e-sostenibilita/la-misurazione-del-benessere-bes/il-bes-dei-territori/	nan · Dato regionale annuale; non costituisce una notizia del 2026.	ultimo dato osservato, non nuovo segnale PULSE
Ambiente	Dispersione da rete idrica comunale	Sicilia	2022	51.6	Valori percentuali	Bes dei territori — ISTAT	https://www.istat.it/statistiche-per-temi/focus/benessere-e-sostenibilita/la-misurazione-del-benessere-bes/il-bes-dei-territori/	nan · Dato regionale annuale; non costituisce una notizia del 2026.	ultimo dato osservato, non nuovo segnale PULSE
Ambiente	Dispersione da rete idrica comunale	Sardegna	2022	52.8	Valori percentuali	Bes dei territori — ISTAT	https://www.istat.it/statistiche-per-temi/focus/benessere-e-sostenibilita/la-misurazione-del-benessere-bes/il-bes-dei-territori/	nan · Dato regionale annuale; non costituisce una notizia del 2026.	ultimo dato osservato, non nuovo segnale PULSE
Ambiente	Aree protette	Piemonte	2022	16.7	Valori percentuali	Bes dei territori — ISTAT	https://www.istat.it/statistiche-per-temi/focus/benessere-e-sostenibilita/la-misurazione-del-benessere-bes/il-bes-dei-territori/	nan · Dato regionale annuale; non costituisce una notizia del 2026.	ultimo dato osservato, non nuovo segnale PULSE
Ambiente	Aree protette	Valle d'Aosta/Vallée d'Aoste	2022	30.3	Valori percentuali	Bes dei territori — ISTAT	https://www.istat.it/statistiche-per-temi/focus/benessere-e-sostenibilita/la-misurazione-del-benessere-bes/il-bes-dei-territori/	nan · Dato regionale annuale; non costituisce una notizia del 2026.	ultimo dato osservato, non nuovo segnale PULSE
Ambiente	Aree protette	Liguria	2022	27.2	Valori percentuali	Bes dei territori — ISTAT	https://www.istat.it/statistiche-per-temi/focus/benessere-e-sostenibilita/la-misurazione-del-benessere-bes/il-bes-dei-territori/	nan · Dato regionale annuale; non costituisce una notizia del 2026.	ultimo dato osservato, non nuovo segnale PULSE
Ambiente	Aree protette	Lombardia	2022	16.1	Valori percentuali	Bes dei territori — ISTAT	https://www.istat.it/statistiche-per-temi/focus/benessere-e-sostenibilita/la-misurazione-del-benessere-bes/il-bes-dei-territori/	nan · Dato regionale annuale; non costituisce una notizia del 2026.	ultimo dato osservato, non nuovo segnale PULSE
Ambiente	Aree protette	Trentino-Alto Adige/Südtirol	2022	26.4	Valori percentuali	Bes dei territori — ISTAT	https://www.istat.it/statistiche-per-temi/focus/benessere-e-sostenibilita/la-misurazione-del-benessere-bes/il-bes-dei-territori/	nan · Dato regionale annuale; non costituisce una notizia del 2026.	ultimo dato osservato, non nuovo segnale PULSE
Ambiente	Aree protette	Veneto	2022	22.7	Valori percentuali	Bes dei territori — ISTAT	https://www.istat.it/statistiche-per-temi/focus/benessere-e-sostenibilita/la-misurazione-del-benessere-bes/il-bes-dei-territori/	nan · Dato regionale annuale; non costituisce una notizia del 2026.	ultimo dato osservato, non nuovo segnale PULSE
Ambiente	Aree protette	Friuli-Venezia Giulia	2022	20.1	Valori percentuali	Bes dei territori — ISTAT	https://www.istat.it/statistiche-per-temi/focus/benessere-e-sostenibilita/la-misurazione-del-benessere-bes/il-bes-dei-territori/	nan · Dato regionale annuale; non costituisce una notizia del 2026.	ultimo dato osservato, non nuovo segnale PULSE
Ambiente	Aree protette	Emilia-Romagna	2022	12.1	Valori percentuali	Bes dei territori — ISTAT	https://www.istat.it/statistiche-per-temi/focus/benessere-e-sostenibilita/la-misurazione-del-benessere-bes/il-bes-dei-territori/	nan · Dato regionale annuale; non costituisce una notizia del 2026.	ultimo dato osservato, non nuovo segnale PULSE
Ambiente	Aree protette	Toscana	2022	15.5	Valori percentuali	Bes dei territori — ISTAT	https://www.istat.it/statistiche-per-temi/focus/benessere-e-sostenibilita/la-misurazione-del-benessere-bes/il-bes-dei-territori/	nan · Dato regionale annuale; non costituisce una notizia del 2026.	ultimo dato osservato, non nuovo segnale PULSE
Ambiente	Aree protette	Umbria	2022	17.5	Valori percentuali	Bes dei territori — ISTAT	https://www.istat.it/statistiche-per-temi/focus/benessere-e-sostenibilita/la-misurazione-del-benessere-bes/il-bes-dei-territori/	nan · Dato regionale annuale; non costituisce una notizia del 2026.	ultimo dato osservato, non nuovo segnale PULSE
Ambiente	Aree protette	Marche	2022	18.8	Valori percentuali	Bes dei territori — ISTAT	https://www.istat.it/statistiche-per-temi/focus/benessere-e-sostenibilita/la-misurazione-del-benessere-bes/il-bes-dei-territori/	nan · Dato regionale annuale; non costituisce una notizia del 2026.	ultimo dato osservato, non nuovo segnale PULSE
Ambiente	Aree protette	Lazio	2022	27.9	Valori percentuali	Bes dei territori — ISTAT	https://www.istat.it/statistiche-per-temi/focus/benessere-e-sostenibilita/la-misurazione-del-benessere-bes/il-bes-dei-territori/	nan · Dato regionale annuale; non costituisce una notizia del 2026.	ultimo dato osservato, non nuovo segnale PULSE
Ambiente	Aree protette	Abruzzo	2022	36.6	Valori percentuali	Bes dei territori — ISTAT	https://www.istat.it/statistiche-per-temi/focus/benessere-e-sostenibilita/la-misurazione-del-benessere-bes/il-bes-dei-territori/	nan · Dato regionale annuale; non costituisce una notizia del 2026.	ultimo dato osservato, non nuovo segnale PULSE
Ambiente	Aree protette	Molise	2022	26.4	Valori percentuali	Bes dei territori — ISTAT	https://www.istat.it/statistiche-per-temi/focus/benessere-e-sostenibilita/la-misurazione-del-benessere-bes/il-bes-dei-territori/	nan · Dato regionale annuale; non costituisce una notizia del 2026.	ultimo dato osservato, non nuovo segnale PULSE
Ambiente	Aree protette	Campania	2022	35.3	Valori percentuali	Bes dei territori — ISTAT	https://www.istat.it/statistiche-per-temi/focus/benessere-e-sostenibilita/la-misurazione-del-benessere-bes/il-bes-dei-territori/	nan · Dato regionale annuale; non costituisce una notizia del 2026.	ultimo dato osservato, non nuovo segnale PULSE
Ambiente	Aree protette	Puglia	2022	24.5	Valori percentuali	Bes dei territori — ISTAT	https://www.istat.it/statistiche-per-temi/focus/benessere-e-sostenibilita/la-misurazione-del-benessere-bes/il-bes-dei-territori/	nan · Dato regionale annuale; non costituisce una notizia del 2026.	ultimo dato osservato, non nuovo segnale PULSE
Ambiente	Aree protette	Basilicata	2022	23.1	Valori percentuali	Bes dei territori — ISTAT	https://www.istat.it/statistiche-per-temi/focus/benessere-e-sostenibilita/la-misurazione-del-benessere-bes/il-bes-dei-territori/	nan · Dato regionale annuale; non costituisce una notizia del 2026.	ultimo dato osservato, non nuovo segnale PULSE
Ambiente	Aree protette	Calabria	2022	26.6	Valori percentuali	Bes dei territori — ISTAT	https://www.istat.it/statistiche-per-temi/focus/benessere-e-sostenibilita/la-misurazione-del-benessere-bes/il-bes-dei-territori/	nan · Dato regionale annuale; non costituisce una notizia del 2026.	ultimo dato osservato, non nuovo segnale PULSE
Ambiente	Aree protette	Sicilia	2022	20.3	Valori percentuali	Bes dei territori — ISTAT	https://www.istat.it/statistiche-per-temi/focus/benessere-e-sostenibilita/la-misurazione-del-benessere-bes/il-bes-dei-territori/	nan · Dato regionale annuale; non costituisce una notizia del 2026.	ultimo dato osservato, non nuovo segnale PULSE
Ambiente	Aree protette	Sardegna	2022	19.9	Valori percentuali	Bes dei territori — ISTAT	https://www.istat.it/statistiche-per-temi/focus/benessere-e-sostenibilita/la-misurazione-del-benessere-bes/il-bes-dei-territori/	nan · Dato regionale annuale; non costituisce una notizia del 2026.	ultimo dato osservato, non nuovo segnale PULSE
Ambiente	Disponibilità di verde urbano	Piemonte	2023	28.9	M2 per abitante	Bes dei territori — ISTAT	https://www.istat.it/statistiche-per-temi/focus/benessere-e-sostenibilita/la-misurazione-del-benessere-bes/il-bes-dei-territori/	nan · Dato regionale annuale; non costituisce una notizia del 2026.	ultimo dato osservato, non nuovo segnale PULSE
Ambiente	Disponibilità di verde urbano	Valle d'Aosta/Vallée d'Aoste	2023	19.5	M2 per abitante	Bes dei territori — ISTAT	https://www.istat.it/statistiche-per-temi/focus/benessere-e-sostenibilita/la-misurazione-del-benessere-bes/il-bes-dei-territori/	nan · Dato regionale annuale; non costituisce una notizia del 2026.	ultimo dato osservato, non nuovo segnale PULSE
Ambiente	Disponibilità di verde urbano	Liguria	2023	20.7	M2 per abitante	Bes dei territori — ISTAT	https://www.istat.it/statistiche-per-temi/focus/benessere-e-sostenibilita/la-misurazione-del-benessere-bes/il-bes-dei-territori/	nan · Dato regionale annuale; non costituisce una notizia del 2026.	ultimo dato osservato, non nuovo segnale PULSE
Ambiente	Disponibilità di verde urbano	Lombardia	2023	27.3	M2 per abitante	Bes dei territori — ISTAT	https://www.istat.it/statistiche-per-temi/focus/benessere-e-sostenibilita/la-misurazione-del-benessere-bes/il-bes-dei-territori/	nan · Dato regionale annuale; non costituisce una notizia del 2026.	ultimo dato osservato, non nuovo segnale PULSE
Ambiente	Disponibilità di verde urbano	Trentino-Alto Adige/Südtirol	2023	319.2	M2 per abitante	Bes dei territori — ISTAT	https://www.istat.it/statistiche-per-temi/focus/benessere-e-sostenibilita/la-misurazione-del-benessere-bes/il-bes-dei-territori/	nan · Dato regionale annuale; non costituisce una notizia del 2026.	ultimo dato osservato, non nuovo segnale PULSE
Ambiente	Disponibilità di verde urbano	Veneto	2023	36.8	M2 per abitante	Bes dei territori — ISTAT	https://www.istat.it/statistiche-per-temi/focus/benessere-e-sostenibilita/la-misurazione-del-benessere-bes/il-bes-dei-territori/	nan · Dato regionale annuale; non costituisce una notizia del 2026.	ultimo dato osservato, non nuovo segnale PULSE
Ambiente	Disponibilità di verde urbano	Friuli-Venezia Giulia	2023	56.5	M2 per abitante	Bes dei territori — ISTAT	https://www.istat.it/statistiche-per-temi/focus/benessere-e-sostenibilita/la-misurazione-del-benessere-bes/il-bes-dei-territori/	nan · Dato regionale annuale; non costituisce una notizia del 2026.	ultimo dato osservato, non nuovo segnale PULSE
Ambiente	Disponibilità di verde urbano	Emilia-Romagna	2023	46.8	M2 per abitante	Bes dei territori — ISTAT	https://www.istat.it/statistiche-per-temi/focus/benessere-e-sostenibilita/la-misurazione-del-benessere-bes/il-bes-dei-territori/	nan · Dato regionale annuale; non costituisce una notizia del 2026.	ultimo dato osservato, non nuovo segnale PULSE
Ambiente	Disponibilità di verde urbano	Toscana	2023	25.1	M2 per abitante	Bes dei territori — ISTAT	https://www.istat.it/statistiche-per-temi/focus/benessere-e-sostenibilita/la-misurazione-del-benessere-bes/il-bes-dei-territori/	nan · Dato regionale annuale; non costituisce una notizia del 2026.	ultimo dato osservato, non nuovo segnale PULSE
Ambiente	Disponibilità di verde urbano	Umbria	2023	100.7	M2 per abitante	Bes dei territori — ISTAT	https://www.istat.it/statistiche-per-temi/focus/benessere-e-sostenibilita/la-misurazione-del-benessere-bes/il-bes-dei-territori/	nan · Dato regionale annuale; non costituisce una notizia del 2026.	ultimo dato osservato, non nuovo segnale PULSE
Ambiente	Disponibilità di verde urbano	Marche	2023	32.7	M2 per abitante	Bes dei territori — ISTAT	https://www.istat.it/statistiche-per-temi/focus/benessere-e-sostenibilita/la-misurazione-del-benessere-bes/il-bes-dei-territori/	nan · Dato regionale annuale; non costituisce una notizia del 2026.	ultimo dato osservato, non nuovo segnale PULSE
Ambiente	Disponibilità di verde urbano	Lazio	2023	22.2	M2 per abitante	Bes dei territori — ISTAT	https://www.istat.it/statistiche-per-temi/focus/benessere-e-sostenibilita/la-misurazione-del-benessere-bes/il-bes-dei-territori/	nan · Dato regionale annuale; non costituisce una notizia del 2026.	ultimo dato osservato, non nuovo segnale PULSE
Ambiente	Disponibilità di verde urbano	Abruzzo	2023	29.2	M2 per abitante	Bes dei territori — ISTAT	https://www.istat.it/statistiche-per-temi/focus/benessere-e-sostenibilita/la-misurazione-del-benessere-bes/il-bes-dei-territori/	nan · Dato regionale annuale; non costituisce una notizia del 2026.	ultimo dato osservato, non nuovo segnale PULSE
Ambiente	Disponibilità di verde urbano	Molise	2023	319.1	M2 per abitante	Bes dei territori — ISTAT	https://www.istat.it/statistiche-per-temi/focus/benessere-e-sostenibilita/la-misurazione-del-benessere-bes/il-bes-dei-territori/	nan · Dato regionale annuale; non costituisce una notizia del 2026.	ultimo dato osservato, non nuovo segnale PULSE
Ambiente	Disponibilità di verde urbano	Campania	2023	16.1	M2 per abitante	Bes dei territori — ISTAT	https://www.istat.it/statistiche-per-temi/focus/benessere-e-sostenibilita/la-misurazione-del-benessere-bes/il-bes-dei-territori/	nan · Dato regionale annuale; non costituisce una notizia del 2026.	ultimo dato osservato, non nuovo segnale PULSE
Ambiente	Disponibilità di verde urbano	Puglia	2023	10.8	M2 per abitante	Bes dei territori — ISTAT	https://www.istat.it/statistiche-per-temi/focus/benessere-e-sostenibilita/la-misurazione-del-benessere-bes/il-bes-dei-territori/	nan · Dato regionale annuale; non costituisce una notizia del 2026.	ultimo dato osservato, non nuovo segnale PULSE
Ambiente	Disponibilità di verde urbano	Basilicata	2023	93.3	M2 per abitante	Bes dei territori — ISTAT	https://www.istat.it/statistiche-per-temi/focus/benessere-e-sostenibilita/la-misurazione-del-benessere-bes/il-bes-dei-territori/	nan · Dato regionale annuale; non costituisce una notizia del 2026.	ultimo dato osservato, non nuovo segnale PULSE
Ambiente	Disponibilità di verde urbano	Calabria	2023	35.7	M2 per abitante	Bes dei territori — ISTAT	https://www.istat.it/statistiche-per-temi/focus/benessere-e-sostenibilita/la-misurazione-del-benessere-bes/il-bes-dei-territori/	nan · Dato regionale annuale; non costituisce una notizia del 2026.	ultimo dato osservato, non nuovo segnale PULSE
Ambiente	Disponibilità di verde urbano	Sicilia	2023	15.4	M2 per abitante	Bes dei territori — ISTAT	https://www.istat.it/statistiche-per-temi/focus/benessere-e-sostenibilita/la-misurazione-del-benessere-bes/il-bes-dei-territori/	nan · Dato regionale annuale; non costituisce una notizia del 2026.	ultimo dato osservato, non nuovo segnale PULSE
Ambiente	Disponibilità di verde urbano	Sardegna	2023	44	M2 per abitante	Bes dei territori — ISTAT	https://www.istat.it/statistiche-per-temi/focus/benessere-e-sostenibilita/la-misurazione-del-benessere-bes/il-bes-dei-territori/	nan · Dato regionale annuale; non costituisce una notizia del 2026.	ultimo dato osservato, non nuovo segnale PULSE
Ambiente	Impermeabilizzazione del suolo da copertura artificiale	Piemonte	2023	6.72	Valori percentuali	Bes dei territori — ISTAT	https://www.istat.it/statistiche-per-temi/focus/benessere-e-sostenibilita/la-misurazione-del-benessere-bes/il-bes-dei-territori/	Serie storica revisionata · Dato regionale annuale; non costituisce una notizia del 2026.	ultimo dato osservato, non nuovo segnale PULSE
Ambiente	Impermeabilizzazione del suolo da copertura artificiale	Valle d'Aosta/Vallée d'Aoste	2023	2.16	Valori percentuali	Bes dei territori — ISTAT	https://www.istat.it/statistiche-per-temi/focus/benessere-e-sostenibilita/la-misurazione-del-benessere-bes/il-bes-dei-territori/	Serie storica revisionata · Dato regionale annuale; non costituisce una notizia del 2026.	ultimo dato osservato, non nuovo segnale PULSE
Ambiente	Impermeabilizzazione del suolo da copertura artificiale	Liguria	2023	7.3	Valori percentuali	Bes dei territori — ISTAT	https://www.istat.it/statistiche-per-temi/focus/benessere-e-sostenibilita/la-misurazione-del-benessere-bes/il-bes-dei-territori/	Serie storica revisionata · Dato regionale annuale; non costituisce una notizia del 2026.	ultimo dato osservato, non nuovo segnale PULSE
Ambiente	Impermeabilizzazione del suolo da copertura artificiale	Lombardia	2023	12.19	Valori percentuali	Bes dei territori — ISTAT	https://www.istat.it/statistiche-per-temi/focus/benessere-e-sostenibilita/la-misurazione-del-benessere-bes/il-bes-dei-territori/	Serie storica revisionata · Dato regionale annuale; non costituisce una notizia del 2026.	ultimo dato osservato, non nuovo segnale PULSE
Ambiente	Impermeabilizzazione del suolo da copertura artificiale	Trentino-Alto Adige/Südtirol	2023	3.02	Valori percentuali	Bes dei territori — ISTAT	https://www.istat.it/statistiche-per-temi/focus/benessere-e-sostenibilita/la-misurazione-del-benessere-bes/il-bes-dei-territori/	Serie storica revisionata · Dato regionale annuale; non costituisce una notizia del 2026.	ultimo dato osservato, non nuovo segnale PULSE
Ambiente	Impermeabilizzazione del suolo da copertura artificiale	Veneto	2023	11.86	Valori percentuali	Bes dei territori — ISTAT	https://www.istat.it/statistiche-per-temi/focus/benessere-e-sostenibilita/la-misurazione-del-benessere-bes/il-bes-dei-territori/	Serie storica revisionata · Dato regionale annuale; non costituisce una notizia del 2026.	ultimo dato osservato, non nuovo segnale PULSE
Ambiente	Impermeabilizzazione del suolo da copertura artificiale	Friuli-Venezia Giulia	2023	8.03	Valori percentuali	Bes dei territori — ISTAT	https://www.istat.it/statistiche-per-temi/focus/benessere-e-sostenibilita/la-misurazione-del-benessere-bes/il-bes-dei-territori/	Serie storica revisionata · Dato regionale annuale; non costituisce una notizia del 2026.	ultimo dato osservato, non nuovo segnale PULSE
Ambiente	Impermeabilizzazione del suolo da copertura artificiale	Emilia-Romagna	2023	8.91	Valori percentuali	Bes dei territori — ISTAT	https://www.istat.it/statistiche-per-temi/focus/benessere-e-sostenibilita/la-misurazione-del-benessere-bes/il-bes-dei-territori/	Serie storica revisionata · Dato regionale annuale; non costituisce una notizia del 2026.	ultimo dato osservato, non nuovo segnale PULSE
Ambiente	Impermeabilizzazione del suolo da copertura artificiale	Toscana	2023	6.19	Valori percentuali	Bes dei territori — ISTAT	https://www.istat.it/statistiche-per-temi/focus/benessere-e-sostenibilita/la-misurazione-del-benessere-bes/il-bes-dei-territori/	Serie storica revisionata · Dato regionale annuale; non costituisce una notizia del 2026.	ultimo dato osservato, non nuovo segnale PULSE
Ambiente	Impermeabilizzazione del suolo da copertura artificiale	Umbria	2023	5.27	Valori percentuali	Bes dei territori — ISTAT	https://www.istat.it/statistiche-per-temi/focus/benessere-e-sostenibilita/la-misurazione-del-benessere-bes/il-bes-dei-territori/	Serie storica revisionata · Dato regionale annuale; non costituisce una notizia del 2026.	ultimo dato osservato, non nuovo segnale PULSE
Ambiente	Impermeabilizzazione del suolo da copertura artificiale	Marche	2023	6.98	Valori percentuali	Bes dei territori — ISTAT	https://www.istat.it/statistiche-per-temi/focus/benessere-e-sostenibilita/la-misurazione-del-benessere-bes/il-bes-dei-territori/	Serie storica revisionata · Dato regionale annuale; non costituisce una notizia del 2026.	ultimo dato osservato, non nuovo segnale PULSE
Ambiente	Impermeabilizzazione del suolo da copertura artificiale	Lazio	2023	8.19	Valori percentuali	Bes dei territori — ISTAT	https://www.istat.it/statistiche-per-temi/focus/benessere-e-sostenibilita/la-misurazione-del-benessere-bes/il-bes-dei-territori/	Serie storica revisionata · Dato regionale annuale; non costituisce una notizia del 2026.	ultimo dato osservato, non nuovo segnale PULSE
Ambiente	Impermeabilizzazione del suolo da copertura artificiale	Abruzzo	2023	5.03	Valori percentuali	Bes dei territori — ISTAT	https://www.istat.it/statistiche-per-temi/focus/benessere-e-sostenibilita/la-misurazione-del-benessere-bes/il-bes-dei-territori/	Serie storica revisionata · Dato regionale annuale; non costituisce una notizia del 2026.	ultimo dato osservato, non nuovo segnale PULSE
Ambiente	Impermeabilizzazione del suolo da copertura artificiale	Molise	2023	3.94	Valori percentuali	Bes dei territori — ISTAT	https://www.istat.it/statistiche-per-temi/focus/benessere-e-sostenibilita/la-misurazione-del-benessere-bes/il-bes-dei-territori/	Serie storica revisionata · Dato regionale annuale; non costituisce una notizia del 2026.	ultimo dato osservato, non nuovo segnale PULSE
Ambiente	Impermeabilizzazione del suolo da copertura artificiale	Campania	2023	10.57	Valori percentuali	Bes dei territori — ISTAT	https://www.istat.it/statistiche-per-temi/focus/benessere-e-sostenibilita/la-misurazione-del-benessere-bes/il-bes-dei-territori/	Serie storica revisionata · Dato regionale annuale; non costituisce una notizia del 2026.	ultimo dato osservato, non nuovo segnale PULSE
Ambiente	Impermeabilizzazione del suolo da copertura artificiale	Puglia	2023	8.27	Valori percentuali	Bes dei territori — ISTAT	https://www.istat.it/statistiche-per-temi/focus/benessere-e-sostenibilita/la-misurazione-del-benessere-bes/il-bes-dei-territori/	Serie storica revisionata · Dato regionale annuale; non costituisce una notizia del 2026.	ultimo dato osservato, non nuovo segnale PULSE
Ambiente	Impermeabilizzazione del suolo da copertura artificiale	Basilicata	2023	3.21	Valori percentuali	Bes dei territori — ISTAT	https://www.istat.it/statistiche-per-temi/focus/benessere-e-sostenibilita/la-misurazione-del-benessere-bes/il-bes-dei-territori/	Serie storica revisionata · Dato regionale annuale; non costituisce una notizia del 2026.	ultimo dato osservato, non nuovo segnale PULSE
Ambiente	Impermeabilizzazione del suolo da copertura artificiale	Calabria	2023	5.08	Valori percentuali	Bes dei territori — ISTAT	https://www.istat.it/statistiche-per-temi/focus/benessere-e-sostenibilita/la-misurazione-del-benessere-bes/il-bes-dei-territori/	Serie storica revisionata · Dato regionale annuale; non costituisce una notizia del 2026.	ultimo dato osservato, non nuovo segnale PULSE
Ambiente	Impermeabilizzazione del suolo da copertura artificiale	Sicilia	2023	6.53	Valori percentuali	Bes dei territori — ISTAT	https://www.istat.it/statistiche-per-temi/focus/benessere-e-sostenibilita/la-misurazione-del-benessere-bes/il-bes-dei-territori/	Serie storica revisionata · Dato regionale annuale; non costituisce una notizia del 2026.	ultimo dato osservato, non nuovo segnale PULSE
Ambiente	Impermeabilizzazione del suolo da copertura artificiale	Sardegna	2023	3.37	Valori percentuali	Bes dei territori — ISTAT	https://www.istat.it/statistiche-per-temi/focus/benessere-e-sostenibilita/la-misurazione-del-benessere-bes/il-bes-dei-territori/	Serie storica revisionata · Dato regionale annuale; non costituisce una notizia del 2026.	ultimo dato osservato, non nuovo segnale PULSE
Ambiente	Rifiuti urbani prodotti	Piemonte	2023	504	Kg per abitante	Bes dei territori — ISTAT	https://www.istat.it/statistiche-per-temi/focus/benessere-e-sostenibilita/la-misurazione-del-benessere-bes/il-bes-dei-territori/	nan · Dato regionale annuale; non costituisce una notizia del 2026.	ultimo dato osservato, non nuovo segnale PULSE
Ambiente	Rifiuti urbani prodotti	Valle d'Aosta/Vallée d'Aoste	2023	621	Kg per abitante	Bes dei territori — ISTAT	https://www.istat.it/statistiche-per-temi/focus/benessere-e-sostenibilita/la-misurazione-del-benessere-bes/il-bes-dei-territori/	nan · Dato regionale annuale; non costituisce una notizia del 2026.	ultimo dato osservato, non nuovo segnale PULSE
Ambiente	Rifiuti urbani prodotti	Liguria	2023	533	Kg per abitante	Bes dei territori — ISTAT	https://www.istat.it/statistiche-per-temi/focus/benessere-e-sostenibilita/la-misurazione-del-benessere-bes/il-bes-dei-territori/	nan · Dato regionale annuale; non costituisce una notizia del 2026.	ultimo dato osservato, non nuovo segnale PULSE
Ambiente	Rifiuti urbani prodotti	Lombardia	2023	473	Kg per abitante	Bes dei territori — ISTAT	https://www.istat.it/statistiche-per-temi/focus/benessere-e-sostenibilita/la-misurazione-del-benessere-bes/il-bes-dei-territori/	nan · Dato regionale annuale; non costituisce una notizia del 2026.	ultimo dato osservato, non nuovo segnale PULSE
Ambiente	Rifiuti urbani prodotti	Trentino-Alto Adige/Südtirol	2023	490	Kg per abitante	Bes dei territori — ISTAT	https://www.istat.it/statistiche-per-temi/focus/benessere-e-sostenibilita/la-misurazione-del-benessere-bes/il-bes-dei-territori/	nan · Dato regionale annuale; non costituisce una notizia del 2026.	ultimo dato osservato, non nuovo segnale PULSE
Ambiente	Rifiuti urbani prodotti	Veneto	2023	498	Kg per abitante	Bes dei territori — ISTAT	https://www.istat.it/statistiche-per-temi/focus/benessere-e-sostenibilita/la-misurazione-del-benessere-bes/il-bes-dei-territori/	nan · Dato regionale annuale; non costituisce una notizia del 2026.	ultimo dato osservato, non nuovo segnale PULSE
Ambiente	Rifiuti urbani prodotti	Friuli-Venezia Giulia	2023	525	Kg per abitante	Bes dei territori — ISTAT	https://www.istat.it/statistiche-per-temi/focus/benessere-e-sostenibilita/la-misurazione-del-benessere-bes/il-bes-dei-territori/	nan · Dato regionale annuale; non costituisce una notizia del 2026.	ultimo dato osservato, non nuovo segnale PULSE
Ambiente	Rifiuti urbani prodotti	Emilia-Romagna	2023	641	Kg per abitante	Bes dei territori — ISTAT	https://www.istat.it/statistiche-per-temi/focus/benessere-e-sostenibilita/la-misurazione-del-benessere-bes/il-bes-dei-territori/	nan · Dato regionale annuale; non costituisce una notizia del 2026.	ultimo dato osservato, non nuovo segnale PULSE
Ambiente	Rifiuti urbani prodotti	Toscana	2023	586	Kg per abitante	Bes dei territori — ISTAT	https://www.istat.it/statistiche-per-temi/focus/benessere-e-sostenibilita/la-misurazione-del-benessere-bes/il-bes-dei-territori/	nan · Dato regionale annuale; non costituisce una notizia del 2026.	ultimo dato osservato, non nuovo segnale PULSE
Ambiente	Rifiuti urbani prodotti	Umbria	2023	522	Kg per abitante	Bes dei territori — ISTAT	https://www.istat.it/statistiche-per-temi/focus/benessere-e-sostenibilita/la-misurazione-del-benessere-bes/il-bes-dei-territori/	nan · Dato regionale annuale; non costituisce una notizia del 2026.	ultimo dato osservato, non nuovo segnale PULSE
Ambiente	Rifiuti urbani prodotti	Marche	2023	517	Kg per abitante	Bes dei territori — ISTAT	https://www.istat.it/statistiche-per-temi/focus/benessere-e-sostenibilita/la-misurazione-del-benessere-bes/il-bes-dei-territori/	nan · Dato regionale annuale; non costituisce una notizia del 2026.	ultimo dato osservato, non nuovo segnale PULSE
Ambiente	Rifiuti urbani prodotti	Lazio	2023	501	Kg per abitante	Bes dei territori — ISTAT	https://www.istat.it/statistiche-per-temi/focus/benessere-e-sostenibilita/la-misurazione-del-benessere-bes/il-bes-dei-territori/	nan · Dato regionale annuale; non costituisce una notizia del 2026.	ultimo dato osservato, non nuovo segnale PULSE
Ambiente	Rifiuti urbani prodotti	Abruzzo	2023	456	Kg per abitante	Bes dei territori — ISTAT	https://www.istat.it/statistiche-per-temi/focus/benessere-e-sostenibilita/la-misurazione-del-benessere-bes/il-bes-dei-territori/	nan · Dato regionale annuale; non costituisce una notizia del 2026.	ultimo dato osservato, non nuovo segnale PULSE
Ambiente	Rifiuti urbani prodotti	Molise	2023	379	Kg per abitante	Bes dei territori — ISTAT	https://www.istat.it/statistiche-per-temi/focus/benessere-e-sostenibilita/la-misurazione-del-benessere-bes/il-bes-dei-territori/	nan · Dato regionale annuale; non costituisce una notizia del 2026.	ultimo dato osservato, non nuovo segnale PULSE
Ambiente	Rifiuti urbani prodotti	Campania	2023	462	Kg per abitante	Bes dei territori — ISTAT	https://www.istat.it/statistiche-per-temi/focus/benessere-e-sostenibilita/la-misurazione-del-benessere-bes/il-bes-dei-territori/	nan · Dato regionale annuale; non costituisce una notizia del 2026.	ultimo dato osservato, non nuovo segnale PULSE
Ambiente	Rifiuti urbani prodotti	Puglia	2023	465	Kg per abitante	Bes dei territori — ISTAT	https://www.istat.it/statistiche-per-temi/focus/benessere-e-sostenibilita/la-misurazione-del-benessere-bes/il-bes-dei-territori/	nan · Dato regionale annuale; non costituisce una notizia del 2026.	ultimo dato osservato, non nuovo segnale PULSE
Ambiente	Rifiuti urbani prodotti	Basilicata	2023	356	Kg per abitante	Bes dei territori — ISTAT	https://www.istat.it/statistiche-per-temi/focus/benessere-e-sostenibilita/la-misurazione-del-benessere-bes/il-bes-dei-territori/	nan · Dato regionale annuale; non costituisce una notizia del 2026.	ultimo dato osservato, non nuovo segnale PULSE
Ambiente	Rifiuti urbani prodotti	Calabria	2023	397	Kg per abitante	Bes dei territori — ISTAT	https://www.istat.it/statistiche-per-temi/focus/benessere-e-sostenibilita/la-misurazione-del-benessere-bes/il-bes-dei-territori/	nan · Dato regionale annuale; non costituisce una notizia del 2026.	ultimo dato osservato, non nuovo segnale PULSE
Ambiente	Rifiuti urbani prodotti	Sicilia	2023	448	Kg per abitante	Bes dei territori — ISTAT	https://www.istat.it/statistiche-per-temi/focus/benessere-e-sostenibilita/la-misurazione-del-benessere-bes/il-bes-dei-territori/	nan · Dato regionale annuale; non costituisce una notizia del 2026.	ultimo dato osservato, non nuovo segnale PULSE
Ambiente	Rifiuti urbani prodotti	Sardegna	2023	454	Kg per abitante	Bes dei territori — ISTAT	https://www.istat.it/statistiche-per-temi/focus/benessere-e-sostenibilita/la-misurazione-del-benessere-bes/il-bes-dei-territori/	nan · Dato regionale annuale; non costituisce una notizia del 2026.	ultimo dato osservato, non nuovo segnale PULSE
Ambiente	Raccolta differenziata dei rifiuti urbani	Piemonte	2023	67.9	Valori percentuali	Bes dei territori — ISTAT	https://www.istat.it/statistiche-per-temi/focus/benessere-e-sostenibilita/la-misurazione-del-benessere-bes/il-bes-dei-territori/	I dati dal 2016 ad oggi risultano solo parzialmente confrontabili con gli anni precedenti, a causa di una variazione nei criteri di calcolo dei dati di produzione e raccolta. · Dato regionale annuale; non costituisce una notizia del 2026.	ultimo dato osservato, non nuovo segnale PULSE
Ambiente	Raccolta differenziata dei rifiuti urbani	Valle d'Aosta/Vallée d'Aoste	2023	69.4	Valori percentuali	Bes dei territori — ISTAT	https://www.istat.it/statistiche-per-temi/focus/benessere-e-sostenibilita/la-misurazione-del-benessere-bes/il-bes-dei-territori/	I dati dal 2016 ad oggi risultano solo parzialmente confrontabili con gli anni precedenti, a causa di una variazione nei criteri di calcolo dei dati di produzione e raccolta. · Dato regionale annuale; non costituisce una notizia del 2026.	ultimo dato osservato, non nuovo segnale PULSE
Ambiente	Raccolta differenziata dei rifiuti urbani	Liguria	2023	58.3	Valori percentuali	Bes dei territori — ISTAT	https://www.istat.it/statistiche-per-temi/focus/benessere-e-sostenibilita/la-misurazione-del-benessere-bes/il-bes-dei-territori/	I dati dal 2016 ad oggi risultano solo parzialmente confrontabili con gli anni precedenti, a causa di una variazione nei criteri di calcolo dei dati di produzione e raccolta. · Dato regionale annuale; non costituisce una notizia del 2026.	ultimo dato osservato, non nuovo segnale PULSE
Ambiente	Raccolta differenziata dei rifiuti urbani	Lombardia	2023	73.9	Valori percentuali	Bes dei territori — ISTAT	https://www.istat.it/statistiche-per-temi/focus/benessere-e-sostenibilita/la-misurazione-del-benessere-bes/il-bes-dei-territori/	I dati dal 2016 ad oggi risultano solo parzialmente confrontabili con gli anni precedenti, a causa di una variazione nei criteri di calcolo dei dati di produzione e raccolta. · Dato regionale annuale; non costituisce una notizia del 2026.	ultimo dato osservato, non nuovo segnale PULSE
Ambiente	Raccolta differenziata dei rifiuti urbani	Trentino-Alto Adige/Südtirol	2023	75.3	Valori percentuali	Bes dei territori — ISTAT	https://www.istat.it/statistiche-per-temi/focus/benessere-e-sostenibilita/la-misurazione-del-benessere-bes/il-bes-dei-territori/	I dati dal 2016 ad oggi risultano solo parzialmente confrontabili con gli anni precedenti, a causa di una variazione nei criteri di calcolo dei dati di produzione e raccolta. · Dato regionale annuale; non costituisce una notizia del 2026.	ultimo dato osservato, non nuovo segnale PULSE
Ambiente	Raccolta differenziata dei rifiuti urbani	Veneto	2023	77.7	Valori percentuali	Bes dei territori — ISTAT	https://www.istat.it/statistiche-per-temi/focus/benessere-e-sostenibilita/la-misurazione-del-benessere-bes/il-bes-dei-territori/	I dati dal 2016 ad oggi risultano solo parzialmente confrontabili con gli anni precedenti, a causa di una variazione nei criteri di calcolo dei dati di produzione e raccolta. · Dato regionale annuale; non costituisce una notizia del 2026.	ultimo dato osservato, non nuovo segnale PULSE
Ambiente	Raccolta differenziata dei rifiuti urbani	Friuli-Venezia Giulia	2023	72.5	Valori percentuali	Bes dei territori — ISTAT	https://www.istat.it/statistiche-per-temi/focus/benessere-e-sostenibilita/la-misurazione-del-benessere-bes/il-bes-dei-territori/	I dati dal 2016 ad oggi risultano solo parzialmente confrontabili con gli anni precedenti, a causa di una variazione nei criteri di calcolo dei dati di produzione e raccolta. · Dato regionale annuale; non costituisce una notizia del 2026.	ultimo dato osservato, non nuovo segnale PULSE
Ambiente	Raccolta differenziata dei rifiuti urbani	Emilia-Romagna	2023	77.1	Valori percentuali	Bes dei territori — ISTAT	https://www.istat.it/statistiche-per-temi/focus/benessere-e-sostenibilita/la-misurazione-del-benessere-bes/il-bes-dei-territori/	I dati dal 2016 ad oggi risultano solo parzialmente confrontabili con gli anni precedenti, a causa di una variazione nei criteri di calcolo dei dati di produzione e raccolta. · Dato regionale annuale; non costituisce una notizia del 2026.	ultimo dato osservato, non nuovo segnale PULSE
Ambiente	Raccolta differenziata dei rifiuti urbani	Toscana	2023	66.6	Valori percentuali	Bes dei territori — ISTAT	https://www.istat.it/statistiche-per-temi/focus/benessere-e-sostenibilita/la-misurazione-del-benessere-bes/il-bes-dei-territori/	I dati dal 2016 ad oggi risultano solo parzialmente confrontabili con gli anni precedenti, a causa di una variazione nei criteri di calcolo dei dati di produzione e raccolta. · Dato regionale annuale; non costituisce una notizia del 2026.	ultimo dato osservato, non nuovo segnale PULSE
Ambiente	Raccolta differenziata dei rifiuti urbani	Umbria	2023	68.8	Valori percentuali	Bes dei territori — ISTAT	https://www.istat.it/statistiche-per-temi/focus/benessere-e-sostenibilita/la-misurazione-del-benessere-bes/il-bes-dei-territori/	I dati dal 2016 ad oggi risultano solo parzialmente confrontabili con gli anni precedenti, a causa di una variazione nei criteri di calcolo dei dati di produzione e raccolta. · Dato regionale annuale; non costituisce una notizia del 2026.	ultimo dato osservato, non nuovo segnale PULSE
Ambiente	Raccolta differenziata dei rifiuti urbani	Marche	2023	72.1	Valori percentuali	Bes dei territori — ISTAT	https://www.istat.it/statistiche-per-temi/focus/benessere-e-sostenibilita/la-misurazione-del-benessere-bes/il-bes-dei-territori/	I dati dal 2016 ad oggi risultano solo parzialmente confrontabili con gli anni precedenti, a causa di una variazione nei criteri di calcolo dei dati di produzione e raccolta. · Dato regionale annuale; non costituisce una notizia del 2026.	ultimo dato osservato, non nuovo segnale PULSE
Ambiente	Raccolta differenziata dei rifiuti urbani	Lazio	2023	55.4	Valori percentuali	Bes dei territori — ISTAT	https://www.istat.it/statistiche-per-temi/focus/benessere-e-sostenibilita/la-misurazione-del-benessere-bes/il-bes-dei-territori/	I dati dal 2016 ad oggi risultano solo parzialmente confrontabili con gli anni precedenti, a causa di una variazione nei criteri di calcolo dei dati di produzione e raccolta. · Dato regionale annuale; non costituisce una notizia del 2026.	ultimo dato osservato, non nuovo segnale PULSE
Ambiente	Raccolta differenziata dei rifiuti urbani	Abruzzo	2023	64.6	Valori percentuali	Bes dei territori — ISTAT	https://www.istat.it/statistiche-per-temi/focus/benessere-e-sostenibilita/la-misurazione-del-benessere-bes/il-bes-dei-territori/	I dati dal 2016 ad oggi risultano solo parzialmente confrontabili con gli anni precedenti, a causa di una variazione nei criteri di calcolo dei dati di produzione e raccolta. · Dato regionale annuale; non costituisce una notizia del 2026.	ultimo dato osservato, non nuovo segnale PULSE
Ambiente	Raccolta differenziata dei rifiuti urbani	Molise	2023	60.8	Valori percentuali	Bes dei territori — ISTAT	https://www.istat.it/statistiche-per-temi/focus/benessere-e-sostenibilita/la-misurazione-del-benessere-bes/il-bes-dei-territori/	I dati dal 2016 ad oggi risultano solo parzialmente confrontabili con gli anni precedenti, a causa di una variazione nei criteri di calcolo dei dati di produzione e raccolta. · Dato regionale annuale; non costituisce una notizia del 2026.	ultimo dato osservato, non nuovo segnale PULSE
Ambiente	Raccolta differenziata dei rifiuti urbani	Campania	2023	56.6	Valori percentuali	Bes dei territori — ISTAT	https://www.istat.it/statistiche-per-temi/focus/benessere-e-sostenibilita/la-misurazione-del-benessere-bes/il-bes-dei-territori/	I dati dal 2016 ad oggi risultano solo parzialmente confrontabili con gli anni precedenti, a causa di una variazione nei criteri di calcolo dei dati di produzione e raccolta. · Dato regionale annuale; non costituisce una notizia del 2026.	ultimo dato osservato, non nuovo segnale PULSE
Ambiente	Raccolta differenziata dei rifiuti urbani	Puglia	2023	59	Valori percentuali	Bes dei territori — ISTAT	https://www.istat.it/statistiche-per-temi/focus/benessere-e-sostenibilita/la-misurazione-del-benessere-bes/il-bes-dei-territori/	I dati dal 2016 ad oggi risultano solo parzialmente confrontabili con gli anni precedenti, a causa di una variazione nei criteri di calcolo dei dati di produzione e raccolta. · Dato regionale annuale; non costituisce una notizia del 2026.	ultimo dato osservato, non nuovo segnale PULSE
Ambiente	Raccolta differenziata dei rifiuti urbani	Basilicata	2023	64.9	Valori percentuali	Bes dei territori — ISTAT	https://www.istat.it/statistiche-per-temi/focus/benessere-e-sostenibilita/la-misurazione-del-benessere-bes/il-bes-dei-territori/	I dati dal 2016 ad oggi risultano solo parzialmente confrontabili con gli anni precedenti, a causa di una variazione nei criteri di calcolo dei dati di produzione e raccolta. · Dato regionale annuale; non costituisce una notizia del 2026.	ultimo dato osservato, non nuovo segnale PULSE
Ambiente	Raccolta differenziata dei rifiuti urbani	Calabria	2023	55.1	Valori percentuali	Bes dei territori — ISTAT	https://www.istat.it/statistiche-per-temi/focus/benessere-e-sostenibilita/la-misurazione-del-benessere-bes/il-bes-dei-territori/	I dati dal 2016 ad oggi risultano solo parzialmente confrontabili con gli anni precedenti, a causa di una variazione nei criteri di calcolo dei dati di produzione e raccolta. · Dato regionale annuale; non costituisce una notizia del 2026.	ultimo dato osservato, non nuovo segnale PULSE
Ambiente	Raccolta differenziata dei rifiuti urbani	Sicilia	2023	55.2	Valori percentuali	Bes dei territori — ISTAT	https://www.istat.it/statistiche-per-temi/focus/benessere-e-sostenibilita/la-misurazione-del-benessere-bes/il-bes-dei-territori/	I dati dal 2016 ad oggi risultano solo parzialmente confrontabili con gli anni precedenti, a causa di una variazione nei criteri di calcolo dei dati di produzione e raccolta. · Dato regionale annuale; non costituisce una notizia del 2026.	ultimo dato osservato, non nuovo segnale PULSE
Ambiente	Raccolta differenziata dei rifiuti urbani	Sardegna	2023	76.3	Valori percentuali	Bes dei territori — ISTAT	https://www.istat.it/statistiche-per-temi/focus/benessere-e-sostenibilita/la-misurazione-del-benessere-bes/il-bes-dei-territori/	I dati dal 2016 ad oggi risultano solo parzialmente confrontabili con gli anni precedenti, a causa di una variazione nei criteri di calcolo dei dati di produzione e raccolta. · Dato regionale annuale; non costituisce una notizia del 2026.	ultimo dato osservato, non nuovo segnale PULSE
Ambiente	Energia elettrica da fonti rinnovabili	Piemonte	2023	37.2	Valori percentuali	Bes dei territori — ISTAT	https://www.istat.it/statistiche-per-temi/focus/benessere-e-sostenibilita/la-misurazione-del-benessere-bes/il-bes-dei-territori/	L'indicatore è stato calcolato considerando il consumo interno lordo comprensivo dei pompaggi. Valori superiori a 100 sono dovuti alla produzione di energia superiore alla richiesta interna. · Dato regionale annuale; non costituisce una notizia del 2026.	ultimo dato osservato, non nuovo segnale PULSE
Ambiente	Energia elettrica da fonti rinnovabili	Valle d'Aosta/Vallée d'Aoste	2023	293.3	Valori percentuali	Bes dei territori — ISTAT	https://www.istat.it/statistiche-per-temi/focus/benessere-e-sostenibilita/la-misurazione-del-benessere-bes/il-bes-dei-territori/	L'indicatore è stato calcolato considerando il consumo interno lordo comprensivo dei pompaggi. Valori superiori a 100 sono dovuti alla produzione di energia superiore alla richiesta interna. · Dato regionale annuale; non costituisce una notizia del 2026.	ultimo dato osservato, non nuovo segnale PULSE
Ambiente	Energia elettrica da fonti rinnovabili	Liguria	2023	9.8	Valori percentuali	Bes dei territori — ISTAT	https://www.istat.it/statistiche-per-temi/focus/benessere-e-sostenibilita/la-misurazione-del-benessere-bes/il-bes-dei-territori/	L'indicatore è stato calcolato considerando il consumo interno lordo comprensivo dei pompaggi. Valori superiori a 100 sono dovuti alla produzione di energia superiore alla richiesta interna. · Dato regionale annuale; non costituisce una notizia del 2026.	ultimo dato osservato, non nuovo segnale PULSE
Ambiente	Energia elettrica da fonti rinnovabili	Lombardia	2023	24.2	Valori percentuali	Bes dei territori — ISTAT	https://www.istat.it/statistiche-per-temi/focus/benessere-e-sostenibilita/la-misurazione-del-benessere-bes/il-bes-dei-territori/	L'indicatore è stato calcolato considerando il consumo interno lordo comprensivo dei pompaggi. Valori superiori a 100 sono dovuti alla produzione di energia superiore alla richiesta interna. · Dato regionale annuale; non costituisce una notizia del 2026.	ultimo dato osservato, non nuovo segnale PULSE
Ambiente	Energia elettrica da fonti rinnovabili	Trentino-Alto Adige/Südtirol	2023	141.2	Valori percentuali	Bes dei territori — ISTAT	https://www.istat.it/statistiche-per-temi/focus/benessere-e-sostenibilita/la-misurazione-del-benessere-bes/il-bes-dei-territori/	L'indicatore è stato calcolato considerando il consumo interno lordo comprensivo dei pompaggi. Valori superiori a 100 sono dovuti alla produzione di energia superiore alla richiesta interna. · Dato regionale annuale; non costituisce una notizia del 2026.	ultimo dato osservato, non nuovo segnale PULSE
Ambiente	Energia elettrica da fonti rinnovabili	Veneto	2023	26.8	Valori percentuali	Bes dei territori — ISTAT	https://www.istat.it/statistiche-per-temi/focus/benessere-e-sostenibilita/la-misurazione-del-benessere-bes/il-bes-dei-territori/	L'indicatore è stato calcolato considerando il consumo interno lordo comprensivo dei pompaggi. Valori superiori a 100 sono dovuti alla produzione di energia superiore alla richiesta interna. · Dato regionale annuale; non costituisce una notizia del 2026.	ultimo dato osservato, non nuovo segnale PULSE
Ambiente	Energia elettrica da fonti rinnovabili	Friuli-Venezia Giulia	2023	29.1	Valori percentuali	Bes dei territori — ISTAT	https://www.istat.it/statistiche-per-temi/focus/benessere-e-sostenibilita/la-misurazione-del-benessere-bes/il-bes-dei-territori/	L'indicatore è stato calcolato considerando il consumo interno lordo comprensivo dei pompaggi. Valori superiori a 100 sono dovuti alla produzione di energia superiore alla richiesta interna. · Dato regionale annuale; non costituisce una notizia del 2026.	ultimo dato osservato, non nuovo segnale PULSE
Ambiente	Energia elettrica da fonti rinnovabili	Emilia-Romagna	2023	21	Valori percentuali	Bes dei territori — ISTAT	https://www.istat.it/statistiche-per-temi/focus/benessere-e-sostenibilita/la-misurazione-del-benessere-bes/il-bes-dei-territori/	L'indicatore è stato calcolato considerando il consumo interno lordo comprensivo dei pompaggi. Valori superiori a 100 sono dovuti alla produzione di energia superiore alla richiesta interna. · Dato regionale annuale; non costituisce una notizia del 2026.	ultimo dato osservato, non nuovo segnale PULSE
Ambiente	Energia elettrica da fonti rinnovabili	Toscana	2023	40.8	Valori percentuali	Bes dei territori — ISTAT	https://www.istat.it/statistiche-per-temi/focus/benessere-e-sostenibilita/la-misurazione-del-benessere-bes/il-bes-dei-territori/	L'indicatore è stato calcolato considerando il consumo interno lordo comprensivo dei pompaggi. Valori superiori a 100 sono dovuti alla produzione di energia superiore alla richiesta interna. · Dato regionale annuale; non costituisce una notizia del 2026.	ultimo dato osservato, non nuovo segnale PULSE
Ambiente	Energia elettrica da fonti rinnovabili	Umbria	2023	41.8	Valori percentuali	Bes dei territori — ISTAT	https://www.istat.it/statistiche-per-temi/focus/benessere-e-sostenibilita/la-misurazione-del-benessere-bes/il-bes-dei-territori/	L'indicatore è stato calcolato considerando il consumo interno lordo comprensivo dei pompaggi. Valori superiori a 100 sono dovuti alla produzione di energia superiore alla richiesta interna. · Dato regionale annuale; non costituisce una notizia del 2026.	ultimo dato osservato, non nuovo segnale PULSE
Ambiente	Energia elettrica da fonti rinnovabili	Marche	2023	30.5	Valori percentuali	Bes dei territori — ISTAT	https://www.istat.it/statistiche-per-temi/focus/benessere-e-sostenibilita/la-misurazione-del-benessere-bes/il-bes-dei-territori/	L'indicatore è stato calcolato considerando il consumo interno lordo comprensivo dei pompaggi. Valori superiori a 100 sono dovuti alla produzione di energia superiore alla richiesta interna. · Dato regionale annuale; non costituisce una notizia del 2026.	ultimo dato osservato, non nuovo segnale PULSE
Ambiente	Energia elettrica da fonti rinnovabili	Lazio	2023	17.3	Valori percentuali	Bes dei territori — ISTAT	https://www.istat.it/statistiche-per-temi/focus/benessere-e-sostenibilita/la-misurazione-del-benessere-bes/il-bes-dei-territori/	L'indicatore è stato calcolato considerando il consumo interno lordo comprensivo dei pompaggi. Valori superiori a 100 sono dovuti alla produzione di energia superiore alla richiesta interna. · Dato regionale annuale; non costituisce una notizia del 2026.	ultimo dato osservato, non nuovo segnale PULSE
Ambiente	Energia elettrica da fonti rinnovabili	Abruzzo	2023	49	Valori percentuali	Bes dei territori — ISTAT	https://www.istat.it/statistiche-per-temi/focus/benessere-e-sostenibilita/la-misurazione-del-benessere-bes/il-bes-dei-territori/	L'indicatore è stato calcolato considerando il consumo interno lordo comprensivo dei pompaggi. Valori superiori a 100 sono dovuti alla produzione di energia superiore alla richiesta interna. · Dato regionale annuale; non costituisce una notizia del 2026.	ultimo dato osservato, non nuovo segnale PULSE
Ambiente	Energia elettrica da fonti rinnovabili	Molise	2023	91.4	Valori percentuali	Bes dei territori — ISTAT	https://www.istat.it/statistiche-per-temi/focus/benessere-e-sostenibilita/la-misurazione-del-benessere-bes/il-bes-dei-territori/	L'indicatore è stato calcolato considerando il consumo interno lordo comprensivo dei pompaggi. Valori superiori a 100 sono dovuti alla produzione di energia superiore alla richiesta interna. · Dato regionale annuale; non costituisce una notizia del 2026.	ultimo dato osservato, non nuovo segnale PULSE
Ambiente	Energia elettrica da fonti rinnovabili	Campania	2023	35.7	Valori percentuali	Bes dei territori — ISTAT	https://www.istat.it/statistiche-per-temi/focus/benessere-e-sostenibilita/la-misurazione-del-benessere-bes/il-bes-dei-territori/	L'indicatore è stato calcolato considerando il consumo interno lordo comprensivo dei pompaggi. Valori superiori a 100 sono dovuti alla produzione di energia superiore alla richiesta interna. · Dato regionale annuale; non costituisce una notizia del 2026.	ultimo dato osservato, non nuovo segnale PULSE
Ambiente	Energia elettrica da fonti rinnovabili	Puglia	2023	65.3	Valori percentuali	Bes dei territori — ISTAT	https://www.istat.it/statistiche-per-temi/focus/benessere-e-sostenibilita/la-misurazione-del-benessere-bes/il-bes-dei-territori/	L'indicatore è stato calcolato considerando il consumo interno lordo comprensivo dei pompaggi. Valori superiori a 100 sono dovuti alla produzione di energia superiore alla richiesta interna. · Dato regionale annuale; non costituisce una notizia del 2026.	ultimo dato osservato, non nuovo segnale PULSE
Ambiente	Energia elettrica da fonti rinnovabili	Basilicata	2023	136.6	Valori percentuali	Bes dei territori — ISTAT	https://www.istat.it/statistiche-per-temi/focus/benessere-e-sostenibilita/la-misurazione-del-benessere-bes/il-bes-dei-territori/	L'indicatore è stato calcolato considerando il consumo interno lordo comprensivo dei pompaggi. Valori superiori a 100 sono dovuti alla produzione di energia superiore alla richiesta interna. · Dato regionale annuale; non costituisce una notizia del 2026.	ultimo dato osservato, non nuovo segnale PULSE
Ambiente	Energia elettrica da fonti rinnovabili	Calabria	2023	77.3	Valori percentuali	Bes dei territori — ISTAT	https://www.istat.it/statistiche-per-temi/focus/benessere-e-sostenibilita/la-misurazione-del-benessere-bes/il-bes-dei-territori/	L'indicatore è stato calcolato considerando il consumo interno lordo comprensivo dei pompaggi. Valori superiori a 100 sono dovuti alla produzione di energia superiore alla richiesta interna. · Dato regionale annuale; non costituisce una notizia del 2026.	ultimo dato osservato, non nuovo segnale PULSE
Ambiente	Energia elettrica da fonti rinnovabili	Sicilia	2023	30.9	Valori percentuali	Bes dei territori — ISTAT	https://www.istat.it/statistiche-per-temi/focus/benessere-e-sostenibilita/la-misurazione-del-benessere-bes/il-bes-dei-territori/	L'indicatore è stato calcolato considerando il consumo interno lordo comprensivo dei pompaggi. Valori superiori a 100 sono dovuti alla produzione di energia superiore alla richiesta interna. · Dato regionale annuale; non costituisce una notizia del 2026.	ultimo dato osservato, non nuovo segnale PULSE
Ambiente	Energia elettrica da fonti rinnovabili	Sardegna	2023	47.4	Valori percentuali	Bes dei territori — ISTAT	https://www.istat.it/statistiche-per-temi/focus/benessere-e-sostenibilita/la-misurazione-del-benessere-bes/il-bes-dei-territori/	L'indicatore è stato calcolato considerando il consumo interno lordo comprensivo dei pompaggi. Valori superiori a 100 sono dovuti alla produzione di energia superiore alla richiesta interna. · Dato regionale annuale; non costituisce una notizia del 2026.	ultimo dato osservato, non nuovo segnale PULSE
Imprese e industria	Propensione alla brevettazione	Piemonte	2022	91.6	Per milione di abitanti	Bes dei territori — ISTAT	https://www.istat.it/statistiche-per-temi/focus/benessere-e-sostenibilita/la-misurazione-del-benessere-bes/il-bes-dei-territori/	nan · Dato regionale annuale; non costituisce una notizia del 2026.	ultimo dato osservato, non nuovo segnale PULSE
Imprese e industria	Propensione alla brevettazione	Valle d'Aosta/Vallée d'Aoste	2022	30.8	Per milione di abitanti	Bes dei territori — ISTAT	https://www.istat.it/statistiche-per-temi/focus/benessere-e-sostenibilita/la-misurazione-del-benessere-bes/il-bes-dei-territori/	nan · Dato regionale annuale; non costituisce una notizia del 2026.	ultimo dato osservato, non nuovo segnale PULSE
Imprese e industria	Propensione alla brevettazione	Liguria	2022	65.3	Per milione di abitanti	Bes dei territori — ISTAT	https://www.istat.it/statistiche-per-temi/focus/benessere-e-sostenibilita/la-misurazione-del-benessere-bes/il-bes-dei-territori/	nan · Dato regionale annuale; non costituisce una notizia del 2026.	ultimo dato osservato, non nuovo segnale PULSE
Imprese e industria	Propensione alla brevettazione	Lombardia	2022	130.6	Per milione di abitanti	Bes dei territori — ISTAT	https://www.istat.it/statistiche-per-temi/focus/benessere-e-sostenibilita/la-misurazione-del-benessere-bes/il-bes-dei-territori/	nan · Dato regionale annuale; non costituisce una notizia del 2026.	ultimo dato osservato, non nuovo segnale PULSE
Imprese e industria	Propensione alla brevettazione	Trentino-Alto Adige/Südtirol	2022	87.6	Per milione di abitanti	Bes dei territori — ISTAT	https://www.istat.it/statistiche-per-temi/focus/benessere-e-sostenibilita/la-misurazione-del-benessere-bes/il-bes-dei-territori/	nan · Dato regionale annuale; non costituisce una notizia del 2026.	ultimo dato osservato, non nuovo segnale PULSE
Imprese e industria	Propensione alla brevettazione	Veneto	2022	131.8	Per milione di abitanti	Bes dei territori — ISTAT	https://www.istat.it/statistiche-per-temi/focus/benessere-e-sostenibilita/la-misurazione-del-benessere-bes/il-bes-dei-territori/	nan · Dato regionale annuale; non costituisce una notizia del 2026.	ultimo dato osservato, non nuovo segnale PULSE
Imprese e industria	Propensione alla brevettazione	Friuli-Venezia Giulia	2022	85.7	Per milione di abitanti	Bes dei territori — ISTAT	https://www.istat.it/statistiche-per-temi/focus/benessere-e-sostenibilita/la-misurazione-del-benessere-bes/il-bes-dei-territori/	nan · Dato regionale annuale; non costituisce una notizia del 2026.	ultimo dato osservato, non nuovo segnale PULSE
Imprese e industria	Propensione alla brevettazione	Emilia-Romagna	2022	175.8	Per milione di abitanti	Bes dei territori — ISTAT	https://www.istat.it/statistiche-per-temi/focus/benessere-e-sostenibilita/la-misurazione-del-benessere-bes/il-bes-dei-territori/	nan · Dato regionale annuale; non costituisce una notizia del 2026.	ultimo dato osservato, non nuovo segnale PULSE
Imprese e industria	Propensione alla brevettazione	Toscana	2022	82.3	Per milione di abitanti	Bes dei territori — ISTAT	https://www.istat.it/statistiche-per-temi/focus/benessere-e-sostenibilita/la-misurazione-del-benessere-bes/il-bes-dei-territori/	nan · Dato regionale annuale; non costituisce una notizia del 2026.	ultimo dato osservato, non nuovo segnale PULSE
Imprese e industria	Propensione alla brevettazione	Umbria	2022	53.4	Per milione di abitanti	Bes dei territori — ISTAT	https://www.istat.it/statistiche-per-temi/focus/benessere-e-sostenibilita/la-misurazione-del-benessere-bes/il-bes-dei-territori/	nan · Dato regionale annuale; non costituisce una notizia del 2026.	ultimo dato osservato, non nuovo segnale PULSE
Imprese e industria	Propensione alla brevettazione	Marche	2022	61.8	Per milione di abitanti	Bes dei territori — ISTAT	https://www.istat.it/statistiche-per-temi/focus/benessere-e-sostenibilita/la-misurazione-del-benessere-bes/il-bes-dei-territori/	nan · Dato regionale annuale; non costituisce una notizia del 2026.	ultimo dato osservato, non nuovo segnale PULSE
Imprese e industria	Propensione alla brevettazione	Lazio	2022	33.8	Per milione di abitanti	Bes dei territori — ISTAT	https://www.istat.it/statistiche-per-temi/focus/benessere-e-sostenibilita/la-misurazione-del-benessere-bes/il-bes-dei-territori/	nan · Dato regionale annuale; non costituisce una notizia del 2026.	ultimo dato osservato, non nuovo segnale PULSE
Imprese e industria	Propensione alla brevettazione	Abruzzo	2022	42.5	Per milione di abitanti	Bes dei territori — ISTAT	https://www.istat.it/statistiche-per-temi/focus/benessere-e-sostenibilita/la-misurazione-del-benessere-bes/il-bes-dei-territori/	nan · Dato regionale annuale; non costituisce una notizia del 2026.	ultimo dato osservato, non nuovo segnale PULSE
Imprese e industria	Propensione alla brevettazione	Molise	2022	14.4	Per milione di abitanti	Bes dei territori — ISTAT	https://www.istat.it/statistiche-per-temi/focus/benessere-e-sostenibilita/la-misurazione-del-benessere-bes/il-bes-dei-territori/	nan · Dato regionale annuale; non costituisce una notizia del 2026.	ultimo dato osservato, non nuovo segnale PULSE
Imprese e industria	Propensione alla brevettazione	Campania	2022	17.5	Per milione di abitanti	Bes dei territori — ISTAT	https://www.istat.it/statistiche-per-temi/focus/benessere-e-sostenibilita/la-misurazione-del-benessere-bes/il-bes-dei-territori/	nan · Dato regionale annuale; non costituisce una notizia del 2026.	ultimo dato osservato, non nuovo segnale PULSE
Imprese e industria	Propensione alla brevettazione	Puglia	2022	19.5	Per milione di abitanti	Bes dei territori — ISTAT	https://www.istat.it/statistiche-per-temi/focus/benessere-e-sostenibilita/la-misurazione-del-benessere-bes/il-bes-dei-territori/	nan · Dato regionale annuale; non costituisce una notizia del 2026.	ultimo dato osservato, non nuovo segnale PULSE
Imprese e industria	Propensione alla brevettazione	Basilicata	2022	7.9	Per milione di abitanti	Bes dei territori — ISTAT	https://www.istat.it/statistiche-per-temi/focus/benessere-e-sostenibilita/la-misurazione-del-benessere-bes/il-bes-dei-territori/	nan · Dato regionale annuale; non costituisce una notizia del 2026.	ultimo dato osservato, non nuovo segnale PULSE
Imprese e industria	Propensione alla brevettazione	Calabria	2022	5.7	Per milione di abitanti	Bes dei territori — ISTAT	https://www.istat.it/statistiche-per-temi/focus/benessere-e-sostenibilita/la-misurazione-del-benessere-bes/il-bes-dei-territori/	nan · Dato regionale annuale; non costituisce una notizia del 2026.	ultimo dato osservato, non nuovo segnale PULSE
Imprese e industria	Propensione alla brevettazione	Sicilia	2022	15.6	Per milione di abitanti	Bes dei territori — ISTAT	https://www.istat.it/statistiche-per-temi/focus/benessere-e-sostenibilita/la-misurazione-del-benessere-bes/il-bes-dei-territori/	nan · Dato regionale annuale; non costituisce una notizia del 2026.	ultimo dato osservato, non nuovo segnale PULSE
Imprese e industria	Propensione alla brevettazione	Sardegna	2022	8.6	Per milione di abitanti	Bes dei territori — ISTAT	https://www.istat.it/statistiche-per-temi/focus/benessere-e-sostenibilita/la-misurazione-del-benessere-bes/il-bes-dei-territori/	nan · Dato regionale annuale; non costituisce una notizia del 2026.	ultimo dato osservato, non nuovo segnale PULSE
Imprese e industria	Comuni con servizi per le famiglie interamente online	Piemonte	2022	44.1	Valori percentuali	Bes dei territori — ISTAT	https://www.istat.it/statistiche-per-temi/focus/benessere-e-sostenibilita/la-misurazione-del-benessere-bes/il-bes-dei-territori/	nan · Dato regionale annuale; non costituisce una notizia del 2026.	ultimo dato osservato, non nuovo segnale PULSE
Imprese e industria	Comuni con servizi per le famiglie interamente online	Valle d'Aosta/Vallée d'Aoste	2022	51.2	Valori percentuali	Bes dei territori — ISTAT	https://www.istat.it/statistiche-per-temi/focus/benessere-e-sostenibilita/la-misurazione-del-benessere-bes/il-bes-dei-territori/	nan · Dato regionale annuale; non costituisce una notizia del 2026.	ultimo dato osservato, non nuovo segnale PULSE
Imprese e industria	Comuni con servizi per le famiglie interamente online	Liguria	2022	45.9	Valori percentuali	Bes dei territori — ISTAT	https://www.istat.it/statistiche-per-temi/focus/benessere-e-sostenibilita/la-misurazione-del-benessere-bes/il-bes-dei-territori/	nan · Dato regionale annuale; non costituisce una notizia del 2026.	ultimo dato osservato, non nuovo segnale PULSE
Imprese e industria	Comuni con servizi per le famiglie interamente online	Lombardia	2022	66.1	Valori percentuali	Bes dei territori — ISTAT	https://www.istat.it/statistiche-per-temi/focus/benessere-e-sostenibilita/la-misurazione-del-benessere-bes/il-bes-dei-territori/	nan · Dato regionale annuale; non costituisce una notizia del 2026.	ultimo dato osservato, non nuovo segnale PULSE
Imprese e industria	Comuni con servizi per le famiglie interamente online	Trentino-Alto Adige/Südtirol	2022	45.2	Valori percentuali	Bes dei territori — ISTAT	https://www.istat.it/statistiche-per-temi/focus/benessere-e-sostenibilita/la-misurazione-del-benessere-bes/il-bes-dei-territori/	nan · Dato regionale annuale; non costituisce una notizia del 2026.	ultimo dato osservato, non nuovo segnale PULSE
Imprese e industria	Comuni con servizi per le famiglie interamente online	Veneto	2022	76.7	Valori percentuali	Bes dei territori — ISTAT	https://www.istat.it/statistiche-per-temi/focus/benessere-e-sostenibilita/la-misurazione-del-benessere-bes/il-bes-dei-territori/	nan · Dato regionale annuale; non costituisce una notizia del 2026.	ultimo dato osservato, non nuovo segnale PULSE
Imprese e industria	Comuni con servizi per le famiglie interamente online	Friuli-Venezia Giulia	2022	68.5	Valori percentuali	Bes dei territori — ISTAT	https://www.istat.it/statistiche-per-temi/focus/benessere-e-sostenibilita/la-misurazione-del-benessere-bes/il-bes-dei-territori/	nan · Dato regionale annuale; non costituisce una notizia del 2026.	ultimo dato osservato, non nuovo segnale PULSE
Imprese e industria	Comuni con servizi per le famiglie interamente online	Emilia-Romagna	2022	68.2	Valori percentuali	Bes dei territori — ISTAT	https://www.istat.it/statistiche-per-temi/focus/benessere-e-sostenibilita/la-misurazione-del-benessere-bes/il-bes-dei-territori/	nan · Dato regionale annuale; non costituisce una notizia del 2026.	ultimo dato osservato, non nuovo segnale PULSE
Imprese e industria	Comuni con servizi per le famiglie interamente online	Toscana	2022	75.5	Valori percentuali	Bes dei territori — ISTAT	https://www.istat.it/statistiche-per-temi/focus/benessere-e-sostenibilita/la-misurazione-del-benessere-bes/il-bes-dei-territori/	nan · Dato regionale annuale; non costituisce una notizia del 2026.	ultimo dato osservato, non nuovo segnale PULSE
Imprese e industria	Comuni con servizi per le famiglie interamente online	Umbria	2022	61	Valori percentuali	Bes dei territori — ISTAT	https://www.istat.it/statistiche-per-temi/focus/benessere-e-sostenibilita/la-misurazione-del-benessere-bes/il-bes-dei-territori/	nan · Dato regionale annuale; non costituisce una notizia del 2026.	ultimo dato osservato, non nuovo segnale PULSE
Imprese e industria	Comuni con servizi per le famiglie interamente online	Marche	2022	50.6	Valori percentuali	Bes dei territori — ISTAT	https://www.istat.it/statistiche-per-temi/focus/benessere-e-sostenibilita/la-misurazione-del-benessere-bes/il-bes-dei-territori/	nan · Dato regionale annuale; non costituisce una notizia del 2026.	ultimo dato osservato, non nuovo segnale PULSE
Imprese e industria	Comuni con servizi per le famiglie interamente online	Lazio	2022	46.5	Valori percentuali	Bes dei territori — ISTAT	https://www.istat.it/statistiche-per-temi/focus/benessere-e-sostenibilita/la-misurazione-del-benessere-bes/il-bes-dei-territori/	nan · Dato regionale annuale; non costituisce una notizia del 2026.	ultimo dato osservato, non nuovo segnale PULSE
Imprese e industria	Comuni con servizi per le famiglie interamente online	Abruzzo	2022	37.1	Valori percentuali	Bes dei territori — ISTAT	https://www.istat.it/statistiche-per-temi/focus/benessere-e-sostenibilita/la-misurazione-del-benessere-bes/il-bes-dei-territori/	nan · Dato regionale annuale; non costituisce una notizia del 2026.	ultimo dato osservato, non nuovo segnale PULSE
Imprese e industria	Comuni con servizi per le famiglie interamente online	Molise	2022	23.9	Valori percentuali	Bes dei territori — ISTAT	https://www.istat.it/statistiche-per-temi/focus/benessere-e-sostenibilita/la-misurazione-del-benessere-bes/il-bes-dei-territori/	nan · Dato regionale annuale; non costituisce una notizia del 2026.	ultimo dato osservato, non nuovo segnale PULSE
Imprese e industria	Comuni con servizi per le famiglie interamente online	Campania	2022	41.6	Valori percentuali	Bes dei territori — ISTAT	https://www.istat.it/statistiche-per-temi/focus/benessere-e-sostenibilita/la-misurazione-del-benessere-bes/il-bes-dei-territori/	nan · Dato regionale annuale; non costituisce una notizia del 2026.	ultimo dato osservato, non nuovo segnale PULSE
Imprese e industria	Comuni con servizi per le famiglie interamente online	Puglia	2022	63.5	Valori percentuali	Bes dei territori — ISTAT	https://www.istat.it/statistiche-per-temi/focus/benessere-e-sostenibilita/la-misurazione-del-benessere-bes/il-bes-dei-territori/	nan · Dato regionale annuale; non costituisce una notizia del 2026.	ultimo dato osservato, non nuovo segnale PULSE
Imprese e industria	Comuni con servizi per le famiglie interamente online	Basilicata	2022	49.3	Valori percentuali	Bes dei territori — ISTAT	https://www.istat.it/statistiche-per-temi/focus/benessere-e-sostenibilita/la-misurazione-del-benessere-bes/il-bes-dei-territori/	nan · Dato regionale annuale; non costituisce una notizia del 2026.	ultimo dato osservato, non nuovo segnale PULSE
Imprese e industria	Comuni con servizi per le famiglie interamente online	Calabria	2022	36.5	Valori percentuali	Bes dei territori — ISTAT	https://www.istat.it/statistiche-per-temi/focus/benessere-e-sostenibilita/la-misurazione-del-benessere-bes/il-bes-dei-territori/	nan · Dato regionale annuale; non costituisce una notizia del 2026.	ultimo dato osservato, non nuovo segnale PULSE
Imprese e industria	Comuni con servizi per le famiglie interamente online	Sicilia	2022	37.5	Valori percentuali	Bes dei territori — ISTAT	https://www.istat.it/statistiche-per-temi/focus/benessere-e-sostenibilita/la-misurazione-del-benessere-bes/il-bes-dei-territori/	nan · Dato regionale annuale; non costituisce una notizia del 2026.	ultimo dato osservato, non nuovo segnale PULSE
Imprese e industria	Comuni con servizi per le famiglie interamente online	Sardegna	2022	51.5	Valori percentuali	Bes dei territori — ISTAT	https://www.istat.it/statistiche-per-temi/focus/benessere-e-sostenibilita/la-misurazione-del-benessere-bes/il-bes-dei-territori/	nan · Dato regionale annuale; non costituisce una notizia del 2026.	ultimo dato osservato, non nuovo segnale PULSE
Imprese e industria	Mobilità dei laureati italiani (25-39 anni)	Piemonte	2023	11.8	Per 1.000 laureati residenti	Bes dei territori — ISTAT	https://www.istat.it/statistiche-per-temi/focus/benessere-e-sostenibilita/la-misurazione-del-benessere-bes/il-bes-dei-territori/	I dati del 2023 sono provvisori · Dato regionale annuale; non costituisce una notizia del 2026.	ultimo dato osservato, non nuovo segnale PULSE
Imprese e industria	Mobilità dei laureati italiani (25-39 anni)	Valle d'Aosta/Vallée d'Aoste	2023	-13	Per 1.000 laureati residenti	Bes dei territori — ISTAT	https://www.istat.it/statistiche-per-temi/focus/benessere-e-sostenibilita/la-misurazione-del-benessere-bes/il-bes-dei-territori/	I dati del 2023 sono provvisori · Dato regionale annuale; non costituisce una notizia del 2026.	ultimo dato osservato, non nuovo segnale PULSE
Imprese e industria	Mobilità dei laureati italiani (25-39 anni)	Liguria	2023	-5.8	Per 1.000 laureati residenti	Bes dei territori — ISTAT	https://www.istat.it/statistiche-per-temi/focus/benessere-e-sostenibilita/la-misurazione-del-benessere-bes/il-bes-dei-territori/	I dati del 2023 sono provvisori · Dato regionale annuale; non costituisce una notizia del 2026.	ultimo dato osservato, non nuovo segnale PULSE
Imprese e industria	Mobilità dei laureati italiani (25-39 anni)	Lombardia	2023	14.2	Per 1.000 laureati residenti	Bes dei territori — ISTAT	https://www.istat.it/statistiche-per-temi/focus/benessere-e-sostenibilita/la-misurazione-del-benessere-bes/il-bes-dei-territori/	I dati del 2023 sono provvisori · Dato regionale annuale; non costituisce una notizia del 2026.	ultimo dato osservato, non nuovo segnale PULSE
Imprese e industria	Mobilità dei laureati italiani (25-39 anni)	Trentino-Alto Adige/Südtirol	2023	-0.1	Per 1.000 laureati residenti	Bes dei territori — ISTAT	https://www.istat.it/statistiche-per-temi/focus/benessere-e-sostenibilita/la-misurazione-del-benessere-bes/il-bes-dei-territori/	I dati del 2023 sono provvisori · Dato regionale annuale; non costituisce una notizia del 2026.	ultimo dato osservato, non nuovo segnale PULSE
Imprese e industria	Mobilità dei laureati italiani (25-39 anni)	Veneto	2023	-5.2	Per 1.000 laureati residenti	Bes dei territori — ISTAT	https://www.istat.it/statistiche-per-temi/focus/benessere-e-sostenibilita/la-misurazione-del-benessere-bes/il-bes-dei-territori/	I dati del 2023 sono provvisori · Dato regionale annuale; non costituisce una notizia del 2026.	ultimo dato osservato, non nuovo segnale PULSE
Imprese e industria	Mobilità dei laureati italiani (25-39 anni)	Friuli-Venezia Giulia	2023	-2.8	Per 1.000 laureati residenti	Bes dei territori — ISTAT	https://www.istat.it/statistiche-per-temi/focus/benessere-e-sostenibilita/la-misurazione-del-benessere-bes/il-bes-dei-territori/	I dati del 2023 sono provvisori · Dato regionale annuale; non costituisce una notizia del 2026.	ultimo dato osservato, non nuovo segnale PULSE
Imprese e industria	Mobilità dei laureati italiani (25-39 anni)	Emilia-Romagna	2023	18	Per 1.000 laureati residenti	Bes dei territori — ISTAT	https://www.istat.it/statistiche-per-temi/focus/benessere-e-sostenibilita/la-misurazione-del-benessere-bes/il-bes-dei-territori/	I dati del 2023 sono provvisori · Dato regionale annuale; non costituisce una notizia del 2026.	ultimo dato osservato, non nuovo segnale PULSE
Imprese e industria	Mobilità dei laureati italiani (25-39 anni)	Toscana	2023	0.3	Per 1.000 laureati residenti	Bes dei territori — ISTAT	https://www.istat.it/statistiche-per-temi/focus/benessere-e-sostenibilita/la-misurazione-del-benessere-bes/il-bes-dei-territori/	I dati del 2023 sono provvisori · Dato regionale annuale; non costituisce una notizia del 2026.	ultimo dato osservato, non nuovo segnale PULSE
Imprese e industria	Mobilità dei laureati italiani (25-39 anni)	Umbria	2023	-14.7	Per 1.000 laureati residenti	Bes dei territori — ISTAT	https://www.istat.it/statistiche-per-temi/focus/benessere-e-sostenibilita/la-misurazione-del-benessere-bes/il-bes-dei-territori/	I dati del 2023 sono provvisori · Dato regionale annuale; non costituisce una notizia del 2026.	ultimo dato osservato, non nuovo segnale PULSE
Imprese e industria	Mobilità dei laureati italiani (25-39 anni)	Marche	2023	-13.7	Per 1.000 laureati residenti	Bes dei territori — ISTAT	https://www.istat.it/statistiche-per-temi/focus/benessere-e-sostenibilita/la-misurazione-del-benessere-bes/il-bes-dei-territori/	I dati del 2023 sono provvisori · Dato regionale annuale; non costituisce una notizia del 2026.	ultimo dato osservato, non nuovo segnale PULSE
Imprese e industria	Mobilità dei laureati italiani (25-39 anni)	Lazio	2023	5	Per 1.000 laureati residenti	Bes dei territori — ISTAT	https://www.istat.it/statistiche-per-temi/focus/benessere-e-sostenibilita/la-misurazione-del-benessere-bes/il-bes-dei-territori/	I dati del 2023 sono provvisori · Dato regionale annuale; non costituisce una notizia del 2026.	ultimo dato osservato, non nuovo segnale PULSE
Imprese e industria	Mobilità dei laureati italiani (25-39 anni)	Abruzzo	2023	-17.9	Per 1.000 laureati residenti	Bes dei territori — ISTAT	https://www.istat.it/statistiche-per-temi/focus/benessere-e-sostenibilita/la-misurazione-del-benessere-bes/il-bes-dei-territori/	I dati del 2023 sono provvisori · Dato regionale annuale; non costituisce una notizia del 2026.	ultimo dato osservato, non nuovo segnale PULSE
Imprese e industria	Mobilità dei laureati italiani (25-39 anni)	Molise	2023	-39.9	Per 1.000 laureati residenti	Bes dei territori — ISTAT	https://www.istat.it/statistiche-per-temi/focus/benessere-e-sostenibilita/la-misurazione-del-benessere-bes/il-bes-dei-territori/	I dati del 2023 sono provvisori · Dato regionale annuale; non costituisce una notizia del 2026.	ultimo dato osservato, non nuovo segnale PULSE
Imprese e industria	Mobilità dei laureati italiani (25-39 anni)	Campania	2023	-29.7	Per 1.000 laureati residenti	Bes dei territori — ISTAT	https://www.istat.it/statistiche-per-temi/focus/benessere-e-sostenibilita/la-misurazione-del-benessere-bes/il-bes-dei-territori/	I dati del 2023 sono provvisori · Dato regionale annuale; non costituisce una notizia del 2026.	ultimo dato osservato, non nuovo segnale PULSE
Imprese e industria	Mobilità dei laureati italiani (25-39 anni)	Puglia	2023	-32.7	Per 1.000 laureati residenti	Bes dei territori — ISTAT	https://www.istat.it/statistiche-per-temi/focus/benessere-e-sostenibilita/la-misurazione-del-benessere-bes/il-bes-dei-territori/	I dati del 2023 sono provvisori · Dato regionale annuale; non costituisce una notizia del 2026.	ultimo dato osservato, non nuovo segnale PULSE
Imprese e industria	Mobilità dei laureati italiani (25-39 anni)	Basilicata	2023	-48.7	Per 1.000 laureati residenti	Bes dei territori — ISTAT	https://www.istat.it/statistiche-per-temi/focus/benessere-e-sostenibilita/la-misurazione-del-benessere-bes/il-bes-dei-territori/	I dati del 2023 sono provvisori · Dato regionale annuale; non costituisce una notizia del 2026.	ultimo dato osservato, non nuovo segnale PULSE
Imprese e industria	Mobilità dei laureati italiani (25-39 anni)	Calabria	2023	-42.4	Per 1.000 laureati residenti	Bes dei territori — ISTAT	https://www.istat.it/statistiche-per-temi/focus/benessere-e-sostenibilita/la-misurazione-del-benessere-bes/il-bes-dei-territori/	I dati del 2023 sono provvisori · Dato regionale annuale; non costituisce una notizia del 2026.	ultimo dato osservato, non nuovo segnale PULSE
Imprese e industria	Mobilità dei laureati italiani (25-39 anni)	Sicilia	2023	-34	Per 1.000 laureati residenti	Bes dei territori — ISTAT	https://www.istat.it/statistiche-per-temi/focus/benessere-e-sostenibilita/la-misurazione-del-benessere-bes/il-bes-dei-territori/	I dati del 2023 sono provvisori · Dato regionale annuale; non costituisce una notizia del 2026.	ultimo dato osservato, non nuovo segnale PULSE
Imprese e industria	Mobilità dei laureati italiani (25-39 anni)	Sardegna	2023	-16.1	Per 1.000 laureati residenti	Bes dei territori — ISTAT	https://www.istat.it/statistiche-per-temi/focus/benessere-e-sostenibilita/la-misurazione-del-benessere-bes/il-bes-dei-territori/	I dati del 2023 sono provvisori · Dato regionale annuale; non costituisce una notizia del 2026.	ultimo dato osservato, non nuovo segnale PULSE
Imprese e industria	Addetti nelle imprese culturali	Piemonte	2022	1.6	Valori percentuali	Bes dei territori — ISTAT	https://www.istat.it/statistiche-per-temi/focus/benessere-e-sostenibilita/la-misurazione-del-benessere-bes/il-bes-dei-territori/	nan · Dato regionale annuale; non costituisce una notizia del 2026.	ultimo dato osservato, non nuovo segnale PULSE
Imprese e industria	Addetti nelle imprese culturali	Valle d'Aosta/Vallée d'Aoste	2022	1.5	Valori percentuali	Bes dei territori — ISTAT	https://www.istat.it/statistiche-per-temi/focus/benessere-e-sostenibilita/la-misurazione-del-benessere-bes/il-bes-dei-territori/	nan · Dato regionale annuale; non costituisce una notizia del 2026.	ultimo dato osservato, non nuovo segnale PULSE
Imprese e industria	Addetti nelle imprese culturali	Liguria	2022	1.4	Valori percentuali	Bes dei territori — ISTAT	https://www.istat.it/statistiche-per-temi/focus/benessere-e-sostenibilita/la-misurazione-del-benessere-bes/il-bes-dei-territori/	nan · Dato regionale annuale; non costituisce una notizia del 2026.	ultimo dato osservato, non nuovo segnale PULSE
Imprese e industria	Addetti nelle imprese culturali	Lombardia	2022	2.1	Valori percentuali	Bes dei territori — ISTAT	https://www.istat.it/statistiche-per-temi/focus/benessere-e-sostenibilita/la-misurazione-del-benessere-bes/il-bes-dei-territori/	nan · Dato regionale annuale; non costituisce una notizia del 2026.	ultimo dato osservato, non nuovo segnale PULSE
Imprese e industria	Addetti nelle imprese culturali	Trentino-Alto Adige/Südtirol	2022	1.5	Valori percentuali	Bes dei territori — ISTAT	https://www.istat.it/statistiche-per-temi/focus/benessere-e-sostenibilita/la-misurazione-del-benessere-bes/il-bes-dei-territori/	nan · Dato regionale annuale; non costituisce una notizia del 2026.	ultimo dato osservato, non nuovo segnale PULSE
Imprese e industria	Addetti nelle imprese culturali	Veneto	2022	1.4	Valori percentuali	Bes dei territori — ISTAT	https://www.istat.it/statistiche-per-temi/focus/benessere-e-sostenibilita/la-misurazione-del-benessere-bes/il-bes-dei-territori/	nan · Dato regionale annuale; non costituisce una notizia del 2026.	ultimo dato osservato, non nuovo segnale PULSE
Imprese e industria	Addetti nelle imprese culturali	Friuli-Venezia Giulia	2022	1.4	Valori percentuali	Bes dei territori — ISTAT	https://www.istat.it/statistiche-per-temi/focus/benessere-e-sostenibilita/la-misurazione-del-benessere-bes/il-bes-dei-territori/	nan · Dato regionale annuale; non costituisce una notizia del 2026.	ultimo dato osservato, non nuovo segnale PULSE
Imprese e industria	Addetti nelle imprese culturali	Emilia-Romagna	2022	1.4	Valori percentuali	Bes dei territori — ISTAT	https://www.istat.it/statistiche-per-temi/focus/benessere-e-sostenibilita/la-misurazione-del-benessere-bes/il-bes-dei-territori/	nan · Dato regionale annuale; non costituisce una notizia del 2026.	ultimo dato osservato, non nuovo segnale PULSE
Imprese e industria	Addetti nelle imprese culturali	Toscana	2022	1.6	Valori percentuali	Bes dei territori — ISTAT	https://www.istat.it/statistiche-per-temi/focus/benessere-e-sostenibilita/la-misurazione-del-benessere-bes/il-bes-dei-territori/	nan · Dato regionale annuale; non costituisce una notizia del 2026.	ultimo dato osservato, non nuovo segnale PULSE
Imprese e industria	Addetti nelle imprese culturali	Umbria	2022	1.4	Valori percentuali	Bes dei territori — ISTAT	https://www.istat.it/statistiche-per-temi/focus/benessere-e-sostenibilita/la-misurazione-del-benessere-bes/il-bes-dei-territori/	nan · Dato regionale annuale; non costituisce una notizia del 2026.	ultimo dato osservato, non nuovo segnale PULSE
Imprese e industria	Addetti nelle imprese culturali	Marche	2022	1.3	Valori percentuali	Bes dei territori — ISTAT	https://www.istat.it/statistiche-per-temi/focus/benessere-e-sostenibilita/la-misurazione-del-benessere-bes/il-bes-dei-territori/	nan · Dato regionale annuale; non costituisce una notizia del 2026.	ultimo dato osservato, non nuovo segnale PULSE
Imprese e industria	Addetti nelle imprese culturali	Lazio	2022	2.8	Valori percentuali	Bes dei territori — ISTAT	https://www.istat.it/statistiche-per-temi/focus/benessere-e-sostenibilita/la-misurazione-del-benessere-bes/il-bes-dei-territori/	nan · Dato regionale annuale; non costituisce una notizia del 2026.	ultimo dato osservato, non nuovo segnale PULSE
Imprese e industria	Addetti nelle imprese culturali	Abruzzo	2022	1.2	Valori percentuali	Bes dei territori — ISTAT	https://www.istat.it/statistiche-per-temi/focus/benessere-e-sostenibilita/la-misurazione-del-benessere-bes/il-bes-dei-territori/	nan · Dato regionale annuale; non costituisce una notizia del 2026.	ultimo dato osservato, non nuovo segnale PULSE
Imprese e industria	Addetti nelle imprese culturali	Molise	2022	1.4	Valori percentuali	Bes dei territori — ISTAT	https://www.istat.it/statistiche-per-temi/focus/benessere-e-sostenibilita/la-misurazione-del-benessere-bes/il-bes-dei-territori/	nan · Dato regionale annuale; non costituisce una notizia del 2026.	ultimo dato osservato, non nuovo segnale PULSE
Imprese e industria	Addetti nelle imprese culturali	Campania	2022	1.2	Valori percentuali	Bes dei territori — ISTAT	https://www.istat.it/statistiche-per-temi/focus/benessere-e-sostenibilita/la-misurazione-del-benessere-bes/il-bes-dei-territori/	nan · Dato regionale annuale; non costituisce una notizia del 2026.	ultimo dato osservato, non nuovo segnale PULSE
Imprese e industria	Addetti nelle imprese culturali	Puglia	2022	1	Valori percentuali	Bes dei territori — ISTAT	https://www.istat.it/statistiche-per-temi/focus/benessere-e-sostenibilita/la-misurazione-del-benessere-bes/il-bes-dei-territori/	nan · Dato regionale annuale; non costituisce una notizia del 2026.	ultimo dato osservato, non nuovo segnale PULSE
Imprese e industria	Addetti nelle imprese culturali	Basilicata	2022	1	Valori percentuali	Bes dei territori — ISTAT	https://www.istat.it/statistiche-per-temi/focus/benessere-e-sostenibilita/la-misurazione-del-benessere-bes/il-bes-dei-territori/	nan · Dato regionale annuale; non costituisce una notizia del 2026.	ultimo dato osservato, non nuovo segnale PULSE
Imprese e industria	Addetti nelle imprese culturali	Calabria	2022	1	Valori percentuali	Bes dei territori — ISTAT	https://www.istat.it/statistiche-per-temi/focus/benessere-e-sostenibilita/la-misurazione-del-benessere-bes/il-bes-dei-territori/	nan · Dato regionale annuale; non costituisce una notizia del 2026.	ultimo dato osservato, non nuovo segnale PULSE
Imprese e industria	Addetti nelle imprese culturali	Sicilia	2022	1.3	Valori percentuali	Bes dei territori — ISTAT	https://www.istat.it/statistiche-per-temi/focus/benessere-e-sostenibilita/la-misurazione-del-benessere-bes/il-bes-dei-territori/	nan · Dato regionale annuale; non costituisce una notizia del 2026.	ultimo dato osservato, non nuovo segnale PULSE
Imprese e industria	Addetti nelle imprese culturali	Sardegna	2022	1.3	Valori percentuali	Bes dei territori — ISTAT	https://www.istat.it/statistiche-per-temi/focus/benessere-e-sostenibilita/la-misurazione-del-benessere-bes/il-bes-dei-territori/	nan · Dato regionale annuale; non costituisce una notizia del 2026.	ultimo dato osservato, non nuovo segnale PULSE
Servizi e qualità locale	Irregolarità del servizio elettrico	Piemonte	2023	1.8	Numero medio per utente	Bes dei territori — ISTAT	https://www.istat.it/statistiche-per-temi/focus/benessere-e-sostenibilita/la-misurazione-del-benessere-bes/il-bes-dei-territori/	nan · Dato regionale annuale; non costituisce una notizia del 2026.	ultimo dato osservato, non nuovo segnale PULSE
Servizi e qualità locale	Irregolarità del servizio elettrico	Valle d'Aosta/Vallée d'Aoste	2023	1.2	Numero medio per utente	Bes dei territori — ISTAT	https://www.istat.it/statistiche-per-temi/focus/benessere-e-sostenibilita/la-misurazione-del-benessere-bes/il-bes-dei-territori/	nan · Dato regionale annuale; non costituisce una notizia del 2026.	ultimo dato osservato, non nuovo segnale PULSE
Servizi e qualità locale	Irregolarità del servizio elettrico	Liguria	2023	1.5	Numero medio per utente	Bes dei territori — ISTAT	https://www.istat.it/statistiche-per-temi/focus/benessere-e-sostenibilita/la-misurazione-del-benessere-bes/il-bes-dei-territori/	nan · Dato regionale annuale; non costituisce una notizia del 2026.	ultimo dato osservato, non nuovo segnale PULSE
Servizi e qualità locale	Irregolarità del servizio elettrico	Lombardia	2023	1.6	Numero medio per utente	Bes dei territori — ISTAT	https://www.istat.it/statistiche-per-temi/focus/benessere-e-sostenibilita/la-misurazione-del-benessere-bes/il-bes-dei-territori/	nan · Dato regionale annuale; non costituisce una notizia del 2026.	ultimo dato osservato, non nuovo segnale PULSE
Servizi e qualità locale	Irregolarità del servizio elettrico	Trentino-Alto Adige/Südtirol	2023	0.9	Numero medio per utente	Bes dei territori — ISTAT	https://www.istat.it/statistiche-per-temi/focus/benessere-e-sostenibilita/la-misurazione-del-benessere-bes/il-bes-dei-territori/	nan · Dato regionale annuale; non costituisce una notizia del 2026.	ultimo dato osservato, non nuovo segnale PULSE
Servizi e qualità locale	Irregolarità del servizio elettrico	Veneto	2023	1.7	Numero medio per utente	Bes dei territori — ISTAT	https://www.istat.it/statistiche-per-temi/focus/benessere-e-sostenibilita/la-misurazione-del-benessere-bes/il-bes-dei-territori/	nan · Dato regionale annuale; non costituisce una notizia del 2026.	ultimo dato osservato, non nuovo segnale PULSE
Servizi e qualità locale	Irregolarità del servizio elettrico	Friuli-Venezia Giulia	2023	1.7	Numero medio per utente	Bes dei territori — ISTAT	https://www.istat.it/statistiche-per-temi/focus/benessere-e-sostenibilita/la-misurazione-del-benessere-bes/il-bes-dei-territori/	nan · Dato regionale annuale; non costituisce una notizia del 2026.	ultimo dato osservato, non nuovo segnale PULSE
Servizi e qualità locale	Irregolarità del servizio elettrico	Emilia-Romagna	2023	1.4	Numero medio per utente	Bes dei territori — ISTAT	https://www.istat.it/statistiche-per-temi/focus/benessere-e-sostenibilita/la-misurazione-del-benessere-bes/il-bes-dei-territori/	nan · Dato regionale annuale; non costituisce una notizia del 2026.	ultimo dato osservato, non nuovo segnale PULSE
Servizi e qualità locale	Irregolarità del servizio elettrico	Toscana	2023	1.9	Numero medio per utente	Bes dei territori — ISTAT	https://www.istat.it/statistiche-per-temi/focus/benessere-e-sostenibilita/la-misurazione-del-benessere-bes/il-bes-dei-territori/	nan · Dato regionale annuale; non costituisce una notizia del 2026.	ultimo dato osservato, non nuovo segnale PULSE
Servizi e qualità locale	Irregolarità del servizio elettrico	Umbria	2023	1.8	Numero medio per utente	Bes dei territori — ISTAT	https://www.istat.it/statistiche-per-temi/focus/benessere-e-sostenibilita/la-misurazione-del-benessere-bes/il-bes-dei-territori/	nan · Dato regionale annuale; non costituisce una notizia del 2026.	ultimo dato osservato, non nuovo segnale PULSE
Servizi e qualità locale	Irregolarità del servizio elettrico	Marche	2023	1.9	Numero medio per utente	Bes dei territori — ISTAT	https://www.istat.it/statistiche-per-temi/focus/benessere-e-sostenibilita/la-misurazione-del-benessere-bes/il-bes-dei-territori/	nan · Dato regionale annuale; non costituisce una notizia del 2026.	ultimo dato osservato, non nuovo segnale PULSE
Servizi e qualità locale	Irregolarità del servizio elettrico	Lazio	2023	2.5	Numero medio per utente	Bes dei territori — ISTAT	https://www.istat.it/statistiche-per-temi/focus/benessere-e-sostenibilita/la-misurazione-del-benessere-bes/il-bes-dei-territori/	nan · Dato regionale annuale; non costituisce una notizia del 2026.	ultimo dato osservato, non nuovo segnale PULSE
Servizi e qualità locale	Irregolarità del servizio elettrico	Abruzzo	2023	2.8	Numero medio per utente	Bes dei territori — ISTAT	https://www.istat.it/statistiche-per-temi/focus/benessere-e-sostenibilita/la-misurazione-del-benessere-bes/il-bes-dei-territori/	nan · Dato regionale annuale; non costituisce una notizia del 2026.	ultimo dato osservato, non nuovo segnale PULSE
Servizi e qualità locale	Irregolarità del servizio elettrico	Molise	2023	2.6	Numero medio per utente	Bes dei territori — ISTAT	https://www.istat.it/statistiche-per-temi/focus/benessere-e-sostenibilita/la-misurazione-del-benessere-bes/il-bes-dei-territori/	nan · Dato regionale annuale; non costituisce una notizia del 2026.	ultimo dato osservato, non nuovo segnale PULSE
Servizi e qualità locale	Irregolarità del servizio elettrico	Campania	2023	4.4	Numero medio per utente	Bes dei territori — ISTAT	https://www.istat.it/statistiche-per-temi/focus/benessere-e-sostenibilita/la-misurazione-del-benessere-bes/il-bes-dei-territori/	nan · Dato regionale annuale; non costituisce una notizia del 2026.	ultimo dato osservato, non nuovo segnale PULSE
Servizi e qualità locale	Irregolarità del servizio elettrico	Puglia	2023	3.6	Numero medio per utente	Bes dei territori — ISTAT	https://www.istat.it/statistiche-per-temi/focus/benessere-e-sostenibilita/la-misurazione-del-benessere-bes/il-bes-dei-territori/	nan · Dato regionale annuale; non costituisce una notizia del 2026.	ultimo dato osservato, non nuovo segnale PULSE
Servizi e qualità locale	Irregolarità del servizio elettrico	Basilicata	2023	2.3	Numero medio per utente	Bes dei territori — ISTAT	https://www.istat.it/statistiche-per-temi/focus/benessere-e-sostenibilita/la-misurazione-del-benessere-bes/il-bes-dei-territori/	nan · Dato regionale annuale; non costituisce una notizia del 2026.	ultimo dato osservato, non nuovo segnale PULSE
Servizi e qualità locale	Irregolarità del servizio elettrico	Calabria	2023	3.8	Numero medio per utente	Bes dei territori — ISTAT	https://www.istat.it/statistiche-per-temi/focus/benessere-e-sostenibilita/la-misurazione-del-benessere-bes/il-bes-dei-territori/	nan · Dato regionale annuale; non costituisce una notizia del 2026.	ultimo dato osservato, non nuovo segnale PULSE
Servizi e qualità locale	Irregolarità del servizio elettrico	Sicilia	2023	5.7	Numero medio per utente	Bes dei territori — ISTAT	https://www.istat.it/statistiche-per-temi/focus/benessere-e-sostenibilita/la-misurazione-del-benessere-bes/il-bes-dei-territori/	nan · Dato regionale annuale; non costituisce una notizia del 2026.	ultimo dato osservato, non nuovo segnale PULSE
Servizi e qualità locale	Irregolarità del servizio elettrico	Sardegna	2023	3.1	Numero medio per utente	Bes dei territori — ISTAT	https://www.istat.it/statistiche-per-temi/focus/benessere-e-sostenibilita/la-misurazione-del-benessere-bes/il-bes-dei-territori/	nan · Dato regionale annuale; non costituisce una notizia del 2026.	ultimo dato osservato, non nuovo segnale PULSE
Servizi e qualità locale	Posti-km offerti dal Tpl	Piemonte	2023	3551	Valori per abitante	Bes dei territori — ISTAT	https://www.istat.it/statistiche-per-temi/focus/benessere-e-sostenibilita/la-misurazione-del-benessere-bes/il-bes-dei-territori/	I comuni di Monza, Fermo, Andria, Barletta e Trani sono stati inclusi nella rilevazione a partire dal 2009, pertanto i dati 2004-2008 sono stimati · Dato regionale annuale; non costituisce una notizia del 2026.	ultimo dato osservato, non nuovo segnale PULSE
Servizi e qualità locale	Posti-km offerti dal Tpl	Valle d'Aosta/Vallée d'Aoste	2023	789	Valori per abitante	Bes dei territori — ISTAT	https://www.istat.it/statistiche-per-temi/focus/benessere-e-sostenibilita/la-misurazione-del-benessere-bes/il-bes-dei-territori/	I comuni di Monza, Fermo, Andria, Barletta e Trani sono stati inclusi nella rilevazione a partire dal 2009, pertanto i dati 2004-2008 sono stimati · Dato regionale annuale; non costituisce una notizia del 2026.	ultimo dato osservato, non nuovo segnale PULSE
Servizi e qualità locale	Posti-km offerti dal Tpl	Liguria	2023	4219	Valori per abitante	Bes dei territori — ISTAT	https://www.istat.it/statistiche-per-temi/focus/benessere-e-sostenibilita/la-misurazione-del-benessere-bes/il-bes-dei-territori/	I comuni di Monza, Fermo, Andria, Barletta e Trani sono stati inclusi nella rilevazione a partire dal 2009, pertanto i dati 2004-2008 sono stimati · Dato regionale annuale; non costituisce una notizia del 2026.	ultimo dato osservato, non nuovo segnale PULSE
Servizi e qualità locale	Posti-km offerti dal Tpl	Lombardia	2023	11104	Valori per abitante	Bes dei territori — ISTAT	https://www.istat.it/statistiche-per-temi/focus/benessere-e-sostenibilita/la-misurazione-del-benessere-bes/il-bes-dei-territori/	I comuni di Monza, Fermo, Andria, Barletta e Trani sono stati inclusi nella rilevazione a partire dal 2009, pertanto i dati 2004-2008 sono stimati · Dato regionale annuale; non costituisce una notizia del 2026.	ultimo dato osservato, non nuovo segnale PULSE
Servizi e qualità locale	Posti-km offerti dal Tpl	Trentino-Alto Adige/Südtirol	2023	3871	Valori per abitante	Bes dei territori — ISTAT	https://www.istat.it/statistiche-per-temi/focus/benessere-e-sostenibilita/la-misurazione-del-benessere-bes/il-bes-dei-territori/	I comuni di Monza, Fermo, Andria, Barletta e Trani sono stati inclusi nella rilevazione a partire dal 2009, pertanto i dati 2004-2008 sono stimati · Dato regionale annuale; non costituisce una notizia del 2026.	ultimo dato osservato, non nuovo segnale PULSE
Servizi e qualità locale	Posti-km offerti dal Tpl	Veneto	2023	5144	Valori per abitante	Bes dei territori — ISTAT	https://www.istat.it/statistiche-per-temi/focus/benessere-e-sostenibilita/la-misurazione-del-benessere-bes/il-bes-dei-territori/	I comuni di Monza, Fermo, Andria, Barletta e Trani sono stati inclusi nella rilevazione a partire dal 2009, pertanto i dati 2004-2008 sono stimati · Dato regionale annuale; non costituisce una notizia del 2026.	ultimo dato osservato, non nuovo segnale PULSE
Servizi e qualità locale	Posti-km offerti dal Tpl	Friuli-Venezia Giulia	2023	4434	Valori per abitante	Bes dei territori — ISTAT	https://www.istat.it/statistiche-per-temi/focus/benessere-e-sostenibilita/la-misurazione-del-benessere-bes/il-bes-dei-territori/	I comuni di Monza, Fermo, Andria, Barletta e Trani sono stati inclusi nella rilevazione a partire dal 2009, pertanto i dati 2004-2008 sono stimati · Dato regionale annuale; non costituisce una notizia del 2026.	ultimo dato osservato, non nuovo segnale PULSE
Servizi e qualità locale	Posti-km offerti dal Tpl	Emilia-Romagna	2023	2764	Valori per abitante	Bes dei territori — ISTAT	https://www.istat.it/statistiche-per-temi/focus/benessere-e-sostenibilita/la-misurazione-del-benessere-bes/il-bes-dei-territori/	I comuni di Monza, Fermo, Andria, Barletta e Trani sono stati inclusi nella rilevazione a partire dal 2009, pertanto i dati 2004-2008 sono stimati · Dato regionale annuale; non costituisce una notizia del 2026.	ultimo dato osservato, non nuovo segnale PULSE
Servizi e qualità locale	Posti-km offerti dal Tpl	Toscana	2023	3156	Valori per abitante	Bes dei territori — ISTAT	https://www.istat.it/statistiche-per-temi/focus/benessere-e-sostenibilita/la-misurazione-del-benessere-bes/il-bes-dei-territori/	I comuni di Monza, Fermo, Andria, Barletta e Trani sono stati inclusi nella rilevazione a partire dal 2009, pertanto i dati 2004-2008 sono stimati · Dato regionale annuale; non costituisce una notizia del 2026.	ultimo dato osservato, non nuovo segnale PULSE
Servizi e qualità locale	Posti-km offerti dal Tpl	Umbria	2023	1856	Valori per abitante	Bes dei territori — ISTAT	https://www.istat.it/statistiche-per-temi/focus/benessere-e-sostenibilita/la-misurazione-del-benessere-bes/il-bes-dei-territori/	I comuni di Monza, Fermo, Andria, Barletta e Trani sono stati inclusi nella rilevazione a partire dal 2009, pertanto i dati 2004-2008 sono stimati · Dato regionale annuale; non costituisce una notizia del 2026.	ultimo dato osservato, non nuovo segnale PULSE
Servizi e qualità locale	Posti-km offerti dal Tpl	Marche	2023	2015	Valori per abitante	Bes dei territori — ISTAT	https://www.istat.it/statistiche-per-temi/focus/benessere-e-sostenibilita/la-misurazione-del-benessere-bes/il-bes-dei-territori/	I comuni di Monza, Fermo, Andria, Barletta e Trani sono stati inclusi nella rilevazione a partire dal 2009, pertanto i dati 2004-2008 sono stimati · Dato regionale annuale; non costituisce una notizia del 2026.	ultimo dato osservato, non nuovo segnale PULSE
Servizi e qualità locale	Posti-km offerti dal Tpl	Lazio	2023	6639	Valori per abitante	Bes dei territori — ISTAT	https://www.istat.it/statistiche-per-temi/focus/benessere-e-sostenibilita/la-misurazione-del-benessere-bes/il-bes-dei-territori/	I comuni di Monza, Fermo, Andria, Barletta e Trani sono stati inclusi nella rilevazione a partire dal 2009, pertanto i dati 2004-2008 sono stimati · Dato regionale annuale; non costituisce una notizia del 2026.	ultimo dato osservato, non nuovo segnale PULSE
Servizi e qualità locale	Posti-km offerti dal Tpl	Abruzzo	2023	2690	Valori per abitante	Bes dei territori — ISTAT	https://www.istat.it/statistiche-per-temi/focus/benessere-e-sostenibilita/la-misurazione-del-benessere-bes/il-bes-dei-territori/	I comuni di Monza, Fermo, Andria, Barletta e Trani sono stati inclusi nella rilevazione a partire dal 2009, pertanto i dati 2004-2008 sono stimati · Dato regionale annuale; non costituisce una notizia del 2026.	ultimo dato osservato, non nuovo segnale PULSE
Servizi e qualità locale	Posti-km offerti dal Tpl	Molise	2023	768	Valori per abitante	Bes dei territori — ISTAT	https://www.istat.it/statistiche-per-temi/focus/benessere-e-sostenibilita/la-misurazione-del-benessere-bes/il-bes-dei-territori/	I comuni di Monza, Fermo, Andria, Barletta e Trani sono stati inclusi nella rilevazione a partire dal 2009, pertanto i dati 2004-2008 sono stimati · Dato regionale annuale; non costituisce una notizia del 2026.	ultimo dato osservato, non nuovo segnale PULSE
Servizi e qualità locale	Posti-km offerti dal Tpl	Campania	2023	2142	Valori per abitante	Bes dei territori — ISTAT	https://www.istat.it/statistiche-per-temi/focus/benessere-e-sostenibilita/la-misurazione-del-benessere-bes/il-bes-dei-territori/	I comuni di Monza, Fermo, Andria, Barletta e Trani sono stati inclusi nella rilevazione a partire dal 2009, pertanto i dati 2004-2008 sono stimati · Dato regionale annuale; non costituisce una notizia del 2026.	ultimo dato osservato, non nuovo segnale PULSE
Servizi e qualità locale	Posti-km offerti dal Tpl	Puglia	2023	2160	Valori per abitante	Bes dei territori — ISTAT	https://www.istat.it/statistiche-per-temi/focus/benessere-e-sostenibilita/la-misurazione-del-benessere-bes/il-bes-dei-territori/	I comuni di Monza, Fermo, Andria, Barletta e Trani sono stati inclusi nella rilevazione a partire dal 2009, pertanto i dati 2004-2008 sono stimati · Dato regionale annuale; non costituisce una notizia del 2026.	ultimo dato osservato, non nuovo segnale PULSE
Servizi e qualità locale	Posti-km offerti dal Tpl	Basilicata	2023	1135	Valori per abitante	Bes dei territori — ISTAT	https://www.istat.it/statistiche-per-temi/focus/benessere-e-sostenibilita/la-misurazione-del-benessere-bes/il-bes-dei-territori/	I comuni di Monza, Fermo, Andria, Barletta e Trani sono stati inclusi nella rilevazione a partire dal 2009, pertanto i dati 2004-2008 sono stimati · Dato regionale annuale; non costituisce una notizia del 2026.	ultimo dato osservato, non nuovo segnale PULSE
Servizi e qualità locale	Posti-km offerti dal Tpl	Calabria	2023	2071	Valori per abitante	Bes dei territori — ISTAT	https://www.istat.it/statistiche-per-temi/focus/benessere-e-sostenibilita/la-misurazione-del-benessere-bes/il-bes-dei-territori/	I comuni di Monza, Fermo, Andria, Barletta e Trani sono stati inclusi nella rilevazione a partire dal 2009, pertanto i dati 2004-2008 sono stimati · Dato regionale annuale; non costituisce una notizia del 2026.	ultimo dato osservato, non nuovo segnale PULSE
Servizi e qualità locale	Posti-km offerti dal Tpl	Sicilia	2023	1704	Valori per abitante	Bes dei territori — ISTAT	https://www.istat.it/statistiche-per-temi/focus/benessere-e-sostenibilita/la-misurazione-del-benessere-bes/il-bes-dei-territori/	I comuni di Monza, Fermo, Andria, Barletta e Trani sono stati inclusi nella rilevazione a partire dal 2009, pertanto i dati 2004-2008 sono stimati · Dato regionale annuale; non costituisce una notizia del 2026.	ultimo dato osservato, non nuovo segnale PULSE
Servizi e qualità locale	Posti-km offerti dal Tpl	Sardegna	2023	3406	Valori per abitante	Bes dei territori — ISTAT	https://www.istat.it/statistiche-per-temi/focus/benessere-e-sostenibilita/la-misurazione-del-benessere-bes/il-bes-dei-territori/	I comuni di Monza, Fermo, Andria, Barletta e Trani sono stati inclusi nella rilevazione a partire dal 2009, pertanto i dati 2004-2008 sono stimati · Dato regionale annuale; non costituisce una notizia del 2026.	ultimo dato osservato, non nuovo segnale PULSE
Servizi e qualità locale	Copertura della rete fissa di accesso ultra veloce a internet	Piemonte	2024	71.6	Valori percentuali	Bes dei territori — ISTAT	https://www.istat.it/statistiche-per-temi/focus/benessere-e-sostenibilita/la-misurazione-del-benessere-bes/il-bes-dei-territori/	Per la Provincia autonoma di Bolzano il dato 2023 non è stato rilevato; per gli anni precedenti la rilevazione è stata parziale e si riferisce alla sola fibra posseduta dagli operatori di Comunicazione Elettronica e non comprende le infrastrutture delle società municipalizzate. · Dato regionale annuale; non costituisce una notizia del 2026.	ultimo dato osservato, non nuovo segnale PULSE
Servizi e qualità locale	Copertura della rete fissa di accesso ultra veloce a internet	Valle d'Aosta/Vallée d'Aoste	2024	56.8	Valori percentuali	Bes dei territori — ISTAT	https://www.istat.it/statistiche-per-temi/focus/benessere-e-sostenibilita/la-misurazione-del-benessere-bes/il-bes-dei-territori/	Per la Provincia autonoma di Bolzano il dato 2023 non è stato rilevato; per gli anni precedenti la rilevazione è stata parziale e si riferisce alla sola fibra posseduta dagli operatori di Comunicazione Elettronica e non comprende le infrastrutture delle società municipalizzate. · Dato regionale annuale; non costituisce una notizia del 2026.	ultimo dato osservato, non nuovo segnale PULSE
Servizi e qualità locale	Copertura della rete fissa di accesso ultra veloce a internet	Liguria	2024	66.9	Valori percentuali	Bes dei territori — ISTAT	https://www.istat.it/statistiche-per-temi/focus/benessere-e-sostenibilita/la-misurazione-del-benessere-bes/il-bes-dei-territori/	Per la Provincia autonoma di Bolzano il dato 2023 non è stato rilevato; per gli anni precedenti la rilevazione è stata parziale e si riferisce alla sola fibra posseduta dagli operatori di Comunicazione Elettronica e non comprende le infrastrutture delle società municipalizzate. · Dato regionale annuale; non costituisce una notizia del 2026.	ultimo dato osservato, non nuovo segnale PULSE
Servizi e qualità locale	Copertura della rete fissa di accesso ultra veloce a internet	Lombardia	2024	70.6	Valori percentuali	Bes dei territori — ISTAT	https://www.istat.it/statistiche-per-temi/focus/benessere-e-sostenibilita/la-misurazione-del-benessere-bes/il-bes-dei-territori/	Per la Provincia autonoma di Bolzano il dato 2023 non è stato rilevato; per gli anni precedenti la rilevazione è stata parziale e si riferisce alla sola fibra posseduta dagli operatori di Comunicazione Elettronica e non comprende le infrastrutture delle società municipalizzate. · Dato regionale annuale; non costituisce una notizia del 2026.	ultimo dato osservato, non nuovo segnale PULSE
Servizi e qualità locale	Copertura della rete fissa di accesso ultra veloce a internet	Trentino-Alto Adige/Südtirol	2024	83.4	Valori percentuali	Bes dei territori — ISTAT	https://www.istat.it/statistiche-per-temi/focus/benessere-e-sostenibilita/la-misurazione-del-benessere-bes/il-bes-dei-territori/	Per la Provincia autonoma di Bolzano il dato 2023 non è stato rilevato; per gli anni precedenti la rilevazione è stata parziale e si riferisce alla sola fibra posseduta dagli operatori di Comunicazione Elettronica e non comprende le infrastrutture delle società municipalizzate. · Dato regionale annuale; non costituisce una notizia del 2026.	ultimo dato osservato, non nuovo segnale PULSE
Servizi e qualità locale	Copertura della rete fissa di accesso ultra veloce a internet	Veneto	2024	64.9	Valori percentuali	Bes dei territori — ISTAT	https://www.istat.it/statistiche-per-temi/focus/benessere-e-sostenibilita/la-misurazione-del-benessere-bes/il-bes-dei-territori/	Per la Provincia autonoma di Bolzano il dato 2023 non è stato rilevato; per gli anni precedenti la rilevazione è stata parziale e si riferisce alla sola fibra posseduta dagli operatori di Comunicazione Elettronica e non comprende le infrastrutture delle società municipalizzate. · Dato regionale annuale; non costituisce una notizia del 2026.	ultimo dato osservato, non nuovo segnale PULSE
Servizi e qualità locale	Copertura della rete fissa di accesso ultra veloce a internet	Friuli-Venezia Giulia	2024	65	Valori percentuali	Bes dei territori — ISTAT	https://www.istat.it/statistiche-per-temi/focus/benessere-e-sostenibilita/la-misurazione-del-benessere-bes/il-bes-dei-territori/	Per la Provincia autonoma di Bolzano il dato 2023 non è stato rilevato; per gli anni precedenti la rilevazione è stata parziale e si riferisce alla sola fibra posseduta dagli operatori di Comunicazione Elettronica e non comprende le infrastrutture delle società municipalizzate. · Dato regionale annuale; non costituisce una notizia del 2026.	ultimo dato osservato, non nuovo segnale PULSE
Servizi e qualità locale	Copertura della rete fissa di accesso ultra veloce a internet	Emilia-Romagna	2024	69.7	Valori percentuali	Bes dei territori — ISTAT	https://www.istat.it/statistiche-per-temi/focus/benessere-e-sostenibilita/la-misurazione-del-benessere-bes/il-bes-dei-territori/	Per la Provincia autonoma di Bolzano il dato 2023 non è stato rilevato; per gli anni precedenti la rilevazione è stata parziale e si riferisce alla sola fibra posseduta dagli operatori di Comunicazione Elettronica e non comprende le infrastrutture delle società municipalizzate. · Dato regionale annuale; non costituisce una notizia del 2026.	ultimo dato osservato, non nuovo segnale PULSE
Servizi e qualità locale	Copertura della rete fissa di accesso ultra veloce a internet	Toscana	2024	62.2	Valori percentuali	Bes dei territori — ISTAT	https://www.istat.it/statistiche-per-temi/focus/benessere-e-sostenibilita/la-misurazione-del-benessere-bes/il-bes-dei-territori/	Per la Provincia autonoma di Bolzano il dato 2023 non è stato rilevato; per gli anni precedenti la rilevazione è stata parziale e si riferisce alla sola fibra posseduta dagli operatori di Comunicazione Elettronica e non comprende le infrastrutture delle società municipalizzate. · Dato regionale annuale; non costituisce una notizia del 2026.	ultimo dato osservato, non nuovo segnale PULSE
Servizi e qualità locale	Copertura della rete fissa di accesso ultra veloce a internet	Umbria	2024	68.2	Valori percentuali	Bes dei territori — ISTAT	https://www.istat.it/statistiche-per-temi/focus/benessere-e-sostenibilita/la-misurazione-del-benessere-bes/il-bes-dei-territori/	Per la Provincia autonoma di Bolzano il dato 2023 non è stato rilevato; per gli anni precedenti la rilevazione è stata parziale e si riferisce alla sola fibra posseduta dagli operatori di Comunicazione Elettronica e non comprende le infrastrutture delle società municipalizzate. · Dato regionale annuale; non costituisce una notizia del 2026.	ultimo dato osservato, non nuovo segnale PULSE
Servizi e qualità locale	Copertura della rete fissa di accesso ultra veloce a internet	Marche	2024	73	Valori percentuali	Bes dei territori — ISTAT	https://www.istat.it/statistiche-per-temi/focus/benessere-e-sostenibilita/la-misurazione-del-benessere-bes/il-bes-dei-territori/	Per la Provincia autonoma di Bolzano il dato 2023 non è stato rilevato; per gli anni precedenti la rilevazione è stata parziale e si riferisce alla sola fibra posseduta dagli operatori di Comunicazione Elettronica e non comprende le infrastrutture delle società municipalizzate. · Dato regionale annuale; non costituisce una notizia del 2026.	ultimo dato osservato, non nuovo segnale PULSE
Servizi e qualità locale	Copertura della rete fissa di accesso ultra veloce a internet	Lazio	2024	76.8	Valori percentuali	Bes dei territori — ISTAT	https://www.istat.it/statistiche-per-temi/focus/benessere-e-sostenibilita/la-misurazione-del-benessere-bes/il-bes-dei-territori/	Per la Provincia autonoma di Bolzano il dato 2023 non è stato rilevato; per gli anni precedenti la rilevazione è stata parziale e si riferisce alla sola fibra posseduta dagli operatori di Comunicazione Elettronica e non comprende le infrastrutture delle società municipalizzate. · Dato regionale annuale; non costituisce una notizia del 2026.	ultimo dato osservato, non nuovo segnale PULSE
Servizi e qualità locale	Copertura della rete fissa di accesso ultra veloce a internet	Abruzzo	2024	72.6	Valori percentuali	Bes dei territori — ISTAT	https://www.istat.it/statistiche-per-temi/focus/benessere-e-sostenibilita/la-misurazione-del-benessere-bes/il-bes-dei-territori/	Per la Provincia autonoma di Bolzano il dato 2023 non è stato rilevato; per gli anni precedenti la rilevazione è stata parziale e si riferisce alla sola fibra posseduta dagli operatori di Comunicazione Elettronica e non comprende le infrastrutture delle società municipalizzate. · Dato regionale annuale; non costituisce una notizia del 2026.	ultimo dato osservato, non nuovo segnale PULSE
Servizi e qualità locale	Copertura della rete fissa di accesso ultra veloce a internet	Molise	2024	85	Valori percentuali	Bes dei territori — ISTAT	https://www.istat.it/statistiche-per-temi/focus/benessere-e-sostenibilita/la-misurazione-del-benessere-bes/il-bes-dei-territori/	Per la Provincia autonoma di Bolzano il dato 2023 non è stato rilevato; per gli anni precedenti la rilevazione è stata parziale e si riferisce alla sola fibra posseduta dagli operatori di Comunicazione Elettronica e non comprende le infrastrutture delle società municipalizzate. · Dato regionale annuale; non costituisce una notizia del 2026.	ultimo dato osservato, non nuovo segnale PULSE
Servizi e qualità locale	Copertura della rete fissa di accesso ultra veloce a internet	Campania	2024	72.7	Valori percentuali	Bes dei territori — ISTAT	https://www.istat.it/statistiche-per-temi/focus/benessere-e-sostenibilita/la-misurazione-del-benessere-bes/il-bes-dei-territori/	Per la Provincia autonoma di Bolzano il dato 2023 non è stato rilevato; per gli anni precedenti la rilevazione è stata parziale e si riferisce alla sola fibra posseduta dagli operatori di Comunicazione Elettronica e non comprende le infrastrutture delle società municipalizzate. · Dato regionale annuale; non costituisce una notizia del 2026.	ultimo dato osservato, non nuovo segnale PULSE
Servizi e qualità locale	Copertura della rete fissa di accesso ultra veloce a internet	Puglia	2024	73	Valori percentuali	Bes dei territori — ISTAT	https://www.istat.it/statistiche-per-temi/focus/benessere-e-sostenibilita/la-misurazione-del-benessere-bes/il-bes-dei-territori/	Per la Provincia autonoma di Bolzano il dato 2023 non è stato rilevato; per gli anni precedenti la rilevazione è stata parziale e si riferisce alla sola fibra posseduta dagli operatori di Comunicazione Elettronica e non comprende le infrastrutture delle società municipalizzate. · Dato regionale annuale; non costituisce una notizia del 2026.	ultimo dato osservato, non nuovo segnale PULSE
Servizi e qualità locale	Copertura della rete fissa di accesso ultra veloce a internet	Basilicata	2024	70.4	Valori percentuali	Bes dei territori — ISTAT	https://www.istat.it/statistiche-per-temi/focus/benessere-e-sostenibilita/la-misurazione-del-benessere-bes/il-bes-dei-territori/	Per la Provincia autonoma di Bolzano il dato 2023 non è stato rilevato; per gli anni precedenti la rilevazione è stata parziale e si riferisce alla sola fibra posseduta dagli operatori di Comunicazione Elettronica e non comprende le infrastrutture delle società municipalizzate. · Dato regionale annuale; non costituisce una notizia del 2026.	ultimo dato osservato, non nuovo segnale PULSE
Servizi e qualità locale	Copertura della rete fissa di accesso ultra veloce a internet	Calabria	2024	60.6	Valori percentuali	Bes dei territori — ISTAT	https://www.istat.it/statistiche-per-temi/focus/benessere-e-sostenibilita/la-misurazione-del-benessere-bes/il-bes-dei-territori/	Per la Provincia autonoma di Bolzano il dato 2023 non è stato rilevato; per gli anni precedenti la rilevazione è stata parziale e si riferisce alla sola fibra posseduta dagli operatori di Comunicazione Elettronica e non comprende le infrastrutture delle società municipalizzate. · Dato regionale annuale; non costituisce una notizia del 2026.	ultimo dato osservato, non nuovo segnale PULSE
Servizi e qualità locale	Copertura della rete fissa di accesso ultra veloce a internet	Sicilia	2024	81	Valori percentuali	Bes dei territori — ISTAT	https://www.istat.it/statistiche-per-temi/focus/benessere-e-sostenibilita/la-misurazione-del-benessere-bes/il-bes-dei-territori/	Per la Provincia autonoma di Bolzano il dato 2023 non è stato rilevato; per gli anni precedenti la rilevazione è stata parziale e si riferisce alla sola fibra posseduta dagli operatori di Comunicazione Elettronica e non comprende le infrastrutture delle società municipalizzate. · Dato regionale annuale; non costituisce una notizia del 2026.	ultimo dato osservato, non nuovo segnale PULSE
Servizi e qualità locale	Copertura della rete fissa di accesso ultra veloce a internet	Sardegna	2024	58.7	Valori percentuali	Bes dei territori — ISTAT	https://www.istat.it/statistiche-per-temi/focus/benessere-e-sostenibilita/la-misurazione-del-benessere-bes/il-bes-dei-territori/	Per la Provincia autonoma di Bolzano il dato 2023 non è stato rilevato; per gli anni precedenti la rilevazione è stata parziale e si riferisce alla sola fibra posseduta dagli operatori di Comunicazione Elettronica e non comprende le infrastrutture delle società municipalizzate. · Dato regionale annuale; non costituisce una notizia del 2026.	ultimo dato osservato, non nuovo segnale PULSE
Servizi e qualità locale	Servizio di raccolta differenziata dei rifiuti urbani	Piemonte	2023	61	Valori percentuali	Bes dei territori — ISTAT	https://www.istat.it/statistiche-per-temi/focus/benessere-e-sostenibilita/la-misurazione-del-benessere-bes/il-bes-dei-territori/	nan · Dato regionale annuale; non costituisce una notizia del 2026.	ultimo dato osservato, non nuovo segnale PULSE
Servizi e qualità locale	Servizio di raccolta differenziata dei rifiuti urbani	Valle d'Aosta/Vallée d'Aoste	2023	80.6	Valori percentuali	Bes dei territori — ISTAT	https://www.istat.it/statistiche-per-temi/focus/benessere-e-sostenibilita/la-misurazione-del-benessere-bes/il-bes-dei-territori/	nan · Dato regionale annuale; non costituisce una notizia del 2026.	ultimo dato osservato, non nuovo segnale PULSE
Servizi e qualità locale	Servizio di raccolta differenziata dei rifiuti urbani	Liguria	2023	38.9	Valori percentuali	Bes dei territori — ISTAT	https://www.istat.it/statistiche-per-temi/focus/benessere-e-sostenibilita/la-misurazione-del-benessere-bes/il-bes-dei-territori/	nan · Dato regionale annuale; non costituisce una notizia del 2026.	ultimo dato osservato, non nuovo segnale PULSE
Servizi e qualità locale	Servizio di raccolta differenziata dei rifiuti urbani	Lombardia	2023	77.1	Valori percentuali	Bes dei territori — ISTAT	https://www.istat.it/statistiche-per-temi/focus/benessere-e-sostenibilita/la-misurazione-del-benessere-bes/il-bes-dei-territori/	nan · Dato regionale annuale; non costituisce una notizia del 2026.	ultimo dato osservato, non nuovo segnale PULSE
Servizi e qualità locale	Servizio di raccolta differenziata dei rifiuti urbani	Trentino-Alto Adige/Südtirol	2023	86.6	Valori percentuali	Bes dei territori — ISTAT	https://www.istat.it/statistiche-per-temi/focus/benessere-e-sostenibilita/la-misurazione-del-benessere-bes/il-bes-dei-territori/	nan · Dato regionale annuale; non costituisce una notizia del 2026.	ultimo dato osservato, non nuovo segnale PULSE
Servizi e qualità locale	Servizio di raccolta differenziata dei rifiuti urbani	Veneto	2023	83.6	Valori percentuali	Bes dei territori — ISTAT	https://www.istat.it/statistiche-per-temi/focus/benessere-e-sostenibilita/la-misurazione-del-benessere-bes/il-bes-dei-territori/	nan · Dato regionale annuale; non costituisce una notizia del 2026.	ultimo dato osservato, non nuovo segnale PULSE
Servizi e qualità locale	Servizio di raccolta differenziata dei rifiuti urbani	Friuli-Venezia Giulia	2023	75.8	Valori percentuali	Bes dei territori — ISTAT	https://www.istat.it/statistiche-per-temi/focus/benessere-e-sostenibilita/la-misurazione-del-benessere-bes/il-bes-dei-territori/	nan · Dato regionale annuale; non costituisce una notizia del 2026.	ultimo dato osservato, non nuovo segnale PULSE
Servizi e qualità locale	Servizio di raccolta differenziata dei rifiuti urbani	Emilia-Romagna	2023	90.3	Valori percentuali	Bes dei territori — ISTAT	https://www.istat.it/statistiche-per-temi/focus/benessere-e-sostenibilita/la-misurazione-del-benessere-bes/il-bes-dei-territori/	nan · Dato regionale annuale; non costituisce una notizia del 2026.	ultimo dato osservato, non nuovo segnale PULSE
Servizi e qualità locale	Servizio di raccolta differenziata dei rifiuti urbani	Toscana	2023	62.6	Valori percentuali	Bes dei territori — ISTAT	https://www.istat.it/statistiche-per-temi/focus/benessere-e-sostenibilita/la-misurazione-del-benessere-bes/il-bes-dei-territori/	nan · Dato regionale annuale; non costituisce una notizia del 2026.	ultimo dato osservato, non nuovo segnale PULSE
Servizi e qualità locale	Servizio di raccolta differenziata dei rifiuti urbani	Umbria	2023	78	Valori percentuali	Bes dei territori — ISTAT	https://www.istat.it/statistiche-per-temi/focus/benessere-e-sostenibilita/la-misurazione-del-benessere-bes/il-bes-dei-territori/	nan · Dato regionale annuale; non costituisce una notizia del 2026.	ultimo dato osservato, non nuovo segnale PULSE
Servizi e qualità locale	Servizio di raccolta differenziata dei rifiuti urbani	Marche	2023	90.7	Valori percentuali	Bes dei territori — ISTAT	https://www.istat.it/statistiche-per-temi/focus/benessere-e-sostenibilita/la-misurazione-del-benessere-bes/il-bes-dei-territori/	nan · Dato regionale annuale; non costituisce una notizia del 2026.	ultimo dato osservato, non nuovo segnale PULSE
Servizi e qualità locale	Servizio di raccolta differenziata dei rifiuti urbani	Lazio	2023	32.3	Valori percentuali	Bes dei territori — ISTAT	https://www.istat.it/statistiche-per-temi/focus/benessere-e-sostenibilita/la-misurazione-del-benessere-bes/il-bes-dei-territori/	nan · Dato regionale annuale; non costituisce una notizia del 2026.	ultimo dato osservato, non nuovo segnale PULSE
Servizi e qualità locale	Servizio di raccolta differenziata dei rifiuti urbani	Abruzzo	2023	64.7	Valori percentuali	Bes dei territori — ISTAT	https://www.istat.it/statistiche-per-temi/focus/benessere-e-sostenibilita/la-misurazione-del-benessere-bes/il-bes-dei-territori/	nan · Dato regionale annuale; non costituisce una notizia del 2026.	ultimo dato osservato, non nuovo segnale PULSE
Servizi e qualità locale	Servizio di raccolta differenziata dei rifiuti urbani	Molise	2023	44.7	Valori percentuali	Bes dei territori — ISTAT	https://www.istat.it/statistiche-per-temi/focus/benessere-e-sostenibilita/la-misurazione-del-benessere-bes/il-bes-dei-territori/	nan · Dato regionale annuale; non costituisce una notizia del 2026.	ultimo dato osservato, non nuovo segnale PULSE
Servizi e qualità locale	Servizio di raccolta differenziata dei rifiuti urbani	Campania	2023	34.8	Valori percentuali	Bes dei territori — ISTAT	https://www.istat.it/statistiche-per-temi/focus/benessere-e-sostenibilita/la-misurazione-del-benessere-bes/il-bes-dei-territori/	nan · Dato regionale annuale; non costituisce una notizia del 2026.	ultimo dato osservato, non nuovo segnale PULSE
Servizi e qualità locale	Servizio di raccolta differenziata dei rifiuti urbani	Puglia	2023	57.5	Valori percentuali	Bes dei territori — ISTAT	https://www.istat.it/statistiche-per-temi/focus/benessere-e-sostenibilita/la-misurazione-del-benessere-bes/il-bes-dei-territori/	nan · Dato regionale annuale; non costituisce una notizia del 2026.	ultimo dato osservato, non nuovo segnale PULSE
Servizi e qualità locale	Servizio di raccolta differenziata dei rifiuti urbani	Basilicata	2023	58.7	Valori percentuali	Bes dei territori — ISTAT	https://www.istat.it/statistiche-per-temi/focus/benessere-e-sostenibilita/la-misurazione-del-benessere-bes/il-bes-dei-territori/	nan · Dato regionale annuale; non costituisce una notizia del 2026.	ultimo dato osservato, non nuovo segnale PULSE
Servizi e qualità locale	Servizio di raccolta differenziata dei rifiuti urbani	Calabria	2023	38.2	Valori percentuali	Bes dei territori — ISTAT	https://www.istat.it/statistiche-per-temi/focus/benessere-e-sostenibilita/la-misurazione-del-benessere-bes/il-bes-dei-territori/	nan · Dato regionale annuale; non costituisce una notizia del 2026.	ultimo dato osservato, non nuovo segnale PULSE
Servizi e qualità locale	Servizio di raccolta differenziata dei rifiuti urbani	Sicilia	2023	51.1	Valori percentuali	Bes dei territori — ISTAT	https://www.istat.it/statistiche-per-temi/focus/benessere-e-sostenibilita/la-misurazione-del-benessere-bes/il-bes-dei-territori/	nan · Dato regionale annuale; non costituisce una notizia del 2026.	ultimo dato osservato, non nuovo segnale PULSE
Servizi e qualità locale	Servizio di raccolta differenziata dei rifiuti urbani	Sardegna	2023	91.8	Valori percentuali	Bes dei territori — ISTAT	https://www.istat.it/statistiche-per-temi/focus/benessere-e-sostenibilita/la-misurazione-del-benessere-bes/il-bes-dei-territori/	nan · Dato regionale annuale; non costituisce una notizia del 2026.	ultimo dato osservato, non nuovo segnale PULSE
Servizi e qualità locale	Posti letto per specialità ad elevata assistenza	Piemonte	2022	3	Per 10.000 abitanti	Bes dei territori — ISTAT	https://www.istat.it/statistiche-per-temi/focus/benessere-e-sostenibilita/la-misurazione-del-benessere-bes/il-bes-dei-territori/	nan · Dato regionale annuale; non costituisce una notizia del 2026.	ultimo dato osservato, non nuovo segnale PULSE
Servizi e qualità locale	Posti letto per specialità ad elevata assistenza	Valle d'Aosta/Vallée d'Aoste	2022	3.2	Per 10.000 abitanti	Bes dei territori — ISTAT	https://www.istat.it/statistiche-per-temi/focus/benessere-e-sostenibilita/la-misurazione-del-benessere-bes/il-bes-dei-territori/	nan · Dato regionale annuale; non costituisce una notizia del 2026.	ultimo dato osservato, non nuovo segnale PULSE
Servizi e qualità locale	Posti letto per specialità ad elevata assistenza	Liguria	2022	4.2	Per 10.000 abitanti	Bes dei territori — ISTAT	https://www.istat.it/statistiche-per-temi/focus/benessere-e-sostenibilita/la-misurazione-del-benessere-bes/il-bes-dei-territori/	nan · Dato regionale annuale; non costituisce una notizia del 2026.	ultimo dato osservato, non nuovo segnale PULSE
Servizi e qualità locale	Posti letto per specialità ad elevata assistenza	Lombardia	2022	3.8	Per 10.000 abitanti	Bes dei territori — ISTAT	https://www.istat.it/statistiche-per-temi/focus/benessere-e-sostenibilita/la-misurazione-del-benessere-bes/il-bes-dei-territori/	nan · Dato regionale annuale; non costituisce una notizia del 2026.	ultimo dato osservato, non nuovo segnale PULSE
Servizi e qualità locale	Posti letto per specialità ad elevata assistenza	Trentino-Alto Adige/Südtirol	2022	2.7	Per 10.000 abitanti	Bes dei territori — ISTAT	https://www.istat.it/statistiche-per-temi/focus/benessere-e-sostenibilita/la-misurazione-del-benessere-bes/il-bes-dei-territori/	nan · Dato regionale annuale; non costituisce una notizia del 2026.	ultimo dato osservato, non nuovo segnale PULSE
Servizi e qualità locale	Posti letto per specialità ad elevata assistenza	Veneto	2022	4	Per 10.000 abitanti	Bes dei territori — ISTAT	https://www.istat.it/statistiche-per-temi/focus/benessere-e-sostenibilita/la-misurazione-del-benessere-bes/il-bes-dei-territori/	nan · Dato regionale annuale; non costituisce una notizia del 2026.	ultimo dato osservato, non nuovo segnale PULSE
Servizi e qualità locale	Posti letto per specialità ad elevata assistenza	Friuli-Venezia Giulia	2022	2.6	Per 10.000 abitanti	Bes dei territori — ISTAT	https://www.istat.it/statistiche-per-temi/focus/benessere-e-sostenibilita/la-misurazione-del-benessere-bes/il-bes-dei-territori/	nan · Dato regionale annuale; non costituisce una notizia del 2026.	ultimo dato osservato, non nuovo segnale PULSE
Servizi e qualità locale	Posti letto per specialità ad elevata assistenza	Emilia-Romagna	2022	3.5	Per 10.000 abitanti	Bes dei territori — ISTAT	https://www.istat.it/statistiche-per-temi/focus/benessere-e-sostenibilita/la-misurazione-del-benessere-bes/il-bes-dei-territori/	nan · Dato regionale annuale; non costituisce una notizia del 2026.	ultimo dato osservato, non nuovo segnale PULSE
Servizi e qualità locale	Posti letto per specialità ad elevata assistenza	Toscana	2022	3	Per 10.000 abitanti	Bes dei territori — ISTAT	https://www.istat.it/statistiche-per-temi/focus/benessere-e-sostenibilita/la-misurazione-del-benessere-bes/il-bes-dei-territori/	nan · Dato regionale annuale; non costituisce una notizia del 2026.	ultimo dato osservato, non nuovo segnale PULSE
Servizi e qualità locale	Posti letto per specialità ad elevata assistenza	Umbria	2022	2.2	Per 10.000 abitanti	Bes dei territori — ISTAT	https://www.istat.it/statistiche-per-temi/focus/benessere-e-sostenibilita/la-misurazione-del-benessere-bes/il-bes-dei-territori/	nan · Dato regionale annuale; non costituisce una notizia del 2026.	ultimo dato osservato, non nuovo segnale PULSE
Servizi e qualità locale	Posti letto per specialità ad elevata assistenza	Marche	2022	2.5	Per 10.000 abitanti	Bes dei territori — ISTAT	https://www.istat.it/statistiche-per-temi/focus/benessere-e-sostenibilita/la-misurazione-del-benessere-bes/il-bes-dei-territori/	nan · Dato regionale annuale; non costituisce una notizia del 2026.	ultimo dato osservato, non nuovo segnale PULSE
Servizi e qualità locale	Posti letto per specialità ad elevata assistenza	Lazio	2022	2.9	Per 10.000 abitanti	Bes dei territori — ISTAT	https://www.istat.it/statistiche-per-temi/focus/benessere-e-sostenibilita/la-misurazione-del-benessere-bes/il-bes-dei-territori/	nan · Dato regionale annuale; non costituisce una notizia del 2026.	ultimo dato osservato, non nuovo segnale PULSE
Servizi e qualità locale	Posti letto per specialità ad elevata assistenza	Abruzzo	2022	3.2	Per 10.000 abitanti	Bes dei territori — ISTAT	https://www.istat.it/statistiche-per-temi/focus/benessere-e-sostenibilita/la-misurazione-del-benessere-bes/il-bes-dei-territori/	nan · Dato regionale annuale; non costituisce una notizia del 2026.	ultimo dato osservato, non nuovo segnale PULSE
Servizi e qualità locale	Posti letto per specialità ad elevata assistenza	Molise	2022	4	Per 10.000 abitanti	Bes dei territori — ISTAT	https://www.istat.it/statistiche-per-temi/focus/benessere-e-sostenibilita/la-misurazione-del-benessere-bes/il-bes-dei-territori/	nan · Dato regionale annuale; non costituisce una notizia del 2026.	ultimo dato osservato, non nuovo segnale PULSE
Servizi e qualità locale	Posti letto per specialità ad elevata assistenza	Campania	2022	2.5	Per 10.000 abitanti	Bes dei territori — ISTAT	https://www.istat.it/statistiche-per-temi/focus/benessere-e-sostenibilita/la-misurazione-del-benessere-bes/il-bes-dei-territori/	nan · Dato regionale annuale; non costituisce una notizia del 2026.	ultimo dato osservato, non nuovo segnale PULSE
Servizi e qualità locale	Posti letto per specialità ad elevata assistenza	Puglia	2022	3.4	Per 10.000 abitanti	Bes dei territori — ISTAT	https://www.istat.it/statistiche-per-temi/focus/benessere-e-sostenibilita/la-misurazione-del-benessere-bes/il-bes-dei-territori/	nan · Dato regionale annuale; non costituisce una notizia del 2026.	ultimo dato osservato, non nuovo segnale PULSE
Servizi e qualità locale	Posti letto per specialità ad elevata assistenza	Basilicata	2022	2.9	Per 10.000 abitanti	Bes dei territori — ISTAT	https://www.istat.it/statistiche-per-temi/focus/benessere-e-sostenibilita/la-misurazione-del-benessere-bes/il-bes-dei-territori/	nan · Dato regionale annuale; non costituisce una notizia del 2026.	ultimo dato osservato, non nuovo segnale PULSE
Servizi e qualità locale	Posti letto per specialità ad elevata assistenza	Calabria	2022	2.7	Per 10.000 abitanti	Bes dei territori — ISTAT	https://www.istat.it/statistiche-per-temi/focus/benessere-e-sostenibilita/la-misurazione-del-benessere-bes/il-bes-dei-territori/	nan · Dato regionale annuale; non costituisce una notizia del 2026.	ultimo dato osservato, non nuovo segnale PULSE
Servizi e qualità locale	Posti letto per specialità ad elevata assistenza	Sicilia	2022	3.4	Per 10.000 abitanti	Bes dei territori — ISTAT	https://www.istat.it/statistiche-per-temi/focus/benessere-e-sostenibilita/la-misurazione-del-benessere-bes/il-bes-dei-territori/	nan · Dato regionale annuale; non costituisce una notizia del 2026.	ultimo dato osservato, non nuovo segnale PULSE
Servizi e qualità locale	Posti letto per specialità ad elevata assistenza	Sardegna	2022	2.4	Per 10.000 abitanti	Bes dei territori — ISTAT	https://www.istat.it/statistiche-per-temi/focus/benessere-e-sostenibilita/la-misurazione-del-benessere-bes/il-bes-dei-territori/	nan · Dato regionale annuale; non costituisce una notizia del 2026.	ultimo dato osservato, non nuovo segnale PULSE
Servizi e qualità locale	Emigrazione ospedaliera in altra regione	Piemonte	2023	6.7	Valori percentuali	Bes dei territori — ISTAT	https://www.istat.it/statistiche-per-temi/focus/benessere-e-sostenibilita/la-misurazione-del-benessere-bes/il-bes-dei-territori/	nan · Dato regionale annuale; non costituisce una notizia del 2026.	ultimo dato osservato, non nuovo segnale PULSE
Servizi e qualità locale	Emigrazione ospedaliera in altra regione	Valle d'Aosta/Vallée d'Aoste	2023	18.6	Valori percentuali	Bes dei territori — ISTAT	https://www.istat.it/statistiche-per-temi/focus/benessere-e-sostenibilita/la-misurazione-del-benessere-bes/il-bes-dei-territori/	nan · Dato regionale annuale; non costituisce una notizia del 2026.	ultimo dato osservato, non nuovo segnale PULSE
Servizi e qualità locale	Emigrazione ospedaliera in altra regione	Liguria	2023	15.3	Valori percentuali	Bes dei territori — ISTAT	https://www.istat.it/statistiche-per-temi/focus/benessere-e-sostenibilita/la-misurazione-del-benessere-bes/il-bes-dei-territori/	nan · Dato regionale annuale; non costituisce una notizia del 2026.	ultimo dato osservato, non nuovo segnale PULSE
Servizi e qualità locale	Emigrazione ospedaliera in altra regione	Lombardia	2023	5.1	Valori percentuali	Bes dei territori — ISTAT	https://www.istat.it/statistiche-per-temi/focus/benessere-e-sostenibilita/la-misurazione-del-benessere-bes/il-bes-dei-territori/	nan · Dato regionale annuale; non costituisce una notizia del 2026.	ultimo dato osservato, non nuovo segnale PULSE
Servizi e qualità locale	Emigrazione ospedaliera in altra regione	Trentino-Alto Adige/Südtirol	2023	9.8	Valori percentuali	Bes dei territori — ISTAT	https://www.istat.it/statistiche-per-temi/focus/benessere-e-sostenibilita/la-misurazione-del-benessere-bes/il-bes-dei-territori/	nan · Dato regionale annuale; non costituisce una notizia del 2026.	ultimo dato osservato, non nuovo segnale PULSE
Servizi e qualità locale	Emigrazione ospedaliera in altra regione	Veneto	2023	6.4	Valori percentuali	Bes dei territori — ISTAT	https://www.istat.it/statistiche-per-temi/focus/benessere-e-sostenibilita/la-misurazione-del-benessere-bes/il-bes-dei-territori/	nan · Dato regionale annuale; non costituisce una notizia del 2026.	ultimo dato osservato, non nuovo segnale PULSE
Servizi e qualità locale	Emigrazione ospedaliera in altra regione	Friuli-Venezia Giulia	2023	7.7	Valori percentuali	Bes dei territori — ISTAT	https://www.istat.it/statistiche-per-temi/focus/benessere-e-sostenibilita/la-misurazione-del-benessere-bes/il-bes-dei-territori/	nan · Dato regionale annuale; non costituisce una notizia del 2026.	ultimo dato osservato, non nuovo segnale PULSE
Servizi e qualità locale	Emigrazione ospedaliera in altra regione	Emilia-Romagna	2023	5.7	Valori percentuali	Bes dei territori — ISTAT	https://www.istat.it/statistiche-per-temi/focus/benessere-e-sostenibilita/la-misurazione-del-benessere-bes/il-bes-dei-territori/	nan · Dato regionale annuale; non costituisce una notizia del 2026.	ultimo dato osservato, non nuovo segnale PULSE
Servizi e qualità locale	Emigrazione ospedaliera in altra regione	Toscana	2023	6.8	Valori percentuali	Bes dei territori — ISTAT	https://www.istat.it/statistiche-per-temi/focus/benessere-e-sostenibilita/la-misurazione-del-benessere-bes/il-bes-dei-territori/	nan · Dato regionale annuale; non costituisce una notizia del 2026.	ultimo dato osservato, non nuovo segnale PULSE
Servizi e qualità locale	Emigrazione ospedaliera in altra regione	Umbria	2023	14	Valori percentuali	Bes dei territori — ISTAT	https://www.istat.it/statistiche-per-temi/focus/benessere-e-sostenibilita/la-misurazione-del-benessere-bes/il-bes-dei-territori/	nan · Dato regionale annuale; non costituisce una notizia del 2026.	ultimo dato osservato, non nuovo segnale PULSE
Servizi e qualità locale	Emigrazione ospedaliera in altra regione	Marche	2023	13.4	Valori percentuali	Bes dei territori — ISTAT	https://www.istat.it/statistiche-per-temi/focus/benessere-e-sostenibilita/la-misurazione-del-benessere-bes/il-bes-dei-territori/	nan · Dato regionale annuale; non costituisce una notizia del 2026.	ultimo dato osservato, non nuovo segnale PULSE
Servizi e qualità locale	Emigrazione ospedaliera in altra regione	Lazio	2023	7.4	Valori percentuali	Bes dei territori — ISTAT	https://www.istat.it/statistiche-per-temi/focus/benessere-e-sostenibilita/la-misurazione-del-benessere-bes/il-bes-dei-territori/	nan · Dato regionale annuale; non costituisce una notizia del 2026.	ultimo dato osservato, non nuovo segnale PULSE
Servizi e qualità locale	Emigrazione ospedaliera in altra regione	Abruzzo	2023	16.3	Valori percentuali	Bes dei territori — ISTAT	https://www.istat.it/statistiche-per-temi/focus/benessere-e-sostenibilita/la-misurazione-del-benessere-bes/il-bes-dei-territori/	nan · Dato regionale annuale; non costituisce una notizia del 2026.	ultimo dato osservato, non nuovo segnale PULSE
Servizi e qualità locale	Emigrazione ospedaliera in altra regione	Molise	2023	32.6	Valori percentuali	Bes dei territori — ISTAT	https://www.istat.it/statistiche-per-temi/focus/benessere-e-sostenibilita/la-misurazione-del-benessere-bes/il-bes-dei-territori/	nan · Dato regionale annuale; non costituisce una notizia del 2026.	ultimo dato osservato, non nuovo segnale PULSE
Servizi e qualità locale	Emigrazione ospedaliera in altra regione	Campania	2023	9.8	Valori percentuali	Bes dei territori — ISTAT	https://www.istat.it/statistiche-per-temi/focus/benessere-e-sostenibilita/la-misurazione-del-benessere-bes/il-bes-dei-territori/	nan · Dato regionale annuale; non costituisce una notizia del 2026.	ultimo dato osservato, non nuovo segnale PULSE
Servizi e qualità locale	Emigrazione ospedaliera in altra regione	Puglia	2023	9.2	Valori percentuali	Bes dei territori — ISTAT	https://www.istat.it/statistiche-per-temi/focus/benessere-e-sostenibilita/la-misurazione-del-benessere-bes/il-bes-dei-territori/	nan · Dato regionale annuale; non costituisce una notizia del 2026.	ultimo dato osservato, non nuovo segnale PULSE
Servizi e qualità locale	Emigrazione ospedaliera in altra regione	Basilicata	2023	29.7	Valori percentuali	Bes dei territori — ISTAT	https://www.istat.it/statistiche-per-temi/focus/benessere-e-sostenibilita/la-misurazione-del-benessere-bes/il-bes-dei-territori/	nan · Dato regionale annuale; non costituisce una notizia del 2026.	ultimo dato osservato, non nuovo segnale PULSE
Servizi e qualità locale	Emigrazione ospedaliera in altra regione	Calabria	2023	21.8	Valori percentuali	Bes dei territori — ISTAT	https://www.istat.it/statistiche-per-temi/focus/benessere-e-sostenibilita/la-misurazione-del-benessere-bes/il-bes-dei-territori/	nan · Dato regionale annuale; non costituisce una notizia del 2026.	ultimo dato osservato, non nuovo segnale PULSE
Servizi e qualità locale	Emigrazione ospedaliera in altra regione	Sicilia	2023	7	Valori percentuali	Bes dei territori — ISTAT	https://www.istat.it/statistiche-per-temi/focus/benessere-e-sostenibilita/la-misurazione-del-benessere-bes/il-bes-dei-territori/	nan · Dato regionale annuale; non costituisce una notizia del 2026.	ultimo dato osservato, non nuovo segnale PULSE
Servizi e qualità locale	Emigrazione ospedaliera in altra regione	Sardegna	2023	7.1	Valori percentuali	Bes dei territori — ISTAT	https://www.istat.it/statistiche-per-temi/focus/benessere-e-sostenibilita/la-misurazione-del-benessere-bes/il-bes-dei-territori/	nan · Dato regionale annuale; non costituisce una notizia del 2026.	ultimo dato osservato, non nuovo segnale PULSE
Servizi e qualità locale	Medici specialisti	Piemonte	2023	30.6	Per 10.000 abitanti	Bes dei territori — ISTAT	https://www.istat.it/statistiche-per-temi/focus/benessere-e-sostenibilita/la-misurazione-del-benessere-bes/il-bes-dei-territori/	I dati del 2023 sono calcolati con riferimento alla popolazione residente al 1 gennaio anziché con la media annua · Dato regionale annuale; non costituisce una notizia del 2026.	ultimo dato osservato, non nuovo segnale PULSE
Servizi e qualità locale	Medici specialisti	Valle d'Aosta/Vallée d'Aoste	2023	29.4	Per 10.000 abitanti	Bes dei territori — ISTAT	https://www.istat.it/statistiche-per-temi/focus/benessere-e-sostenibilita/la-misurazione-del-benessere-bes/il-bes-dei-territori/	I dati del 2023 sono calcolati con riferimento alla popolazione residente al 1 gennaio anziché con la media annua · Dato regionale annuale; non costituisce una notizia del 2026.	ultimo dato osservato, non nuovo segnale PULSE
Servizi e qualità locale	Medici specialisti	Liguria	2023	39.8	Per 10.000 abitanti	Bes dei territori — ISTAT	https://www.istat.it/statistiche-per-temi/focus/benessere-e-sostenibilita/la-misurazione-del-benessere-bes/il-bes-dei-territori/	I dati del 2023 sono calcolati con riferimento alla popolazione residente al 1 gennaio anziché con la media annua · Dato regionale annuale; non costituisce una notizia del 2026.	ultimo dato osservato, non nuovo segnale PULSE
Servizi e qualità locale	Medici specialisti	Lombardia	2023	32.7	Per 10.000 abitanti	Bes dei territori — ISTAT	https://www.istat.it/statistiche-per-temi/focus/benessere-e-sostenibilita/la-misurazione-del-benessere-bes/il-bes-dei-territori/	I dati del 2023 sono calcolati con riferimento alla popolazione residente al 1 gennaio anziché con la media annua · Dato regionale annuale; non costituisce una notizia del 2026.	ultimo dato osservato, non nuovo segnale PULSE
Servizi e qualità locale	Medici specialisti	Trentino-Alto Adige/Südtirol	2023	27.6	Per 10.000 abitanti	Bes dei territori — ISTAT	https://www.istat.it/statistiche-per-temi/focus/benessere-e-sostenibilita/la-misurazione-del-benessere-bes/il-bes-dei-territori/	I dati del 2023 sono calcolati con riferimento alla popolazione residente al 1 gennaio anziché con la media annua · Dato regionale annuale; non costituisce una notizia del 2026.	ultimo dato osservato, non nuovo segnale PULSE
Servizi e qualità locale	Medici specialisti	Veneto	2023	29.6	Per 10.000 abitanti	Bes dei territori — ISTAT	https://www.istat.it/statistiche-per-temi/focus/benessere-e-sostenibilita/la-misurazione-del-benessere-bes/il-bes-dei-territori/	I dati del 2023 sono calcolati con riferimento alla popolazione residente al 1 gennaio anziché con la media annua · Dato regionale annuale; non costituisce una notizia del 2026.	ultimo dato osservato, non nuovo segnale PULSE
Servizi e qualità locale	Medici specialisti	Friuli-Venezia Giulia	2023	34.2	Per 10.000 abitanti	Bes dei territori — ISTAT	https://www.istat.it/statistiche-per-temi/focus/benessere-e-sostenibilita/la-misurazione-del-benessere-bes/il-bes-dei-territori/	I dati del 2023 sono calcolati con riferimento alla popolazione residente al 1 gennaio anziché con la media annua · Dato regionale annuale; non costituisce una notizia del 2026.	ultimo dato osservato, non nuovo segnale PULSE
Servizi e qualità locale	Medici specialisti	Emilia-Romagna	2023	37.3	Per 10.000 abitanti	Bes dei territori — ISTAT	https://www.istat.it/statistiche-per-temi/focus/benessere-e-sostenibilita/la-misurazione-del-benessere-bes/il-bes-dei-territori/	I dati del 2023 sono calcolati con riferimento alla popolazione residente al 1 gennaio anziché con la media annua · Dato regionale annuale; non costituisce una notizia del 2026.	ultimo dato osservato, non nuovo segnale PULSE
Servizi e qualità locale	Medici specialisti	Toscana	2023	37.8	Per 10.000 abitanti	Bes dei territori — ISTAT	https://www.istat.it/statistiche-per-temi/focus/benessere-e-sostenibilita/la-misurazione-del-benessere-bes/il-bes-dei-territori/	I dati del 2023 sono calcolati con riferimento alla popolazione residente al 1 gennaio anziché con la media annua · Dato regionale annuale; non costituisce una notizia del 2026.	ultimo dato osservato, non nuovo segnale PULSE
Servizi e qualità locale	Medici specialisti	Umbria	2023	36.8	Per 10.000 abitanti	Bes dei territori — ISTAT	https://www.istat.it/statistiche-per-temi/focus/benessere-e-sostenibilita/la-misurazione-del-benessere-bes/il-bes-dei-territori/	I dati del 2023 sono calcolati con riferimento alla popolazione residente al 1 gennaio anziché con la media annua · Dato regionale annuale; non costituisce una notizia del 2026.	ultimo dato osservato, non nuovo segnale PULSE
Servizi e qualità locale	Medici specialisti	Marche	2023	31.1	Per 10.000 abitanti	Bes dei territori — ISTAT	https://www.istat.it/statistiche-per-temi/focus/benessere-e-sostenibilita/la-misurazione-del-benessere-bes/il-bes-dei-territori/	I dati del 2023 sono calcolati con riferimento alla popolazione residente al 1 gennaio anziché con la media annua · Dato regionale annuale; non costituisce una notizia del 2026.	ultimo dato osservato, non nuovo segnale PULSE
Servizi e qualità locale	Medici specialisti	Lazio	2023	42.1	Per 10.000 abitanti	Bes dei territori — ISTAT	https://www.istat.it/statistiche-per-temi/focus/benessere-e-sostenibilita/la-misurazione-del-benessere-bes/il-bes-dei-territori/	I dati del 2023 sono calcolati con riferimento alla popolazione residente al 1 gennaio anziché con la media annua · Dato regionale annuale; non costituisce una notizia del 2026.	ultimo dato osservato, non nuovo segnale PULSE
Servizi e qualità locale	Medici specialisti	Abruzzo	2023	35	Per 10.000 abitanti	Bes dei territori — ISTAT	https://www.istat.it/statistiche-per-temi/focus/benessere-e-sostenibilita/la-misurazione-del-benessere-bes/il-bes-dei-territori/	I dati del 2023 sono calcolati con riferimento alla popolazione residente al 1 gennaio anziché con la media annua · Dato regionale annuale; non costituisce una notizia del 2026.	ultimo dato osservato, non nuovo segnale PULSE
Servizi e qualità locale	Medici specialisti	Molise	2023	29.6	Per 10.000 abitanti	Bes dei territori — ISTAT	https://www.istat.it/statistiche-per-temi/focus/benessere-e-sostenibilita/la-misurazione-del-benessere-bes/il-bes-dei-territori/	I dati del 2023 sono calcolati con riferimento alla popolazione residente al 1 gennaio anziché con la media annua · Dato regionale annuale; non costituisce una notizia del 2026.	ultimo dato osservato, non nuovo segnale PULSE
Servizi e qualità locale	Medici specialisti	Campania	2023	31.8	Per 10.000 abitanti	Bes dei territori — ISTAT	https://www.istat.it/statistiche-per-temi/focus/benessere-e-sostenibilita/la-misurazione-del-benessere-bes/il-bes-dei-territori/	I dati del 2023 sono calcolati con riferimento alla popolazione residente al 1 gennaio anziché con la media annua · Dato regionale annuale; non costituisce una notizia del 2026.	ultimo dato osservato, non nuovo segnale PULSE
Servizi e qualità locale	Medici specialisti	Puglia	2023	30.6	Per 10.000 abitanti	Bes dei territori — ISTAT	https://www.istat.it/statistiche-per-temi/focus/benessere-e-sostenibilita/la-misurazione-del-benessere-bes/il-bes-dei-territori/	I dati del 2023 sono calcolati con riferimento alla popolazione residente al 1 gennaio anziché con la media annua · Dato regionale annuale; non costituisce una notizia del 2026.	ultimo dato osservato, non nuovo segnale PULSE
Servizi e qualità locale	Medici specialisti	Basilicata	2023	24.5	Per 10.000 abitanti	Bes dei territori — ISTAT	https://www.istat.it/statistiche-per-temi/focus/benessere-e-sostenibilita/la-misurazione-del-benessere-bes/il-bes-dei-territori/	I dati del 2023 sono calcolati con riferimento alla popolazione residente al 1 gennaio anziché con la media annua · Dato regionale annuale; non costituisce una notizia del 2026.	ultimo dato osservato, non nuovo segnale PULSE
Servizi e qualità locale	Medici specialisti	Calabria	2023	29.8	Per 10.000 abitanti	Bes dei territori — ISTAT	https://www.istat.it/statistiche-per-temi/focus/benessere-e-sostenibilita/la-misurazione-del-benessere-bes/il-bes-dei-territori/	I dati del 2023 sono calcolati con riferimento alla popolazione residente al 1 gennaio anziché con la media annua · Dato regionale annuale; non costituisce una notizia del 2026.	ultimo dato osservato, non nuovo segnale PULSE
Servizi e qualità locale	Medici specialisti	Sicilia	2023	35.7	Per 10.000 abitanti	Bes dei territori — ISTAT	https://www.istat.it/statistiche-per-temi/focus/benessere-e-sostenibilita/la-misurazione-del-benessere-bes/il-bes-dei-territori/	I dati del 2023 sono calcolati con riferimento alla popolazione residente al 1 gennaio anziché con la media annua · Dato regionale annuale; non costituisce una notizia del 2026.	ultimo dato osservato, non nuovo segnale PULSE
Servizi e qualità locale	Medici specialisti	Sardegna	2023	40.4	Per 10.000 abitanti	Bes dei territori — ISTAT	https://www.istat.it/statistiche-per-temi/focus/benessere-e-sostenibilita/la-misurazione-del-benessere-bes/il-bes-dei-territori/	I dati del 2023 sono calcolati con riferimento alla popolazione residente al 1 gennaio anziché con la media annua · Dato regionale annuale; non costituisce una notizia del 2026.	ultimo dato osservato, non nuovo segnale PULSE
Servizi e qualità locale	Posti letto negli ospedali	Piemonte	2022	36.7	Per 10.000 abitanti	Bes dei territori — ISTAT	https://www.istat.it/statistiche-per-temi/focus/benessere-e-sostenibilita/la-misurazione-del-benessere-bes/il-bes-dei-territori/	nan · Dato regionale annuale; non costituisce una notizia del 2026.	ultimo dato osservato, non nuovo segnale PULSE
Servizi e qualità locale	Posti letto negli ospedali	Valle d'Aosta/Vallée d'Aoste	2022	34.6	Per 10.000 abitanti	Bes dei territori — ISTAT	https://www.istat.it/statistiche-per-temi/focus/benessere-e-sostenibilita/la-misurazione-del-benessere-bes/il-bes-dei-territori/	nan · Dato regionale annuale; non costituisce una notizia del 2026.	ultimo dato osservato, non nuovo segnale PULSE
Servizi e qualità locale	Posti letto negli ospedali	Liguria	2022	36.1	Per 10.000 abitanti	Bes dei territori — ISTAT	https://www.istat.it/statistiche-per-temi/focus/benessere-e-sostenibilita/la-misurazione-del-benessere-bes/il-bes-dei-territori/	nan · Dato regionale annuale; non costituisce una notizia del 2026.	ultimo dato osservato, non nuovo segnale PULSE
Servizi e qualità locale	Posti letto negli ospedali	Lombardia	2022	34.1	Per 10.000 abitanti	Bes dei territori — ISTAT	https://www.istat.it/statistiche-per-temi/focus/benessere-e-sostenibilita/la-misurazione-del-benessere-bes/il-bes-dei-territori/	nan · Dato regionale annuale; non costituisce una notizia del 2026.	ultimo dato osservato, non nuovo segnale PULSE
Servizi e qualità locale	Posti letto negli ospedali	Trentino-Alto Adige/Südtirol	2022	37.7	Per 10.000 abitanti	Bes dei territori — ISTAT	https://www.istat.it/statistiche-per-temi/focus/benessere-e-sostenibilita/la-misurazione-del-benessere-bes/il-bes-dei-territori/	nan · Dato regionale annuale; non costituisce una notizia del 2026.	ultimo dato osservato, non nuovo segnale PULSE
Servizi e qualità locale	Posti letto negli ospedali	Veneto	2022	32.3	Per 10.000 abitanti	Bes dei territori — ISTAT	https://www.istat.it/statistiche-per-temi/focus/benessere-e-sostenibilita/la-misurazione-del-benessere-bes/il-bes-dei-territori/	nan · Dato regionale annuale; non costituisce una notizia del 2026.	ultimo dato osservato, non nuovo segnale PULSE
Servizi e qualità locale	Posti letto negli ospedali	Friuli-Venezia Giulia	2022	34.8	Per 10.000 abitanti	Bes dei territori — ISTAT	https://www.istat.it/statistiche-per-temi/focus/benessere-e-sostenibilita/la-misurazione-del-benessere-bes/il-bes-dei-territori/	nan · Dato regionale annuale; non costituisce una notizia del 2026.	ultimo dato osservato, non nuovo segnale PULSE
Servizi e qualità locale	Posti letto negli ospedali	Emilia-Romagna	2022	36.6	Per 10.000 abitanti	Bes dei territori — ISTAT	https://www.istat.it/statistiche-per-temi/focus/benessere-e-sostenibilita/la-misurazione-del-benessere-bes/il-bes-dei-territori/	nan · Dato regionale annuale; non costituisce una notizia del 2026.	ultimo dato osservato, non nuovo segnale PULSE
Servizi e qualità locale	Posti letto negli ospedali	Toscana	2022	31.4	Per 10.000 abitanti	Bes dei territori — ISTAT	https://www.istat.it/statistiche-per-temi/focus/benessere-e-sostenibilita/la-misurazione-del-benessere-bes/il-bes-dei-territori/	nan · Dato regionale annuale; non costituisce una notizia del 2026.	ultimo dato osservato, non nuovo segnale PULSE
Servizi e qualità locale	Posti letto negli ospedali	Umbria	2022	33.1	Per 10.000 abitanti	Bes dei territori — ISTAT	https://www.istat.it/statistiche-per-temi/focus/benessere-e-sostenibilita/la-misurazione-del-benessere-bes/il-bes-dei-territori/	nan · Dato regionale annuale; non costituisce una notizia del 2026.	ultimo dato osservato, non nuovo segnale PULSE
Servizi e qualità locale	Posti letto negli ospedali	Marche	2022	32.3	Per 10.000 abitanti	Bes dei territori — ISTAT	https://www.istat.it/statistiche-per-temi/focus/benessere-e-sostenibilita/la-misurazione-del-benessere-bes/il-bes-dei-territori/	nan · Dato regionale annuale; non costituisce una notizia del 2026.	ultimo dato osservato, non nuovo segnale PULSE
Servizi e qualità locale	Posti letto negli ospedali	Lazio	2022	35.6	Per 10.000 abitanti	Bes dei territori — ISTAT	https://www.istat.it/statistiche-per-temi/focus/benessere-e-sostenibilita/la-misurazione-del-benessere-bes/il-bes-dei-territori/	nan · Dato regionale annuale; non costituisce una notizia del 2026.	ultimo dato osservato, non nuovo segnale PULSE
Servizi e qualità locale	Posti letto negli ospedali	Abruzzo	2022	34.5	Per 10.000 abitanti	Bes dei territori — ISTAT	https://www.istat.it/statistiche-per-temi/focus/benessere-e-sostenibilita/la-misurazione-del-benessere-bes/il-bes-dei-territori/	nan · Dato regionale annuale; non costituisce una notizia del 2026.	ultimo dato osservato, non nuovo segnale PULSE
Servizi e qualità locale	Posti letto negli ospedali	Molise	2022	36.2	Per 10.000 abitanti	Bes dei territori — ISTAT	https://www.istat.it/statistiche-per-temi/focus/benessere-e-sostenibilita/la-misurazione-del-benessere-bes/il-bes-dei-territori/	nan · Dato regionale annuale; non costituisce una notizia del 2026.	ultimo dato osservato, non nuovo segnale PULSE
Servizi e qualità locale	Posti letto negli ospedali	Campania	2022	29.7	Per 10.000 abitanti	Bes dei territori — ISTAT	https://www.istat.it/statistiche-per-temi/focus/benessere-e-sostenibilita/la-misurazione-del-benessere-bes/il-bes-dei-territori/	nan · Dato regionale annuale; non costituisce una notizia del 2026.	ultimo dato osservato, non nuovo segnale PULSE
Servizi e qualità locale	Posti letto negli ospedali	Puglia	2022	30.5	Per 10.000 abitanti	Bes dei territori — ISTAT	https://www.istat.it/statistiche-per-temi/focus/benessere-e-sostenibilita/la-misurazione-del-benessere-bes/il-bes-dei-territori/	nan · Dato regionale annuale; non costituisce una notizia del 2026.	ultimo dato osservato, non nuovo segnale PULSE
Servizi e qualità locale	Posti letto negli ospedali	Basilicata	2022	34.7	Per 10.000 abitanti	Bes dei territori — ISTAT	https://www.istat.it/statistiche-per-temi/focus/benessere-e-sostenibilita/la-misurazione-del-benessere-bes/il-bes-dei-territori/	nan · Dato regionale annuale; non costituisce una notizia del 2026.	ultimo dato osservato, non nuovo segnale PULSE
Servizi e qualità locale	Posti letto negli ospedali	Calabria	2022	29.6	Per 10.000 abitanti	Bes dei territori — ISTAT	https://www.istat.it/statistiche-per-temi/focus/benessere-e-sostenibilita/la-misurazione-del-benessere-bes/il-bes-dei-territori/	nan · Dato regionale annuale; non costituisce una notizia del 2026.	ultimo dato osservato, non nuovo segnale PULSE
Servizi e qualità locale	Posti letto negli ospedali	Sicilia	2022	30.9	Per 10.000 abitanti	Bes dei territori — ISTAT	https://www.istat.it/statistiche-per-temi/focus/benessere-e-sostenibilita/la-misurazione-del-benessere-bes/il-bes-dei-territori/	nan · Dato regionale annuale; non costituisce una notizia del 2026.	ultimo dato osservato, non nuovo segnale PULSE
Servizi e qualità locale	Posti letto negli ospedali	Sardegna	2022	33.5	Per 10.000 abitanti	Bes dei territori — ISTAT	https://www.istat.it/statistiche-per-temi/focus/benessere-e-sostenibilita/la-misurazione-del-benessere-bes/il-bes-dei-territori/	nan · Dato regionale annuale; non costituisce una notizia del 2026.	ultimo dato osservato, non nuovo segnale PULSE
Famiglie	Numero famiglie	Piemonte	2023	2020124	Valore nella tavola ISTAT; verificare unita e definizione nel file ufficiale.	A misura di Comune — ISTAT	https://www.istat.it/storage/misura-comune/3-Famiglie.xlsx	Serie annuale ufficiale. Data di riferimento precedente al 2026; non notizia PULSE.	ultimo valore osservato, non segnale corrente
Famiglie	Numero famiglie	Valle d'Aosta/Vallée d'Aoste	2023	60780	Valore nella tavola ISTAT; verificare unita e definizione nel file ufficiale.	A misura di Comune — ISTAT	https://www.istat.it/storage/misura-comune/3-Famiglie.xlsx	Serie annuale ufficiale. Data di riferimento precedente al 2026; non notizia PULSE.	ultimo valore osservato, non segnale corrente
Famiglie	Numero famiglie	Lombardia	2023	4572334	Valore nella tavola ISTAT; verificare unita e definizione nel file ufficiale.	A misura di Comune — ISTAT	https://www.istat.it/storage/misura-comune/3-Famiglie.xlsx	Serie annuale ufficiale. Data di riferimento precedente al 2026; non notizia PULSE.	ultimo valore osservato, non segnale corrente
Famiglie	Numero famiglie	Trentino-Alto Adige/Südtirol	2023	481184	Valore nella tavola ISTAT; verificare unita e definizione nel file ufficiale.	A misura di Comune — ISTAT	https://www.istat.it/storage/misura-comune/3-Famiglie.xlsx	Serie annuale ufficiale. Data di riferimento precedente al 2026; non notizia PULSE.	ultimo valore osservato, non segnale corrente
Famiglie	Numero famiglie	Veneto	2023	2137557	Valore nella tavola ISTAT; verificare unita e definizione nel file ufficiale.	A misura di Comune — ISTAT	https://www.istat.it/storage/misura-comune/3-Famiglie.xlsx	Serie annuale ufficiale. Data di riferimento precedente al 2026; non notizia PULSE.	ultimo valore osservato, non segnale corrente
Famiglie	Numero famiglie	Friuli-Venezia Giulia	2023	569119	Valore nella tavola ISTAT; verificare unita e definizione nel file ufficiale.	A misura di Comune — ISTAT	https://www.istat.it/storage/misura-comune/3-Famiglie.xlsx	Serie annuale ufficiale. Data di riferimento precedente al 2026; non notizia PULSE.	ultimo valore osservato, non segnale corrente
Famiglie	Numero famiglie	Liguria	2023	765443	Valore nella tavola ISTAT; verificare unita e definizione nel file ufficiale.	A misura di Comune — ISTAT	https://www.istat.it/storage/misura-comune/3-Famiglie.xlsx	Serie annuale ufficiale. Data di riferimento precedente al 2026; non notizia PULSE.	ultimo valore osservato, non segnale corrente
Famiglie	Numero famiglie	Emilia-Romagna	2023	2061495	Valore nella tavola ISTAT; verificare unita e definizione nel file ufficiale.	A misura di Comune — ISTAT	https://www.istat.it/storage/misura-comune/3-Famiglie.xlsx	Serie annuale ufficiale. Data di riferimento precedente al 2026; non notizia PULSE.	ultimo valore osservato, non segnale corrente
Famiglie	Numero famiglie	Toscana	2023	1678776	Valore nella tavola ISTAT; verificare unita e definizione nel file ufficiale.	A misura di Comune — ISTAT	https://www.istat.it/storage/misura-comune/3-Famiglie.xlsx	Serie annuale ufficiale. Data di riferimento precedente al 2026; non notizia PULSE.	ultimo valore osservato, non segnale corrente
Famiglie	Numero famiglie	Umbria	2023	387476	Valore nella tavola ISTAT; verificare unita e definizione nel file ufficiale.	A misura di Comune — ISTAT	https://www.istat.it/storage/misura-comune/3-Famiglie.xlsx	Serie annuale ufficiale. Data di riferimento precedente al 2026; non notizia PULSE.	ultimo valore osservato, non segnale corrente
Famiglie	Numero famiglie	Marche	2023	654436	Valore nella tavola ISTAT; verificare unita e definizione nel file ufficiale.	A misura di Comune — ISTAT	https://www.istat.it/storage/misura-comune/3-Famiglie.xlsx	Serie annuale ufficiale. Data di riferimento precedente al 2026; non notizia PULSE.	ultimo valore osservato, non segnale corrente
Famiglie	Numero famiglie	Lazio	2023	2675747	Valore nella tavola ISTAT; verificare unita e definizione nel file ufficiale.	A misura di Comune — ISTAT	https://www.istat.it/storage/misura-comune/3-Famiglie.xlsx	Serie annuale ufficiale. Data di riferimento precedente al 2026; non notizia PULSE.	ultimo valore osservato, non segnale corrente
Famiglie	Numero famiglie	Abruzzo	2023	565634	Valore nella tavola ISTAT; verificare unita e definizione nel file ufficiale.	A misura di Comune — ISTAT	https://www.istat.it/storage/misura-comune/3-Famiglie.xlsx	Serie annuale ufficiale. Data di riferimento precedente al 2026; non notizia PULSE.	ultimo valore osservato, non segnale corrente
Famiglie	Numero famiglie	Molise	2023	132449	Valore nella tavola ISTAT; verificare unita e definizione nel file ufficiale.	A misura di Comune — ISTAT	https://www.istat.it/storage/misura-comune/3-Famiglie.xlsx	Serie annuale ufficiale. Data di riferimento precedente al 2026; non notizia PULSE.	ultimo valore osservato, non segnale corrente
Famiglie	Numero famiglie	Campania	2023	2244544	Valore nella tavola ISTAT; verificare unita e definizione nel file ufficiale.	A misura di Comune — ISTAT	https://www.istat.it/storage/misura-comune/3-Famiglie.xlsx	Serie annuale ufficiale. Data di riferimento precedente al 2026; non notizia PULSE.	ultimo valore osservato, non segnale corrente
Famiglie	Numero famiglie	Puglia	2023	1660367	Valore nella tavola ISTAT; verificare unita e definizione nel file ufficiale.	A misura di Comune — ISTAT	https://www.istat.it/storage/misura-comune/3-Famiglie.xlsx	Serie annuale ufficiale. Data di riferimento precedente al 2026; non notizia PULSE.	ultimo valore osservato, non segnale corrente
Famiglie	Numero famiglie	Basilicata	2023	238917	Valore nella tavola ISTAT; verificare unita e definizione nel file ufficiale.	A misura di Comune — ISTAT	https://www.istat.it/storage/misura-comune/3-Famiglie.xlsx	Serie annuale ufficiale. Data di riferimento precedente al 2026; non notizia PULSE.	ultimo valore osservato, non segnale corrente
Famiglie	Numero famiglie	Calabria	2023	818317	Valore nella tavola ISTAT; verificare unita e definizione nel file ufficiale.	A misura di Comune — ISTAT	https://www.istat.it/storage/misura-comune/3-Famiglie.xlsx	Serie annuale ufficiale. Data di riferimento precedente al 2026; non notizia PULSE.	ultimo valore osservato, non segnale corrente
Famiglie	Numero famiglie	Sicilia	2023	2090534	Valore nella tavola ISTAT; verificare unita e definizione nel file ufficiale.	A misura di Comune — ISTAT	https://www.istat.it/storage/misura-comune/3-Famiglie.xlsx	Serie annuale ufficiale. Data di riferimento precedente al 2026; non notizia PULSE.	ultimo valore osservato, non segnale corrente
Famiglie	Numero famiglie	Sardegna	2023	747335	Valore nella tavola ISTAT; verificare unita e definizione nel file ufficiale.	A misura di Comune — ISTAT	https://www.istat.it/storage/misura-comune/3-Famiglie.xlsx	Serie annuale ufficiale. Data di riferimento precedente al 2026; non notizia PULSE.	ultimo valore osservato, non segnale corrente
Istruzione	Competenze alfabetiche degli studenti	Piemonte	2024	196.4	Valore nella tavola ISTAT; verificare unita e definizione nel file ufficiale.	A misura di Comune — ISTAT	https://www.istat.it/storage/misura-comune/4-Istruzione.xlsx	Serie annuale ufficiale. Data di riferimento precedente al 2026; non notizia PULSE.	ultimo valore osservato, non segnale corrente
Istruzione	Competenze alfabetiche degli studenti	Valle d'Aosta/Vallée d'Aoste	2024	198.5	Valore nella tavola ISTAT; verificare unita e definizione nel file ufficiale.	A misura di Comune — ISTAT	https://www.istat.it/storage/misura-comune/4-Istruzione.xlsx	Serie annuale ufficiale. Data di riferimento precedente al 2026; non notizia PULSE.	ultimo valore osservato, non segnale corrente
Istruzione	Competenze alfabetiche degli studenti	Lombardia	2024	199.4	Valore nella tavola ISTAT; verificare unita e definizione nel file ufficiale.	A misura di Comune — ISTAT	https://www.istat.it/storage/misura-comune/4-Istruzione.xlsx	Serie annuale ufficiale. Data di riferimento precedente al 2026; non notizia PULSE.	ultimo valore osservato, non segnale corrente
Istruzione	Competenze alfabetiche degli studenti	Prov. Aut. Bolzano (l. it.)	2024	186.8	Valore nella tavola ISTAT; verificare unita e definizione nel file ufficiale.	A misura di Comune — ISTAT	https://www.istat.it/storage/misura-comune/4-Istruzione.xlsx	Serie annuale ufficiale. Data di riferimento precedente al 2026; non notizia PULSE.	ultimo valore osservato, non segnale corrente
Istruzione	Competenze alfabetiche degli studenti	Prov. Aut. Trento	2024	198.8	Valore nella tavola ISTAT; verificare unita e definizione nel file ufficiale.	A misura di Comune — ISTAT	https://www.istat.it/storage/misura-comune/4-Istruzione.xlsx	Serie annuale ufficiale. Data di riferimento precedente al 2026; non notizia PULSE.	ultimo valore osservato, non segnale corrente
Istruzione	Competenze alfabetiche degli studenti	Veneto	2024	199.5	Valore nella tavola ISTAT; verificare unita e definizione nel file ufficiale.	A misura di Comune — ISTAT	https://www.istat.it/storage/misura-comune/4-Istruzione.xlsx	Serie annuale ufficiale. Data di riferimento precedente al 2026; non notizia PULSE.	ultimo valore osservato, non segnale corrente
Istruzione	Competenze alfabetiche degli studenti	Friuli-Venezia Giulia	2024	198.8	Valore nella tavola ISTAT; verificare unita e definizione nel file ufficiale.	A misura di Comune — ISTAT	https://www.istat.it/storage/misura-comune/4-Istruzione.xlsx	Serie annuale ufficiale. Data di riferimento precedente al 2026; non notizia PULSE.	ultimo valore osservato, non segnale corrente
Istruzione	Competenze alfabetiche degli studenti	Liguria	2024	193	Valore nella tavola ISTAT; verificare unita e definizione nel file ufficiale.	A misura di Comune — ISTAT	https://www.istat.it/storage/misura-comune/4-Istruzione.xlsx	Serie annuale ufficiale. Data di riferimento precedente al 2026; non notizia PULSE.	ultimo valore osservato, non segnale corrente
Istruzione	Competenze alfabetiche degli studenti	Emilia-Romagna	2024	196.5	Valore nella tavola ISTAT; verificare unita e definizione nel file ufficiale.	A misura di Comune — ISTAT	https://www.istat.it/storage/misura-comune/4-Istruzione.xlsx	Serie annuale ufficiale. Data di riferimento precedente al 2026; non notizia PULSE.	ultimo valore osservato, non segnale corrente
Istruzione	Competenze alfabetiche degli studenti	Toscana	2024	195.3	Valore nella tavola ISTAT; verificare unita e definizione nel file ufficiale.	A misura di Comune — ISTAT	https://www.istat.it/storage/misura-comune/4-Istruzione.xlsx	Serie annuale ufficiale. Data di riferimento precedente al 2026; non notizia PULSE.	ultimo valore osservato, non segnale corrente
Istruzione	Competenze alfabetiche degli studenti	Umbria	2024	201.7	Valore nella tavola ISTAT; verificare unita e definizione nel file ufficiale.	A misura di Comune — ISTAT	https://www.istat.it/storage/misura-comune/4-Istruzione.xlsx	Serie annuale ufficiale. Data di riferimento precedente al 2026; non notizia PULSE.	ultimo valore osservato, non segnale corrente
Istruzione	Competenze alfabetiche degli studenti	Marche	2024	200.8	Valore nella tavola ISTAT; verificare unita e definizione nel file ufficiale.	A misura di Comune — ISTAT	https://www.istat.it/storage/misura-comune/4-Istruzione.xlsx	Serie annuale ufficiale. Data di riferimento precedente al 2026; non notizia PULSE.	ultimo valore osservato, non segnale corrente
Istruzione	Competenze alfabetiche degli studenti	Lazio	2024	196.1	Valore nella tavola ISTAT; verificare unita e definizione nel file ufficiale.	A misura di Comune — ISTAT	https://www.istat.it/storage/misura-comune/4-Istruzione.xlsx	Serie annuale ufficiale. Data di riferimento precedente al 2026; non notizia PULSE.	ultimo valore osservato, non segnale corrente
Istruzione	Competenze alfabetiche degli studenti	Abruzzo	2024	197.8	Valore nella tavola ISTAT; verificare unita e definizione nel file ufficiale.	A misura di Comune — ISTAT	https://www.istat.it/storage/misura-comune/4-Istruzione.xlsx	Serie annuale ufficiale. Data di riferimento precedente al 2026; non notizia PULSE.	ultimo valore osservato, non segnale corrente
Istruzione	Competenze alfabetiche degli studenti	Molise	2024	195.6	Valore nella tavola ISTAT; verificare unita e definizione nel file ufficiale.	A misura di Comune — ISTAT	https://www.istat.it/storage/misura-comune/4-Istruzione.xlsx	Serie annuale ufficiale. Data di riferimento precedente al 2026; non notizia PULSE.	ultimo valore osservato, non segnale corrente
Istruzione	Competenze alfabetiche degli studenti	Campania	2024	187.7	Valore nella tavola ISTAT; verificare unita e definizione nel file ufficiale.	A misura di Comune — ISTAT	https://www.istat.it/storage/misura-comune/4-Istruzione.xlsx	Serie annuale ufficiale. Data di riferimento precedente al 2026; non notizia PULSE.	ultimo valore osservato, non segnale corrente
Istruzione	Competenze alfabetiche degli studenti	Puglia	2024	193.6	Valore nella tavola ISTAT; verificare unita e definizione nel file ufficiale.	A misura di Comune — ISTAT	https://www.istat.it/storage/misura-comune/4-Istruzione.xlsx	Serie annuale ufficiale. Data di riferimento precedente al 2026; non notizia PULSE.	ultimo valore osservato, non segnale corrente
Istruzione	Competenze alfabetiche degli studenti	Basilicata	2024	193.6	Valore nella tavola ISTAT; verificare unita e definizione nel file ufficiale.	A misura di Comune — ISTAT	https://www.istat.it/storage/misura-comune/4-Istruzione.xlsx	Serie annuale ufficiale. Data di riferimento precedente al 2026; non notizia PULSE.	ultimo valore osservato, non segnale corrente
Istruzione	Competenze alfabetiche degli studenti	Calabria	2024	185	Valore nella tavola ISTAT; verificare unita e definizione nel file ufficiale.	A misura di Comune — ISTAT	https://www.istat.it/storage/misura-comune/4-Istruzione.xlsx	Serie annuale ufficiale. Data di riferimento precedente al 2026; non notizia PULSE.	ultimo valore osservato, non segnale corrente
Istruzione	Competenze alfabetiche degli studenti	Sicilia	2024	183.7	Valore nella tavola ISTAT; verificare unita e definizione nel file ufficiale.	A misura di Comune — ISTAT	https://www.istat.it/storage/misura-comune/4-Istruzione.xlsx	Serie annuale ufficiale. Data di riferimento precedente al 2026; non notizia PULSE.	ultimo valore osservato, non segnale corrente
Istruzione	Competenze alfabetiche degli studenti	Sardegna	2024	187.6	Valore nella tavola ISTAT; verificare unita e definizione nel file ufficiale.	A misura di Comune — ISTAT	https://www.istat.it/storage/misura-comune/4-Istruzione.xlsx	Serie annuale ufficiale. Data di riferimento precedente al 2026; non notizia PULSE.	ultimo valore osservato, non segnale corrente
Servizi e qualità locale	Bambini nei servizi comunali per l'infanzia	Piemonte	2023	18.88927173	Valore nella tavola ISTAT; verificare unita e definizione nel file ufficiale.	A misura di Comune — ISTAT	https://www.istat.it/storage/misura-comune/4-Istruzione.xlsx	Serie annuale ufficiale. Data di riferimento precedente al 2026; non notizia PULSE.	ultimo valore osservato, non segnale corrente
Servizi e qualità locale	Bambini nei servizi comunali per l'infanzia	Valle d'Aosta/Vallée d'Aoste	2023	34.00915631	Valore nella tavola ISTAT; verificare unita e definizione nel file ufficiale.	A misura di Comune — ISTAT	https://www.istat.it/storage/misura-comune/4-Istruzione.xlsx	Serie annuale ufficiale. Data di riferimento precedente al 2026; non notizia PULSE.	ultimo valore osservato, non segnale corrente
Servizi e qualità locale	Bambini nei servizi comunali per l'infanzia	Lombardia	2023	19.19585581	Valore nella tavola ISTAT; verificare unita e definizione nel file ufficiale.	A misura di Comune — ISTAT	https://www.istat.it/storage/misura-comune/4-Istruzione.xlsx	Serie annuale ufficiale. Data di riferimento precedente al 2026; non notizia PULSE.	ultimo valore osservato, non segnale corrente
Servizi e qualità locale	Bambini nei servizi comunali per l'infanzia	Trentino-Alto Adige/Südtirol	2023	29.66521053	Valore nella tavola ISTAT; verificare unita e definizione nel file ufficiale.	A misura di Comune — ISTAT	https://www.istat.it/storage/misura-comune/4-Istruzione.xlsx	Serie annuale ufficiale. Data di riferimento precedente al 2026; non notizia PULSE.	ultimo valore osservato, non segnale corrente
Servizi e qualità locale	Bambini nei servizi comunali per l'infanzia	Veneto	2023	15.95983116	Valore nella tavola ISTAT; verificare unita e definizione nel file ufficiale.	A misura di Comune — ISTAT	https://www.istat.it/storage/misura-comune/4-Istruzione.xlsx	Serie annuale ufficiale. Data di riferimento precedente al 2026; non notizia PULSE.	ultimo valore osservato, non segnale corrente
Servizi e qualità locale	Bambini nei servizi comunali per l'infanzia	Friuli-Venezia Giulia	2023	40.50483498	Valore nella tavola ISTAT; verificare unita e definizione nel file ufficiale.	A misura di Comune — ISTAT	https://www.istat.it/storage/misura-comune/4-Istruzione.xlsx	Serie annuale ufficiale. Data di riferimento precedente al 2026; non notizia PULSE.	ultimo valore osservato, non segnale corrente
Servizi e qualità locale	Bambini nei servizi comunali per l'infanzia	Liguria	2023	17.2757348	Valore nella tavola ISTAT; verificare unita e definizione nel file ufficiale.	A misura di Comune — ISTAT	https://www.istat.it/storage/misura-comune/4-Istruzione.xlsx	Serie annuale ufficiale. Data di riferimento precedente al 2026; non notizia PULSE.	ultimo valore osservato, non segnale corrente
Servizi e qualità locale	Bambini nei servizi comunali per l'infanzia	Emilia-Romagna	2023	34.3976108	Valore nella tavola ISTAT; verificare unita e definizione nel file ufficiale.	A misura di Comune — ISTAT	https://www.istat.it/storage/misura-comune/4-Istruzione.xlsx	Serie annuale ufficiale. Data di riferimento precedente al 2026; non notizia PULSE.	ultimo valore osservato, non segnale corrente
Servizi e qualità locale	Bambini nei servizi comunali per l'infanzia	Toscana	2023	30.21035659	Valore nella tavola ISTAT; verificare unita e definizione nel file ufficiale.	A misura di Comune — ISTAT	https://www.istat.it/storage/misura-comune/4-Istruzione.xlsx	Serie annuale ufficiale. Data di riferimento precedente al 2026; non notizia PULSE.	ultimo valore osservato, non segnale corrente
Servizi e qualità locale	Bambini nei servizi comunali per l'infanzia	Umbria	2023	19.75123241	Valore nella tavola ISTAT; verificare unita e definizione nel file ufficiale.	A misura di Comune — ISTAT	https://www.istat.it/storage/misura-comune/4-Istruzione.xlsx	Serie annuale ufficiale. Data di riferimento precedente al 2026; non notizia PULSE.	ultimo valore osservato, non segnale corrente
Servizi e qualità locale	Bambini nei servizi comunali per l'infanzia	Marche	2023	23.22385998	Valore nella tavola ISTAT; verificare unita e definizione nel file ufficiale.	A misura di Comune — ISTAT	https://www.istat.it/storage/misura-comune/4-Istruzione.xlsx	Serie annuale ufficiale. Data di riferimento precedente al 2026; non notizia PULSE.	ultimo valore osservato, non segnale corrente
Servizi e qualità locale	Bambini nei servizi comunali per l'infanzia	Lazio	2023	22.85688738	Valore nella tavola ISTAT; verificare unita e definizione nel file ufficiale.	A misura di Comune — ISTAT	https://www.istat.it/storage/misura-comune/4-Istruzione.xlsx	Serie annuale ufficiale. Data di riferimento precedente al 2026; non notizia PULSE.	ultimo valore osservato, non segnale corrente
Servizi e qualità locale	Bambini nei servizi comunali per l'infanzia	Abruzzo	2023	15.24921896	Valore nella tavola ISTAT; verificare unita e definizione nel file ufficiale.	A misura di Comune — ISTAT	https://www.istat.it/storage/misura-comune/4-Istruzione.xlsx	Serie annuale ufficiale. Data di riferimento precedente al 2026; non notizia PULSE.	ultimo valore osservato, non segnale corrente
Servizi e qualità locale	Bambini nei servizi comunali per l'infanzia	Molise	2023	14.43176179	Valore nella tavola ISTAT; verificare unita e definizione nel file ufficiale.	A misura di Comune — ISTAT	https://www.istat.it/storage/misura-comune/4-Istruzione.xlsx	Serie annuale ufficiale. Data di riferimento precedente al 2026; non notizia PULSE.	ultimo valore osservato, non segnale corrente
Servizi e qualità locale	Bambini nei servizi comunali per l'infanzia	Campania	2023	6.921664765	Valore nella tavola ISTAT; verificare unita e definizione nel file ufficiale.	A misura di Comune — ISTAT	https://www.istat.it/storage/misura-comune/4-Istruzione.xlsx	Serie annuale ufficiale. Data di riferimento precedente al 2026; non notizia PULSE.	ultimo valore osservato, non segnale corrente
Servizi e qualità locale	Bambini nei servizi comunali per l'infanzia	Puglia	2023	13.52991426	Valore nella tavola ISTAT; verificare unita e definizione nel file ufficiale.	A misura di Comune — ISTAT	https://www.istat.it/storage/misura-comune/4-Istruzione.xlsx	Serie annuale ufficiale. Data di riferimento precedente al 2026; non notizia PULSE.	ultimo valore osservato, non segnale corrente
Servizi e qualità locale	Bambini nei servizi comunali per l'infanzia	Basilicata	2023	11.35601828	Valore nella tavola ISTAT; verificare unita e definizione nel file ufficiale.	A misura di Comune — ISTAT	https://www.istat.it/storage/misura-comune/4-Istruzione.xlsx	Serie annuale ufficiale. Data di riferimento precedente al 2026; non notizia PULSE.	ultimo valore osservato, non segnale corrente
Servizi e qualità locale	Bambini nei servizi comunali per l'infanzia	Calabria	2023	5.922765942	Valore nella tavola ISTAT; verificare unita e definizione nel file ufficiale.	A misura di Comune — ISTAT	https://www.istat.it/storage/misura-comune/4-Istruzione.xlsx	Serie annuale ufficiale. Data di riferimento precedente al 2026; non notizia PULSE.	ultimo valore osservato, non segnale corrente
Servizi e qualità locale	Bambini nei servizi comunali per l'infanzia	Sicilia	2023	7.898081135	Valore nella tavola ISTAT; verificare unita e definizione nel file ufficiale.	A misura di Comune — ISTAT	https://www.istat.it/storage/misura-comune/4-Istruzione.xlsx	Serie annuale ufficiale. Data di riferimento precedente al 2026; non notizia PULSE.	ultimo valore osservato, non segnale corrente
Servizi e qualità locale	Bambini nei servizi comunali per l'infanzia	Sardegna	2023	27.55187768	Valore nella tavola ISTAT; verificare unita e definizione nel file ufficiale.	A misura di Comune — ISTAT	https://www.istat.it/storage/misura-comune/4-Istruzione.xlsx	Serie annuale ufficiale. Data di riferimento precedente al 2026; non notizia PULSE.	ultimo valore osservato, non segnale corrente
Redditi	Reddito imponibile per contribuente	Piemonte	2023	25218.07103	Valore nella tavola ISTAT; verificare unita e definizione nel file ufficiale.	A misura di Comune — ISTAT	https://www.istat.it/storage/misura-comune/6-Benessere-economico.xlsx	Serie annuale ufficiale. Data di riferimento precedente al 2026; non notizia PULSE.	ultimo valore osservato, non segnale corrente
Redditi	Reddito imponibile per contribuente	Valle d'Aosta/Vallée d'Aoste	2023	25243.5985	Valore nella tavola ISTAT; verificare unita e definizione nel file ufficiale.	A misura di Comune — ISTAT	https://www.istat.it/storage/misura-comune/6-Benessere-economico.xlsx	Serie annuale ufficiale. Data di riferimento precedente al 2026; non notizia PULSE.	ultimo valore osservato, non segnale corrente
Redditi	Reddito imponibile per contribuente	Lombardia	2023	28105.20862	Valore nella tavola ISTAT; verificare unita e definizione nel file ufficiale.	A misura di Comune — ISTAT	https://www.istat.it/storage/misura-comune/6-Benessere-economico.xlsx	Serie annuale ufficiale. Data di riferimento precedente al 2026; non notizia PULSE.	ultimo valore osservato, non segnale corrente
Redditi	Reddito imponibile per contribuente	Trentino-Alto Adige/Südtirol	2023	26002.55465	Valore nella tavola ISTAT; verificare unita e definizione nel file ufficiale.	A misura di Comune — ISTAT	https://www.istat.it/storage/misura-comune/6-Benessere-economico.xlsx	Serie annuale ufficiale. Data di riferimento precedente al 2026; non notizia PULSE.	ultimo valore osservato, non segnale corrente
Redditi	Reddito imponibile per contribuente	Veneto	2023	24901.71977	Valore nella tavola ISTAT; verificare unita e definizione nel file ufficiale.	A misura di Comune — ISTAT	https://www.istat.it/storage/misura-comune/6-Benessere-economico.xlsx	Serie annuale ufficiale. Data di riferimento precedente al 2026; non notizia PULSE.	ultimo valore osservato, non segnale corrente
Redditi	Reddito imponibile per contribuente	Friuli-Venezia Giulia	2023	24753.97562	Valore nella tavola ISTAT; verificare unita e definizione nel file ufficiale.	A misura di Comune — ISTAT	https://www.istat.it/storage/misura-comune/6-Benessere-economico.xlsx	Serie annuale ufficiale. Data di riferimento precedente al 2026; non notizia PULSE.	ultimo valore osservato, non segnale corrente
Redditi	Reddito imponibile per contribuente	Liguria	2023	24515.82956	Valore nella tavola ISTAT; verificare unita e definizione nel file ufficiale.	A misura di Comune — ISTAT	https://www.istat.it/storage/misura-comune/6-Benessere-economico.xlsx	Serie annuale ufficiale. Data di riferimento precedente al 2026; non notizia PULSE.	ultimo valore osservato, non segnale corrente
Redditi	Reddito imponibile per contribuente	Emilia-Romagna	2023	25877.60957	Valore nella tavola ISTAT; verificare unita e definizione nel file ufficiale.	A misura di Comune — ISTAT	https://www.istat.it/storage/misura-comune/6-Benessere-economico.xlsx	Serie annuale ufficiale. Data di riferimento precedente al 2026; non notizia PULSE.	ultimo valore osservato, non segnale corrente
Redditi	Reddito imponibile per contribuente	Toscana	2023	24279.79114	Valore nella tavola ISTAT; verificare unita e definizione nel file ufficiale.	A misura di Comune — ISTAT	https://www.istat.it/storage/misura-comune/6-Benessere-economico.xlsx	Serie annuale ufficiale. Data di riferimento precedente al 2026; non notizia PULSE.	ultimo valore osservato, non segnale corrente
Redditi	Reddito imponibile per contribuente	Umbria	2023	21961.64705	Valore nella tavola ISTAT; verificare unita e definizione nel file ufficiale.	A misura di Comune — ISTAT	https://www.istat.it/storage/misura-comune/6-Benessere-economico.xlsx	Serie annuale ufficiale. Data di riferimento precedente al 2026; non notizia PULSE.	ultimo valore osservato, non segnale corrente
Redditi	Reddito imponibile per contribuente	Marche	2023	22792.88393	Valore nella tavola ISTAT; verificare unita e definizione nel file ufficiale.	A misura di Comune — ISTAT	https://www.istat.it/storage/misura-comune/6-Benessere-economico.xlsx	Serie annuale ufficiale. Data di riferimento precedente al 2026; non notizia PULSE.	ultimo valore osservato, non segnale corrente
Redditi	Reddito imponibile per contribuente	Lazio	2023	25923.16528	Valore nella tavola ISTAT; verificare unita e definizione nel file ufficiale.	A misura di Comune — ISTAT	https://www.istat.it/storage/misura-comune/6-Benessere-economico.xlsx	Serie annuale ufficiale. Data di riferimento precedente al 2026; non notizia PULSE.	ultimo valore osservato, non segnale corrente
Redditi	Reddito imponibile per contribuente	Abruzzo	2023	21153.57901	Valore nella tavola ISTAT; verificare unita e definizione nel file ufficiale.	A misura di Comune — ISTAT	https://www.istat.it/storage/misura-comune/6-Benessere-economico.xlsx	Serie annuale ufficiale. Data di riferimento precedente al 2026; non notizia PULSE.	ultimo valore osservato, non segnale corrente
Redditi	Reddito imponibile per contribuente	Molise	2023	19188.41338	Valore nella tavola ISTAT; verificare unita e definizione nel file ufficiale.	A misura di Comune — ISTAT	https://www.istat.it/storage/misura-comune/6-Benessere-economico.xlsx	Serie annuale ufficiale. Data di riferimento precedente al 2026; non notizia PULSE.	ultimo valore osservato, non segnale corrente
Redditi	Reddito imponibile per contribuente	Campania	2023	19988.86021	Valore nella tavola ISTAT; verificare unita e definizione nel file ufficiale.	A misura di Comune — ISTAT	https://www.istat.it/storage/misura-comune/6-Benessere-economico.xlsx	Serie annuale ufficiale. Data di riferimento precedente al 2026; non notizia PULSE.	ultimo valore osservato, non segnale corrente
Redditi	Reddito imponibile per contribuente	Puglia	2023	19195.48514	Valore nella tavola ISTAT; verificare unita e definizione nel file ufficiale.	A misura di Comune — ISTAT	https://www.istat.it/storage/misura-comune/6-Benessere-economico.xlsx	Serie annuale ufficiale. Data di riferimento precedente al 2026; non notizia PULSE.	ultimo valore osservato, non segnale corrente
Redditi	Reddito imponibile per contribuente	Basilicata	2023	19360.08659	Valore nella tavola ISTAT; verificare unita e definizione nel file ufficiale.	A misura di Comune — ISTAT	https://www.istat.it/storage/misura-comune/6-Benessere-economico.xlsx	Serie annuale ufficiale. Data di riferimento precedente al 2026; non notizia PULSE.	ultimo valore osservato, non segnale corrente
Redditi	Reddito imponibile per contribuente	Calabria	2023	17930.34439	Valore nella tavola ISTAT; verificare unita e definizione nel file ufficiale.	A misura di Comune — ISTAT	https://www.istat.it/storage/misura-comune/6-Benessere-economico.xlsx	Serie annuale ufficiale. Data di riferimento precedente al 2026; non notizia PULSE.	ultimo valore osservato, non segnale corrente
Redditi	Reddito imponibile per contribuente	Sicilia	2023	19277.57736	Valore nella tavola ISTAT; verificare unita e definizione nel file ufficiale.	A misura di Comune — ISTAT	https://www.istat.it/storage/misura-comune/6-Benessere-economico.xlsx	Serie annuale ufficiale. Data di riferimento precedente al 2026; non notizia PULSE.	ultimo valore osservato, non segnale corrente
Redditi	Reddito imponibile per contribuente	Sardegna	2023	20565.16726	Valore nella tavola ISTAT; verificare unita e definizione nel file ufficiale.	A misura di Comune — ISTAT	https://www.istat.it/storage/misura-comune/6-Benessere-economico.xlsx	Serie annuale ufficiale. Data di riferimento precedente al 2026; non notizia PULSE.	ultimo valore osservato, non segnale corrente
Redditi	Incidenza di contribuenti con reddito inferiore a 10.000 euro	Piemonte	2023	19.38875072	Valore nella tavola ISTAT; verificare unita e definizione nel file ufficiale.	A misura di Comune — ISTAT	https://www.istat.it/storage/misura-comune/6-Benessere-economico.xlsx	Serie annuale ufficiale. Data di riferimento precedente al 2026; non notizia PULSE.	ultimo valore osservato, non segnale corrente
Redditi	Incidenza di contribuenti con reddito inferiore a 10.000 euro	Valle d'Aosta/Vallée d'Aoste	2023	19.74584555	Valore nella tavola ISTAT; verificare unita e definizione nel file ufficiale.	A misura di Comune — ISTAT	https://www.istat.it/storage/misura-comune/6-Benessere-economico.xlsx	Serie annuale ufficiale. Data di riferimento precedente al 2026; non notizia PULSE.	ultimo valore osservato, non segnale corrente
Redditi	Incidenza di contribuenti con reddito inferiore a 10.000 euro	Lombardia	2023	18.66152192	Valore nella tavola ISTAT; verificare unita e definizione nel file ufficiale.	A misura di Comune — ISTAT	https://www.istat.it/storage/misura-comune/6-Benessere-economico.xlsx	Serie annuale ufficiale. Data di riferimento precedente al 2026; non notizia PULSE.	ultimo valore osservato, non segnale corrente
Redditi	Incidenza di contribuenti con reddito inferiore a 10.000 euro	Trentino-Alto Adige/Südtirol	2023	20.82692226	Valore nella tavola ISTAT; verificare unita e definizione nel file ufficiale.	A misura di Comune — ISTAT	https://www.istat.it/storage/misura-comune/6-Benessere-economico.xlsx	Serie annuale ufficiale. Data di riferimento precedente al 2026; non notizia PULSE.	ultimo valore osservato, non segnale corrente
Redditi	Incidenza di contribuenti con reddito inferiore a 10.000 euro	Veneto	2023	19.64014548	Valore nella tavola ISTAT; verificare unita e definizione nel file ufficiale.	A misura di Comune — ISTAT	https://www.istat.it/storage/misura-comune/6-Benessere-economico.xlsx	Serie annuale ufficiale. Data di riferimento precedente al 2026; non notizia PULSE.	ultimo valore osservato, non segnale corrente
Redditi	Incidenza di contribuenti con reddito inferiore a 10.000 euro	Friuli-Venezia Giulia	2023	19.55576172	Valore nella tavola ISTAT; verificare unita e definizione nel file ufficiale.	A misura di Comune — ISTAT	https://www.istat.it/storage/misura-comune/6-Benessere-economico.xlsx	Serie annuale ufficiale. Data di riferimento precedente al 2026; non notizia PULSE.	ultimo valore osservato, non segnale corrente
Redditi	Incidenza di contribuenti con reddito inferiore a 10.000 euro	Liguria	2023	22.77585202	Valore nella tavola ISTAT; verificare unita e definizione nel file ufficiale.	A misura di Comune — ISTAT	https://www.istat.it/storage/misura-comune/6-Benessere-economico.xlsx	Serie annuale ufficiale. Data di riferimento precedente al 2026; non notizia PULSE.	ultimo valore osservato, non segnale corrente
Redditi	Incidenza di contribuenti con reddito inferiore a 10.000 euro	Emilia-Romagna	2023	18.41155523	Valore nella tavola ISTAT; verificare unita e definizione nel file ufficiale.	A misura di Comune — ISTAT	https://www.istat.it/storage/misura-comune/6-Benessere-economico.xlsx	Serie annuale ufficiale. Data di riferimento precedente al 2026; non notizia PULSE.	ultimo valore osservato, non segnale corrente
Redditi	Incidenza di contribuenti con reddito inferiore a 10.000 euro	Toscana	2023	20.67885961	Valore nella tavola ISTAT; verificare unita e definizione nel file ufficiale.	A misura di Comune — ISTAT	https://www.istat.it/storage/misura-comune/6-Benessere-economico.xlsx	Serie annuale ufficiale. Data di riferimento precedente al 2026; non notizia PULSE.	ultimo valore osservato, non segnale corrente
Redditi	Incidenza di contribuenti con reddito inferiore a 10.000 euro	Umbria	2023	25.11699768	Valore nella tavola ISTAT; verificare unita e definizione nel file ufficiale.	A misura di Comune — ISTAT	https://www.istat.it/storage/misura-comune/6-Benessere-economico.xlsx	Serie annuale ufficiale. Data di riferimento precedente al 2026; non notizia PULSE.	ultimo valore osservato, non segnale corrente
Redditi	Incidenza di contribuenti con reddito inferiore a 10.000 euro	Marche	2023	21.63970346	Valore nella tavola ISTAT; verificare unita e definizione nel file ufficiale.	A misura di Comune — ISTAT	https://www.istat.it/storage/misura-comune/6-Benessere-economico.xlsx	Serie annuale ufficiale. Data di riferimento precedente al 2026; non notizia PULSE.	ultimo valore osservato, non segnale corrente
Redditi	Incidenza di contribuenti con reddito inferiore a 10.000 euro	Lazio	2023	24.71134168	Valore nella tavola ISTAT; verificare unita e definizione nel file ufficiale.	A misura di Comune — ISTAT	https://www.istat.it/storage/misura-comune/6-Benessere-economico.xlsx	Serie annuale ufficiale. Data di riferimento precedente al 2026; non notizia PULSE.	ultimo valore osservato, non segnale corrente
Redditi	Incidenza di contribuenti con reddito inferiore a 10.000 euro	Abruzzo	2023	26.98206236	Valore nella tavola ISTAT; verificare unita e definizione nel file ufficiale.	A misura di Comune — ISTAT	https://www.istat.it/storage/misura-comune/6-Benessere-economico.xlsx	Serie annuale ufficiale. Data di riferimento precedente al 2026; non notizia PULSE.	ultimo valore osservato, non segnale corrente
Redditi	Incidenza di contribuenti con reddito inferiore a 10.000 euro	Molise	2023	31.90222412	Valore nella tavola ISTAT; verificare unita e definizione nel file ufficiale.	A misura di Comune — ISTAT	https://www.istat.it/storage/misura-comune/6-Benessere-economico.xlsx	Serie annuale ufficiale. Data di riferimento precedente al 2026; non notizia PULSE.	ultimo valore osservato, non segnale corrente
Redditi	Incidenza di contribuenti con reddito inferiore a 10.000 euro	Campania	2023	31.94169865	Valore nella tavola ISTAT; verificare unita e definizione nel file ufficiale.	A misura di Comune — ISTAT	https://www.istat.it/storage/misura-comune/6-Benessere-economico.xlsx	Serie annuale ufficiale. Data di riferimento precedente al 2026; non notizia PULSE.	ultimo valore osservato, non segnale corrente
Redditi	Incidenza di contribuenti con reddito inferiore a 10.000 euro	Puglia	2023	32.16735817	Valore nella tavola ISTAT; verificare unita e definizione nel file ufficiale.	A misura di Comune — ISTAT	https://www.istat.it/storage/misura-comune/6-Benessere-economico.xlsx	Serie annuale ufficiale. Data di riferimento precedente al 2026; non notizia PULSE.	ultimo valore osservato, non segnale corrente
Redditi	Incidenza di contribuenti con reddito inferiore a 10.000 euro	Basilicata	2023	30.53332804	Valore nella tavola ISTAT; verificare unita e definizione nel file ufficiale.	A misura di Comune — ISTAT	https://www.istat.it/storage/misura-comune/6-Benessere-economico.xlsx	Serie annuale ufficiale. Data di riferimento precedente al 2026; non notizia PULSE.	ultimo valore osservato, non segnale corrente
Redditi	Incidenza di contribuenti con reddito inferiore a 10.000 euro	Calabria	2023	36.2792405	Valore nella tavola ISTAT; verificare unita e definizione nel file ufficiale.	A misura di Comune — ISTAT	https://www.istat.it/storage/misura-comune/6-Benessere-economico.xlsx	Serie annuale ufficiale. Data di riferimento precedente al 2026; non notizia PULSE.	ultimo valore osservato, non segnale corrente
Redditi	Incidenza di contribuenti con reddito inferiore a 10.000 euro	Sicilia	2023	32.86569086	Valore nella tavola ISTAT; verificare unita e definizione nel file ufficiale.	A misura di Comune — ISTAT	https://www.istat.it/storage/misura-comune/6-Benessere-economico.xlsx	Serie annuale ufficiale. Data di riferimento precedente al 2026; non notizia PULSE.	ultimo valore osservato, non segnale corrente
Redditi	Incidenza di contribuenti con reddito inferiore a 10.000 euro	Sardegna	2023	27.90763999	Valore nella tavola ISTAT; verificare unita e definizione nel file ufficiale.	A misura di Comune — ISTAT	https://www.istat.it/storage/misura-comune/6-Benessere-economico.xlsx	Serie annuale ufficiale. Data di riferimento precedente al 2026; non notizia PULSE.	ultimo valore osservato, non segnale corrente
Ambiente	Raccolta differenziata dei rifiuti urbani per provincia e regione (Incidenza raccolta differenziata su totale rifiuti)	Piemonte	2024	68.88164205	Valore nella tavola ISTAT; verificare unita e definizione nel file ufficiale.	A misura di Comune — ISTAT	https://www.istat.it/storage/misura-comune/11-Territorio-e-ambiente.xlsx	Serie annuale ufficiale. Data di riferimento precedente al 2026; non notizia PULSE.	ultimo valore osservato, non segnale corrente
Ambiente	Raccolta differenziata dei rifiuti urbani per provincia e regione (Incidenza raccolta differenziata su totale rifiuti)	Valle d'Aosta/Vallée d'Aoste	2024	71.70731898	Valore nella tavola ISTAT; verificare unita e definizione nel file ufficiale.	A misura di Comune — ISTAT	https://www.istat.it/storage/misura-comune/11-Territorio-e-ambiente.xlsx	Serie annuale ufficiale. Data di riferimento precedente al 2026; non notizia PULSE.	ultimo valore osservato, non segnale corrente
Ambiente	Raccolta differenziata dei rifiuti urbani per provincia e regione (Incidenza raccolta differenziata su totale rifiuti)	Lombardia	2024	74.320801	Valore nella tavola ISTAT; verificare unita e definizione nel file ufficiale.	A misura di Comune — ISTAT	https://www.istat.it/storage/misura-comune/11-Territorio-e-ambiente.xlsx	Serie annuale ufficiale. Data di riferimento precedente al 2026; non notizia PULSE.	ultimo valore osservato, non segnale corrente
Ambiente	Raccolta differenziata dei rifiuti urbani per provincia e regione (Incidenza raccolta differenziata su totale rifiuti)	Trentino-Alto Adige/Südtirol	2024	75.78328942	Valore nella tavola ISTAT; verificare unita e definizione nel file ufficiale.	A misura di Comune — ISTAT	https://www.istat.it/storage/misura-comune/11-Territorio-e-ambiente.xlsx	Serie annuale ufficiale. Data di riferimento precedente al 2026; non notizia PULSE.	ultimo valore osservato, non segnale corrente
Ambiente	Raccolta differenziata dei rifiuti urbani per provincia e regione (Incidenza raccolta differenziata su totale rifiuti)	Veneto	2024	78.15531539	Valore nella tavola ISTAT; verificare unita e definizione nel file ufficiale.	A misura di Comune — ISTAT	https://www.istat.it/storage/misura-comune/11-Territorio-e-ambiente.xlsx	Serie annuale ufficiale. Data di riferimento precedente al 2026; non notizia PULSE.	ultimo valore osservato, non segnale corrente
Ambiente	Raccolta differenziata dei rifiuti urbani per provincia e regione (Incidenza raccolta differenziata su totale rifiuti)	Friuli-Venezia Giulia	2024	72.68632974	Valore nella tavola ISTAT; verificare unita e definizione nel file ufficiale.	A misura di Comune — ISTAT	https://www.istat.it/storage/misura-comune/11-Territorio-e-ambiente.xlsx	Serie annuale ufficiale. Data di riferimento precedente al 2026; non notizia PULSE.	ultimo valore osservato, non segnale corrente
Ambiente	Raccolta differenziata dei rifiuti urbani per provincia e regione (Incidenza raccolta differenziata su totale rifiuti)	Liguria	2024	59.59621963	Valore nella tavola ISTAT; verificare unita e definizione nel file ufficiale.	A misura di Comune — ISTAT	https://www.istat.it/storage/misura-comune/11-Territorio-e-ambiente.xlsx	Serie annuale ufficiale. Data di riferimento precedente al 2026; non notizia PULSE.	ultimo valore osservato, non segnale corrente
Ambiente	Raccolta differenziata dei rifiuti urbani per provincia e regione (Incidenza raccolta differenziata su totale rifiuti)	Emilia-Romagna	2024	78.86862758	Valore nella tavola ISTAT; verificare unita e definizione nel file ufficiale.	A misura di Comune — ISTAT	https://www.istat.it/storage/misura-comune/11-Territorio-e-ambiente.xlsx	Serie annuale ufficiale. Data di riferimento precedente al 2026; non notizia PULSE.	ultimo valore osservato, non segnale corrente
Ambiente	Raccolta differenziata dei rifiuti urbani per provincia e regione (Incidenza raccolta differenziata su totale rifiuti)	Toscana	2024	68.06818822	Valore nella tavola ISTAT; verificare unita e definizione nel file ufficiale.	A misura di Comune — ISTAT	https://www.istat.it/storage/misura-comune/11-Territorio-e-ambiente.xlsx	Serie annuale ufficiale. Data di riferimento precedente al 2026; non notizia PULSE.	ultimo valore osservato, non segnale corrente
Ambiente	Raccolta differenziata dei rifiuti urbani per provincia e regione (Incidenza raccolta differenziata su totale rifiuti)	Umbria	2024	69.58109025	Valore nella tavola ISTAT; verificare unita e definizione nel file ufficiale.	A misura di Comune — ISTAT	https://www.istat.it/storage/misura-comune/11-Territorio-e-ambiente.xlsx	Serie annuale ufficiale. Data di riferimento precedente al 2026; non notizia PULSE.	ultimo valore osservato, non segnale corrente
Ambiente	Raccolta differenziata dei rifiuti urbani per provincia e regione (Incidenza raccolta differenziata su totale rifiuti)	Marche	2024	71.84059938	Valore nella tavola ISTAT; verificare unita e definizione nel file ufficiale.	A misura di Comune — ISTAT	https://www.istat.it/storage/misura-comune/11-Territorio-e-ambiente.xlsx	Serie annuale ufficiale. Data di riferimento precedente al 2026; non notizia PULSE.	ultimo valore osservato, non segnale corrente
Ambiente	Raccolta differenziata dei rifiuti urbani per provincia e regione (Incidenza raccolta differenziata su totale rifiuti)	Lazio	2024	56.22775472	Valore nella tavola ISTAT; verificare unita e definizione nel file ufficiale.	A misura di Comune — ISTAT	https://www.istat.it/storage/misura-comune/11-Territorio-e-ambiente.xlsx	Serie annuale ufficiale. Data di riferimento precedente al 2026; non notizia PULSE.	ultimo valore osservato, non segnale corrente
Ambiente	Raccolta differenziata dei rifiuti urbani per provincia e regione (Incidenza raccolta differenziata su totale rifiuti)	Abruzzo	2024	65.72796086	Valore nella tavola ISTAT; verificare unita e definizione nel file ufficiale.	A misura di Comune — ISTAT	https://www.istat.it/storage/misura-comune/11-Territorio-e-ambiente.xlsx	Serie annuale ufficiale. Data di riferimento precedente al 2026; non notizia PULSE.	ultimo valore osservato, non segnale corrente
Ambiente	Raccolta differenziata dei rifiuti urbani per provincia e regione (Incidenza raccolta differenziata su totale rifiuti)	Molise	2024	61.73752478	Valore nella tavola ISTAT; verificare unita e definizione nel file ufficiale.	A misura di Comune — ISTAT	https://www.istat.it/storage/misura-comune/11-Territorio-e-ambiente.xlsx	Serie annuale ufficiale. Data di riferimento precedente al 2026; non notizia PULSE.	ultimo valore osservato, non segnale corrente
Ambiente	Raccolta differenziata dei rifiuti urbani per provincia e regione (Incidenza raccolta differenziata su totale rifiuti)	Campania	2024	58.07311703	Valore nella tavola ISTAT; verificare unita e definizione nel file ufficiale.	A misura di Comune — ISTAT	https://www.istat.it/storage/misura-comune/11-Territorio-e-ambiente.xlsx	Serie annuale ufficiale. Data di riferimento precedente al 2026; non notizia PULSE.	ultimo valore osservato, non segnale corrente
Ambiente	Raccolta differenziata dei rifiuti urbani per provincia e regione (Incidenza raccolta differenziata su totale rifiuti)	Puglia	2024	60.68689927	Valore nella tavola ISTAT; verificare unita e definizione nel file ufficiale.	A misura di Comune — ISTAT	https://www.istat.it/storage/misura-comune/11-Territorio-e-ambiente.xlsx	Serie annuale ufficiale. Data di riferimento precedente al 2026; non notizia PULSE.	ultimo valore osservato, non segnale corrente
Ambiente	Raccolta differenziata dei rifiuti urbani per provincia e regione (Incidenza raccolta differenziata su totale rifiuti)	Basilicata	2024	66.34455027	Valore nella tavola ISTAT; verificare unita e definizione nel file ufficiale.	A misura di Comune — ISTAT	https://www.istat.it/storage/misura-comune/11-Territorio-e-ambiente.xlsx	Serie annuale ufficiale. Data di riferimento precedente al 2026; non notizia PULSE.	ultimo valore osservato, non segnale corrente
Ambiente	Raccolta differenziata dei rifiuti urbani per provincia e regione (Incidenza raccolta differenziata su totale rifiuti)	Calabria	2024	57.53697112	Valore nella tavola ISTAT; verificare unita e definizione nel file ufficiale.	A misura di Comune — ISTAT	https://www.istat.it/storage/misura-comune/11-Territorio-e-ambiente.xlsx	Serie annuale ufficiale. Data di riferimento precedente al 2026; non notizia PULSE.	ultimo valore osservato, non segnale corrente
Ambiente	Raccolta differenziata dei rifiuti urbani per provincia e regione (Incidenza raccolta differenziata su totale rifiuti)	Sicilia	2024	55.51356803	Valore nella tavola ISTAT; verificare unita e definizione nel file ufficiale.	A misura di Comune — ISTAT	https://www.istat.it/storage/misura-comune/11-Territorio-e-ambiente.xlsx	Serie annuale ufficiale. Data di riferimento precedente al 2026; non notizia PULSE.	ultimo valore osservato, non segnale corrente
Ambiente	Raccolta differenziata dei rifiuti urbani per provincia e regione (Incidenza raccolta differenziata su totale rifiuti)	Sardegna	2024	76.55883463	Valore nella tavola ISTAT; verificare unita e definizione nel file ufficiale.	A misura di Comune — ISTAT	https://www.istat.it/storage/misura-comune/11-Territorio-e-ambiente.xlsx	Serie annuale ufficiale. Data di riferimento precedente al 2026; non notizia PULSE.	ultimo valore osservato, non segnale corrente
