id	municipality_code	municipality	province	region	indicator	patterns	scope	score	validation_status	period	summary	annual	rolling12	benchmark_local	benchmark_rest	analysis	source_family	source_url
35357ee8b5503b40	BES-01-01-007	Biella	Biella	Piemonte	Sicurezza · Mortalità stradale in ambito extraurbano	RECORD_MAX|INVERSIONE|ANOMALIA|DIVERGENZA	TERRITORIALE	99.0	SEGNALE PULSE — BES TERRITORI	2023-12	Biella: Mortalità stradale in ambito extraurbano sale da 0,9 a 7,8 nel 2023 (+766.7%).	5.2|6|4.9|5.5|0.9|7.8		5.2|6|4.9|5.5|0.9|7.8	5.3|4.8|5.5|4.6|5|4.3	Record: il valore 2023 supera i valori dei cinque anni precedenti.¦Inversione: la variazione cambia segno tra 2021→2022 e 2022→2023.¦Anomalia: l'ultimo valore si discosta in modo robusto dal livello recente oltre la soglia PULSE.¦Divergenza territoriale: la variazione di Biella si discosta da quella della regione Piemonte.¦PULSE Score: 99.0/100. Fonte: BES dei territori, ISTAT.¦Unità di misura: Valori percentuali.¦Nota fonte: nan	BES dei territori — ISTAT	https://www.istat.it/statistiche-per-temi/focus/benessere-e-sostenibilita/la-misurazione-del-benessere-bes/il-bes-dei-territori/
63ff8103eb7266fb	BES-03-13-068	Latina	Latina	Abruzzo	Sicurezza · Altri delitti mortali denunciati	RECORD_MIN|INVERSIONE|ANOMALIA|DIVERGENZA	TERRITORIALE	99.0	SEGNALE PULSE — BES TERRITORI	2023-12	Latina: Altri delitti mortali denunciati scende da 5,8 a 3,9 nel 2023 (-32.8%).	5.3|5.5|6|5.5|5.8|3.9		5.3|5.5|6|5.5|5.8|3.9	3.4|3.5|3.6|3.3|3.8|3.6	Record: il valore 2023 è inferiore ai valori dei cinque anni precedenti.¦Inversione: la variazione cambia segno tra 2021→2022 e 2022→2023.¦Anomalia: l'ultimo valore si discosta in modo robusto dal livello recente oltre la soglia PULSE.¦Divergenza territoriale: la variazione di Latina si discosta da quella della regione Abruzzo.¦PULSE Score: 99.0/100. Fonte: BES dei territori, ISTAT.¦Unità di misura: Per 100.000 abitanti.¦Nota fonte: I dati delle province di Sassari, Nuoro, Cagliari e Oristano si riferiscono ai confini in essere fino al 31 dicembre 2005; la somma dei dati provinciali corrisponde al dato complessivo della regione Sardegna.	BES dei territori — ISTAT	https://www.istat.it/statistiche-per-temi/focus/benessere-e-sostenibilita/la-misurazione-del-benessere-bes/il-bes-dei-territori/
f0ef1f858528f4fd	BES-02-08-000	Friuli-Venezia Giulia		Friuli-Venezia Giulia	Sicurezza · Altri delitti mortali denunciati	RECORD_MIN|INVERSIONE|ANOMALIA	GENERAL	99.0	SEGNALE PULSE — BES TERRITORI	2023-12	Friuli-Venezia Giulia: Altri delitti mortali denunciati scende da 3,3 a 2,1 nel 2023 (-36.4%).	3.6|3.1|3|3|3.3|2.1				Record: il valore 2023 è inferiore ai valori dei cinque anni precedenti.¦Inversione: la variazione cambia segno tra 2021→2022 e 2022→2023.¦Anomalia: l'ultimo valore si discosta in modo robusto dal livello recente oltre la soglia PULSE.¦PULSE Score: 99.0/100. Fonte: BES dei territori, ISTAT.¦Unità di misura: Per 100.000 abitanti.¦Nota fonte: I dati delle province di Sassari, Nuoro, Cagliari e Oristano si riferiscono ai confini in essere fino al 31 dicembre 2005; la somma dei dati provinciali corrisponde al dato complessivo della regione Sardegna.	BES dei territori — ISTAT	https://www.istat.it/statistiche-per-temi/focus/benessere-e-sostenibilita/la-misurazione-del-benessere-bes/il-bes-dei-territori/
7e62ecea6805d444	BES-02-05-001	Bolzano/Bozen	Bolzano/Bozen	Veneto	Benessere economico · Pensionati con reddito pensionistico di basso importo	RECORD_MIN|ACCELERAZIONE|ANOMALIA|DIVERGENZA	TERRITORIALE	99.0	SEGNALE PULSE — BES TERRITORI	2023-12	Bolzano/Bozen: Pensionati con reddito pensionistico di basso importo scende da 6,9 a 4,1 nel 2023 (-40.6%).	8|8.2|7.6|7.1|6.9|4.1		8|8.2|7.6|7.1|6.9|4.1	7.8|7.8|7.4|7.2|6.8|5.2	Record: il valore 2023 è inferiore ai valori dei cinque anni precedenti.¦Accelerazione: il cambiamento più recente è nettamente più ampio del precedente.¦Anomalia: l'ultimo valore si discosta in modo robusto dal livello recente oltre la soglia PULSE.¦Divergenza territoriale: la variazione di Bolzano/Bozen si discosta da quella della regione Veneto.¦PULSE Score: 99.0/100. Fonte: BES dei territori, ISTAT.¦Unità di misura: Valori percentuali.¦Nota fonte: nan	BES dei territori — ISTAT	https://www.istat.it/statistiche-per-temi/focus/benessere-e-sostenibilita/la-misurazione-del-benessere-bes/il-bes-dei-territori/
296e8b1ad7aa5cd1	BES-01-04-020	Pavia	Pavia	Trentino-Alto Adige/Südtirol	Salute · Mortalità infantile	RECORD_MAX|INVERSIONE|ANOMALIA|DIVERGENZA	TERRITORIALE	99.0	SEGNALE PULSE — BES TERRITORI	2022-12	Pavia: Mortalità infantile sale da 2,4 a 3,8 nel 2022 (+58.3%).	2.1|1.9|2.8|2.7|2.4|3.8		2.1|1.9|2.8|2.7|2.4|3.8	2.6|2.6|2.2|2.4|2.3|2.4	Record: il valore 2022 supera i valori dei cinque anni precedenti.¦Inversione: la variazione cambia segno tra 2020→2021 e 2021→2022.¦Anomalia: l'ultimo valore si discosta in modo robusto dal livello recente oltre la soglia PULSE.¦Divergenza territoriale: la variazione di Pavia si discosta da quella della regione Trentino-Alto Adige/Südtirol.¦PULSE Score: 99.0/100. Fonte: BES dei territori, ISTAT.¦Unità di misura: Per 1.000 nati vivi.¦Nota fonte: nan	BES dei territori — ISTAT	https://www.istat.it/statistiche-per-temi/focus/benessere-e-sostenibilita/la-misurazione-del-benessere-bes/il-bes-dei-territori/
dea20640a1738771	BES-02-07-029	Vicenza	Vicenza	Liguria	Salute · Mortalità infantile	RECORD_MIN|INVERSIONE|ANOMALIA|DIVERGENZA	TERRITORIALE	99.0	SEGNALE PULSE — BES TERRITORI	2022-12	Vicenza: Mortalità infantile scende da 2,3 a 0,8 nel 2022 (-65.2%).	2.3|2.6|2.6|2.2|2.3|0.8		2.3|2.6|2.6|2.2|2.3|0.8	2.2|2.1|2.6|1.9|2.1|2	Record: il valore 2022 è inferiore ai valori dei cinque anni precedenti.¦Inversione: la variazione cambia segno tra 2020→2021 e 2021→2022.¦Anomalia: l'ultimo valore si discosta in modo robusto dal livello recente oltre la soglia PULSE.¦Divergenza territoriale: la variazione di Vicenza si discosta da quella della regione Liguria.¦PULSE Score: 99.0/100. Fonte: BES dei territori, ISTAT.¦Unità di misura: Per 1.000 nati vivi.¦Nota fonte: nan	BES dei territori — ISTAT	https://www.istat.it/statistiche-per-temi/focus/benessere-e-sostenibilita/la-misurazione-del-benessere-bes/il-bes-dei-territori/
096c20e075a0df5b	BES-03-13-065	Viterbo	Viterbo	Abruzzo	Salute · Mortalità infantile	RECORD_MIN|INVERSIONE|ANOMALIA|DIVERGENZA	TERRITORIALE	99.0	SEGNALE PULSE — BES TERRITORI	2022-12	Viterbo: Mortalità infantile scende da 3,4 a 1,1 nel 2022 (-67.6%).	3.8|2.4|2.7|3.3|3.4|1.1		3.8|2.4|2.7|3.3|3.4|1.1	2.5|3|2.4|2.6|2.6|2.8	Record: il valore 2022 è inferiore ai valori dei cinque anni precedenti.¦Inversione: la variazione cambia segno tra 2020→2021 e 2021→2022.¦Anomalia: l'ultimo valore si discosta in modo robusto dal livello recente oltre la soglia PULSE.¦Divergenza territoriale: la variazione di Viterbo si discosta da quella della regione Abruzzo.¦PULSE Score: 99.0/100. Fonte: BES dei territori, ISTAT.¦Unità di misura: Per 1.000 nati vivi.¦Nota fonte: nan	BES dei territori — ISTAT	https://www.istat.it/statistiche-per-temi/focus/benessere-e-sostenibilita/la-misurazione-del-benessere-bes/il-bes-dei-territori/
0025192b47a5f721	BES-04-19-090	Catanzaro	Catanzaro	Sicilia	Salute · Mortalità infantile	RECORD_MIN|INVERSIONE|ANOMALIA|DIVERGENZA	TERRITORIALE	99.0	SEGNALE PULSE — BES TERRITORI	2022-12	Catanzaro: Mortalità infantile scende da 6,2 a 2,1 nel 2022 (-66.1%).	3.9|4.1|3.5|4.4|6.2|2.1		3.9|4.1|3.5|4.4|6.2|2.1	4.1|4|4.4|3.9|4.2|3.6	Record: il valore 2022 è inferiore ai valori dei cinque anni precedenti.¦Inversione: la variazione cambia segno tra 2020→2021 e 2021→2022.¦Anomalia: l'ultimo valore si discosta in modo robusto dal livello recente oltre la soglia PULSE.¦Divergenza territoriale: la variazione di Catanzaro si discosta da quella della regione Sicilia.¦PULSE Score: 99.0/100. Fonte: BES dei territori, ISTAT.¦Unità di misura: Per 1.000 nati vivi.¦Nota fonte: nan	BES dei territori — ISTAT	https://www.istat.it/statistiche-per-temi/focus/benessere-e-sostenibilita/la-misurazione-del-benessere-bes/il-bes-dei-territori/
51c2e9ecb4f19f93	BES-04-17-082	Bari	Bari	Basilicata	Salute · Mortalità per incidenti stradali (15-34 anni)	RECORD_MAX|INVERSIONE|ANOMALIA|DIVERGENZA	TERRITORIALE	99.0	SEGNALE PULSE — BES TERRITORI	2023-12	Bari: Mortalità per incidenti stradali (15-34 anni) sale da 0,3 a 0,8 nel 2023 (+166.7%).	0.6|0.7|0.4|0.4|0.3|0.8		0.6|0.7|0.4|0.4|0.3|0.8	0.8|0.8|0.6|0.8|0.9|0.8	Record: il valore 2023 supera i valori dei cinque anni precedenti.¦Inversione: la variazione cambia segno tra 2021→2022 e 2022→2023.¦Anomalia: l'ultimo valore si discosta in modo robusto dal livello recente oltre la soglia PULSE.¦Divergenza territoriale: la variazione di Bari si discosta da quella della regione Basilicata.¦PULSE Score: 99.0/100. Fonte: BES dei territori, ISTAT.¦Unità di misura: Tassi standardizzati per 10.000 residenti.¦Nota fonte: Nel 2018, sono incluse le vittime dell'incidente a Genova sul Ponte Morandi (Autostrada A10).	BES dei territori — ISTAT	https://www.istat.it/statistiche-per-temi/focus/benessere-e-sostenibilita/la-misurazione-del-benessere-bes/il-bes-dei-territori/
a393302054440c9c	BES-02-09-046	Forlì-Cesena	Forlì-Cesena	Toscana	Salute · Mortalità per tumore (20-64 anni)	RECORD_MIN|INVERSIONE|ANOMALIA|DIVERGENZA	TERRITORIALE	99.0	SEGNALE PULSE — BES TERRITORI	2022-12	Forlì-Cesena: Mortalità per tumore (20-64 anni) scende da 7,4 a 6,1 nel 2022 (-17.6%).	6.9|6.7|7.2|7.3|7.4|6.1		6.9|6.7|7.2|7.3|7.4|6.1	8|7.9|7.6|7.3|7.1|7.1	Record: il valore 2022 è inferiore ai valori dei cinque anni precedenti.¦Inversione: la variazione cambia segno tra 2020→2021 e 2021→2022.¦Anomalia: l'ultimo valore si discosta in modo robusto dal livello recente oltre la soglia PULSE.¦Divergenza territoriale: la variazione di Forlì-Cesena si discosta da quella della regione Toscana.¦PULSE Score: 99.0/100. Fonte: BES dei territori, ISTAT.¦Unità di misura: Tassi standardizzati per 10.000 residenti.¦Nota fonte: nan	BES dei territori — ISTAT	https://www.istat.it/statistiche-per-temi/focus/benessere-e-sostenibilita/la-misurazione-del-benessere-bes/il-bes-dei-territori/
057f802aa0b3548f	BES-04-19-093	Vibo Valentia	Vibo Valentia	Sicilia	Salute · Mortalità per tumore (20-64 anni)	RECORD_MIN|INVERSIONE|ANOMALIA|DIVERGENZA	TERRITORIALE	99.0	SEGNALE PULSE — BES TERRITORI	2022-12	Vibo Valentia: Mortalità per tumore (20-64 anni) scende da 8,5 a 5,4 nel 2022 (-36.5%).	7.5|8|7.3|8.3|8.5|5.4		7.5|8|7.3|8.3|8.5|5.4	8|8.3|8.2|8|8.3|8	Record: il valore 2022 è inferiore ai valori dei cinque anni precedenti.¦Inversione: la variazione cambia segno tra 2020→2021 e 2021→2022.¦Anomalia: l'ultimo valore si discosta in modo robusto dal livello recente oltre la soglia PULSE.¦Divergenza territoriale: la variazione di Vibo Valentia si discosta da quella della regione Sicilia.¦PULSE Score: 99.0/100. Fonte: BES dei territori, ISTAT.¦Unità di misura: Tassi standardizzati per 10.000 residenti.¦Nota fonte: nan	BES dei territori — ISTAT	https://www.istat.it/statistiche-per-temi/focus/benessere-e-sostenibilita/la-misurazione-del-benessere-bes/il-bes-dei-territori/
7d3c38fbd74f4598	BES-05-20-094	Trapani	Trapani	Sardegna	Salute · Mortalità per demenze e malattie del sistema nervoso (65 anni e più)	RECORD_MAX|ACCELERAZIONE|ANOMALIA|DIVERGENZA	TERRITORIALE	99.0	SEGNALE PULSE — BES TERRITORI	2022-12	Trapani: Mortalità per demenze e malattie del sistema nervoso (65 anni e più) sale da 37,8 a 43,3 nel 2022 (+14.6%).	42.4|37.7|37.2|36.7|37.8|43.3		42.4|37.7|37.2|36.7|37.8|43.3	33.7|31.1|31.6|31.1|33.8|32.2	Record: il valore 2022 supera i valori dei cinque anni precedenti.¦Accelerazione: il cambiamento più recente è nettamente più ampio del precedente.¦Anomalia: l'ultimo valore si discosta in modo robusto dal livello recente oltre la soglia PULSE.¦Divergenza territoriale: la variazione di Trapani si discosta da quella della regione Sardegna.¦PULSE Score: 99.0/100. Fonte: BES dei territori, ISTAT.¦Unità di misura: Tassi standardizzati per 10.000 residenti.¦Nota fonte: nan	BES dei territori — ISTAT	https://www.istat.it/statistiche-per-temi/focus/benessere-e-sostenibilita/la-misurazione-del-benessere-bes/il-bes-dei-territori/
2a3bfead0a1feed3	BES-02-07-034	Rovigo	Rovigo	Liguria	Politica e istituzioni · Amministratori comunali donne	RECORD_MAX|INVERSIONE|ANOMALIA|DIVERGENZA	TERRITORIALE	99.0	SEGNALE PULSE — BES TERRITORI	2024-12	Rovigo: Amministratori comunali donne sale da 26,3 a 38,7 nel 2024 (+47.1%).	38.4|38.4|37.7|38.3|26.3|38.7		38.4|38.4|37.7|38.3|26.3|38.7	36|36.1|34.9|35.5|31.7|36.9	Record: il valore 2024 supera i valori dei cinque anni precedenti.¦Inversione: la variazione cambia segno tra 2022→2023 e 2023→2024.¦Anomalia: l'ultimo valore si discosta in modo robusto dal livello recente oltre la soglia PULSE.¦Divergenza territoriale: la variazione di Rovigo si discosta da quella della regione Liguria.¦PULSE Score: 99.0/100. Fonte: BES dei territori, ISTAT.¦Unità di misura: Valori percentuali.¦Nota fonte: nan	BES dei territori — ISTAT	https://www.istat.it/statistiche-per-temi/focus/benessere-e-sostenibilita/la-misurazione-del-benessere-bes/il-bes-dei-territori/
b8b371c4b9ce7bd4	BES-01-04-016	Sondrio	Sondrio	Trentino-Alto Adige/Südtirol	Politica e istituzioni · Amministratori comunali donne	RECORD_MIN|INVERSIONE|ANOMALIA|DIVERGENZA	TERRITORIALE	99.0	SEGNALE PULSE — BES TERRITORI	2024-12	Sondrio: Amministratori comunali donne scende da 39,4 a 30,9 nel 2024 (-21.6%).	31.6|32.4|32.3|32.5|39.4|30.9		31.6|32.4|32.3|32.5|39.4|30.9	34.5|34.7|33.9|34.2|35.6|35.3	Record: il valore 2024 è inferiore ai valori dei cinque anni precedenti.¦Inversione: la variazione cambia segno tra 2022→2023 e 2023→2024.¦Anomalia: l'ultimo valore si discosta in modo robusto dal livello recente oltre la soglia PULSE.¦Divergenza territoriale: la variazione di Sondrio si discosta da quella della regione Trentino-Alto Adige/Südtirol.¦PULSE Score: 99.0/100. Fonte: BES dei territori, ISTAT.¦Unità di misura: Valori percentuali.¦Nota fonte: nan	BES dei territori — ISTAT	https://www.istat.it/statistiche-per-temi/focus/benessere-e-sostenibilita/la-misurazione-del-benessere-bes/il-bes-dei-territori/
cdacd5a91b3dc179	BES-01-01-006	Alessandria	Alessandria	Piemonte	Politica e istituzioni · Amministratori comunali donne	RECORD_MAX|INVERSIONE|ANOMALIA|DIVERGENZA	TERRITORIALE	99.0	SEGNALE PULSE — BES TERRITORI	2024-12	Alessandria: Amministratori comunali donne sale da 29,6 a 31,9 nel 2024 (+7.8%).	30|29.7|29.9|29.9|29.6|31.9		30|29.7|29.9|29.9|29.6|31.9	31.7|31.7|31.7|31.9|32.3|33.4	Record: il valore 2024 supera i valori dei cinque anni precedenti.¦Inversione: la variazione cambia segno tra 2022→2023 e 2023→2024.¦Anomalia: l'ultimo valore si discosta in modo robusto dal livello recente oltre la soglia PULSE.¦Divergenza territoriale: la variazione di Alessandria si discosta da quella della regione Piemonte.¦PULSE Score: 99.0/100. Fonte: BES dei territori, ISTAT.¦Unità di misura: Valori percentuali.¦Nota fonte: nan	BES dei territori — ISTAT	https://www.istat.it/statistiche-per-temi/focus/benessere-e-sostenibilita/la-misurazione-del-benessere-bes/il-bes-dei-territori/
0bfe1ab8a1bbc347	BES-02-09-045	Ravenna	Ravenna	Toscana	Qualità dei servizi · Irregolarità del servizio elettrico	RECORD_MAX|INVERSIONE|ANOMALIA|DIVERGENZA	TERRITORIALE	99.0	SEGNALE PULSE — BES TERRITORI	2023-12	Ravenna: Irregolarità del servizio elettrico sale da 0,9 a 2,2 nel 2023 (+144.4%).	1.2|1|0.8|1|0.9|2.2		1.2|1|0.8|1|0.9|2.2	1.3|1.3|1.2|1|1.3|1.4	Record: il valore 2023 supera i valori dei cinque anni precedenti.¦Inversione: la variazione cambia segno tra 2021→2022 e 2022→2023.¦Anomalia: l'ultimo valore si discosta in modo robusto dal livello recente oltre la soglia PULSE.¦Divergenza territoriale: la variazione di Ravenna si discosta da quella della regione Toscana.¦PULSE Score: 99.0/100. Fonte: BES dei territori, ISTAT.¦Unità di misura: Numero medio per utente.¦Nota fonte: nan	BES dei territori — ISTAT	https://www.istat.it/statistiche-per-temi/focus/benessere-e-sostenibilita/la-misurazione-del-benessere-bes/il-bes-dei-territori/
1e7536066a8861ed	BES-03-10-049	Lucca	Lucca	Umbria	Politica e istituzioni · Amministratori comunali donne	RECORD_MAX|INVERSIONE|ANOMALIA|DIVERGENZA	TERRITORIALE	99.0	SEGNALE PULSE — BES TERRITORI	2024-12	Lucca: Amministratori comunali donne sale da 32,3 a 36,9 nel 2024 (+14.2%).	34.6|34.6|34.2|34.5|32.3|36.9		34.6|34.6|34.2|34.5|32.3|36.9	36.6|36.6|36.5|36.7|35.4|38.8	Record: il valore 2024 supera i valori dei cinque anni precedenti.¦Inversione: la variazione cambia segno tra 2022→2023 e 2023→2024.¦Anomalia: l'ultimo valore si discosta in modo robusto dal livello recente oltre la soglia PULSE.¦Divergenza territoriale: la variazione di Lucca si discosta da quella della regione Umbria.¦PULSE Score: 99.0/100. Fonte: BES dei territori, ISTAT.¦Unità di misura: Valori percentuali.¦Nota fonte: nan	BES dei territori — ISTAT	https://www.istat.it/statistiche-per-temi/focus/benessere-e-sostenibilita/la-misurazione-del-benessere-bes/il-bes-dei-territori/
bb91c522ba0dee4f	BES-03-10-048	Massa-Carrara	Massa-Carrara	Umbria	Politica e istituzioni · Amministratori comunali donne	RECORD_MAX|INVERSIONE|ANOMALIA|DIVERGENZA	TERRITORIALE	99.0	SEGNALE PULSE — BES TERRITORI	2024-12	Massa-Carrara: Amministratori comunali donne sale da 31,9 a 38,5 nel 2024 (+20.7%).	31.1|32|33.7|36.2|31.9|38.5		31.1|32|33.7|36.2|31.9|38.5	36.6|36.6|36.5|36.7|35.4|38.8	Record: il valore 2024 supera i valori dei cinque anni precedenti.¦Inversione: la variazione cambia segno tra 2022→2023 e 2023→2024.¦Anomalia: l'ultimo valore si discosta in modo robusto dal livello recente oltre la soglia PULSE.¦Divergenza territoriale: la variazione di Massa-Carrara si discosta da quella della regione Umbria.¦PULSE Score: 99.0/100. Fonte: BES dei territori, ISTAT.¦Unità di misura: Valori percentuali.¦Nota fonte: nan	BES dei territori — ISTAT	https://www.istat.it/statistiche-per-temi/focus/benessere-e-sostenibilita/la-misurazione-del-benessere-bes/il-bes-dei-territori/
9a43f8c1bd401126	BES-03-10-000	Toscana		Toscana	Politica e istituzioni · Amministratori comunali donne	RECORD_MAX|INVERSIONE|ANOMALIA	GENERAL	99.0	SEGNALE PULSE — BES TERRITORI	2024-12	Toscana: Amministratori comunali donne sale da 35,4 a 38,8 nel 2024 (+9.6%).	36.6|36.6|36.5|36.7|35.4|38.8				Record: il valore 2024 supera i valori dei cinque anni precedenti.¦Inversione: la variazione cambia segno tra 2022→2023 e 2023→2024.¦Anomalia: l'ultimo valore si discosta in modo robusto dal livello recente oltre la soglia PULSE.¦PULSE Score: 99.0/100. Fonte: BES dei territori, ISTAT.¦Unità di misura: Valori percentuali.¦Nota fonte: nan	BES dei territori — ISTAT	https://www.istat.it/statistiche-per-temi/focus/benessere-e-sostenibilita/la-misurazione-del-benessere-bes/il-bes-dei-territori/
67fc5f05112032c4	BES-02-08-000	Friuli-Venezia Giulia		Friuli-Venezia Giulia	Politica e istituzioni · Amministratori comunali donne	RECORD_MAX|INVERSIONE|ANOMALIA	GENERAL	99.0	SEGNALE PULSE — BES TERRITORI	2024-12	Friuli-Venezia Giulia: Amministratori comunali donne sale da 37,7 a 40,4 nel 2024 (+7.2%).	37.9|37.9|37.7|38.3|37.7|40.4				Record: il valore 2024 supera i valori dei cinque anni precedenti.¦Inversione: la variazione cambia segno tra 2022→2023 e 2023→2024.¦Anomalia: l'ultimo valore si discosta in modo robusto dal livello recente oltre la soglia PULSE.¦PULSE Score: 99.0/100. Fonte: BES dei territori, ISTAT.¦Unità di misura: Valori percentuali.¦Nota fonte: nan	BES dei territori — ISTAT	https://www.istat.it/statistiche-per-temi/focus/benessere-e-sostenibilita/la-misurazione-del-benessere-bes/il-bes-dei-territori/
94440ccf46ddb56f	BES-03-12-064	Fermo	Fermo	Lazio	Politica e istituzioni · Affollamento degli istituti di pena	RECORD_MAX|INVERSIONE|ANOMALIA|DIVERGENZA	TERRITORIALE	99.0	SEGNALE PULSE — BES TERRITORI	2024-12	Fermo: Affollamento degli istituti di pena sale da 116,3 a 358,1 nel 2024 (+207.9%).	129.3|104.9|109.8|134.1|116.3|358.1		129.3|104.9|109.8|134.1|116.3|358.1	104.8|100.1|100|102|109.8|113.5	Record: il valore 2024 supera i valori dei cinque anni precedenti.¦Inversione: la variazione cambia segno tra 2022→2023 e 2023→2024.¦Anomalia: l'ultimo valore si discosta in modo robusto dal livello recente oltre la soglia PULSE.¦Divergenza territoriale: la variazione di Fermo si discosta da quella della regione Lazio.¦PULSE Score: 99.0/100. Fonte: BES dei territori, ISTAT.¦Unità di misura: Valori percentuali.¦Nota fonte: nan	BES dei territori — ISTAT	https://www.istat.it/statistiche-per-temi/focus/benessere-e-sostenibilita/la-misurazione-del-benessere-bes/il-bes-dei-territori/
bccb84cd5bc9228e	BES-04-14-000	Abruzzo		Abruzzo	Politica e istituzioni · Comuni: capacità di riscossione	RECORD_MIN|INVERSIONE|ANOMALIA	GENERAL	99.0	SEGNALE PULSE — BES TERRITORI	2022-12	Abruzzo: Comuni: capacità di riscossione scende da 76 a 60,1 nel 2022 (-20.9%).	75.1|77.8|79.3|75.1|76|60.1				Record: il valore 2022 è inferiore ai valori dei cinque anni precedenti.¦Inversione: la variazione cambia segno tra 2020→2021 e 2021→2022.¦Anomalia: l'ultimo valore si discosta in modo robusto dal livello recente oltre la soglia PULSE.¦PULSE Score: 99.0/100. Fonte: BES dei territori, ISTAT.¦Unità di misura: Valori percentuali.¦Nota fonte: nan	BES dei territori — ISTAT	https://www.istat.it/statistiche-per-temi/focus/benessere-e-sostenibilita/la-misurazione-del-benessere-bes/il-bes-dei-territori/
ca3a96cdf6d6bf6c	BES-04-14-072	Pescara	Pescara	Molise	Politica e istituzioni · Comuni: capacità di riscossione	RECORD_MIN|ACCELERAZIONE|ANOMALIA|DIVERGENZA	TERRITORIALE	99.0	SEGNALE PULSE — BES TERRITORI	2022-12	Pescara: Comuni: capacità di riscossione scende da 79,4 a 73,2 nel 2022 (-7.8%).	77|81|79.7|80.5|79.4|73.2		77|81|79.7|80.5|79.4|73.2	75.1|77.8|79.3|75.1|76|60.1	Record: il valore 2022 è inferiore ai valori dei cinque anni precedenti.¦Accelerazione: il cambiamento più recente è nettamente più ampio del precedente.¦Anomalia: l'ultimo valore si discosta in modo robusto dal livello recente oltre la soglia PULSE.¦Divergenza territoriale: la variazione di Pescara si discosta da quella della regione Molise.¦PULSE Score: 99.0/100. Fonte: BES dei territori, ISTAT.¦Unità di misura: Valori percentuali.¦Nota fonte: nan	BES dei territori — ISTAT	https://www.istat.it/statistiche-per-temi/focus/benessere-e-sostenibilita/la-misurazione-del-benessere-bes/il-bes-dei-territori/
1c993a6682bba5ff	BES-05-20-094	Trapani	Trapani	Sardegna	Politica e istituzioni · Comuni: capacità di riscossione	RECORD_MIN|ACCELERAZIONE|ANOMALIA|DIVERGENZA	TERRITORIALE	99.0	SEGNALE PULSE — BES TERRITORI	2022-12	Trapani: Comuni: capacità di riscossione scende da 73 a 61,5 nel 2022 (-15.8%).	70.5|75.8|76.7|75.1|73|61.5		70.5|75.8|76.7|75.1|73|61.5	79.1|77.8|75.2|76.5|68.2|70.1	Record: il valore 2022 è inferiore ai valori dei cinque anni precedenti.¦Accelerazione: il cambiamento più recente è nettamente più ampio del precedente.¦Anomalia: l'ultimo valore si discosta in modo robusto dal livello recente oltre la soglia PULSE.¦Divergenza territoriale: la variazione di Trapani si discosta da quella della regione Sardegna.¦PULSE Score: 99.0/100. Fonte: BES dei territori, ISTAT.¦Unità di misura: Valori percentuali.¦Nota fonte: nan	BES dei territori — ISTAT	https://www.istat.it/statistiche-per-temi/focus/benessere-e-sostenibilita/la-misurazione-del-benessere-bes/il-bes-dei-territori/
32e92e3e6825f446	BES-01-04-016	Sondrio	Sondrio	Trentino-Alto Adige/Südtirol	Politica e istituzioni · Amministrazioni provinciali: capacità di riscossione	RECORD_MIN|INVERSIONE|ANOMALIA|DIVERGENZA	TERRITORIALE	99.0	SEGNALE PULSE — BES TERRITORI	2022-12	Sondrio: Amministrazioni provinciali: capacità di riscossione scende da 98,1 a 61,8 nel 2022 (-37.0%).	97.5|98|99.2|97.2|98.1|61.8		97.5|98|99.2|97.2|98.1|61.8	76.6|76.9|77.1|79.7|75.6|73.4	Record: il valore 2022 è inferiore ai valori dei cinque anni precedenti.¦Inversione: la variazione cambia segno tra 2020→2021 e 2021→2022.¦Anomalia: l'ultimo valore si discosta in modo robusto dal livello recente oltre la soglia PULSE.¦Divergenza territoriale: la variazione di Sondrio si discosta da quella della regione Trentino-Alto Adige/Südtirol.¦PULSE Score: 99.0/100. Fonte: BES dei territori, ISTAT.¦Unità di misura: Valori percentuali.¦Nota fonte: (a) Nel 2019 tutte le Amministrazioni provinciali del Friuli-Venezia Giulia risultano abolite.	BES dei territori — ISTAT	https://www.istat.it/statistiche-per-temi/focus/benessere-e-sostenibilita/la-misurazione-del-benessere-bes/il-bes-dei-territori/
162316ce2d0958b3	BES-02-07-034	Rovigo	Rovigo	Liguria	Politica e istituzioni · Amministrazioni provinciali: capacità di riscossione	RECORD_MIN|ACCELERAZIONE|ANOMALIA|DIVERGENZA	TERRITORIALE	99.0	SEGNALE PULSE — BES TERRITORI	2022-12	Rovigo: Amministrazioni provinciali: capacità di riscossione scende da 89,4 a 65,9 nel 2022 (-26.3%).	69.8|82.8|85.4|90.7|89.4|65.9		69.8|82.8|85.4|90.7|89.4|65.9	84.9|86.8|87.1|92.7|88.7|89.4	Record: il valore 2022 è inferiore ai valori dei cinque anni precedenti.¦Accelerazione: il cambiamento più recente è nettamente più ampio del precedente.¦Anomalia: l'ultimo valore si discosta in modo robusto dal livello recente oltre la soglia PULSE.¦Divergenza territoriale: la variazione di Rovigo si discosta da quella della regione Liguria.¦PULSE Score: 99.0/100. Fonte: BES dei territori, ISTAT.¦Unità di misura: Valori percentuali.¦Nota fonte: (a) Nel 2019 tutte le Amministrazioni provinciali del Friuli-Venezia Giulia risultano abolite.	BES dei territori — ISTAT	https://www.istat.it/statistiche-per-temi/focus/benessere-e-sostenibilita/la-misurazione-del-benessere-bes/il-bes-dei-territori/
ac6abe3778428f8c	BES-02-08-000	Friuli-Venezia Giulia		Friuli-Venezia Giulia	Politica e istituzioni · Amministrazioni provinciali: capacità di riscossione	RECORD_MIN|INVERSIONE|ANOMALIA	GENERAL	99.0	SEGNALE PULSE — BES TERRITORI	2017-12	Friuli-Venezia Giulia: Amministrazioni provinciali: capacità di riscossione scende da 91,2 a 54 nel 2017 (-40.8%).	78|81.2|84.4|78.7|91.2|54				Record: il valore 2017 è inferiore ai valori dei cinque anni precedenti.¦Inversione: la variazione cambia segno tra 2015→2016 e 2016→2017.¦Anomalia: l'ultimo valore si discosta in modo robusto dal livello recente oltre la soglia PULSE.¦PULSE Score: 99.0/100. Fonte: BES dei territori, ISTAT.¦Unità di misura: Valori percentuali.¦Nota fonte: (a) Nel 2019 tutte le Amministrazioni provinciali del Friuli-Venezia Giulia risultano abolite.	BES dei territori — ISTAT	https://www.istat.it/statistiche-per-temi/focus/benessere-e-sostenibilita/la-misurazione-del-benessere-bes/il-bes-dei-territori/
bf205527a444d817	BES-02-08-036	Gorizia	Gorizia	Emilia-Romagna	Politica e istituzioni · Amministrazioni provinciali: capacità di riscossione	RECORD_MAX|INVERSIONE|ANOMALIA|DIVERGENZA	TERRITORIALE	99.0	SEGNALE PULSE — BES TERRITORI	2016-12	Gorizia: Amministrazioni provinciali: capacità di riscossione sale da 68,6 a 95,3 nel 2016 (+38.9%).	69|75|77.4|77.3|68.6|95.3		69|75|77.4|77.3|68.6|95.3	75|78|81.2|84.4|78.7|91.2	Record: il valore 2016 supera i valori dei cinque anni precedenti.¦Inversione: la variazione cambia segno tra 2014→2015 e 2015→2016.¦Anomalia: l'ultimo valore si discosta in modo robusto dal livello recente oltre la soglia PULSE.¦Divergenza territoriale: la variazione di Gorizia si discosta da quella della regione Emilia-Romagna.¦PULSE Score: 99.0/100. Fonte: BES dei territori, ISTAT.¦Unità di misura: Valori percentuali.¦Nota fonte: (a) Nel 2019 tutte le Amministrazioni provinciali del Friuli-Venezia Giulia risultano abolite.	BES dei territori — ISTAT	https://www.istat.it/statistiche-per-temi/focus/benessere-e-sostenibilita/la-misurazione-del-benessere-bes/il-bes-dei-territori/
0b46c1065a871141	BES-04-17-083	Taranto	Taranto	Basilicata	Ambiente · Concentrazione media annua di PM10	RECORD_MAX|ACCELERAZIONE|ANOMALIA|DIVERGENZA	TERRITORIALE	99.0	SEGNALE PULSE — BES TERRITORI	2023-12	Taranto: Concentrazione media annua di PM10 sale da 25 a 33 nel 2023 (+32.0%).	28|27|27|24|25|33		28|27|27|24|25|33	6|6|6|7|6|6	Record: il valore 2023 supera i valori dei cinque anni precedenti.¦Accelerazione: il cambiamento più recente è nettamente più ampio del precedente.¦Anomalia: l'ultimo valore si discosta in modo robusto dal livello recente oltre la soglia PULSE.¦Divergenza territoriale: la variazione di Taranto si discosta da quella della regione Basilicata.¦PULSE Score: 99.0/100. Fonte: BES dei territori, ISTAT.¦Unità di misura: Microgrammi per m3.¦Nota fonte: nan	BES dei territori — ISTAT	https://www.istat.it/statistiche-per-temi/focus/benessere-e-sostenibilita/la-misurazione-del-benessere-bes/il-bes-dei-territori/
130c44e0e9f32028	BES-02-07-029	Vicenza	Vicenza	Liguria	Ambiente · Disponibilità di verde urbano	RECORD_MAX|ACCELERAZIONE|ANOMALIA|DIVERGENZA	TERRITORIALE	99.0	SEGNALE PULSE — BES TERRITORI	2023-12	Vicenza: Disponibilità di verde urbano sale da 25,8 a 28,4 nel 2023 (+10.1%).	24.2|24.8|24.7|25.6|25.8|28.4		24.2|24.8|24.7|25.6|25.8|28.4	34.9|34.9|35.2|35.7|36.4|36.8	Record: il valore 2023 supera i valori dei cinque anni precedenti.¦Accelerazione: il cambiamento più recente è nettamente più ampio del precedente.¦Anomalia: l'ultimo valore si discosta in modo robusto dal livello recente oltre la soglia PULSE.¦Divergenza territoriale: la variazione di Vicenza si discosta da quella della regione Liguria.¦PULSE Score: 99.0/100. Fonte: BES dei territori, ISTAT.¦Unità di misura: M2 per abitante.¦Nota fonte: nan	BES dei territori — ISTAT	https://www.istat.it/statistiche-per-temi/focus/benessere-e-sostenibilita/la-misurazione-del-benessere-bes/il-bes-dei-territori/
51360424b82f8797	BES-04-17-081	Foggia	Foggia	Basilicata	Ambiente · Concentrazione media annua di PM2.5	RECORD_MAX|INVERSIONE|ANOMALIA|DIVERGENZA	TERRITORIALE	99.0	SEGNALE PULSE — BES TERRITORI	2023-12	Foggia: Concentrazione media annua di PM2.5 sale da 11 a 17 nel 2023 (+54.5%).	9|10|9|12|11|17		9|10|9|12|11|17	6|6|6|7|6|6	Record: il valore 2023 supera i valori dei cinque anni precedenti.¦Inversione: la variazione cambia segno tra 2021→2022 e 2022→2023.¦Anomalia: l'ultimo valore si discosta in modo robusto dal livello recente oltre la soglia PULSE.¦Divergenza territoriale: la variazione di Foggia si discosta da quella della regione Basilicata.¦PULSE Score: 99.0/100. Fonte: BES dei territori, ISTAT.¦Unità di misura: Microgrammi per m3.¦Nota fonte: nan	BES dei territori — ISTAT	https://www.istat.it/statistiche-per-temi/focus/benessere-e-sostenibilita/la-misurazione-del-benessere-bes/il-bes-dei-territori/
615e76f5e484cfd3	BES-01-04-021	Cremona	Cremona	Trentino-Alto Adige/Südtirol	Ambiente · Concentrazione media annua di PM2.5	RECORD_MIN|ACCELERAZIONE|ANOMALIA|DIVERGENZA	TERRITORIALE	99.0	SEGNALE PULSE — BES TERRITORI	2023-12	Cremona: Concentrazione media annua di PM2.5 scende da 25 a 22 nel 2023 (-12.0%).	26|26|26|26|25|22		26|26|26|26|25|22	12|12|12|12|12|12	Record: il valore 2023 è inferiore ai valori dei cinque anni precedenti.¦Accelerazione: il cambiamento più recente è nettamente più ampio del precedente.¦Anomalia: l'ultimo valore si discosta in modo robusto dal livello recente oltre la soglia PULSE.¦Divergenza territoriale: la variazione di Cremona si discosta da quella della regione Trentino-Alto Adige/Südtirol.¦PULSE Score: 99.0/100. Fonte: BES dei territori, ISTAT.¦Unità di misura: Microgrammi per m3.¦Nota fonte: nan	BES dei territori — ISTAT	https://www.istat.it/statistiche-per-temi/focus/benessere-e-sostenibilita/la-misurazione-del-benessere-bes/il-bes-dei-territori/
92e430f15add2c4b	BES-01-04-017	Milano	Milano	Trentino-Alto Adige/Südtirol	Ambiente · Concentrazione media annua di PM10	RECORD_MIN|INVERSIONE|ANOMALIA|DIVERGENZA	TERRITORIALE	99.0	SEGNALE PULSE — BES TERRITORI	2023-12	Milano: Concentrazione media annua di PM10 scende da 39 a 32 nel 2023 (-17.9%).	35|35|36|37|39|32		35|35|36|37|39|32	12|12|11|12|12|10	Record: il valore 2023 è inferiore ai valori dei cinque anni precedenti.¦Inversione: la variazione cambia segno tra 2021→2022 e 2022→2023.¦Anomalia: l'ultimo valore si discosta in modo robusto dal livello recente oltre la soglia PULSE.¦Divergenza territoriale: la variazione di Milano si discosta da quella della regione Trentino-Alto Adige/Südtirol.¦PULSE Score: 99.0/100. Fonte: BES dei territori, ISTAT.¦Unità di misura: Microgrammi per m3.¦Nota fonte: nan	BES dei territori — ISTAT	https://www.istat.it/statistiche-per-temi/focus/benessere-e-sostenibilita/la-misurazione-del-benessere-bes/il-bes-dei-territori/
2bf392ec84c9cf27	BES-02-07-034	Rovigo	Rovigo	Liguria	Ambiente · Raccolta differenziata dei rifiuti urbani	RECORD_MAX|ACCELERAZIONE|ANOMALIA|DIVERGENZA	TERRITORIALE	99.0	SEGNALE PULSE — BES TERRITORI	2023-12	Rovigo: Raccolta differenziata dei rifiuti urbani sale da 70,8 a 78,3 nel 2023 (+10.6%).	67.6|67.8|69|69|70.8|78.3		67.6|67.8|69|69|70.8|78.3	73.8|74.7|76.1|76.2|76.2|77.7	Record: il valore 2023 supera i valori dei cinque anni precedenti.¦Accelerazione: il cambiamento più recente è nettamente più ampio del precedente.¦Anomalia: l'ultimo valore si discosta in modo robusto dal livello recente oltre la soglia PULSE.¦Divergenza territoriale: la variazione di Rovigo si discosta da quella della regione Liguria.¦PULSE Score: 99.0/100. Fonte: BES dei territori, ISTAT.¦Unità di misura: Valori percentuali.¦Nota fonte: I dati dal 2016 ad oggi risultano solo parzialmente confrontabili con gli anni precedenti, a causa di una variazione nei criteri di calcolo dei dati di produzione e raccolta.	BES dei territori — ISTAT	https://www.istat.it/statistiche-per-temi/focus/benessere-e-sostenibilita/la-misurazione-del-benessere-bes/il-bes-dei-territori/
fe5d686388f69c0b	BES-02-08-000	Friuli-Venezia Giulia		Friuli-Venezia Giulia	Ambiente · Rifiuti urbani prodotti	RECORD_MAX|INVERSIONE|ANOMALIA	GENERAL	99.0	SEGNALE PULSE — BES TERRITORI	2023-12	Friuli-Venezia Giulia: Rifiuti urbani prodotti sale da 494,0 a 525,0 nel 2023 (+6.3%).	492|499|496|501|494|525				Record: il valore 2023 supera i valori dei cinque anni precedenti.¦Inversione: la variazione cambia segno tra 2021→2022 e 2022→2023.¦Anomalia: l'ultimo valore si discosta in modo robusto dal livello recente oltre la soglia PULSE.¦PULSE Score: 99.0/100. Fonte: BES dei territori, ISTAT.¦Unità di misura: Kg per abitante.¦Nota fonte: nan	BES dei territori — ISTAT	https://www.istat.it/statistiche-per-temi/focus/benessere-e-sostenibilita/la-misurazione-del-benessere-bes/il-bes-dei-territori/
f46d306557d483e2	BES-04-17-085	Lecce	Lecce	Basilicata	Ambiente · Disponibilità di verde urbano	RECORD_MAX|ACCELERAZIONE|ANOMALIA|DIVERGENZA	TERRITORIALE	99.0	SEGNALE PULSE — BES TERRITORI	2023-12	Lecce: Disponibilità di verde urbano sale da 9,9 a 10,7 nel 2023 (+8.1%).	9.5|9.6|9.5|9.7|9.9|10.7		9.5|9.6|9.5|9.7|9.9|10.7	10.1|10.1|10.3|10.5|10.6|10.8	Record: il valore 2023 supera i valori dei cinque anni precedenti.¦Accelerazione: il cambiamento più recente è nettamente più ampio del precedente.¦Anomalia: l'ultimo valore si discosta in modo robusto dal livello recente oltre la soglia PULSE.¦Divergenza territoriale: la variazione di Lecce si discosta da quella della regione Basilicata.¦PULSE Score: 99.0/100. Fonte: BES dei territori, ISTAT.¦Unità di misura: M2 per abitante.¦Nota fonte: nan	BES dei territori — ISTAT	https://www.istat.it/statistiche-per-temi/focus/benessere-e-sostenibilita/la-misurazione-del-benessere-bes/il-bes-dei-territori/
4b34bec4e89332c3	BES-03-12-063	Ascoli Piceno	Ascoli Piceno	Lazio	Politica e istituzioni · Affollamento degli istituti di pena	RECORD_MAX|ACCELERAZIONE|ANOMALIA|DIVERGENZA	TERRITORIALE	99.0	SEGNALE PULSE — BES TERRITORI	2024-12	Ascoli Piceno: Affollamento degli istituti di pena sale da 101,0 a 185,4 nel 2024 (+83.6%).	102.9|122.1|98.1|90.3|101|185.4		102.9|122.1|98.1|90.3|101|185.4	104.8|100.1|100|102|109.8|113.5	Record: il valore 2024 supera i valori dei cinque anni precedenti.¦Accelerazione: il cambiamento più recente è nettamente più ampio del precedente.¦Anomalia: l'ultimo valore si discosta in modo robusto dal livello recente oltre la soglia PULSE.¦Divergenza territoriale: la variazione di Ascoli Piceno si discosta da quella della regione Lazio.¦PULSE Score: 99.0/100. Fonte: BES dei territori, ISTAT.¦Unità di misura: Valori percentuali.¦Nota fonte: nan	BES dei territori — ISTAT	https://www.istat.it/statistiche-per-temi/focus/benessere-e-sostenibilita/la-misurazione-del-benessere-bes/il-bes-dei-territori/
8851e8a8754ce5af	BES-02-09-041	Reggio nell'Emilia	Reggio nell'Emilia	Toscana	Politica e istituzioni · Amministratori comunali con meno di 40 anni	RECORD_MAX|INVERSIONE|ANOMALIA|DIVERGENZA	TERRITORIALE	99.0	SEGNALE PULSE — BES TERRITORI	2024-12	Reggio nell'Emilia: Amministratori comunali con meno di 40 anni sale da 21,9 a 34,7 nel 2024 (+58.4%).	34.5|31.8|32.5|32.3|21.9|34.7		34.5|31.8|32.5|32.3|21.9|34.7	31.8|30.2|29.8|28.3|23.8|28.3	Record: il valore 2024 supera i valori dei cinque anni precedenti.¦Inversione: la variazione cambia segno tra 2022→2023 e 2023→2024.¦Anomalia: l'ultimo valore si discosta in modo robusto dal livello recente oltre la soglia PULSE.¦Divergenza territoriale: la variazione di Reggio nell'Emilia si discosta da quella della regione Toscana.¦PULSE Score: 99.0/100. Fonte: BES dei territori, ISTAT.¦Unità di misura: Valori percentuali.¦Nota fonte: nan	BES dei territori — ISTAT	https://www.istat.it/statistiche-per-temi/focus/benessere-e-sostenibilita/la-misurazione-del-benessere-bes/il-bes-dei-territori/
48fd410d00a069fb	BES-01-04-022	Mantova	Mantova	Trentino-Alto Adige/Südtirol	Politica e istituzioni · Amministratori comunali con meno di 40 anni	RECORD_MIN|INVERSIONE|ANOMALIA|DIVERGENZA	TERRITORIALE	99.0	SEGNALE PULSE — BES TERRITORI	2024-12	Mantova: Amministratori comunali con meno di 40 anni scende da 27,4 a 22,3 nel 2024 (-18.6%).	27.6|27.4|25.8|24.6|27.4|22.3		27.6|27.4|25.8|24.6|27.4|22.3	28.9|27.3|27.6|26.3|24.2|26.3	Record: il valore 2024 è inferiore ai valori dei cinque anni precedenti.¦Inversione: la variazione cambia segno tra 2022→2023 e 2023→2024.¦Anomalia: l'ultimo valore si discosta in modo robusto dal livello recente oltre la soglia PULSE.¦Divergenza territoriale: la variazione di Mantova si discosta da quella della regione Trentino-Alto Adige/Südtirol.¦PULSE Score: 99.0/100. Fonte: BES dei territori, ISTAT.¦Unità di misura: Valori percentuali.¦Nota fonte: nan	BES dei territori — ISTAT	https://www.istat.it/statistiche-per-temi/focus/benessere-e-sostenibilita/la-misurazione-del-benessere-bes/il-bes-dei-territori/
d5a58e445e2c7148	BES-03-10-057	Prato	Prato	Umbria	Ambiente · Rifiuti urbani prodotti	RECORD_MIN|INVERSIONE|ANOMALIA|DIVERGENZA	TERRITORIALE	99.0	SEGNALE PULSE — BES TERRITORI	2023-12	Prato: Rifiuti urbani prodotti scende da 616,0 a 569,0 nel 2023 (-7.6%).	614|637|588|608|616|569		614|637|588|608|616|569	616|616|583|598|588|586	Record: il valore 2023 è inferiore ai valori dei cinque anni precedenti.¦Inversione: la variazione cambia segno tra 2021→2022 e 2022→2023.¦Anomalia: l'ultimo valore si discosta in modo robusto dal livello recente oltre la soglia PULSE.¦Divergenza territoriale: la variazione di Prato si discosta da quella della regione Umbria.¦PULSE Score: 99.0/100. Fonte: BES dei territori, ISTAT.¦Unità di misura: Kg per abitante.¦Nota fonte: nan	BES dei territori — ISTAT	https://www.istat.it/statistiche-per-temi/focus/benessere-e-sostenibilita/la-misurazione-del-benessere-bes/il-bes-dei-territori/
8d9496d74a1ffec1	BES-02-08-000	Friuli-Venezia Giulia		Friuli-Venezia Giulia	Ambiente · Raccolta differenziata dei rifiuti urbani	RECORD_MAX|INVERSIONE|ANOMALIA	GENERAL	99.0	SEGNALE PULSE — BES TERRITORI	2023-12	Friuli-Venezia Giulia: Raccolta differenziata dei rifiuti urbani sale da 67,5 a 72,5 nel 2023 (+7.4%).	66.6|67.2|68|67.9|67.5|72.5				Record: il valore 2023 supera i valori dei cinque anni precedenti.¦Inversione: la variazione cambia segno tra 2021→2022 e 2022→2023.¦Anomalia: l'ultimo valore si discosta in modo robusto dal livello recente oltre la soglia PULSE.¦PULSE Score: 99.0/100. Fonte: BES dei territori, ISTAT.¦Unità di misura: Valori percentuali.¦Nota fonte: I dati dal 2016 ad oggi risultano solo parzialmente confrontabili con gli anni precedenti, a causa di una variazione nei criteri di calcolo dei dati di produzione e raccolta.	BES dei territori — ISTAT	https://www.istat.it/statistiche-per-temi/focus/benessere-e-sostenibilita/la-misurazione-del-benessere-bes/il-bes-dei-territori/
6359a699dcc0b214	BES-04-16-079	Avellino	Avellino	Puglia	Ambiente · Raccolta differenziata dei rifiuti urbani	RECORD_MIN|INVERSIONE|ANOMALIA|DIVERGENZA	TERRITORIALE	99.0	SEGNALE PULSE — BES TERRITORI	2023-12	Avellino: Raccolta differenziata dei rifiuti urbani scende da 64,2 a 62,2 nel 2023 (-3.1%).	63.6|64.3|64.6|63.8|64.2|62.2		63.6|64.3|64.6|63.8|64.2|62.2	52.7|52.7|54.1|54.6|55.6|56.6	Record: il valore 2023 è inferiore ai valori dei cinque anni precedenti.¦Inversione: la variazione cambia segno tra 2021→2022 e 2022→2023.¦Anomalia: l'ultimo valore si discosta in modo robusto dal livello recente oltre la soglia PULSE.¦Divergenza territoriale: la variazione di Avellino si discosta da quella della regione Puglia.¦PULSE Score: 99.0/100. Fonte: BES dei territori, ISTAT.¦Unità di misura: Valori percentuali.¦Nota fonte: I dati dal 2016 ad oggi risultano solo parzialmente confrontabili con gli anni precedenti, a causa di una variazione nei criteri di calcolo dei dati di produzione e raccolta.	BES dei territori — ISTAT	https://www.istat.it/statistiche-per-temi/focus/benessere-e-sostenibilita/la-misurazione-del-benessere-bes/il-bes-dei-territori/
4bf4143f43ee04e4	BES-04-16-078	Napoli	Napoli	Puglia	Ambiente · Energia elettrica da fonti rinnovabili	RECORD_MIN|ACCELERAZIONE|ANOMALIA|DIVERGENZA	TERRITORIALE	99.0	SEGNALE PULSE — BES TERRITORI	2023-12	Napoli: Energia elettrica da fonti rinnovabili scende da 13,6 a 10,9 nel 2023 (-19.9%).	13.4|12.9|14.5|13.9|13.6|10.9		13.4|12.9|14.5|13.9|13.6|10.9	27.9|29|31.4|33|31.6|35.7	Record: il valore 2023 è inferiore ai valori dei cinque anni precedenti.¦Accelerazione: il cambiamento più recente è nettamente più ampio del precedente.¦Anomalia: l'ultimo valore si discosta in modo robusto dal livello recente oltre la soglia PULSE.¦Divergenza territoriale: la variazione di Napoli si discosta da quella della regione Puglia.¦PULSE Score: 99.0/100. Fonte: BES dei territori, ISTAT.¦Unità di misura: Valori percentuali.¦Nota fonte: L'indicatore è stato calcolato considerando il consumo interno lordo comprensivo dei pompaggi. Valori superiori a 100 sono dovuti alla produzione di energia superiore alla richiesta interna.	BES dei territori — ISTAT	https://www.istat.it/statistiche-per-temi/focus/benessere-e-sostenibilita/la-misurazione-del-benessere-bes/il-bes-dei-territori/
aa6eb54d6a4231dd	BES-05-20-101	Ragusa	Ragusa	Sardegna	Relazioni sociali · Organizzazioni non profit	RECORD_MAX|ACCELERAZIONE|ANOMALIA|DIVERGENZA	TERRITORIALE	99.0	SEGNALE PULSE — BES TERRITORI	2022-12	Ragusa: Organizzazioni non profit sale da 47 a 49,2 nel 2022 (+4.7%).	46.4|46.5|46.6|46.8|47|49.2		46.4|46.5|46.6|46.8|47|49.2	44.1|45.5|46.3|47|47.1|48.2	Record: il valore 2022 supera i valori dei cinque anni precedenti.¦Accelerazione: il cambiamento più recente è nettamente più ampio del precedente.¦Anomalia: l'ultimo valore si discosta in modo robusto dal livello recente oltre la soglia PULSE.¦Divergenza territoriale: la variazione di Ragusa si discosta da quella della regione Sardegna.¦PULSE Score: 99.0/100. Fonte: BES dei territori, ISTAT.¦Unità di misura: Per 10.000 abitanti.¦Nota fonte: nan	BES dei territori — ISTAT	https://www.istat.it/statistiche-per-temi/focus/benessere-e-sostenibilita/la-misurazione-del-benessere-bes/il-bes-dei-territori/
c6f46dcd96b9a649	BES-03-13-065	Viterbo	Viterbo	Abruzzo	Lavoro e conciliazione dei tempi di vita · Tasso di occupazione (20-64 anni)	RECORD_MAX|INVERSIONE|ANOMALIA|DIVERGENZA	TERRITORIALE	99.0	SEGNALE PULSE — BES TERRITORI	2024-12	Viterbo: Tasso di occupazione (20-64 anni) sale da 61,9 a 68,4 nel 2024 (+10.5%).	58.5|58.9|60.5|62.4|61.9|68.4		58.5|58.9|60.5|62.4|61.9|68.4	65.6|63.8|64.4|66.5|68.1|69	Record: il valore 2024 supera i valori dei cinque anni precedenti.¦Inversione: la variazione cambia segno tra 2022→2023 e 2023→2024.¦Anomalia: l'ultimo valore si discosta in modo robusto dal livello recente oltre la soglia PULSE.¦Divergenza territoriale: la variazione di Viterbo si discosta da quella della regione Abruzzo.¦PULSE Score: 99.0/100. Fonte: BES dei territori, ISTAT.¦Unità di misura: Valori percentuali.¦Nota fonte: nan	BES dei territori — ISTAT	https://www.istat.it/statistiche-per-temi/focus/benessere-e-sostenibilita/la-misurazione-del-benessere-bes/il-bes-dei-territori/
f153f34d82006d73	BES-01-01-003	Novara	Novara	Piemonte	Paesaggio e patrimonio culturale · Densità e rilevanza del patrimonio museale	RECORD_MAX|INVERSIONE|ANOMALIA|DIVERGENZA	TERRITORIALE	99.0	SEGNALE PULSE — BES TERRITORI	2022-12	Novara: Densità e rilevanza del patrimonio museale sale da 0,3 a 0,54 nel 2022 (+80.0%).	0.23|0.3|0.33|0.47|0.3|0.54		0.23|0.3|0.33|0.47|0.3|0.54	1.18|1.17|1.08|1.05|1.18|1.11	Record: il valore 2022 supera i valori dei cinque anni precedenti.¦Inversione: la variazione cambia segno tra 2020→2021 e 2021→2022.¦Anomalia: l'ultimo valore si discosta in modo robusto dal livello recente oltre la soglia PULSE.¦Divergenza territoriale: la variazione di Novara si discosta da quella della regione Piemonte.¦PULSE Score: 99.0/100. Fonte: BES dei territori, ISTAT.¦Unità di misura: Per 100 km2.¦Nota fonte: nan	BES dei territori — ISTAT	https://www.istat.it/statistiche-per-temi/focus/benessere-e-sostenibilita/la-misurazione-del-benessere-bes/il-bes-dei-territori/
d6467968fe1acabe	BES-02-08-037	Trieste	Trieste	Emilia-Romagna	Paesaggio e patrimonio culturale · Densità e rilevanza del patrimonio museale	RECORD_MIN|INVERSIONE|ANOMALIA|DIVERGENZA	TERRITORIALE	99.0	SEGNALE PULSE — BES TERRITORI	2022-12	Trieste: Densità e rilevanza del patrimonio museale scende da 37,73 a 30,44 nel 2022 (-19.3%).	37.83|34.8|34.77|35.66|37.73|30.44		37.83|34.8|34.77|35.66|37.73|30.44	1.51|1.37|1.41|1.36|1.51|1.19	Record: il valore 2022 è inferiore ai valori dei cinque anni precedenti.¦Inversione: la variazione cambia segno tra 2020→2021 e 2021→2022.¦Anomalia: l'ultimo valore si discosta in modo robusto dal livello recente oltre la soglia PULSE.¦Divergenza territoriale: la variazione di Trieste si discosta da quella della regione Emilia-Romagna.¦PULSE Score: 99.0/100. Fonte: BES dei territori, ISTAT.¦Unità di misura: Per 100 km2.¦Nota fonte: nan	BES dei territori — ISTAT	https://www.istat.it/statistiche-per-temi/focus/benessere-e-sostenibilita/la-misurazione-del-benessere-bes/il-bes-dei-territori/
996e3c5e3b78b17c	BES-04-19-093	Vibo Valentia	Vibo Valentia	Sicilia	Paesaggio e patrimonio culturale · Densità e rilevanza del patrimonio museale	RECORD_MIN|INVERSIONE|ANOMALIA|DIVERGENZA	TERRITORIALE	99.0	SEGNALE PULSE — BES TERRITORI	2022-12	Vibo Valentia: Densità e rilevanza del patrimonio museale scende da 0,58 a 0,39 nel 2022 (-32.8%).	0.52|0.5|0.51|0.57|0.58|0.39		0.52|0.5|0.51|0.57|0.58|0.39	0.33|0.31|0.28|0.25|0.3|0.24	Record: il valore 2022 è inferiore ai valori dei cinque anni precedenti.¦Inversione: la variazione cambia segno tra 2020→2021 e 2021→2022.¦Anomalia: l'ultimo valore si discosta in modo robusto dal livello recente oltre la soglia PULSE.¦Divergenza territoriale: la variazione di Vibo Valentia si discosta da quella della regione Sicilia.¦PULSE Score: 99.0/100. Fonte: BES dei territori, ISTAT.¦Unità di misura: Per 100 km2.¦Nota fonte: nan	BES dei territori — ISTAT	https://www.istat.it/statistiche-per-temi/focus/benessere-e-sostenibilita/la-misurazione-del-benessere-bes/il-bes-dei-territori/
b0766ed3e576b953	BES-02-07-031	Treviso	Treviso	Liguria	Lavoro e conciliazione dei tempi di vita · Tasso di mancata partecipazione al lavoro	RECORD_MIN|ACCELERAZIONE|ANOMALIA|DIVERGENZA	TERRITORIALE	99.0	SEGNALE PULSE — BES TERRITORI	2024-12	Treviso: Tasso di mancata partecipazione al lavoro scende da 8 a 5,6 nel 2024 (-30.0%).	10.4|9.4|9.3|8.7|8|5.6		10.4|9.4|9.3|8.7|8|5.6	9.1|11|10.2|7.8|6.6|5.7	Record: il valore 2024 è inferiore ai valori dei cinque anni precedenti.¦Accelerazione: il cambiamento più recente è nettamente più ampio del precedente.¦Anomalia: l'ultimo valore si discosta in modo robusto dal livello recente oltre la soglia PULSE.¦Divergenza territoriale: la variazione di Treviso si discosta da quella della regione Liguria.¦PULSE Score: 99.0/100. Fonte: BES dei territori, ISTAT.¦Unità di misura: Valori percentuali.¦Nota fonte: nan	BES dei territori — ISTAT	https://www.istat.it/statistiche-per-temi/focus/benessere-e-sostenibilita/la-misurazione-del-benessere-bes/il-bes-dei-territori/
64cb4bc2ec640d0a	BES-04-14-070	L'Aquila	L'Aquila	Molise	Lavoro e conciliazione dei tempi di vita · Tasso di mancata partecipazione al lavoro giovanile (15-29 anni)	RECORD_MIN|INVERSIONE|ANOMALIA|DIVERGENZA	TERRITORIALE	99.0	SEGNALE PULSE — BES TERRITORI	2024-12	L'Aquila: Tasso di mancata partecipazione al lavoro giovanile (15-29 anni) scende da 36,5 a 25,1 nel 2024 (-31.2%).	36.2|41.6|43.8|35.2|36.5|25.1		36.2|41.6|43.8|35.2|36.5|25.1	39.3|37.9|35.2|29.4|27.5|30.2	Record: il valore 2024 è inferiore ai valori dei cinque anni precedenti.¦Inversione: la variazione cambia segno tra 2022→2023 e 2023→2024.¦Anomalia: l'ultimo valore si discosta in modo robusto dal livello recente oltre la soglia PULSE.¦Divergenza territoriale: la variazione di L'Aquila si discosta da quella della regione Molise.¦PULSE Score: 99.0/100. Fonte: BES dei territori, ISTAT.¦Unità di misura: Valori percentuali.¦Nota fonte: nan	BES dei territori — ISTAT	https://www.istat.it/statistiche-per-temi/focus/benessere-e-sostenibilita/la-misurazione-del-benessere-bes/il-bes-dei-territori/
49a89d3e8f689a23	BES-05-20-098	Caltanissetta	Caltanissetta	Sardegna	Lavoro e conciliazione dei tempi di vita · Tasso di mancata partecipazione al lavoro	RECORD_MIN|ACCELERAZIONE|ANOMALIA|DIVERGENZA	TERRITORIALE	99.0	SEGNALE PULSE — BES TERRITORI	2024-12	Caltanissetta: Tasso di mancata partecipazione al lavoro scende da 41,5 a 32,1 nel 2024 (-22.7%).	41.3|40.2|40.5|44|41.5|32.1		41.3|40.2|40.5|44|41.5|32.1	40|39.2|38.3|35.3|32.6|29	Record: il valore 2024 è inferiore ai valori dei cinque anni precedenti.¦Accelerazione: il cambiamento più recente è nettamente più ampio del precedente.¦Anomalia: l'ultimo valore si discosta in modo robusto dal livello recente oltre la soglia PULSE.¦Divergenza territoriale: la variazione di Caltanissetta si discosta da quella della regione Sardegna.¦PULSE Score: 99.0/100. Fonte: BES dei territori, ISTAT.¦Unità di misura: Valori percentuali.¦Nota fonte: nan	BES dei territori — ISTAT	https://www.istat.it/statistiche-per-temi/focus/benessere-e-sostenibilita/la-misurazione-del-benessere-bes/il-bes-dei-territori/
9c92e795728c5406	BES-04-19-089	Cosenza	Cosenza	Sicilia	Istruzione e formazione · Laureati e altri titoli terziari (25-39 anni)	RECORD_MAX|ACCELERAZIONE|ANOMALIA|DIVERGENZA	TERRITORIALE	99.0	SEGNALE PULSE — BES TERRITORI	2024-12	Cosenza: Laureati e altri titoli terziari (25-39 anni) sale da 26,2 a 31,2 nel 2024 (+19.1%).	25.4|27|28.5|25|26.2|31.2		25.4|27|28.5|25|26.2|31.2	22.2|21.6|22.9|24.3|25.3|25.5	Record: il valore 2024 supera i valori dei cinque anni precedenti.¦Accelerazione: il cambiamento più recente è nettamente più ampio del precedente.¦Anomalia: l'ultimo valore si discosta in modo robusto dal livello recente oltre la soglia PULSE.¦Divergenza territoriale: la variazione di Cosenza si discosta da quella della regione Sicilia.¦PULSE Score: 99.0/100. Fonte: BES dei territori, ISTAT.¦Unità di misura: Valori percentuali.¦Nota fonte: nan	BES dei territori — ISTAT	https://www.istat.it/statistiche-per-temi/focus/benessere-e-sostenibilita/la-misurazione-del-benessere-bes/il-bes-dei-territori/
a5466bd999a5db5b	BES-01-04-014	Varese	Varese	Trentino-Alto Adige/Südtirol	Istruzione e formazione · Passaggio all'università	RECORD_MIN|ACCELERAZIONE|ANOMALIA|DIVERGENZA	TERRITORIALE	99.0	SEGNALE PULSE — BES TERRITORI	2022-12	Varese: Passaggio all'università scende da 54 a 51,4 nel 2022 (-4.8%).	52.8|53.4|53.8|54.5|54|51.4		52.8|53.4|53.8|54.5|54|51.4	54.4|54.5|55.9|55.7|54.5|54.3	Record: il valore 2022 è inferiore ai valori dei cinque anni precedenti.¦Accelerazione: il cambiamento più recente è nettamente più ampio del precedente.¦Anomalia: l'ultimo valore si discosta in modo robusto dal livello recente oltre la soglia PULSE.¦Divergenza territoriale: la variazione di Varese si discosta da quella della regione Trentino-Alto Adige/Südtirol.¦PULSE Score: 99.0/100. Fonte: BES dei territori, ISTAT.¦Unità di misura: Tasso specifico di coorte.¦Nota fonte: Per la Provincia Autonoma di Bolzano il dato non include quanti si immatricolano ogni anno nelle università pubbliche austriache (circa il 40% degli immatricolati). Fino al 2020 il dato della Valle d'Aosta veniva stimato a livello aggregato.	BES dei territori — ISTAT	https://www.istat.it/statistiche-per-temi/focus/benessere-e-sostenibilita/la-misurazione-del-benessere-bes/il-bes-dei-territori/
9371b0ff35417fbe	BES-01-01-002	Vercelli	Vercelli	Piemonte	Istruzione e formazione · Passaggio all'università	RECORD_MAX|INVERSIONE|ANOMALIA|DIVERGENZA	TERRITORIALE	99.0	SEGNALE PULSE — BES TERRITORI	2022-12	Vercelli: Passaggio all'università sale da 44,5 a 50,2 nel 2022 (+12.8%).	44.7|45.2|45.1|45.1|44.5|50.2		44.7|45.2|45.1|45.1|44.5|50.2	53.3|52.9|54.2|55.7|53.3|54.8	Record: il valore 2022 supera i valori dei cinque anni precedenti.¦Inversione: la variazione cambia segno tra 2020→2021 e 2021→2022.¦Anomalia: l'ultimo valore si discosta in modo robusto dal livello recente oltre la soglia PULSE.¦Divergenza territoriale: la variazione di Vercelli si discosta da quella della regione Piemonte.¦PULSE Score: 99.0/100. Fonte: BES dei territori, ISTAT.¦Unità di misura: Tasso specifico di coorte.¦Nota fonte: Per la Provincia Autonoma di Bolzano il dato non include quanti si immatricolano ogni anno nelle università pubbliche austriache (circa il 40% degli immatricolati). Fino al 2020 il dato della Valle d'Aosta veniva stimato a livello aggregato.	BES dei territori — ISTAT	https://www.istat.it/statistiche-per-temi/focus/benessere-e-sostenibilita/la-misurazione-del-benessere-bes/il-bes-dei-territori/
a210ee7df1cc3fa4	BES-05-20-099	Enna	Enna	Sardegna	Istruzione e formazione · Laureati e altri titoli terziari (25-39 anni)	RECORD_MAX|ACCELERAZIONE|ANOMALIA|DIVERGENZA	TERRITORIALE	99.0	SEGNALE PULSE — BES TERRITORI	2024-12	Enna: Laureati e altri titoli terziari (25-39 anni) sale da 21,6 a 32,1 nel 2024 (+48.6%).	21.6|22.4|22.2|18.8|21.6|32.1		21.6|22.4|22.2|18.8|21.6|32.1	18.9|19.1|19.9|19.4|21.8|23.4	Record: il valore 2024 supera i valori dei cinque anni precedenti.¦Accelerazione: il cambiamento più recente è nettamente più ampio del precedente.¦Anomalia: l'ultimo valore si discosta in modo robusto dal livello recente oltre la soglia PULSE.¦Divergenza territoriale: la variazione di Enna si discosta da quella della regione Sardegna.¦PULSE Score: 99.0/100. Fonte: BES dei territori, ISTAT.¦Unità di misura: Valori percentuali.¦Nota fonte: nan	BES dei territori — ISTAT	https://www.istat.it/statistiche-per-temi/focus/benessere-e-sostenibilita/la-misurazione-del-benessere-bes/il-bes-dei-territori/
c5dce574bd624254	BES-02-09-041	Reggio nell'Emilia	Reggio nell'Emilia	Toscana	Istruzione e formazione · Bambini che hanno usufruito dei servizi comunali per l'infanzia	RECORD_MAX|ACCELERAZIONE|ANOMALIA|DIVERGENZA	TERRITORIALE	99.0	SEGNALE PULSE — BES TERRITORI	2022-12	Reggio nell'Emilia: Bambini che hanno usufruito dei servizi comunali per l'infanzia sale da 28,2 a 30,9 nel 2022 (+9.6%).	26.9|27.9|28.6|27.4|28.2|30.9		26.9|27.9|28.6|27.4|28.2|30.9	26.7|27.6|28.7|28.4|30.9|32.2	Record: il valore 2022 supera i valori dei cinque anni precedenti.¦Accelerazione: il cambiamento più recente è nettamente più ampio del precedente.¦Anomalia: l'ultimo valore si discosta in modo robusto dal livello recente oltre la soglia PULSE.¦Divergenza territoriale: la variazione di Reggio nell'Emilia si discosta da quella della regione Toscana.¦PULSE Score: 99.0/100. Fonte: BES dei territori, ISTAT.¦Unità di misura: Valori percentuali.¦Nota fonte: nan	BES dei territori — ISTAT	https://www.istat.it/statistiche-per-temi/focus/benessere-e-sostenibilita/la-misurazione-del-benessere-bes/il-bes-dei-territori/
109057c5e0aa8971	BES-03-13-066	Rieti	Rieti	Abruzzo	Istruzione e formazione · Persone con almeno il diploma (25-64 anni)	RECORD_MAX|INVERSIONE|ANOMALIA|DIVERGENZA	TERRITORIALE	99.0	SEGNALE PULSE — BES TERRITORI	2024-12	Rieti: Persone con almeno il diploma (25-64 anni) sale da 66,3 a 73,9 nel 2024 (+11.5%).	63.9|64.2|68.3|67.4|66.3|73.9		63.9|64.2|68.3|67.4|66.3|73.9	70.5|71.1|71.3|72.1|74|75.1	Record: il valore 2024 supera i valori dei cinque anni precedenti.¦Inversione: la variazione cambia segno tra 2022→2023 e 2023→2024.¦Anomalia: l'ultimo valore si discosta in modo robusto dal livello recente oltre la soglia PULSE.¦Divergenza territoriale: la variazione di Rieti si discosta da quella della regione Abruzzo.¦PULSE Score: 99.0/100. Fonte: BES dei territori, ISTAT.¦Unità di misura: Valori percentuali.¦Nota fonte: nan	BES dei territori — ISTAT	https://www.istat.it/statistiche-per-temi/focus/benessere-e-sostenibilita/la-misurazione-del-benessere-bes/il-bes-dei-territori/
10de165cd954e135	BES-04-19-092	Crotone	Crotone	Sicilia	Istruzione e formazione · Persone con almeno il diploma (25-64 anni)	RECORD_MAX|INVERSIONE|ANOMALIA|DIVERGENZA	TERRITORIALE	99.0	SEGNALE PULSE — BES TERRITORI	2024-12	Crotone: Persone con almeno il diploma (25-64 anni) sale da 45,1 a 50,6 nel 2024 (+12.2%).	45.8|44.8|46.8|45.7|45.1|50.6		45.8|44.8|46.8|45.7|45.1|50.6	54.7|54.5|55.7|56.6|61.1|61.5	Record: il valore 2024 supera i valori dei cinque anni precedenti.¦Inversione: la variazione cambia segno tra 2022→2023 e 2023→2024.¦Anomalia: l'ultimo valore si discosta in modo robusto dal livello recente oltre la soglia PULSE.¦Divergenza territoriale: la variazione di Crotone si discosta da quella della regione Sicilia.¦PULSE Score: 99.0/100. Fonte: BES dei territori, ISTAT.¦Unità di misura: Valori percentuali.¦Nota fonte: nan	BES dei territori — ISTAT	https://www.istat.it/statistiche-per-temi/focus/benessere-e-sostenibilita/la-misurazione-del-benessere-bes/il-bes-dei-territori/
baee2971f6af8035	BES-02-08-000	Friuli-Venezia Giulia		Friuli-Venezia Giulia	Istruzione e formazione · Laureati e altri titoli terziari (25-39 anni)	RECORD_MAX|INVERSIONE|ANOMALIA	GENERAL	99.0	SEGNALE PULSE — BES TERRITORI	2024-12	Friuli-Venezia Giulia: Laureati e altri titoli terziari (25-39 anni) sale da 30,8 a 34,8 nel 2024 (+13.0%).	30.8|30.3|30.8|31.2|30.8|34.8				Record: il valore 2024 supera i valori dei cinque anni precedenti.¦Inversione: la variazione cambia segno tra 2022→2023 e 2023→2024.¦Anomalia: l'ultimo valore si discosta in modo robusto dal livello recente oltre la soglia PULSE.¦PULSE Score: 99.0/100. Fonte: BES dei territori, ISTAT.¦Unità di misura: Valori percentuali.¦Nota fonte: nan	BES dei territori — ISTAT	https://www.istat.it/statistiche-per-temi/focus/benessere-e-sostenibilita/la-misurazione-del-benessere-bes/il-bes-dei-territori/
c5acbdf4c3d6aa4a	BES-04-16-080	Salerno	Salerno	Puglia	Istruzione e formazione · Laureati e altri titoli terziari (25-39 anni)	RECORD_MAX|ACCELERAZIONE|ANOMALIA|DIVERGENZA	TERRITORIALE	99.0	SEGNALE PULSE — BES TERRITORI	2024-12	Salerno: Laureati e altri titoli terziari (25-39 anni) sale da 25,7 a 28,7 nel 2024 (+11.7%).	23.9|24.7|24.1|24.6|25.7|28.7		23.9|24.7|24.1|24.6|25.7|28.7	20.9|21.2|21.9|23.6|25|25.6	Record: il valore 2024 supera i valori dei cinque anni precedenti.¦Accelerazione: il cambiamento più recente è nettamente più ampio del precedente.¦Anomalia: l'ultimo valore si discosta in modo robusto dal livello recente oltre la soglia PULSE.¦Divergenza territoriale: la variazione di Salerno si discosta da quella della regione Puglia.¦PULSE Score: 99.0/100. Fonte: BES dei territori, ISTAT.¦Unità di misura: Valori percentuali.¦Nota fonte: nan	BES dei territori — ISTAT	https://www.istat.it/statistiche-per-temi/focus/benessere-e-sostenibilita/la-misurazione-del-benessere-bes/il-bes-dei-territori/
40e117462b4b5f1a	BES-01-01-002	Vercelli	Vercelli	Piemonte	Ambiente · Concentrazione media annua di PM10	RECORD_MIN|INVERSIONE|ANOMALIA|DIVERGENZA	TERRITORIALE	99.0	SEGNALE PULSE — BES TERRITORI	2023-12	Vercelli: Concentrazione media annua di PM10 scende da 30 a 22 nel 2023 (-26.7%).	30|31|32|28|30|22		30|31|32|28|30|22	7|6|6|7|7|6	Record: il valore 2023 è inferiore ai valori dei cinque anni precedenti.¦Inversione: la variazione cambia segno tra 2021→2022 e 2022→2023.¦Anomalia: l'ultimo valore si discosta in modo robusto dal livello recente oltre la soglia PULSE.¦Divergenza territoriale: la variazione di Vercelli si discosta da quella della regione Piemonte.¦PULSE Score: 99.0/100. Fonte: BES dei territori, ISTAT.¦Unità di misura: Microgrammi per m3.¦Nota fonte: nan	BES dei territori — ISTAT	https://www.istat.it/statistiche-per-temi/focus/benessere-e-sostenibilita/la-misurazione-del-benessere-bes/il-bes-dei-territori/
7ea43bad8932c816	BES-02-09-043	Bologna	Bologna	Toscana	Ambiente · Concentrazione media annua di PM10	RECORD_MIN|INVERSIONE|ANOMALIA|DIVERGENZA	TERRITORIALE	99.0	SEGNALE PULSE — BES TERRITORI	2023-12	Bologna: Concentrazione media annua di PM10 scende da 27 a 22 nel 2023 (-18.5%).	26|26|26|26|27|22		26|26|26|26|27|22	9|9|9|9|9|9	Record: il valore 2023 è inferiore ai valori dei cinque anni precedenti.¦Inversione: la variazione cambia segno tra 2021→2022 e 2022→2023.¦Anomalia: l'ultimo valore si discosta in modo robusto dal livello recente oltre la soglia PULSE.¦Divergenza territoriale: la variazione di Bologna si discosta da quella della regione Toscana.¦PULSE Score: 99.0/100. Fonte: BES dei territori, ISTAT.¦Unità di misura: Microgrammi per m3.¦Nota fonte: nan	BES dei territori — ISTAT	https://www.istat.it/statistiche-per-temi/focus/benessere-e-sostenibilita/la-misurazione-del-benessere-bes/il-bes-dei-territori/
95308498841e765d	BES-04-16-079	Avellino	Avellino	Puglia	Ambiente · Energia elettrica da fonti rinnovabili	RECORD_MAX|INVERSIONE|ANOMALIA|DIVERGENZA	TERRITORIALE	99.0	SEGNALE PULSE — BES TERRITORI	2023-12	Avellino: Energia elettrica da fonti rinnovabili sale da 95,1 a 123,0 nel 2023 (+29.3%).	82.4|95.7|96.7|99.9|95.1|123		82.4|95.7|96.7|99.9|95.1|123	27.9|29|31.4|33|31.6|35.7	Record: il valore 2023 supera i valori dei cinque anni precedenti.¦Inversione: la variazione cambia segno tra 2021→2022 e 2022→2023.¦Anomalia: l'ultimo valore si discosta in modo robusto dal livello recente oltre la soglia PULSE.¦Divergenza territoriale: la variazione di Avellino si discosta da quella della regione Puglia.¦PULSE Score: 99.0/100. Fonte: BES dei territori, ISTAT.¦Unità di misura: Valori percentuali.¦Nota fonte: L'indicatore è stato calcolato considerando il consumo interno lordo comprensivo dei pompaggi. Valori superiori a 100 sono dovuti alla produzione di energia superiore alla richiesta interna.	BES dei territori — ISTAT	https://www.istat.it/statistiche-per-temi/focus/benessere-e-sostenibilita/la-misurazione-del-benessere-bes/il-bes-dei-territori/
7462226ab130b118	BES-03-10-050	Pistoia	Pistoia	Umbria	Politica e istituzioni · Amministratori comunali donne	RECORD_MAX|INVERSIONE|ANOMALIA|DIVERGENZA	TERRITORIALE	99.0	SEGNALE PULSE — BES TERRITORI	2024-12	Pistoia: Amministratori comunali donne sale da 32,2 a 37,3 nel 2024 (+15.8%).	35.1|34.7|34.5|34.6|32.2|37.3		35.1|34.7|34.5|34.6|32.2|37.3	36.6|36.6|36.5|36.7|35.4|38.8	Record: il valore 2024 supera i valori dei cinque anni precedenti.¦Inversione: la variazione cambia segno tra 2022→2023 e 2023→2024.¦Anomalia: l'ultimo valore si discosta in modo robusto dal livello recente oltre la soglia PULSE.¦Divergenza territoriale: la variazione di Pistoia si discosta da quella della regione Umbria.¦PULSE Score: 99.0/100. Fonte: BES dei territori, ISTAT.¦Unità di misura: Valori percentuali.¦Nota fonte: nan	BES dei territori — ISTAT	https://www.istat.it/statistiche-per-temi/focus/benessere-e-sostenibilita/la-misurazione-del-benessere-bes/il-bes-dei-territori/
877137f8d84d1116	BES-02-07-034	Rovigo	Rovigo	Liguria	Qualità dei servizi · Servizio di raccolta differenziata dei rifiuti urbani	RECORD_MAX|ACCELERAZIONE|ANOMALIA|DIVERGENZA	TERRITORIALE	99.0	SEGNALE PULSE — BES TERRITORI	2023-12	Rovigo: Servizio di raccolta differenziata dei rifiuti urbani sale da 92,4 a 96,3 nel 2023 (+4.2%).	63.2|63.1|92.3|92.3|92.4|96.3		63.2|63.1|92.3|92.3|92.4|96.3	79.8|81.4|88.3|88.8|83.6|83.6	Record: il valore 2023 supera i valori dei cinque anni precedenti.¦Accelerazione: il cambiamento più recente è nettamente più ampio del precedente.¦Anomalia: l'ultimo valore si discosta in modo robusto dal livello recente oltre la soglia PULSE.¦Divergenza territoriale: la variazione di Rovigo si discosta da quella della regione Liguria.¦PULSE Score: 99.0/100. Fonte: BES dei territori, ISTAT.¦Unità di misura: Valori percentuali.¦Nota fonte: nan	BES dei territori — ISTAT	https://www.istat.it/statistiche-per-temi/focus/benessere-e-sostenibilita/la-misurazione-del-benessere-bes/il-bes-dei-territori/
6dd1ba29d08f634e	BES-02-09-043	Bologna	Bologna	Toscana	Qualità dei servizi · Servizio di raccolta differenziata dei rifiuti urbani	RECORD_MAX|INVERSIONE|ANOMALIA|DIVERGENZA	TERRITORIALE	99.0	SEGNALE PULSE — BES TERRITORI	2023-12	Bologna: Servizio di raccolta differenziata dei rifiuti urbani sale da 46 a 81,2 nel 2023 (+76.5%).	47.3|47.3|47.3|47.4|46|81.2		47.3|47.3|47.3|47.4|46|81.2	57|67.2|67.6|68|74.8|90.3	Record: il valore 2023 supera i valori dei cinque anni precedenti.¦Inversione: la variazione cambia segno tra 2021→2022 e 2022→2023.¦Anomalia: l'ultimo valore si discosta in modo robusto dal livello recente oltre la soglia PULSE.¦Divergenza territoriale: la variazione di Bologna si discosta da quella della regione Toscana.¦PULSE Score: 99.0/100. Fonte: BES dei territori, ISTAT.¦Unità di misura: Valori percentuali.¦Nota fonte: nan	BES dei territori — ISTAT	https://www.istat.it/statistiche-per-temi/focus/benessere-e-sostenibilita/la-misurazione-del-benessere-bes/il-bes-dei-territori/
1a944dae3f521ae0	BES-03-10-056	Grosseto	Grosseto	Umbria	Qualità dei servizi · Servizio di raccolta differenziata dei rifiuti urbani	RECORD_MAX|ACCELERAZIONE|ANOMALIA|DIVERGENZA	TERRITORIALE	99.0	SEGNALE PULSE — BES TERRITORI	2023-12	Grosseto: Servizio di raccolta differenziata dei rifiuti urbani sale da 11,2 a 63,3 nel 2023 (+465.2%).	2.1|2.7|2.7|10.9|11.2|63.3		2.1|2.7|2.7|10.9|11.2|63.3	38.7|51.1|56.2|59.7|55.9|62.6	Record: il valore 2023 supera i valori dei cinque anni precedenti.¦Accelerazione: il cambiamento più recente è nettamente più ampio del precedente.¦Anomalia: l'ultimo valore si discosta in modo robusto dal livello recente oltre la soglia PULSE.¦Divergenza territoriale: la variazione di Grosseto si discosta da quella della regione Umbria.¦PULSE Score: 99.0/100. Fonte: BES dei territori, ISTAT.¦Unità di misura: Valori percentuali.¦Nota fonte: nan	BES dei territori — ISTAT	https://www.istat.it/statistiche-per-temi/focus/benessere-e-sostenibilita/la-misurazione-del-benessere-bes/il-bes-dei-territori/
964e75992ab1d093	BES-04-16-079	Avellino	Avellino	Puglia	Qualità dei servizi · Servizio di raccolta differenziata dei rifiuti urbani	RECORD_MIN|INVERSIONE|ANOMALIA|DIVERGENZA	TERRITORIALE	99.0	SEGNALE PULSE — BES TERRITORI	2023-12	Avellino: Servizio di raccolta differenziata dei rifiuti urbani scende da 53,6 a 31,3 nel 2023 (-41.6%).	43.7|51.7|53.3|53.2|53.6|31.3		43.7|51.7|53.3|53.2|53.6|31.3	24|28.1|31.7|32|33.4|34.8	Record: il valore 2023 è inferiore ai valori dei cinque anni precedenti.¦Inversione: la variazione cambia segno tra 2021→2022 e 2022→2023.¦Anomalia: l'ultimo valore si discosta in modo robusto dal livello recente oltre la soglia PULSE.¦Divergenza territoriale: la variazione di Avellino si discosta da quella della regione Puglia.¦PULSE Score: 99.0/100. Fonte: BES dei territori, ISTAT.¦Unità di misura: Valori percentuali.¦Nota fonte: nan	BES dei territori — ISTAT	https://www.istat.it/statistiche-per-temi/focus/benessere-e-sostenibilita/la-misurazione-del-benessere-bes/il-bes-dei-territori/
73a00d872983a4bb	BES-04-19-090	Catanzaro	Catanzaro	Sicilia	Qualità dei servizi · Posti letto per specialità ad elevata assistenza	RECORD_MAX|INVERSIONE|ANOMALIA|DIVERGENZA	TERRITORIALE	99.0	SEGNALE PULSE — BES TERRITORI	2022-12	Catanzaro: Posti letto per specialità ad elevata assistenza sale da 3,9 a 6 nel 2022 (+53.8%).	4.4|4.4|4.5|4.9|3.9|6		4.4|4.4|4.5|4.9|3.9|6	2.4|2.4|2.4|2.5|2.3|2.7	Record: il valore 2022 supera i valori dei cinque anni precedenti.¦Inversione: la variazione cambia segno tra 2020→2021 e 2021→2022.¦Anomalia: l'ultimo valore si discosta in modo robusto dal livello recente oltre la soglia PULSE.¦Divergenza territoriale: la variazione di Catanzaro si discosta da quella della regione Sicilia.¦PULSE Score: 99.0/100. Fonte: BES dei territori, ISTAT.¦Unità di misura: Per 10.000 abitanti.¦Nota fonte: nan	BES dei territori — ISTAT	https://www.istat.it/statistiche-per-temi/focus/benessere-e-sostenibilita/la-misurazione-del-benessere-bes/il-bes-dei-territori/
05d3c55dd73fcb96	BES-04-19-000	Calabria		Calabria	Qualità dei servizi · Posti letto per specialità ad elevata assistenza	RECORD_MAX|INVERSIONE|ANOMALIA	GENERAL	99.0	SEGNALE PULSE — BES TERRITORI	2022-12	Calabria: Posti letto per specialità ad elevata assistenza sale da 2,3 a 2,7 nel 2022 (+17.4%).	2.4|2.4|2.4|2.5|2.3|2.7				Record: il valore 2022 supera i valori dei cinque anni precedenti.¦Inversione: la variazione cambia segno tra 2020→2021 e 2021→2022.¦Anomalia: l'ultimo valore si discosta in modo robusto dal livello recente oltre la soglia PULSE.¦PULSE Score: 99.0/100. Fonte: BES dei territori, ISTAT.¦Unità di misura: Per 10.000 abitanti.¦Nota fonte: nan	BES dei territori — ISTAT	https://www.istat.it/statistiche-per-temi/focus/benessere-e-sostenibilita/la-misurazione-del-benessere-bes/il-bes-dei-territori/
34d19b139c8ac03c	BES-03-13-065	Viterbo	Viterbo	Abruzzo	Qualità dei servizi · Posti letto per specialità ad elevata assistenza	RECORD_MAX|ACCELERAZIONE|ANOMALIA|DIVERGENZA	TERRITORIALE	99.0	SEGNALE PULSE — BES TERRITORI	2022-12	Viterbo: Posti letto per specialità ad elevata assistenza sale da 1,7 a 2,2 nel 2022 (+29.4%).	1.5|1.5|1.5|1.6|1.7|2.2		1.5|1.5|1.5|1.6|1.7|2.2	2.8|2.7|2.9|2.7|3|2.9	Record: il valore 2022 supera i valori dei cinque anni precedenti.¦Accelerazione: il cambiamento più recente è nettamente più ampio del precedente.¦Anomalia: l'ultimo valore si discosta in modo robusto dal livello recente oltre la soglia PULSE.¦Divergenza territoriale: la variazione di Viterbo si discosta da quella della regione Abruzzo.¦PULSE Score: 99.0/100. Fonte: BES dei territori, ISTAT.¦Unità di misura: Per 10.000 abitanti.¦Nota fonte: nan	BES dei territori — ISTAT	https://www.istat.it/statistiche-per-temi/focus/benessere-e-sostenibilita/la-misurazione-del-benessere-bes/il-bes-dei-territori/
b5fcf0af0c6cdd5b	BES-04-19-091	Reggio di Calabria	Reggio di Calabria	Sicilia	Qualità dei servizi · Servizio di raccolta differenziata dei rifiuti urbani	RECORD_MAX|INVERSIONE|ANOMALIA|DIVERGENZA	TERRITORIALE	99.0	SEGNALE PULSE — BES TERRITORI	2023-12	Reggio di Calabria: Servizio di raccolta differenziata dei rifiuti urbani sale da 6,1 a 17,7 nel 2023 (+190.2%).	3.4|4.1|5.3|6.7|6.1|17.7		3.4|4.1|5.3|6.7|6.1|17.7	24.3|26.2|31.3|36.9|36.8|38.2	Record: il valore 2023 supera i valori dei cinque anni precedenti.¦Inversione: la variazione cambia segno tra 2021→2022 e 2022→2023.¦Anomalia: l'ultimo valore si discosta in modo robusto dal livello recente oltre la soglia PULSE.¦Divergenza territoriale: la variazione di Reggio di Calabria si discosta da quella della regione Sicilia.¦PULSE Score: 99.0/100. Fonte: BES dei territori, ISTAT.¦Unità di misura: Valori percentuali.¦Nota fonte: nan	BES dei territori — ISTAT	https://www.istat.it/statistiche-per-temi/focus/benessere-e-sostenibilita/la-misurazione-del-benessere-bes/il-bes-dei-territori/
044b89784f3f4acd	BES-05-20-099	Enna	Enna	Sardegna	Qualità dei servizi · Posti letto negli ospedali	RECORD_MIN|INVERSIONE|ANOMALIA|DIVERGENZA	TERRITORIALE	99.0	SEGNALE PULSE — BES TERRITORI	2022-12	Enna: Posti letto negli ospedali scende da 47,6 a 44,4 nel 2022 (-6.7%).	45.4|45.2|45.5|44.9|47.6|44.4		45.4|45.2|45.5|44.9|47.6|44.4	30.4|30.6|31.2|31.8|31.9|30.9	Record: il valore 2022 è inferiore ai valori dei cinque anni precedenti.¦Inversione: la variazione cambia segno tra 2020→2021 e 2021→2022.¦Anomalia: l'ultimo valore si discosta in modo robusto dal livello recente oltre la soglia PULSE.¦Divergenza territoriale: la variazione di Enna si discosta da quella della regione Sardegna.¦PULSE Score: 99.0/100. Fonte: BES dei territori, ISTAT.¦Unità di misura: Per 10.000 abitanti.¦Nota fonte: nan	BES dei territori — ISTAT	https://www.istat.it/statistiche-per-temi/focus/benessere-e-sostenibilita/la-misurazione-del-benessere-bes/il-bes-dei-territori/
3863abd46a7af5b7	BES-01-04-020	Pavia	Pavia	Trentino-Alto Adige/Südtirol	Qualità dei servizi · Posti letto negli ospedali	RECORD_MIN|INVERSIONE|ANOMALIA|DIVERGENZA	TERRITORIALE	99.0	SEGNALE PULSE — BES TERRITORI	2022-12	Pavia: Posti letto negli ospedali scende da 51,1 a 47,2 nel 2022 (-7.6%).	52.5|50.9|50.8|49.8|51.1|47.2		52.5|50.9|50.8|49.8|51.1|47.2	36.3|35.6|36.3|36.6|34.2|34.1	Record: il valore 2022 è inferiore ai valori dei cinque anni precedenti.¦Inversione: la variazione cambia segno tra 2020→2021 e 2021→2022.¦Anomalia: l'ultimo valore si discosta in modo robusto dal livello recente oltre la soglia PULSE.¦Divergenza territoriale: la variazione di Pavia si discosta da quella della regione Trentino-Alto Adige/Südtirol.¦PULSE Score: 99.0/100. Fonte: BES dei territori, ISTAT.¦Unità di misura: Per 10.000 abitanti.¦Nota fonte: nan	BES dei territori — ISTAT	https://www.istat.it/statistiche-per-temi/focus/benessere-e-sostenibilita/la-misurazione-del-benessere-bes/il-bes-dei-territori/
1f586697e38b621f	BES-01-01-002	Vercelli	Vercelli	Piemonte	Qualità dei servizi · Posti letto negli ospedali	RECORD_MAX|INVERSIONE|ANOMALIA|DIVERGENZA	TERRITORIALE	99.0	SEGNALE PULSE — BES TERRITORI	2022-12	Vercelli: Posti letto negli ospedali sale da 28 a 32,1 nel 2022 (+14.6%).	28|28.1|28.5|30.1|28|32.1		28|28.1|28.5|30.1|28|32.1	36.7|36.9|36.9|37.7|36.9|36.7	Record: il valore 2022 supera i valori dei cinque anni precedenti.¦Inversione: la variazione cambia segno tra 2020→2021 e 2021→2022.¦Anomalia: l'ultimo valore si discosta in modo robusto dal livello recente oltre la soglia PULSE.¦Divergenza territoriale: la variazione di Vercelli si discosta da quella della regione Piemonte.¦PULSE Score: 99.0/100. Fonte: BES dei territori, ISTAT.¦Unità di misura: Per 10.000 abitanti.¦Nota fonte: nan	BES dei territori — ISTAT	https://www.istat.it/statistiche-per-temi/focus/benessere-e-sostenibilita/la-misurazione-del-benessere-bes/il-bes-dei-territori/
613a904c127178cd	BES-01-04-025	Monza e della Brianza	Monza e della Brianza	Trentino-Alto Adige/Südtirol	Paesaggio e patrimonio culturale · Diffusione delle aziende agrituristiche	RECORD_MAX|ACCELERAZIONE|ANOMALIA|DIVERGENZA	TERRITORIALE	99.0	SEGNALE PULSE — BES TERRITORI	2023-12	Monza e della Brianza: Diffusione delle aziende agrituristiche sale da 4,4 a 5,7 nel 2023 (+29.5%).	3.7|4.2|4.4|4.2|4.4|5.7		3.7|4.2|4.4|4.2|4.4|5.7	7|7.1|7.2|7.2|7.3|7.3	Record: il valore 2023 supera i valori dei cinque anni precedenti.¦Accelerazione: il cambiamento più recente è nettamente più ampio del precedente.¦Anomalia: l'ultimo valore si discosta in modo robusto dal livello recente oltre la soglia PULSE.¦Divergenza territoriale: la variazione di Monza e della Brianza si discosta da quella della regione Trentino-Alto Adige/Südtirol.¦PULSE Score: 99.0/100. Fonte: BES dei territori, ISTAT.¦Unità di misura: Per 100 km2.¦Nota fonte: nan	BES dei territori — ISTAT	https://www.istat.it/statistiche-per-temi/focus/benessere-e-sostenibilita/la-misurazione-del-benessere-bes/il-bes-dei-territori/
b13a88b14d6baadc	BES-02-09-046	Forlì-Cesena	Forlì-Cesena	Toscana	Qualità dei servizi · Irregolarità del servizio elettrico	RECORD_MAX|ACCELERAZIONE|ANOMALIA|DIVERGENZA	TERRITORIALE	99.0	SEGNALE PULSE — BES TERRITORI	2023-12	Forlì-Cesena: Irregolarità del servizio elettrico sale da 0,8 a 2,9 nel 2023 (+262.5%).	1.3|0.9|0.7|0.7|0.8|2.9		1.3|0.9|0.7|0.7|0.8|2.9	1.3|1.3|1.2|1|1.3|1.4	Record: il valore 2023 supera i valori dei cinque anni precedenti.¦Accelerazione: il cambiamento più recente è nettamente più ampio del precedente.¦Anomalia: l'ultimo valore si discosta in modo robusto dal livello recente oltre la soglia PULSE.¦Divergenza territoriale: la variazione di Forlì-Cesena si discosta da quella della regione Toscana.¦PULSE Score: 99.0/100. Fonte: BES dei territori, ISTAT.¦Unità di misura: Numero medio per utente.¦Nota fonte: nan	BES dei territori — ISTAT	https://www.istat.it/statistiche-per-temi/focus/benessere-e-sostenibilita/la-misurazione-del-benessere-bes/il-bes-dei-territori/
9fd953dbd9d862f0	BES-03-10-055	Siena	Siena	Umbria	Politica e istituzioni · Amministratori comunali donne	RECORD_MAX|INVERSIONE|ANOMALIA|DIVERGENZA	TERRITORIALE	99.0	SEGNALE PULSE — BES TERRITORI	2024-12	Siena: Amministratori comunali donne sale da 35,2 a 40,7 nel 2024 (+15.6%).	37.8|37.7|36.9|37.3|35.2|40.7		37.8|37.7|36.9|37.3|35.2|40.7	36.6|36.6|36.5|36.7|35.4|38.8	Record: il valore 2024 supera i valori dei cinque anni precedenti.¦Inversione: la variazione cambia segno tra 2022→2023 e 2023→2024.¦Anomalia: l'ultimo valore si discosta in modo robusto dal livello recente oltre la soglia PULSE.¦Divergenza territoriale: la variazione di Siena si discosta da quella della regione Umbria.¦PULSE Score: 99.0/100. Fonte: BES dei territori, ISTAT.¦Unità di misura: Valori percentuali.¦Nota fonte: nan	BES dei territori — ISTAT	https://www.istat.it/statistiche-per-temi/focus/benessere-e-sostenibilita/la-misurazione-del-benessere-bes/il-bes-dei-territori/
4ef947269f8f8407	BES-03-10-053	Pisa	Pisa	Umbria	Politica e istituzioni · Amministratori comunali donne	RECORD_MAX|INVERSIONE|ANOMALIA|DIVERGENZA	TERRITORIALE	99.0	SEGNALE PULSE — BES TERRITORI	2024-12	Pisa: Amministratori comunali donne sale da 33,6 a 41,4 nel 2024 (+23.2%).	40.1|39.4|38.9|39.1|33.6|41.4		40.1|39.4|38.9|39.1|33.6|41.4	36.6|36.6|36.5|36.7|35.4|38.8	Record: il valore 2024 supera i valori dei cinque anni precedenti.¦Inversione: la variazione cambia segno tra 2022→2023 e 2023→2024.¦Anomalia: l'ultimo valore si discosta in modo robusto dal livello recente oltre la soglia PULSE.¦Divergenza territoriale: la variazione di Pisa si discosta da quella della regione Umbria.¦PULSE Score: 99.0/100. Fonte: BES dei territori, ISTAT.¦Unità di misura: Valori percentuali.¦Nota fonte: nan	BES dei territori — ISTAT	https://www.istat.it/statistiche-per-temi/focus/benessere-e-sostenibilita/la-misurazione-del-benessere-bes/il-bes-dei-territori/
915a2e824501e989	BES-01-04-022	Mantova	Mantova	Trentino-Alto Adige/Südtirol	Ambiente · Disponibilità di verde urbano	RECORD_MAX|INVERSIONE|ANOMALIA|DIVERGENZA	TERRITORIALE	98.9	SEGNALE PULSE — BES TERRITORI	2023-12	Mantova: Disponibilità di verde urbano sale da 39,5 a 40,8 nel 2023 (+3.3%).	37.7|39|39.4|39.6|39.5|40.8		37.7|39|39.4|39.6|39.5|40.8	26.2|26.2|26.5|27|27.4|27.3	Record: il valore 2023 supera i valori dei cinque anni precedenti.¦Inversione: la variazione cambia segno tra 2021→2022 e 2022→2023.¦Anomalia: l'ultimo valore si discosta in modo robusto dal livello recente oltre la soglia PULSE.¦Divergenza territoriale: la variazione di Mantova si discosta da quella della regione Trentino-Alto Adige/Südtirol.¦PULSE Score: 98.9/100. Fonte: BES dei territori, ISTAT.¦Unità di misura: M2 per abitante.¦Nota fonte: nan	BES dei territori — ISTAT	https://www.istat.it/statistiche-per-temi/focus/benessere-e-sostenibilita/la-misurazione-del-benessere-bes/il-bes-dei-territori/
d4028dba3b9f4d0b	BES-02-08-036	Gorizia	Gorizia	Emilia-Romagna	Istruzione e formazione · Persone con almeno il diploma (25-64 anni)	RECORD_MAX|ACCELERAZIONE|ANOMALIA|DIVERGENZA	TERRITORIALE	98.9	SEGNALE PULSE — BES TERRITORI	2024-12	Gorizia: Persone con almeno il diploma (25-64 anni) sale da 69,2 a 73,5 nel 2024 (+6.2%).	66.5|67.1|68.3|67.7|69.2|73.5		66.5|67.1|68.3|67.7|69.2|73.5	70.1|71.2|70.6|71.2|72.7|74.9	Record: il valore 2024 supera i valori dei cinque anni precedenti.¦Accelerazione: il cambiamento più recente è nettamente più ampio del precedente.¦Anomalia: l'ultimo valore si discosta in modo robusto dal livello recente oltre la soglia PULSE.¦Divergenza territoriale: la variazione di Gorizia si discosta da quella della regione Emilia-Romagna.¦PULSE Score: 98.9/100. Fonte: BES dei territori, ISTAT.¦Unità di misura: Valori percentuali.¦Nota fonte: nan	BES dei territori — ISTAT	https://www.istat.it/statistiche-per-temi/focus/benessere-e-sostenibilita/la-misurazione-del-benessere-bes/il-bes-dei-territori/
7790cd6d8565267d	BES-02-07-034	Rovigo	Rovigo	Liguria	Qualità dei servizi · Posti letto per specialità ad elevata assistenza	RECORD_MAX|ACCELERAZIONE|ANOMALIA|DIVERGENZA	TERRITORIALE	98.9	SEGNALE PULSE — BES TERRITORI	2022-12	Rovigo: Posti letto per specialità ad elevata assistenza sale da 2,3 a 2,5 nel 2022 (+8.7%).	2.2|2.2|2.2|2.2|2.3|2.5		2.2|2.2|2.2|2.2|2.3|2.5	3.8|3.9|3.8|3.9|4.5|4	Record: il valore 2022 supera i valori dei cinque anni precedenti.¦Accelerazione: il cambiamento più recente è nettamente più ampio del precedente.¦Anomalia: l'ultimo valore si discosta in modo robusto dal livello recente oltre la soglia PULSE.¦Divergenza territoriale: la variazione di Rovigo si discosta da quella della regione Liguria.¦PULSE Score: 98.9/100. Fonte: BES dei territori, ISTAT.¦Unità di misura: Per 10.000 abitanti.¦Nota fonte: nan	BES dei territori — ISTAT	https://www.istat.it/statistiche-per-temi/focus/benessere-e-sostenibilita/la-misurazione-del-benessere-bes/il-bes-dei-territori/
75e49cfbbdf0146d	BES-04-14-070	L'Aquila	L'Aquila	Molise	Sicurezza · Denunce di rapina	RECORD_MAX|INVERSIONE|ANOMALIA|DIVERGENZA	TERRITORIALE	98.9	SEGNALE PULSE — BES TERRITORI	2023-12	L'Aquila: Denunce di rapina sale da 5,5 a 19,1 nel 2023 (+247.3%).	11.7|15.2|9.6|7.9|5.5|19.1		11.7|15.2|9.6|7.9|5.5|19.1	21.9|20.7|16.9|18.3|19|19.2	Record: il valore 2023 supera i valori dei cinque anni precedenti.¦Inversione: la variazione cambia segno tra 2021→2022 e 2022→2023.¦Anomalia: l'ultimo valore si discosta in modo robusto dal livello recente oltre la soglia PULSE.¦Divergenza territoriale: la variazione di L'Aquila si discosta da quella della regione Molise.¦PULSE Score: 98.9/100. Fonte: BES dei territori, ISTAT.¦Unità di misura: Per 100.000 abitanti.¦Nota fonte: I dati delle province di Sassari, Nuoro, Cagliari e Oristano si riferiscono ai confini in essere fino al 31 dicembre 2005; la somma dei dati provinciali corrisponde al dato complessivo della regione Sardegna.	BES dei territori — ISTAT	https://www.istat.it/statistiche-per-temi/focus/benessere-e-sostenibilita/la-misurazione-del-benessere-bes/il-bes-dei-territori/
80aacc0101c205dc	BES-03-10-057	Prato	Prato	Umbria	Qualità dei servizi · Irregolarità del servizio elettrico	RECORD_MAX|INVERSIONE|ANOMALIA|DIVERGENZA	TERRITORIALE	98.8	SEGNALE PULSE — BES TERRITORI	2023-12	Prato: Irregolarità del servizio elettrico sale da 1,1 a 1,7 nel 2023 (+54.5%).	1.1|1.3|1.2|1.2|1.1|1.7		1.1|1.3|1.2|1.2|1.1|1.7	1.9|1.8|1.7|1.5|1.6|1.9	Record: il valore 2023 supera i valori dei cinque anni precedenti.¦Inversione: la variazione cambia segno tra 2021→2022 e 2022→2023.¦Anomalia: l'ultimo valore si discosta in modo robusto dal livello recente oltre la soglia PULSE.¦Divergenza territoriale: la variazione di Prato si discosta da quella della regione Umbria.¦PULSE Score: 98.8/100. Fonte: BES dei territori, ISTAT.¦Unità di misura: Numero medio per utente.¦Nota fonte: nan	BES dei territori — ISTAT	https://www.istat.it/statistiche-per-temi/focus/benessere-e-sostenibilita/la-misurazione-del-benessere-bes/il-bes-dei-territori/
0356f77acc814f62	BES-04-16-077	Benevento	Benevento	Puglia	Ambiente · Disponibilità di verde urbano	RECORD_MAX|ACCELERAZIONE|ANOMALIA|DIVERGENZA	TERRITORIALE	98.7	SEGNALE PULSE — BES TERRITORI	2023-12	Benevento: Disponibilità di verde urbano sale da 22,7 a 23,9 nel 2023 (+5.3%).	21.5|21.8|22.2|22.4|22.7|23.9		21.5|21.8|22.2|22.4|22.7|23.9	15|15|15.5|15.8|16|16.1	Record: il valore 2023 supera i valori dei cinque anni precedenti.¦Accelerazione: il cambiamento più recente è nettamente più ampio del precedente.¦Anomalia: l'ultimo valore si discosta in modo robusto dal livello recente oltre la soglia PULSE.¦Divergenza territoriale: la variazione di Benevento si discosta da quella della regione Puglia.¦PULSE Score: 98.7/100. Fonte: BES dei territori, ISTAT.¦Unità di misura: M2 per abitante.¦Nota fonte: nan	BES dei territori — ISTAT	https://www.istat.it/statistiche-per-temi/focus/benessere-e-sostenibilita/la-misurazione-del-benessere-bes/il-bes-dei-territori/
a2cad0ef95bd5e47	BES-01-02-000	Valle d'Aosta/Vallée d'Aoste		Valle d'Aosta/Vallée d'Aoste	Sicurezza · Denunce di rapina	RECORD_MAX|INVERSIONE|ANOMALIA	GENERAL	98.6	SEGNALE PULSE — BES TERRITORI	2023-12	Valle d'Aosta/Vallée d'Aoste: Denunce di rapina sale da 9,7 a 13,8 nel 2023 (+42.3%).	9.5|8.8|9.6|10.5|9.7|13.8				Record: il valore 2023 supera i valori dei cinque anni precedenti.¦Inversione: la variazione cambia segno tra 2021→2022 e 2022→2023.¦Anomalia: l'ultimo valore si discosta in modo robusto dal livello recente oltre la soglia PULSE.¦PULSE Score: 98.6/100. Fonte: BES dei territori, ISTAT.¦Unità di misura: Per 100.000 abitanti.¦Nota fonte: I dati delle province di Sassari, Nuoro, Cagliari e Oristano si riferiscono ai confini in essere fino al 31 dicembre 2005; la somma dei dati provinciali corrisponde al dato complessivo della regione Sardegna.	BES dei territori — ISTAT	https://www.istat.it/statistiche-per-temi/focus/benessere-e-sostenibilita/la-misurazione-del-benessere-bes/il-bes-dei-territori/
3bb31f8516b30cde	BES-20-00-000	Centro		Centro	Innovazione, ricerca e creatività · Propensione alla brevettazione	RECORD_MIN|INVERSIONE|ANOMALIA	GENERAL	98.4	SEGNALE PULSE — BES TERRITORI	2022-12	Centro: Propensione alla brevettazione scende da 65,5 a 53,9 nel 2022 (-17.7%).	62.5|59.7|60|61|65.5|53.9				Record: il valore 2022 è inferiore ai valori dei cinque anni precedenti.¦Inversione: la variazione cambia segno tra 2020→2021 e 2021→2022.¦Anomalia: l'ultimo valore si discosta in modo robusto dal livello recente oltre la soglia PULSE.¦PULSE Score: 98.4/100. Fonte: BES dei territori, ISTAT.¦Unità di misura: Per milione di abitanti.¦Nota fonte: nan	BES dei territori — ISTAT	https://www.istat.it/statistiche-per-temi/focus/benessere-e-sostenibilita/la-misurazione-del-benessere-bes/il-bes-dei-territori/
03face60ef72cf2b	BES-01-04-015	Como	Como	Trentino-Alto Adige/Südtirol	Politica e istituzioni · Amministratori comunali con meno di 40 anni	RECORD_MIN|INVERSIONE|ANOMALIA|DIVERGENZA	TERRITORIALE	98.4	SEGNALE PULSE — BES TERRITORI	2024-12	Como: Amministratori comunali con meno di 40 anni scende da 27,7 a 24,7 nel 2024 (-10.8%).	27.6|26.5|26.7|26.2|27.7|24.7		27.6|26.5|26.7|26.2|27.7|24.7	28.9|27.3|27.6|26.3|24.2|26.3	Record: il valore 2024 è inferiore ai valori dei cinque anni precedenti.¦Inversione: la variazione cambia segno tra 2022→2023 e 2023→2024.¦Anomalia: l'ultimo valore si discosta in modo robusto dal livello recente oltre la soglia PULSE.¦Divergenza territoriale: la variazione di Como si discosta da quella della regione Trentino-Alto Adige/Südtirol.¦PULSE Score: 98.4/100. Fonte: BES dei territori, ISTAT.¦Unità di misura: Valori percentuali.¦Nota fonte: nan	BES dei territori — ISTAT	https://www.istat.it/statistiche-per-temi/focus/benessere-e-sostenibilita/la-misurazione-del-benessere-bes/il-bes-dei-territori/
d19ce885a58ef89b	BES-04-17-086	Barletta-Andria-Trani	Barletta-Andria-Trani	Basilicata	Politica e istituzioni · Comuni: capacità di riscossione	RECORD_MIN|INVERSIONE|ANOMALIA|DIVERGENZA	TERRITORIALE	98.3	SEGNALE PULSE — BES TERRITORI	2022-12	Barletta-Andria-Trani: Comuni: capacità di riscossione scende da 79,4 a 62,5 nel 2022 (-21.3%).	72|78.7|75.4|75.9|79.4|62.5		72|78.7|75.4|75.9|79.4|62.5	78.5|80|75.9|75.1|74.2|71.5	Record: il valore 2022 è inferiore ai valori dei cinque anni precedenti.¦Inversione: la variazione cambia segno tra 2020→2021 e 2021→2022.¦Anomalia: l'ultimo valore si discosta in modo robusto dal livello recente oltre la soglia PULSE.¦Divergenza territoriale: la variazione di Barletta-Andria-Trani si discosta da quella della regione Basilicata.¦PULSE Score: 98.3/100. Fonte: BES dei territori, ISTAT.¦Unità di misura: Valori percentuali.¦Nota fonte: nan	BES dei territori — ISTAT	https://www.istat.it/statistiche-per-temi/focus/benessere-e-sostenibilita/la-misurazione-del-benessere-bes/il-bes-dei-territori/
8cb8bb7d17594f63	BES-04-16-079	Avellino	Avellino	Puglia	Lavoro e conciliazione dei tempi di vita · Tasso di mancata partecipazione al lavoro	RECORD_MIN|ACCELERAZIONE|ANOMALIA|DIVERGENZA	TERRITORIALE	98.3	SEGNALE PULSE — BES TERRITORI	2024-12	Avellino: Tasso di mancata partecipazione al lavoro scende da 26,7 a 19,6 nel 2024 (-26.6%).	29|28.9|27.2|26.9|26.7|19.6		29|28.9|27.2|26.9|26.7|19.6	37.5|37.9|37.4|33.3|32.3|29.6	Record: il valore 2024 è inferiore ai valori dei cinque anni precedenti.¦Accelerazione: il cambiamento più recente è nettamente più ampio del precedente.¦Anomalia: l'ultimo valore si discosta in modo robusto dal livello recente oltre la soglia PULSE.¦Divergenza territoriale: la variazione di Avellino si discosta da quella della regione Puglia.¦PULSE Score: 98.3/100. Fonte: BES dei territori, ISTAT.¦Unità di misura: Valori percentuali.¦Nota fonte: nan	BES dei territori — ISTAT	https://www.istat.it/statistiche-per-temi/focus/benessere-e-sostenibilita/la-misurazione-del-benessere-bes/il-bes-dei-territori/
c0426df5511a4812	BES-01-04-022	Mantova	Mantova	Trentino-Alto Adige/Südtirol	Politica e istituzioni · Amministratori comunali donne	RECORD_MAX|INVERSIONE|ANOMALIA|DIVERGENZA	TERRITORIALE	98.3	SEGNALE PULSE — BES TERRITORI	2024-12	Mantova: Amministratori comunali donne sale da 34,9 a 39,1 nel 2024 (+12.0%).	37.1|37.4|36.7|37.7|34.9|39.1		37.1|37.4|36.7|37.7|34.9|39.1	34.5|34.7|33.9|34.2|35.6|35.3	Record: il valore 2024 supera i valori dei cinque anni precedenti.¦Inversione: la variazione cambia segno tra 2022→2023 e 2023→2024.¦Anomalia: l'ultimo valore si discosta in modo robusto dal livello recente oltre la soglia PULSE.¦Divergenza territoriale: la variazione di Mantova si discosta da quella della regione Trentino-Alto Adige/Südtirol.¦PULSE Score: 98.3/100. Fonte: BES dei territori, ISTAT.¦Unità di misura: Valori percentuali.¦Nota fonte: nan	BES dei territori — ISTAT	https://www.istat.it/statistiche-per-temi/focus/benessere-e-sostenibilita/la-misurazione-del-benessere-bes/il-bes-dei-territori/
da2db06c17f34684	BES-05-20-095	Palermo	Palermo	Sardegna	Salute · Mortalità per demenze e malattie del sistema nervoso (65 anni e più)	RECORD_MIN|ACCELERAZIONE|ANOMALIA|DIVERGENZA	TERRITORIALE	98.3	SEGNALE PULSE — BES TERRITORI	2022-12	Palermo: Mortalità per demenze e malattie del sistema nervoso (65 anni e più) scende da 37,2 a 31,8 nel 2022 (-14.5%).	36.9|36.9|35.1|38.4|37.2|31.8		36.9|36.9|35.1|38.4|37.2|31.8	33.7|31.1|31.6|31.1|33.8|32.2	Record: il valore 2022 è inferiore ai valori dei cinque anni precedenti.¦Accelerazione: il cambiamento più recente è nettamente più ampio del precedente.¦Anomalia: l'ultimo valore si discosta in modo robusto dal livello recente oltre la soglia PULSE.¦Divergenza territoriale: la variazione di Palermo si discosta da quella della regione Sardegna.¦PULSE Score: 98.3/100. Fonte: BES dei territori, ISTAT.¦Unità di misura: Tassi standardizzati per 10.000 residenti.¦Nota fonte: nan	BES dei territori — ISTAT	https://www.istat.it/statistiche-per-temi/focus/benessere-e-sostenibilita/la-misurazione-del-benessere-bes/il-bes-dei-territori/
b5a039f4eeec7f72	BES-04-17-081	Foggia	Foggia	Basilicata	Ambiente · Concentrazione media annua di PM10	RECORD_MAX|ANOMALIA|DIVERGENZA	TERRITORIALE	98.0	SEGNALE PULSE — BES TERRITORI	2023-12	Foggia: Concentrazione media annua di PM10 sale da 21 a 55 nel 2023 (+161.9%).	16|18|16|21|21|55		16|18|16|21|21|55	6|6|6|7|6|6	Record: il valore 2023 supera i valori dei cinque anni precedenti.¦Anomalia: l'ultimo valore si discosta in modo robusto dal livello recente oltre la soglia PULSE.¦Divergenza territoriale: la variazione di Foggia si discosta da quella della regione Basilicata.¦PULSE Score: 98.0/100. Fonte: BES dei territori, ISTAT.¦Unità di misura: Microgrammi per m3.¦Nota fonte: nan	BES dei territori — ISTAT	https://www.istat.it/statistiche-per-temi/focus/benessere-e-sostenibilita/la-misurazione-del-benessere-bes/il-bes-dei-territori/
7e02ee1933f4111a	BES-03-10-048	Massa-Carrara	Massa-Carrara	Umbria	Salute · Mortalità per tumore (20-64 anni)	RECORD_MIN|ANOMALIA|DIVERGENZA	TERRITORIALE	98.0	SEGNALE PULSE — BES TERRITORI	2022-12	Massa-Carrara: Mortalità per tumore (20-64 anni) scende da 8 a 6,7 nel 2022 (-16.2%).	8.4|7.9|7.9|8|8|6.7		8.4|7.9|7.9|8|8|6.7	8.1|8|7.9|7.7|7.4|6.9	Record: il valore 2022 è inferiore ai valori dei cinque anni precedenti.¦Anomalia: l'ultimo valore si discosta in modo robusto dal livello recente oltre la soglia PULSE.¦Divergenza territoriale: la variazione di Massa-Carrara si discosta da quella della regione Umbria.¦PULSE Score: 98.0/100. Fonte: BES dei territori, ISTAT.¦Unità di misura: Tassi standardizzati per 10.000 residenti.¦Nota fonte: nan	BES dei territori — ISTAT	https://www.istat.it/statistiche-per-temi/focus/benessere-e-sostenibilita/la-misurazione-del-benessere-bes/il-bes-dei-territori/
84984b8ea7e09a8b	BES-04-19-092	Crotone	Crotone	Sicilia	Salute · Mortalità per tumore (20-64 anni)	RECORD_MAX|ANOMALIA|DIVERGENZA	TERRITORIALE	98.0	SEGNALE PULSE — BES TERRITORI	2022-12	Crotone: Mortalità per tumore (20-64 anni) sale da 8,4 a 9,3 nel 2022 (+10.7%).	8.4|8|8.3|8.4|8.4|9.3		8.4|8|8.3|8.4|8.4|9.3	8|8.3|8.2|8|8.3|8	Record: il valore 2022 supera i valori dei cinque anni precedenti.¦Anomalia: l'ultimo valore si discosta in modo robusto dal livello recente oltre la soglia PULSE.¦Divergenza territoriale: la variazione di Crotone si discosta da quella della regione Sicilia.¦PULSE Score: 98.0/100. Fonte: BES dei territori, ISTAT.¦Unità di misura: Tassi standardizzati per 10.000 residenti.¦Nota fonte: nan	BES dei territori — ISTAT	https://www.istat.it/statistiche-per-temi/focus/benessere-e-sostenibilita/la-misurazione-del-benessere-bes/il-bes-dei-territori/
5c262c4fef6badf4	BES-02-08-036	Gorizia	Gorizia	Emilia-Romagna	Qualità dei servizi · Servizio di raccolta differenziata dei rifiuti urbani	RECORD_MAX|ANOMALIA|DIVERGENZA	TERRITORIALE	98.0	SEGNALE PULSE — BES TERRITORI	2023-12	Gorizia: Servizio di raccolta differenziata dei rifiuti urbani sale da 73,1 a 94,5 nel 2023 (+29.3%).	48.3|48.1|47.8|47.6|73.1|94.5		48.3|48.1|47.8|47.6|73.1|94.5	57.7|58.2|67.8|68.2|70.9|75.8	Record: il valore 2023 supera i valori dei cinque anni precedenti.¦Anomalia: l'ultimo valore si discosta in modo robusto dal livello recente oltre la soglia PULSE.¦Divergenza territoriale: la variazione di Gorizia si discosta da quella della regione Emilia-Romagna.¦PULSE Score: 98.0/100. Fonte: BES dei territori, ISTAT.¦Unità di misura: Valori percentuali.¦Nota fonte: nan	BES dei territori — ISTAT	https://www.istat.it/statistiche-per-temi/focus/benessere-e-sostenibilita/la-misurazione-del-benessere-bes/il-bes-dei-territori/
b67d5a722915ce37	BES-04-14-072	Pescara	Pescara	Molise	Istruzione e formazione · Bambini che hanno usufruito dei servizi comunali per l'infanzia	RECORD_MAX|ANOMALIA|DIVERGENZA	TERRITORIALE	98.0	SEGNALE PULSE — BES TERRITORI	2022-12	Pescara: Bambini che hanno usufruito dei servizi comunali per l'infanzia sale da 6,2 a 12,5 nel 2022 (+101.6%).	5.3|5.8|6.9|6.3|6.2|12.5		5.3|5.8|6.9|6.3|6.2|12.5	8.4|8.8|9.1|9.3|10|12.7	Record: il valore 2022 supera i valori dei cinque anni precedenti.¦Anomalia: l'ultimo valore si discosta in modo robusto dal livello recente oltre la soglia PULSE.¦Divergenza territoriale: la variazione di Pescara si discosta da quella della regione Molise.¦PULSE Score: 98.0/100. Fonte: BES dei territori, ISTAT.¦Unità di misura: Valori percentuali.¦Nota fonte: nan	BES dei territori — ISTAT	https://www.istat.it/statistiche-per-temi/focus/benessere-e-sostenibilita/la-misurazione-del-benessere-bes/il-bes-dei-territori/
61bdd8dda45e7905	BES-03-10-056	Grosseto	Grosseto	Umbria	Ambiente · Disponibilità di verde urbano	RECORD_MAX|ANOMALIA|DIVERGENZA	TERRITORIALE	98.0	SEGNALE PULSE — BES TERRITORI	2023-12	Grosseto: Disponibilità di verde urbano sale da 36,8 a 37,9 nel 2023 (+3.0%).	36.7|36.6|36.7|36.8|36.8|37.9		36.7|36.6|36.7|36.8|36.8|37.9	24|24|24.3|24.5|25|25.1	Record: il valore 2023 supera i valori dei cinque anni precedenti.¦Anomalia: l'ultimo valore si discosta in modo robusto dal livello recente oltre la soglia PULSE.¦Divergenza territoriale: la variazione di Grosseto si discosta da quella della regione Umbria.¦PULSE Score: 98.0/100. Fonte: BES dei territori, ISTAT.¦Unità di misura: M2 per abitante.¦Nota fonte: nan	BES dei territori — ISTAT	https://www.istat.it/statistiche-per-temi/focus/benessere-e-sostenibilita/la-misurazione-del-benessere-bes/il-bes-dei-territori/
1bda5d3be922def6	BES-01-03-000	Liguria		Liguria	Ambiente · Energia elettrica da fonti rinnovabili	RECORD_MAX|INVERSIONE|ANOMALIA	GENERAL	97.7	SEGNALE PULSE — BES TERRITORI	2023-12	Liguria: Energia elettrica da fonti rinnovabili sale da 7 a 9,8 nel 2023 (+40.0%).	8.5|8.6|8.3|7.3|7|9.8				Record: il valore 2023 supera i valori dei cinque anni precedenti.¦Inversione: la variazione cambia segno tra 2021→2022 e 2022→2023.¦Anomalia: l'ultimo valore si discosta in modo robusto dal livello recente oltre la soglia PULSE.¦PULSE Score: 97.7/100. Fonte: BES dei territori, ISTAT.¦Unità di misura: Valori percentuali.¦Nota fonte: L'indicatore è stato calcolato considerando il consumo interno lordo comprensivo dei pompaggi. Valori superiori a 100 sono dovuti alla produzione di energia superiore alla richiesta interna.	BES dei territori — ISTAT	https://www.istat.it/statistiche-per-temi/focus/benessere-e-sostenibilita/la-misurazione-del-benessere-bes/il-bes-dei-territori/
150e00f8ee1fa1c0	BES-02-09-046	Forlì-Cesena	Forlì-Cesena	Toscana	Istruzione e formazione · Laureati e altri titoli terziari (25-39 anni)	RECORD_MIN|ACCELERAZIONE|ANOMALIA|DIVERGENZA	TERRITORIALE	97.4	SEGNALE PULSE — BES TERRITORI	2024-12	Forlì-Cesena: Laureati e altri titoli terziari (25-39 anni) scende da 31,8 a 27,2 nel 2024 (-14.5%).	32.8|31.6|32.4|33|31.8|27.2		32.8|31.6|32.4|33|31.8|27.2	32.1|33.6|33.7|32.2|33.7|36.4	Record: il valore 2024 è inferiore ai valori dei cinque anni precedenti.¦Accelerazione: il cambiamento più recente è nettamente più ampio del precedente.¦Anomalia: l'ultimo valore si discosta in modo robusto dal livello recente oltre la soglia PULSE.¦Divergenza territoriale: la variazione di Forlì-Cesena si discosta da quella della regione Toscana.¦PULSE Score: 97.4/100. Fonte: BES dei territori, ISTAT.¦Unità di misura: Valori percentuali.¦Nota fonte: nan	BES dei territori — ISTAT	https://www.istat.it/statistiche-per-temi/focus/benessere-e-sostenibilita/la-misurazione-del-benessere-bes/il-bes-dei-territori/
0bccef37c2beef9e	BES-02-09-000	Emilia-Romagna		Emilia-Romagna	Innovazione, ricerca e creatività · Propensione alla brevettazione	RECORD_MIN|INVERSIONE|ANOMALIA	GENERAL	97.3	SEGNALE PULSE — BES TERRITORI	2022-12	Emilia-Romagna: Propensione alla brevettazione scende da 212,6 a 175,8 nel 2022 (-17.3%).	184.8|196.8|202.5|207.9|212.6|175.8				Record: il valore 2022 è inferiore ai valori dei cinque anni precedenti.¦Inversione: la variazione cambia segno tra 2020→2021 e 2021→2022.¦Anomalia: l'ultimo valore si discosta in modo robusto dal livello recente oltre la soglia PULSE.¦PULSE Score: 97.3/100. Fonte: BES dei territori, ISTAT.¦Unità di misura: Per milione di abitanti.¦Nota fonte: nan	BES dei territori — ISTAT	https://www.istat.it/statistiche-per-temi/focus/benessere-e-sostenibilita/la-misurazione-del-benessere-bes/il-bes-dei-territori/
7a1e96faf74e7b48	BES-01-02-000	Valle d'Aosta/Vallée d'Aoste		Valle d'Aosta/Vallée d'Aoste	Politica e istituzioni · Amministrazioni provinciali: capacità di riscossione	RECORD_MIN|INVERSIONE|ANOMALIA	GENERAL	97.2	SEGNALE PULSE — BES TERRITORI	2022-12	Valle d'Aosta/Vallée d'Aoste: Amministrazioni provinciali: capacità di riscossione scende da 92,6 a 79,5 nel 2022 (-14.1%).	94.7|91.8|87.5|90.2|92.6|79.5				Record: il valore 2022 è inferiore ai valori dei cinque anni precedenti.¦Inversione: la variazione cambia segno tra 2020→2021 e 2021→2022.¦Anomalia: l'ultimo valore si discosta in modo robusto dal livello recente oltre la soglia PULSE.¦PULSE Score: 97.2/100. Fonte: BES dei territori, ISTAT.¦Unità di misura: Valori percentuali.¦Nota fonte: (a) Nel 2019 tutte le Amministrazioni provinciali del Friuli-Venezia Giulia risultano abolite.	BES dei territori — ISTAT	https://www.istat.it/statistiche-per-temi/focus/benessere-e-sostenibilita/la-misurazione-del-benessere-bes/il-bes-dei-territori/
a903e5183320f125	BES-02-09-042	Modena	Modena	Toscana	Ambiente · Concentrazione media annua di PM10	RECORD_MIN|INVERSIONE|ANOMALIA|DIVERGENZA	TERRITORIALE	97.1	SEGNALE PULSE — BES TERRITORI	2023-12	Modena: Concentrazione media annua di PM10 scende da 36 a 30 nel 2023 (-16.7%).	33|33|33|33|36|30		33|33|33|33|36|30	9|9|9|9|9|9	Record: il valore 2023 è inferiore ai valori dei cinque anni precedenti.¦Inversione: la variazione cambia segno tra 2021→2022 e 2022→2023.¦Anomalia: l'ultimo valore si discosta in modo robusto dal livello recente oltre la soglia PULSE.¦Divergenza territoriale: la variazione di Modena si discosta da quella della regione Toscana.¦PULSE Score: 97.1/100. Fonte: BES dei territori, ISTAT.¦Unità di misura: Microgrammi per m3.¦Nota fonte: nan	BES dei territori — ISTAT	https://www.istat.it/statistiche-per-temi/focus/benessere-e-sostenibilita/la-misurazione-del-benessere-bes/il-bes-dei-territori/
8479f31041af9712	BES-04-14-071	Teramo	Teramo	Molise	Qualità dei servizi · Posti letto per specialità ad elevata assistenza	RECORD_MAX|INVERSIONE|ANOMALIA|DIVERGENZA	TERRITORIALE	97.1	SEGNALE PULSE — BES TERRITORI	2022-12	Teramo: Posti letto per specialità ad elevata assistenza sale da 2,7 a 2,9 nel 2022 (+7.4%).	2.8|2.8|2.8|2.8|2.7|2.9		2.8|2.8|2.8|2.8|2.7|2.9	3|3|3|3|3.2|3.2	Record: il valore 2022 supera i valori dei cinque anni precedenti.¦Inversione: la variazione cambia segno tra 2020→2021 e 2021→2022.¦Anomalia: l'ultimo valore si discosta in modo robusto dal livello recente oltre la soglia PULSE.¦Divergenza territoriale: la variazione di Teramo si discosta da quella della regione Molise.¦PULSE Score: 97.1/100. Fonte: BES dei territori, ISTAT.¦Unità di misura: Per 10.000 abitanti.¦Nota fonte: nan	BES dei territori — ISTAT	https://www.istat.it/statistiche-per-temi/focus/benessere-e-sostenibilita/la-misurazione-del-benessere-bes/il-bes-dei-territori/
caac5601c943f659	BES-02-07-033	Padova	Padova	Liguria	Ambiente · Rifiuti urbani prodotti	RECORD_MAX|INVERSIONE|ANOMALIA	TERRITORIALE	97.0	SEGNALE PULSE — BES TERRITORI	2023-12	Padova: Rifiuti urbani prodotti sale da 476,0 a 517,0 nel 2023 (+8.6%).	484|483|472|483|476|517		484|483|472|483|476|517	484|492|476|487|476|498	Record: il valore 2023 supera i valori dei cinque anni precedenti.¦Inversione: la variazione cambia segno tra 2021→2022 e 2022→2023.¦Anomalia: l'ultimo valore si discosta in modo robusto dal livello recente oltre la soglia PULSE.¦PULSE Score: 97.0/100. Fonte: BES dei territori, ISTAT.¦Unità di misura: Kg per abitante.¦Nota fonte: nan	BES dei territori — ISTAT	https://www.istat.it/statistiche-per-temi/focus/benessere-e-sostenibilita/la-misurazione-del-benessere-bes/il-bes-dei-territori/
8b01e83cd51ccef5	BES-02-08-035	Udine	Udine	Emilia-Romagna	Ambiente · Rifiuti urbani prodotti	RECORD_MAX|INVERSIONE|ANOMALIA	TERRITORIALE	97.0	SEGNALE PULSE — BES TERRITORI	2023-12	Udine: Rifiuti urbani prodotti sale da 498,0 a 533,0 nel 2023 (+7.0%).	499|505|502|510|498|533		499|505|502|510|498|533	492|499|496|501|494|525	Record: il valore 2023 supera i valori dei cinque anni precedenti.¦Inversione: la variazione cambia segno tra 2021→2022 e 2022→2023.¦Anomalia: l'ultimo valore si discosta in modo robusto dal livello recente oltre la soglia PULSE.¦PULSE Score: 97.0/100. Fonte: BES dei territori, ISTAT.¦Unità di misura: Kg per abitante.¦Nota fonte: nan	BES dei territori — ISTAT	https://www.istat.it/statistiche-per-temi/focus/benessere-e-sostenibilita/la-misurazione-del-benessere-bes/il-bes-dei-territori/
9dd10816150cc309	BES-02-07-029	Vicenza	Vicenza	Liguria	Ambiente · Raccolta differenziata dei rifiuti urbani	RECORD_MAX|INVERSIONE|ANOMALIA	TERRITORIALE	97.0	SEGNALE PULSE — BES TERRITORI	2023-12	Vicenza: Raccolta differenziata dei rifiuti urbani sale da 78,1 a 79,4 nel 2023 (+1.7%).	78.2|78.1|78.2|78.2|78.1|79.4		78.2|78.1|78.2|78.2|78.1|79.4	73.8|74.7|76.1|76.2|76.2|77.7	Record: il valore 2023 supera i valori dei cinque anni precedenti.¦Inversione: la variazione cambia segno tra 2021→2022 e 2022→2023.¦Anomalia: l'ultimo valore si discosta in modo robusto dal livello recente oltre la soglia PULSE.¦PULSE Score: 97.0/100. Fonte: BES dei territori, ISTAT.¦Unità di misura: Valori percentuali.¦Nota fonte: I dati dal 2016 ad oggi risultano solo parzialmente confrontabili con gli anni precedenti, a causa di una variazione nei criteri di calcolo dei dati di produzione e raccolta.	BES dei territori — ISTAT	https://www.istat.it/statistiche-per-temi/focus/benessere-e-sostenibilita/la-misurazione-del-benessere-bes/il-bes-dei-territori/
30ad9c86559f62b0	BES-01-04-021	Cremona	Cremona	Trentino-Alto Adige/Südtirol	Ambiente · Concentrazione media annua di PM10	RECORD_MIN|INVERSIONE|ANOMALIA	TERRITORIALE	97.0	SEGNALE PULSE — BES TERRITORI	2023-12	Cremona: Concentrazione media annua di PM10 scende da 35 a 32 nel 2023 (-8.6%).	34|35|35|34|35|32		34|35|35|34|35|32	12|12|11|12|12|10	Record: il valore 2023 è inferiore ai valori dei cinque anni precedenti.¦Inversione: la variazione cambia segno tra 2021→2022 e 2022→2023.¦Anomalia: l'ultimo valore si discosta in modo robusto dal livello recente oltre la soglia PULSE.¦PULSE Score: 97.0/100. Fonte: BES dei territori, ISTAT.¦Unità di misura: Microgrammi per m3.¦Nota fonte: nan	BES dei territori — ISTAT	https://www.istat.it/statistiche-per-temi/focus/benessere-e-sostenibilita/la-misurazione-del-benessere-bes/il-bes-dei-territori/
8181d522aacf3555	BES-03-12-000	Marche		Marche	Istruzione e formazione · Persone con almeno il diploma (25-64 anni)	RECORD_MAX|ACCELERAZIONE|ANOMALIA	GENERAL	97.0	SEGNALE PULSE — BES TERRITORI	2024-12	Marche: Persone con almeno il diploma (25-64 anni) sale da 67,2 a 70,3 nel 2024 (+4.6%).	65.4|65.2|66|65.9|67.2|70.3				Record: il valore 2024 supera i valori dei cinque anni precedenti.¦Accelerazione: il cambiamento più recente è nettamente più ampio del precedente.¦Anomalia: l'ultimo valore si discosta in modo robusto dal livello recente oltre la soglia PULSE.¦PULSE Score: 97.0/100. Fonte: BES dei territori, ISTAT.¦Unità di misura: Valori percentuali.¦Nota fonte: nan	BES dei territori — ISTAT	https://www.istat.it/statistiche-per-temi/focus/benessere-e-sostenibilita/la-misurazione-del-benessere-bes/il-bes-dei-territori/
1084c84d090f2056	BES-05-20-000	Sicilia		Sicilia	Istruzione e formazione · Persone con almeno il diploma (25-64 anni)	RECORD_MAX|RALLENTAMENTO|ANOMALIA	GENERAL	97.0	SEGNALE PULSE — BES TERRITORI	2024-12	Sicilia: Persone con almeno il diploma (25-64 anni) sale da 54,9 a 56,1 nel 2024 (+2.2%).	52|52.1|52.4|52.4|54.9|56.1				Record: il valore 2024 supera i valori dei cinque anni precedenti.¦Rallentamento: il cambiamento più recente è nettamente più contenuto del precedente.¦Anomalia: l'ultimo valore si discosta in modo robusto dal livello recente oltre la soglia PULSE.¦PULSE Score: 97.0/100. Fonte: BES dei territori, ISTAT.¦Unità di misura: Valori percentuali.¦Nota fonte: nan	BES dei territori — ISTAT	https://www.istat.it/statistiche-per-temi/focus/benessere-e-sostenibilita/la-misurazione-del-benessere-bes/il-bes-dei-territori/
45a4f50312b55f5b	BES-03-12-000	Marche		Marche	Istruzione e formazione · Bambini che hanno usufruito dei servizi comunali per l'infanzia	RECORD_MAX|ACCELERAZIONE|ANOMALIA	GENERAL	97.0	SEGNALE PULSE — BES TERRITORI	2022-12	Marche: Bambini che hanno usufruito dei servizi comunali per l'infanzia sale da 18,5 a 22,3 nel 2022 (+20.5%).	15.8|17.2|18.4|18.2|18.5|22.3				Record: il valore 2022 supera i valori dei cinque anni precedenti.¦Accelerazione: il cambiamento più recente è nettamente più ampio del precedente.¦Anomalia: l'ultimo valore si discosta in modo robusto dal livello recente oltre la soglia PULSE.¦PULSE Score: 97.0/100. Fonte: BES dei territori, ISTAT.¦Unità di misura: Valori percentuali.¦Nota fonte: nan	BES dei territori — ISTAT	https://www.istat.it/statistiche-per-temi/focus/benessere-e-sostenibilita/la-misurazione-del-benessere-bes/il-bes-dei-territori/
11daf9a8603b3b58	BES-05-21-000	Sardegna		Sardegna	Istruzione e formazione · Persone con almeno il diploma (25-64 anni)	RECORD_MAX|ACCELERAZIONE|ANOMALIA	GENERAL	97.0	SEGNALE PULSE — BES TERRITORI	2024-12	Sardegna: Persone con almeno il diploma (25-64 anni) sale da 55 a 56,8 nel 2024 (+3.3%).	54.2|54.1|54.2|54.6|55|56.8				Record: il valore 2024 supera i valori dei cinque anni precedenti.¦Accelerazione: il cambiamento più recente è nettamente più ampio del precedente.¦Anomalia: l'ultimo valore si discosta in modo robusto dal livello recente oltre la soglia PULSE.¦PULSE Score: 97.0/100. Fonte: BES dei territori, ISTAT.¦Unità di misura: Valori percentuali.¦Nota fonte: nan	BES dei territori — ISTAT	https://www.istat.it/statistiche-per-temi/focus/benessere-e-sostenibilita/la-misurazione-del-benessere-bes/il-bes-dei-territori/
1bb38ffaabad7a7c	BES-04-14-000	Abruzzo		Abruzzo	Istruzione e formazione · Bambini che hanno usufruito dei servizi comunali per l'infanzia	RECORD_MAX|ACCELERAZIONE|ANOMALIA	GENERAL	97.0	SEGNALE PULSE — BES TERRITORI	2022-12	Abruzzo: Bambini che hanno usufruito dei servizi comunali per l'infanzia sale da 10 a 12,7 nel 2022 (+27.0%).	8.4|8.8|9.1|9.3|10|12.7				Record: il valore 2022 supera i valori dei cinque anni precedenti.¦Accelerazione: il cambiamento più recente è nettamente più ampio del precedente.¦Anomalia: l'ultimo valore si discosta in modo robusto dal livello recente oltre la soglia PULSE.¦PULSE Score: 97.0/100. Fonte: BES dei territori, ISTAT.¦Unità di misura: Valori percentuali.¦Nota fonte: nan	BES dei territori — ISTAT	https://www.istat.it/statistiche-per-temi/focus/benessere-e-sostenibilita/la-misurazione-del-benessere-bes/il-bes-dei-territori/
48293c500e174745	BES-01-03-012	Genova	Genova	Lombardia	Qualità dei servizi · Posti letto per specialità ad elevata assistenza	RECORD_MAX|INVERSIONE|ANOMALIA	TERRITORIALE	97.0	SEGNALE PULSE — BES TERRITORI	2022-12	Genova: Posti letto per specialità ad elevata assistenza sale da 3,5 a 3,8 nel 2022 (+8.6%).	3.6|3.6|3.6|3.6|3.5|3.8		3.6|3.6|3.6|3.6|3.5|3.8	3.5|3.5|3.5|3.5|4|4.2	Record: il valore 2022 supera i valori dei cinque anni precedenti.¦Inversione: la variazione cambia segno tra 2020→2021 e 2021→2022.¦Anomalia: l'ultimo valore si discosta in modo robusto dal livello recente oltre la soglia PULSE.¦PULSE Score: 97.0/100. Fonte: BES dei territori, ISTAT.¦Unità di misura: Per 10.000 abitanti.¦Nota fonte: nan	BES dei territori — ISTAT	https://www.istat.it/statistiche-per-temi/focus/benessere-e-sostenibilita/la-misurazione-del-benessere-bes/il-bes-dei-territori/
a8e38de482bc5df5	BES-02-08-035	Udine	Udine	Emilia-Romagna	Relazioni sociali · Organizzazioni non profit	RECORD_MIN|INVERSIONE|ANOMALIA	TERRITORIALE	97.0	SEGNALE PULSE — BES TERRITORI	2022-12	Udine: Organizzazioni non profit scende da 90,5 a 88,4 nel 2022 (-2.3%).	88.6|90.7|90.6|90.4|90.5|88.4		88.6|90.7|90.6|90.4|90.5|88.4	88.5|90.9|90.8|91.2|91|88.8	Record: il valore 2022 è inferiore ai valori dei cinque anni precedenti.¦Inversione: la variazione cambia segno tra 2020→2021 e 2021→2022.¦Anomalia: l'ultimo valore si discosta in modo robusto dal livello recente oltre la soglia PULSE.¦PULSE Score: 97.0/100. Fonte: BES dei territori, ISTAT.¦Unità di misura: Per 10.000 abitanti.¦Nota fonte: nan	BES dei territori — ISTAT	https://www.istat.it/statistiche-per-temi/focus/benessere-e-sostenibilita/la-misurazione-del-benessere-bes/il-bes-dei-territori/
ce2b784fcc83f48d	BES-03-12-062	Macerata	Macerata	Lazio	Lavoro e conciliazione dei tempi di vita · Tasso di occupazione giovanile (15-29 anni)	RECORD_MAX|INVERSIONE|ANOMALIA	TERRITORIALE	97.0	SEGNALE PULSE — BES TERRITORI	2024-12	Macerata: Tasso di occupazione giovanile (15-29 anni) sale da 35,4 a 39,4 nel 2024 (+11.3%).	35.8|35.2|33.8|36|35.4|39.4		35.8|35.2|33.8|36|35.4|39.4	34|32.4|35.3|37.3|36.2|38.7	Record: il valore 2024 supera i valori dei cinque anni precedenti.¦Inversione: la variazione cambia segno tra 2022→2023 e 2023→2024.¦Anomalia: l'ultimo valore si discosta in modo robusto dal livello recente oltre la soglia PULSE.¦PULSE Score: 97.0/100. Fonte: BES dei territori, ISTAT.¦Unità di misura: Valori percentuali.¦Nota fonte: nan	BES dei territori — ISTAT	https://www.istat.it/statistiche-per-temi/focus/benessere-e-sostenibilita/la-misurazione-del-benessere-bes/il-bes-dei-territori/
10680232808638c2	BES-04-19-000	Calabria		Calabria	Lavoro e conciliazione dei tempi di vita · Tasso di occupazione giovanile (15-29 anni)	RECORD_MIN|ACCELERAZIONE|ANOMALIA	GENERAL	97.0	SEGNALE PULSE — BES TERRITORI	2024-12	Calabria: Tasso di occupazione giovanile (15-29 anni) scende da 20,3 a 18,5 nel 2024 (-8.9%).	21.2|19.9|20.3|20.5|20.3|18.5				Record: il valore 2024 è inferiore ai valori dei cinque anni precedenti.¦Accelerazione: il cambiamento più recente è nettamente più ampio del precedente.¦Anomalia: l'ultimo valore si discosta in modo robusto dal livello recente oltre la soglia PULSE.¦PULSE Score: 97.0/100. Fonte: BES dei territori, ISTAT.¦Unità di misura: Valori percentuali.¦Nota fonte: nan	BES dei territori — ISTAT	https://www.istat.it/statistiche-per-temi/focus/benessere-e-sostenibilita/la-misurazione-del-benessere-bes/il-bes-dei-territori/
dfcadda3490b41ce	BES-02-08-000	Friuli-Venezia Giulia		Friuli-Venezia Giulia	Lavoro e conciliazione dei tempi di vita · Tasso di mancata partecipazione al lavoro giovanile (15-29 anni)	RECORD_MIN|ACCELERAZIONE|ANOMALIA	GENERAL	97.0	SEGNALE PULSE — BES TERRITORI	2024-12	Friuli-Venezia Giulia: Tasso di mancata partecipazione al lavoro giovanile (15-29 anni) scende da 15,9 a 14,2 nel 2024 (-10.7%).	20|20.1|20.4|16.1|15.9|14.2				Record: il valore 2024 è inferiore ai valori dei cinque anni precedenti.¦Accelerazione: il cambiamento più recente è nettamente più ampio del precedente.¦Anomalia: l'ultimo valore si discosta in modo robusto dal livello recente oltre la soglia PULSE.¦PULSE Score: 97.0/100. Fonte: BES dei territori, ISTAT.¦Unità di misura: Valori percentuali.¦Nota fonte: nan	BES dei territori — ISTAT	https://www.istat.it/statistiche-per-temi/focus/benessere-e-sostenibilita/la-misurazione-del-benessere-bes/il-bes-dei-territori/
d4b865f62e9a0fa6	BES-90-00-000	Italia		Italia	Istruzione e formazione · Persone con almeno il diploma (25-64 anni)	RECORD_MAX|RALLENTAMENTO|ANOMALIA	GENERAL	97.0	SEGNALE PULSE — BES TERRITORI	2024-12	Italia: Persone con almeno il diploma (25-64 anni) sale da 65,5 a 66,7 nel 2024 (+1.8%).	62.3|62.6|62.7|63|65.5|66.7				Record: il valore 2024 supera i valori dei cinque anni precedenti.¦Rallentamento: il cambiamento più recente è nettamente più contenuto del precedente.¦Anomalia: l'ultimo valore si discosta in modo robusto dal livello recente oltre la soglia PULSE.¦PULSE Score: 97.0/100. Fonte: BES dei territori, ISTAT.¦Unità di misura: Valori percentuali.¦Nota fonte: nan	BES dei territori — ISTAT	https://www.istat.it/statistiche-per-temi/focus/benessere-e-sostenibilita/la-misurazione-del-benessere-bes/il-bes-dei-territori/
8decfab037cac26a	BES-02-08-038	Pordenone	Pordenone	Emilia-Romagna	Qualità dei servizi · Irregolarità del servizio elettrico	RECORD_MAX|INVERSIONE|ANOMALIA	TERRITORIALE	97.0	SEGNALE PULSE — BES TERRITORI	2023-12	Pordenone: Irregolarità del servizio elettrico sale da 1 a 1,8 nel 2023 (+80.0%).	1.1|1.1|1.1|1.1|1|1.8		1.1|1.1|1.1|1.1|1|1.8	1.1|1|1.3|0.9|1.2|1.7	Record: il valore 2023 supera i valori dei cinque anni precedenti.¦Inversione: la variazione cambia segno tra 2021→2022 e 2022→2023.¦Anomalia: l'ultimo valore si discosta in modo robusto dal livello recente oltre la soglia PULSE.¦PULSE Score: 97.0/100. Fonte: BES dei territori, ISTAT.¦Unità di misura: Numero medio per utente.¦Nota fonte: nan	BES dei territori — ISTAT	https://www.istat.it/statistiche-per-temi/focus/benessere-e-sostenibilita/la-misurazione-del-benessere-bes/il-bes-dei-territori/
c5b82ac9da3773ed	BES-02-09-044	Ferrara	Ferrara	Toscana	Qualità dei servizi · Posti letto negli ospedali	RECORD_MIN|INVERSIONE|ANOMALIA	TERRITORIALE	97.0	SEGNALE PULSE — BES TERRITORI	2022-12	Ferrara: Posti letto negli ospedali scende da 39,8 a 36,3 nel 2022 (-8.8%).	38.4|38.6|38.6|37.7|39.8|36.3		38.4|38.6|38.6|37.7|39.8|36.3	40.5|39.6|37.7|38.3|38.3|36.6	Record: il valore 2022 è inferiore ai valori dei cinque anni precedenti.¦Inversione: la variazione cambia segno tra 2020→2021 e 2021→2022.¦Anomalia: l'ultimo valore si discosta in modo robusto dal livello recente oltre la soglia PULSE.¦PULSE Score: 97.0/100. Fonte: BES dei territori, ISTAT.¦Unità di misura: Per 10.000 abitanti.¦Nota fonte: nan	BES dei territori — ISTAT	https://www.istat.it/statistiche-per-temi/focus/benessere-e-sostenibilita/la-misurazione-del-benessere-bes/il-bes-dei-territori/
3933c7cbd21e3b9f	BES-02-08-035	Udine	Udine	Emilia-Romagna	Qualità dei servizi · Irregolarità del servizio elettrico	RECORD_MAX|INVERSIONE|ANOMALIA	TERRITORIALE	97.0	SEGNALE PULSE — BES TERRITORI	2023-12	Udine: Irregolarità del servizio elettrico sale da 1,1 a 2 nel 2023 (+81.8%).	1.3|1.2|1.6|1.2|1.1|2		1.3|1.2|1.6|1.2|1.1|2	1.1|1|1.3|0.9|1.2|1.7	Record: il valore 2023 supera i valori dei cinque anni precedenti.¦Inversione: la variazione cambia segno tra 2021→2022 e 2022→2023.¦Anomalia: l'ultimo valore si discosta in modo robusto dal livello recente oltre la soglia PULSE.¦PULSE Score: 97.0/100. Fonte: BES dei territori, ISTAT.¦Unità di misura: Numero medio per utente.¦Nota fonte: nan	BES dei territori — ISTAT	https://www.istat.it/statistiche-per-temi/focus/benessere-e-sostenibilita/la-misurazione-del-benessere-bes/il-bes-dei-territori/
706fcbe42b1b47a2	BES-04-15-000	Molise		Molise	Qualità dei servizi · Irregolarità del servizio elettrico	RECORD_MAX|ACCELERAZIONE|ANOMALIA	GENERAL	97.0	SEGNALE PULSE — BES TERRITORI	2023-12	Molise: Irregolarità del servizio elettrico sale da 1,8 a 2,6 nel 2023 (+44.4%).	1.8|1.9|1.4|1.7|1.8|2.6				Record: il valore 2023 supera i valori dei cinque anni precedenti.¦Accelerazione: il cambiamento più recente è nettamente più ampio del precedente.¦Anomalia: l'ultimo valore si discosta in modo robusto dal livello recente oltre la soglia PULSE.¦PULSE Score: 97.0/100. Fonte: BES dei territori, ISTAT.¦Unità di misura: Numero medio per utente.¦Nota fonte: nan	BES dei territori — ISTAT	https://www.istat.it/statistiche-per-temi/focus/benessere-e-sostenibilita/la-misurazione-del-benessere-bes/il-bes-dei-territori/
8c9a17efe0b45088	BES-03-10-057	Prato	Prato	Umbria	Innovazione, ricerca e creatività · Propensione alla brevettazione	RECORD_MIN|ACCELERAZIONE|ANOMALIA|DIVERGENZA	TERRITORIALE	96.9	SEGNALE PULSE — BES TERRITORI	2022-12	Prato: Propensione alla brevettazione scende da 44,1 a 24,4 nel 2022 (-44.7%).	39.3|30.2|54.2|47.5|44.1|24.4		39.3|30.2|54.2|47.5|44.1|24.4	100.6|88.9|93.3|89.5|82.1|82.3	Record: il valore 2022 è inferiore ai valori dei cinque anni precedenti.¦Accelerazione: il cambiamento più recente è nettamente più ampio del precedente.¦Anomalia: l'ultimo valore si discosta in modo robusto dal livello recente oltre la soglia PULSE.¦Divergenza territoriale: la variazione di Prato si discosta da quella della regione Umbria.¦PULSE Score: 96.9/100. Fonte: BES dei territori, ISTAT.¦Unità di misura: Per milione di abitanti.¦Nota fonte: nan	BES dei territori — ISTAT	https://www.istat.it/statistiche-per-temi/focus/benessere-e-sostenibilita/la-misurazione-del-benessere-bes/il-bes-dei-territori/
06d41abbef650cda	BES-02-08-038	Pordenone	Pordenone	Emilia-Romagna	Paesaggio e patrimonio culturale · Densità e rilevanza del patrimonio museale	RECORD_MIN|ACCELERAZIONE|ANOMALIA|DIVERGENZA	TERRITORIALE	96.9	SEGNALE PULSE — BES TERRITORI	2022-12	Pordenone: Densità e rilevanza del patrimonio museale scende da 0,19 a 0,14 nel 2022 (-26.3%).	0.23|0.2|0.2|0.2|0.19|0.14		0.23|0.2|0.2|0.2|0.19|0.14	1.51|1.37|1.41|1.36|1.51|1.19	Record: il valore 2022 è inferiore ai valori dei cinque anni precedenti.¦Accelerazione: il cambiamento più recente è nettamente più ampio del precedente.¦Anomalia: l'ultimo valore si discosta in modo robusto dal livello recente oltre la soglia PULSE.¦Divergenza territoriale: la variazione di Pordenone si discosta da quella della regione Emilia-Romagna.¦PULSE Score: 96.9/100. Fonte: BES dei territori, ISTAT.¦Unità di misura: Per 100 km2.¦Nota fonte: nan	BES dei territori — ISTAT	https://www.istat.it/statistiche-per-temi/focus/benessere-e-sostenibilita/la-misurazione-del-benessere-bes/il-bes-dei-territori/
c1117754983c1998	BES-03-11-059	Terni	Terni	Marche	Lavoro e conciliazione dei tempi di vita · Tasso di mancata partecipazione al lavoro	RECORD_MIN|ACCELERAZIONE|ANOMALIA|DIVERGENZA	TERRITORIALE	96.6	SEGNALE PULSE — BES TERRITORI	2024-12	Terni: Tasso di mancata partecipazione al lavoro scende da 13,6 a 9,9 nel 2024 (-27.2%).	17|16.1|14.9|14.1|13.6|9.9		17|16.1|14.9|14.1|13.6|9.9	13.7|14.9|13.1|12.2|10|8.2	Record: il valore 2024 è inferiore ai valori dei cinque anni precedenti.¦Accelerazione: il cambiamento più recente è nettamente più ampio del precedente.¦Anomalia: l'ultimo valore si discosta in modo robusto dal livello recente oltre la soglia PULSE.¦Divergenza territoriale: la variazione di Terni si discosta da quella della regione Marche.¦PULSE Score: 96.6/100. Fonte: BES dei territori, ISTAT.¦Unità di misura: Valori percentuali.¦Nota fonte: nan	BES dei territori — ISTAT	https://www.istat.it/statistiche-per-temi/focus/benessere-e-sostenibilita/la-misurazione-del-benessere-bes/il-bes-dei-territori/
6fd96c7825e4135b	BES-04-17-084	Brindisi	Brindisi	Basilicata	Sicurezza · Omicidi volontari	RECORD_MAX|ACCELERAZIONE|ANOMALIA|DIVERGENZA	TERRITORIALE	96.6	SEGNALE PULSE — BES TERRITORI	2023-12	Brindisi: Omicidi volontari sale da 0,5 a 1,6 nel 2023 (+220.0%).	0.3|0.5|1|0.3|0.5|1.6		0.3|0.5|1|0.3|0.5|1.6	0.8|0.7|0.6|0.6|0.7|0.7	Record: il valore 2023 supera i valori dei cinque anni precedenti.¦Accelerazione: il cambiamento più recente è nettamente più ampio del precedente.¦Anomalia: l'ultimo valore si discosta in modo robusto dal livello recente oltre la soglia PULSE.¦Divergenza territoriale: la variazione di Brindisi si discosta da quella della regione Basilicata.¦PULSE Score: 96.6/100. Fonte: BES dei territori, ISTAT.¦Unità di misura: Per 100.000 abitanti.¦Nota fonte: I dati delle province di Sassari, Nuoro, Cagliari e Oristano si riferiscono ai confini in essere fino al 31 dicembre 2005; la somma dei dati provinciali corrisponde al dato complessivo della regione Sardegna.	BES dei territori — ISTAT	https://www.istat.it/statistiche-per-temi/focus/benessere-e-sostenibilita/la-misurazione-del-benessere-bes/il-bes-dei-territori/
16cf079cfe14418b	BES-20-00-000	Centro		Centro	Paesaggio e patrimonio culturale · Diffusione delle aziende agrituristiche	RECORD_MAX|ACCELERAZIONE|ANOMALIA	GENERAL	96.4	SEGNALE PULSE — BES TERRITORI	2023-12	Centro: Diffusione delle aziende agrituristiche sale da 16,1 a 16,5 nel 2023 (+2.5%).	14.4|15.7|15.8|15.9|16.1|16.5				Record: il valore 2023 supera i valori dei cinque anni precedenti.¦Accelerazione: il cambiamento più recente è nettamente più ampio del precedente.¦Anomalia: l'ultimo valore si discosta in modo robusto dal livello recente oltre la soglia PULSE.¦PULSE Score: 96.4/100. Fonte: BES dei territori, ISTAT.¦Unità di misura: Per 100 km2.¦Nota fonte: nan	BES dei territori — ISTAT	https://www.istat.it/statistiche-per-temi/focus/benessere-e-sostenibilita/la-misurazione-del-benessere-bes/il-bes-dei-territori/
5eae7a22f165d64d	BES-04-19-089	Cosenza	Cosenza	Sicilia	Lavoro e conciliazione dei tempi di vita · Tasso di mancata partecipazione al lavoro giovanile (15-29 anni)	RECORD_MIN|ACCELERAZIONE|ANOMALIA|DIVERGENZA	TERRITORIALE	96.4	SEGNALE PULSE — BES TERRITORI	2024-12	Cosenza: Tasso di mancata partecipazione al lavoro giovanile (15-29 anni) scende da 51,6 a 45 nel 2024 (-12.8%).	55.6|53.1|52.9|54.3|51.6|45		55.6|53.1|52.9|54.3|51.6|45	59|60.4|57.9|54.6|56.3|58.2	Record: il valore 2024 è inferiore ai valori dei cinque anni precedenti.¦Accelerazione: il cambiamento più recente è nettamente più ampio del precedente.¦Anomalia: l'ultimo valore si discosta in modo robusto dal livello recente oltre la soglia PULSE.¦Divergenza territoriale: la variazione di Cosenza si discosta da quella della regione Sicilia.¦PULSE Score: 96.4/100. Fonte: BES dei territori, ISTAT.¦Unità di misura: Valori percentuali.¦Nota fonte: nan	BES dei territori — ISTAT	https://www.istat.it/statistiche-per-temi/focus/benessere-e-sostenibilita/la-misurazione-del-benessere-bes/il-bes-dei-territori/
560ed37145c54a71	BES-01-04-021	Cremona	Cremona	Trentino-Alto Adige/Südtirol	Relazioni sociali · Organizzazioni non profit	RECORD_MIN|ANOMALIA|DIVERGENZA	TERRITORIALE	96.4	SEGNALE PULSE — BES TERRITORI	2022-12	Cremona: Organizzazioni non profit scende da 71,2 a 69,1 nel 2022 (-2.9%).	70.4|71.5|71.4|71.2|71.2|69.1		70.4|71.5|71.4|71.2|71.2|69.1	56.6|57.7|58|57.9|58.1|57.5	Record: il valore 2022 è inferiore ai valori dei cinque anni precedenti.¦Anomalia: l'ultimo valore si discosta in modo robusto dal livello recente oltre la soglia PULSE.¦Divergenza territoriale: la variazione di Cremona si discosta da quella della regione Trentino-Alto Adige/Südtirol.¦PULSE Score: 96.4/100. Fonte: BES dei territori, ISTAT.¦Unità di misura: Per 10.000 abitanti.¦Nota fonte: nan	BES dei territori — ISTAT	https://www.istat.it/statistiche-per-temi/focus/benessere-e-sostenibilita/la-misurazione-del-benessere-bes/il-bes-dei-territori/
87baba464be945ee	BES-02-05-000	Trentino-Alto Adige/Südtirol		Trentino-Alto Adige/Südtirol	Paesaggio e patrimonio culturale · Densità e rilevanza del patrimonio museale	RECORD_MIN|INVERSIONE|ANOMALIA	GENERAL	96.3	SEGNALE PULSE — BES TERRITORI	2022-12	Trentino-Alto Adige/Südtirol: Densità e rilevanza del patrimonio museale scende da 1,19 a 0,89 nel 2022 (-25.2%).	1.09|1.13|1.01|1.16|1.19|0.89				Record: il valore 2022 è inferiore ai valori dei cinque anni precedenti.¦Inversione: la variazione cambia segno tra 2020→2021 e 2021→2022.¦Anomalia: l'ultimo valore si discosta in modo robusto dal livello recente oltre la soglia PULSE.¦PULSE Score: 96.3/100. Fonte: BES dei territori, ISTAT.¦Unità di misura: Per 100 km2.¦Nota fonte: nan	BES dei territori — ISTAT	https://www.istat.it/statistiche-per-temi/focus/benessere-e-sostenibilita/la-misurazione-del-benessere-bes/il-bes-dei-territori/
75ec73d7c7a63a63	BES-03-10-000	Toscana		Toscana	Istruzione e formazione · Laureati e altri titoli terziari (25-39 anni)	RECORD_MAX|ACCELERAZIONE|ANOMALIA	GENERAL	96.2	SEGNALE PULSE — BES TERRITORI	2024-12	Toscana: Laureati e altri titoli terziari (25-39 anni) sale da 30,6 a 32,6 nel 2024 (+6.5%).	28.4|28.8|29.2|29.7|30.6|32.6				Record: il valore 2024 supera i valori dei cinque anni precedenti.¦Accelerazione: il cambiamento più recente è nettamente più ampio del precedente.¦Anomalia: l'ultimo valore si discosta in modo robusto dal livello recente oltre la soglia PULSE.¦PULSE Score: 96.2/100. Fonte: BES dei territori, ISTAT.¦Unità di misura: Valori percentuali.¦Nota fonte: nan	BES dei territori — ISTAT	https://www.istat.it/statistiche-per-temi/focus/benessere-e-sostenibilita/la-misurazione-del-benessere-bes/il-bes-dei-territori/
60db35cb43262d25	BES-02-08-000	Friuli-Venezia Giulia		Friuli-Venezia Giulia	Innovazione, ricerca e creatività · Propensione alla brevettazione	RECORD_MIN|INVERSIONE|ANOMALIA	GENERAL	96.0	SEGNALE PULSE — BES TERRITORI	2022-12	Friuli-Venezia Giulia: Propensione alla brevettazione scende da 158,1 a 85,7 nel 2022 (-45.8%).	116.4|127|127.6|148.4|158.1|85.7				Record: il valore 2022 è inferiore ai valori dei cinque anni precedenti.¦Inversione: la variazione cambia segno tra 2020→2021 e 2021→2022.¦Anomalia: l'ultimo valore si discosta in modo robusto dal livello recente oltre la soglia PULSE.¦PULSE Score: 96.0/100. Fonte: BES dei territori, ISTAT.¦Unità di misura: Per milione di abitanti.¦Nota fonte: nan	BES dei territori — ISTAT	https://www.istat.it/statistiche-per-temi/focus/benessere-e-sostenibilita/la-misurazione-del-benessere-bes/il-bes-dei-territori/
4ce8b4f18ccc9a15	BES-04-19-089	Cosenza	Cosenza	Sicilia	Istruzione e formazione · Passaggio all'università	RECORD_MAX|INVERSIONE|ANOMALIA	TERRITORIALE	95.9	SEGNALE PULSE — BES TERRITORI	2022-12	Cosenza: Passaggio all'università sale da 50,7 a 53,5 nel 2022 (+5.5%).	49.7|50|50.2|51.3|50.7|53.5		49.7|50|50.2|51.3|50.7|53.5	50.4|49.1|50|50.9|51.2|52.3	Record: il valore 2022 supera i valori dei cinque anni precedenti.¦Inversione: la variazione cambia segno tra 2020→2021 e 2021→2022.¦Anomalia: l'ultimo valore si discosta in modo robusto dal livello recente oltre la soglia PULSE.¦PULSE Score: 95.9/100. Fonte: BES dei territori, ISTAT.¦Unità di misura: Tasso specifico di coorte.¦Nota fonte: Per la Provincia Autonoma di Bolzano il dato non include quanti si immatricolano ogni anno nelle università pubbliche austriache (circa il 40% degli immatricolati). Fino al 2020 il dato della Valle d'Aosta veniva stimato a livello aggregato.	BES dei territori — ISTAT	https://www.istat.it/statistiche-per-temi/focus/benessere-e-sostenibilita/la-misurazione-del-benessere-bes/il-bes-dei-territori/
ac6c22767512150f	BES-01-03-000	Liguria		Liguria	Benessere economico · Importo medio annuo pro-capite dei redditi pensionistici	RECORD_MAX|ACCELERAZIONE|ANOMALIA	GENERAL	95.6	SEGNALE PULSE — BES TERRITORI	2023-12	Liguria: Importo medio annuo pro-capite dei redditi pensionistici sale da 21.876 a 23.400 nel 2023 (+7.0%).	20203.3|20660.6|21033.4|21288.2|21876.3|23400.2				Record: il valore 2023 supera i valori dei cinque anni precedenti.¦Accelerazione: il cambiamento più recente è nettamente più ampio del precedente.¦Anomalia: l'ultimo valore si discosta in modo robusto dal livello recente oltre la soglia PULSE.¦PULSE Score: 95.6/100. Fonte: BES dei territori, ISTAT.¦Unità di misura: Euro.¦Nota fonte: nan	BES dei territori — ISTAT	https://www.istat.it/statistiche-per-temi/focus/benessere-e-sostenibilita/la-misurazione-del-benessere-bes/il-bes-dei-territori/
d42d49eb51a6e3f3	BES-02-09-043	Bologna	Bologna	Toscana	Innovazione, ricerca e creatività · Propensione alla brevettazione	RECORD_MIN|INVERSIONE|ANOMALIA	TERRITORIALE	95.6	SEGNALE PULSE — BES TERRITORI	2022-12	Bologna: Propensione alla brevettazione scende da 321,9 a 254,2 nel 2022 (-21.0%).	306.5|308|287.2|313.4|321.9|254.2		306.5|308|287.2|313.4|321.9|254.2	184.8|196.8|202.5|207.9|212.6|175.8	Record: il valore 2022 è inferiore ai valori dei cinque anni precedenti.¦Inversione: la variazione cambia segno tra 2020→2021 e 2021→2022.¦Anomalia: l'ultimo valore si discosta in modo robusto dal livello recente oltre la soglia PULSE.¦PULSE Score: 95.6/100. Fonte: BES dei territori, ISTAT.¦Unità di misura: Per milione di abitanti.¦Nota fonte: nan	BES dei territori — ISTAT	https://www.istat.it/statistiche-per-temi/focus/benessere-e-sostenibilita/la-misurazione-del-benessere-bes/il-bes-dei-territori/
4fbb1269d8c60352	BES-01-02-000	Valle d'Aosta/Vallée d'Aoste		Valle d'Aosta/Vallée d'Aoste	Benessere economico · Importo medio annuo pro-capite dei redditi pensionistici	RECORD_MAX|ACCELERAZIONE|ANOMALIA	GENERAL	95.5	SEGNALE PULSE — BES TERRITORI	2023-12	Valle d'Aosta/Vallée d'Aoste: Importo medio annuo pro-capite dei redditi pensionistici sale da 21.803 a 23.366 nel 2023 (+7.2%).	19931.4|20442.2|20840.8|21198.9|21803.1|23366.4				Record: il valore 2023 supera i valori dei cinque anni precedenti.¦Accelerazione: il cambiamento più recente è nettamente più ampio del precedente.¦Anomalia: l'ultimo valore si discosta in modo robusto dal livello recente oltre la soglia PULSE.¦PULSE Score: 95.5/100. Fonte: BES dei territori, ISTAT.¦Unità di misura: Euro.¦Nota fonte: nan	BES dei territori — ISTAT	https://www.istat.it/statistiche-per-temi/focus/benessere-e-sostenibilita/la-misurazione-del-benessere-bes/il-bes-dei-territori/
b3ac1c005c76fbed	BES-02-08-035	Udine	Udine	Emilia-Romagna	Qualità dei servizi · Servizio di raccolta differenziata dei rifiuti urbani	RECORD_MAX|INVERSIONE|ANOMALIA	TERRITORIALE	95.5	SEGNALE PULSE — BES TERRITORI	2023-12	Udine: Servizio di raccolta differenziata dei rifiuti urbani sale da 83,1 a 88,5 nel 2023 (+6.5%).	59.5|60.7|83|83.8|83.1|88.5		59.5|60.7|83|83.8|83.1|88.5	57.7|58.2|67.8|68.2|70.9|75.8	Record: il valore 2023 supera i valori dei cinque anni precedenti.¦Inversione: la variazione cambia segno tra 2021→2022 e 2022→2023.¦Anomalia: l'ultimo valore si discosta in modo robusto dal livello recente oltre la soglia PULSE.¦PULSE Score: 95.5/100. Fonte: BES dei territori, ISTAT.¦Unità di misura: Valori percentuali.¦Nota fonte: nan	BES dei territori — ISTAT	https://www.istat.it/statistiche-per-temi/focus/benessere-e-sostenibilita/la-misurazione-del-benessere-bes/il-bes-dei-territori/
c9523caa23987e96	BES-01-01-004	Cuneo	Cuneo	Piemonte	Sicurezza · Omicidi volontari	RECORD_MAX|INVERSIONE|ANOMALIA	TERRITORIALE	95.2	SEGNALE PULSE — BES TERRITORI	2023-12	Cuneo: Omicidi volontari sale da 0,2 a 0,5 nel 2023 (+150.0%).	0.3|0.3|0.2|0.3|0.2|0.5		0.3|0.3|0.2|0.3|0.2|0.5	0.5|0.6|0.7|0.5|0.4|0.5	Record: il valore 2023 supera i valori dei cinque anni precedenti.¦Inversione: la variazione cambia segno tra 2021→2022 e 2022→2023.¦Anomalia: l'ultimo valore si discosta in modo robusto dal livello recente oltre la soglia PULSE.¦PULSE Score: 95.2/100. Fonte: BES dei territori, ISTAT.¦Unità di misura: Per 100.000 abitanti.¦Nota fonte: I dati delle province di Sassari, Nuoro, Cagliari e Oristano si riferiscono ai confini in essere fino al 31 dicembre 2005; la somma dei dati provinciali corrisponde al dato complessivo della regione Sardegna.	BES dei territori — ISTAT	https://www.istat.it/statistiche-per-temi/focus/benessere-e-sostenibilita/la-misurazione-del-benessere-bes/il-bes-dei-territori/
64f5bd113b06c086	BES-01-04-024	Lodi	Lodi	Trentino-Alto Adige/Südtirol	Relazioni sociali · Organizzazioni non profit	RECORD_MIN|INVERSIONE|ANOMALIA	TERRITORIALE	95.1	SEGNALE PULSE — BES TERRITORI	2022-12	Lodi: Organizzazioni non profit scende da 63,4 a 62 nel 2022 (-2.2%).	63.2|62.9|62.9|63.3|63.4|62		63.2|62.9|62.9|63.3|63.4|62	56.6|57.7|58|57.9|58.1|57.5	Record: il valore 2022 è inferiore ai valori dei cinque anni precedenti.¦Inversione: la variazione cambia segno tra 2020→2021 e 2021→2022.¦Anomalia: l'ultimo valore si discosta in modo robusto dal livello recente oltre la soglia PULSE.¦PULSE Score: 95.1/100. Fonte: BES dei territori, ISTAT.¦Unità di misura: Per 10.000 abitanti.¦Nota fonte: nan	BES dei territori — ISTAT	https://www.istat.it/statistiche-per-temi/focus/benessere-e-sostenibilita/la-misurazione-del-benessere-bes/il-bes-dei-territori/
0ddc579b6c3eed9d	BES-03-10-000	Toscana		Toscana	Benessere economico · Importo medio annuo pro-capite dei redditi pensionistici	RECORD_MAX|ACCELERAZIONE|ANOMALIA	GENERAL	95.1	SEGNALE PULSE — BES TERRITORI	2023-12	Toscana: Importo medio annuo pro-capite dei redditi pensionistici sale da 21.072 a 22.604 nel 2023 (+7.3%).	19345.6|19815.5|20214.9|20494.9|21072.3|22604				Record: il valore 2023 supera i valori dei cinque anni precedenti.¦Accelerazione: il cambiamento più recente è nettamente più ampio del precedente.¦Anomalia: l'ultimo valore si discosta in modo robusto dal livello recente oltre la soglia PULSE.¦PULSE Score: 95.1/100. Fonte: BES dei territori, ISTAT.¦Unità di misura: Euro.¦Nota fonte: nan	BES dei territori — ISTAT	https://www.istat.it/statistiche-per-temi/focus/benessere-e-sostenibilita/la-misurazione-del-benessere-bes/il-bes-dei-territori/
333504cb3f1b4090	BES-04-19-090	Catanzaro	Catanzaro	Sicilia	Innovazione, ricerca e creatività · Propensione alla brevettazione	RECORD_MIN|INVERSIONE|ANOMALIA	TERRITORIALE	95.1	SEGNALE PULSE — BES TERRITORI	2022-12	Catanzaro: Propensione alla brevettazione scende da 27,9 a 16,3 nel 2022 (-41.6%).	17.7|17.5|17.3|16.6|27.9|16.3		17.7|17.5|17.3|16.6|27.9|16.3	9.3|9.2|11.9|8.9|12.1|5.7	Record: il valore 2022 è inferiore ai valori dei cinque anni precedenti.¦Inversione: la variazione cambia segno tra 2020→2021 e 2021→2022.¦Anomalia: l'ultimo valore si discosta in modo robusto dal livello recente oltre la soglia PULSE.¦PULSE Score: 95.1/100. Fonte: BES dei territori, ISTAT.¦Unità di misura: Per milione di abitanti.¦Nota fonte: nan	BES dei territori — ISTAT	https://www.istat.it/statistiche-per-temi/focus/benessere-e-sostenibilita/la-misurazione-del-benessere-bes/il-bes-dei-territori/
5521511da5dd1822	BES-02-05-000	Trentino-Alto Adige/Südtirol		Trentino-Alto Adige/Südtirol	Relazioni sociali · Organizzazioni non profit	RECORD_MIN|ACCELERAZIONE|ANOMALIA	GENERAL	95.1	SEGNALE PULSE — BES TERRITORI	2022-12	Trentino-Alto Adige/Südtirol: Organizzazioni non profit scende da 113,5 a 108,1 nel 2022 (-4.8%).	111.2|112.6|113.8|114.8|113.5|108.1				Record: il valore 2022 è inferiore ai valori dei cinque anni precedenti.¦Accelerazione: il cambiamento più recente è nettamente più ampio del precedente.¦Anomalia: l'ultimo valore si discosta in modo robusto dal livello recente oltre la soglia PULSE.¦PULSE Score: 95.1/100. Fonte: BES dei territori, ISTAT.¦Unità di misura: Per 10.000 abitanti.¦Nota fonte: nan	BES dei territori — ISTAT	https://www.istat.it/statistiche-per-temi/focus/benessere-e-sostenibilita/la-misurazione-del-benessere-bes/il-bes-dei-territori/
d231511c030ec26a	BES-02-08-000	Friuli-Venezia Giulia		Friuli-Venezia Giulia	Benessere economico · Importo medio annuo pro-capite dei redditi pensionistici	RECORD_MAX|ACCELERAZIONE|ANOMALIA	GENERAL	95.1	SEGNALE PULSE — BES TERRITORI	2023-12	Friuli-Venezia Giulia: Importo medio annuo pro-capite dei redditi pensionistici sale da 21.806 a 23.381 nel 2023 (+7.2%).	20000.9|20502.3|20912.5|21190.9|21805.5|23381.3				Record: il valore 2023 supera i valori dei cinque anni precedenti.¦Accelerazione: il cambiamento più recente è nettamente più ampio del precedente.¦Anomalia: l'ultimo valore si discosta in modo robusto dal livello recente oltre la soglia PULSE.¦PULSE Score: 95.1/100. Fonte: BES dei territori, ISTAT.¦Unità di misura: Euro.¦Nota fonte: nan	BES dei territori — ISTAT	https://www.istat.it/statistiche-per-temi/focus/benessere-e-sostenibilita/la-misurazione-del-benessere-bes/il-bes-dei-territori/
668670b42d110b48	BES-03-11-000	Umbria		Umbria	Benessere economico · Importo medio annuo pro-capite dei redditi pensionistici	RECORD_MAX|ACCELERAZIONE|ANOMALIA	GENERAL	94.9	SEGNALE PULSE — BES TERRITORI	2023-12	Umbria: Importo medio annuo pro-capite dei redditi pensionistici sale da 20.270 a 21.683 nel 2023 (+7.0%).	18733|19129.9|19503.7|19714.1|20269.5|21683				Record: il valore 2023 supera i valori dei cinque anni precedenti.¦Accelerazione: il cambiamento più recente è nettamente più ampio del precedente.¦Anomalia: l'ultimo valore si discosta in modo robusto dal livello recente oltre la soglia PULSE.¦PULSE Score: 94.9/100. Fonte: BES dei territori, ISTAT.¦Unità di misura: Euro.¦Nota fonte: nan	BES dei territori — ISTAT	https://www.istat.it/statistiche-per-temi/focus/benessere-e-sostenibilita/la-misurazione-del-benessere-bes/il-bes-dei-territori/
7c65f7fb0805397f	BES-01-01-000	Piemonte		Piemonte	Benessere economico · Importo medio annuo pro-capite dei redditi pensionistici	RECORD_MAX|ACCELERAZIONE|ANOMALIA	GENERAL	94.9	SEGNALE PULSE — BES TERRITORI	2023-12	Piemonte: Importo medio annuo pro-capite dei redditi pensionistici sale da 21.460 a 23.026 nel 2023 (+7.3%).	19689.9|20171.4|20589.6|20879.1|21460.5|23026.1				Record: il valore 2023 supera i valori dei cinque anni precedenti.¦Accelerazione: il cambiamento più recente è nettamente più ampio del precedente.¦Anomalia: l'ultimo valore si discosta in modo robusto dal livello recente oltre la soglia PULSE.¦PULSE Score: 94.9/100. Fonte: BES dei territori, ISTAT.¦Unità di misura: Euro.¦Nota fonte: nan	BES dei territori — ISTAT	https://www.istat.it/statistiche-per-temi/focus/benessere-e-sostenibilita/la-misurazione-del-benessere-bes/il-bes-dei-territori/
08603616a0ce8775	BES-03-12-000	Marche		Marche	Benessere economico · Importo medio annuo pro-capite dei redditi pensionistici	RECORD_MAX|ACCELERAZIONE|ANOMALIA	GENERAL	94.9	SEGNALE PULSE — BES TERRITORI	2023-12	Marche: Importo medio annuo pro-capite dei redditi pensionistici sale da 19.604 a 21.067 nel 2023 (+7.5%).	17904.7|18370.1|18765.2|19054.7|19604.3|21066.6				Record: il valore 2023 supera i valori dei cinque anni precedenti.¦Accelerazione: il cambiamento più recente è nettamente più ampio del precedente.¦Anomalia: l'ultimo valore si discosta in modo robusto dal livello recente oltre la soglia PULSE.¦PULSE Score: 94.9/100. Fonte: BES dei territori, ISTAT.¦Unità di misura: Euro.¦Nota fonte: nan	BES dei territori — ISTAT	https://www.istat.it/statistiche-per-temi/focus/benessere-e-sostenibilita/la-misurazione-del-benessere-bes/il-bes-dei-territori/
460f4a33156ae19c	BES-04-15-075	Isernia	Isernia	Campania	Istruzione e formazione · Passaggio all'università	RECORD_MAX|INVERSIONE|ANOMALIA	TERRITORIALE	94.9	SEGNALE PULSE — BES TERRITORI	2022-12	Isernia: Passaggio all'università sale da 61,9 a 66,7 nel 2022 (+7.8%).	65.1|62.6|61|62.8|61.9|66.7		65.1|62.6|61|62.8|61.9|66.7	57.1|56.3|53.9|59.5|59.4|59.7	Record: il valore 2022 supera i valori dei cinque anni precedenti.¦Inversione: la variazione cambia segno tra 2020→2021 e 2021→2022.¦Anomalia: l'ultimo valore si discosta in modo robusto dal livello recente oltre la soglia PULSE.¦PULSE Score: 94.9/100. Fonte: BES dei territori, ISTAT.¦Unità di misura: Tasso specifico di coorte.¦Nota fonte: Per la Provincia Autonoma di Bolzano il dato non include quanti si immatricolano ogni anno nelle università pubbliche austriache (circa il 40% degli immatricolati). Fino al 2020 il dato della Valle d'Aosta veniva stimato a livello aggregato.	BES dei territori — ISTAT	https://www.istat.it/statistiche-per-temi/focus/benessere-e-sostenibilita/la-misurazione-del-benessere-bes/il-bes-dei-territori/
48e44310cfc570fe	BES-03-12-063	Ascoli Piceno	Ascoli Piceno	Lazio	Istruzione e formazione · Bambini che hanno usufruito dei servizi comunali per l'infanzia	RECORD_MAX|INVERSIONE|ANOMALIA	TERRITORIALE	94.8	SEGNALE PULSE — BES TERRITORI	2022-12	Ascoli Piceno: Bambini che hanno usufruito dei servizi comunali per l'infanzia sale da 14,1 a 18,7 nel 2022 (+32.6%).	12.7|13.3|14.7|14.9|14.1|18.7		12.7|13.3|14.7|14.9|14.1|18.7	15.8|17.2|18.4|18.2|18.5|22.3	Record: il valore 2022 supera i valori dei cinque anni precedenti.¦Inversione: la variazione cambia segno tra 2020→2021 e 2021→2022.¦Anomalia: l'ultimo valore si discosta in modo robusto dal livello recente oltre la soglia PULSE.¦PULSE Score: 94.8/100. Fonte: BES dei territori, ISTAT.¦Unità di misura: Valori percentuali.¦Nota fonte: nan	BES dei territori — ISTAT	https://www.istat.it/statistiche-per-temi/focus/benessere-e-sostenibilita/la-misurazione-del-benessere-bes/il-bes-dei-territori/
4a5c295a7986c1fb	BES-04-19-000	Calabria		Calabria	Innovazione, ricerca e creatività · Propensione alla brevettazione	RECORD_MIN|INVERSIONE|ANOMALIA	GENERAL	94.8	SEGNALE PULSE — BES TERRITORI	2022-12	Calabria: Propensione alla brevettazione scende da 12,1 a 5,7 nel 2022 (-52.9%).	9.3|9.2|11.9|8.9|12.1|5.7				Record: il valore 2022 è inferiore ai valori dei cinque anni precedenti.¦Inversione: la variazione cambia segno tra 2020→2021 e 2021→2022.¦Anomalia: l'ultimo valore si discosta in modo robusto dal livello recente oltre la soglia PULSE.¦PULSE Score: 94.8/100. Fonte: BES dei territori, ISTAT.¦Unità di misura: Per milione di abitanti.¦Nota fonte: nan	BES dei territori — ISTAT	https://www.istat.it/statistiche-per-temi/focus/benessere-e-sostenibilita/la-misurazione-del-benessere-bes/il-bes-dei-territori/
b046a0d7090c3b3c	BES-01-01-004	Cuneo	Cuneo	Piemonte	Salute · Mortalità infantile	RECORD_MAX|ANOMALIA|DIVERGENZA	TERRITORIALE	94.7	SEGNALE PULSE — BES TERRITORI	2022-12	Cuneo: Mortalità infantile sale da 1,9 a 3,3 nel 2022 (+73.7%).	1.5|1.3|1.8|1.9|1.9|3.3		1.5|1.3|1.8|1.9|1.9|3.3	2.5|2|2.4|2.1|1.9|2.1	Record: il valore 2022 supera i valori dei cinque anni precedenti.¦Anomalia: l'ultimo valore si discosta in modo robusto dal livello recente oltre la soglia PULSE.¦Divergenza territoriale: la variazione di Cuneo si discosta da quella della regione Piemonte.¦PULSE Score: 94.7/100. Fonte: BES dei territori, ISTAT.¦Unità di misura: Per 1.000 nati vivi.¦Nota fonte: nan	BES dei territori — ISTAT	https://www.istat.it/statistiche-per-temi/focus/benessere-e-sostenibilita/la-misurazione-del-benessere-bes/il-bes-dei-territori/
90feec8260706ae9	BES-01-02-009	Aosta	Aosta	Valle d'Aosta/Vallée d'Aoste	Sicurezza · Denunce di rapina	RECORD_MAX|INVERSIONE|ANOMALIA	TERRITORIALE	94.6	SEGNALE PULSE — BES TERRITORI	2023-12	Aosta: Denunce di rapina sale da 9,7 a 13,8 nel 2023 (+42.3%).	9.5|8.8|9.6|10.5|9.7|13.8		9.5|8.8|9.6|10.5|9.7|13.8	9.5|8.8|9.6|10.5|9.7|13.8	Record: il valore 2023 supera i valori dei cinque anni precedenti.¦Inversione: la variazione cambia segno tra 2021→2022 e 2022→2023.¦Anomalia: l'ultimo valore si discosta in modo robusto dal livello recente oltre la soglia PULSE.¦PULSE Score: 94.6/100. Fonte: BES dei territori, ISTAT.¦Unità di misura: Per 100.000 abitanti.¦Nota fonte: I dati delle province di Sassari, Nuoro, Cagliari e Oristano si riferiscono ai confini in essere fino al 31 dicembre 2005; la somma dei dati provinciali corrisponde al dato complessivo della regione Sardegna.	BES dei territori — ISTAT	https://www.istat.it/statistiche-per-temi/focus/benessere-e-sostenibilita/la-misurazione-del-benessere-bes/il-bes-dei-territori/
6b8051cc5941bda1	BES-01-04-021	Cremona	Cremona	Trentino-Alto Adige/Südtirol	Innovazione, ricerca e creatività · Propensione alla brevettazione	RECORD_MIN|INVERSIONE|ANOMALIA	TERRITORIALE	94.5	SEGNALE PULSE — BES TERRITORI	2022-12	Cremona: Propensione alla brevettazione scende da 161,0 a 83,9 nel 2022 (-47.9%).	118.4|114|117.9|91.6|161|83.9		118.4|114|117.9|91.6|161|83.9	141.6|140.2|146.9|156.4|149.9|130.6	Record: il valore 2022 è inferiore ai valori dei cinque anni precedenti.¦Inversione: la variazione cambia segno tra 2020→2021 e 2021→2022.¦Anomalia: l'ultimo valore si discosta in modo robusto dal livello recente oltre la soglia PULSE.¦PULSE Score: 94.5/100. Fonte: BES dei territori, ISTAT.¦Unità di misura: Per milione di abitanti.¦Nota fonte: nan	BES dei territori — ISTAT	https://www.istat.it/statistiche-per-temi/focus/benessere-e-sostenibilita/la-misurazione-del-benessere-bes/il-bes-dei-territori/
dfdfb0e1df44a3df	BES-02-07-000	Veneto		Veneto	Benessere economico · Importo medio annuo pro-capite dei redditi pensionistici	RECORD_MAX|ACCELERAZIONE|ANOMALIA	GENERAL	94.5	SEGNALE PULSE — BES TERRITORI	2023-12	Veneto: Importo medio annuo pro-capite dei redditi pensionistici sale da 20.526 a 22.062 nel 2023 (+7.5%).	18726.5|19223.8|19655.6|19947.5|20525.8|22061.8				Record: il valore 2023 supera i valori dei cinque anni precedenti.¦Accelerazione: il cambiamento più recente è nettamente più ampio del precedente.¦Anomalia: l'ultimo valore si discosta in modo robusto dal livello recente oltre la soglia PULSE.¦PULSE Score: 94.5/100. Fonte: BES dei territori, ISTAT.¦Unità di misura: Euro.¦Nota fonte: nan	BES dei territori — ISTAT	https://www.istat.it/statistiche-per-temi/focus/benessere-e-sostenibilita/la-misurazione-del-benessere-bes/il-bes-dei-territori/
01e5e0baf2a609be	BES-03-13-066	Rieti	Rieti	Abruzzo	Relazioni sociali · Organizzazioni non profit	RECORD_MAX|ACCELERAZIONE|ANOMALIA|DIVERGENZA	TERRITORIALE	94.5	SEGNALE PULSE — BES TERRITORI	2022-12	Rieti: Organizzazioni non profit sale da 80,5 a 84,6 nel 2022 (+5.1%).	74.6|77.8|79.1|80.1|80.5|84.6		74.6|77.8|79.1|80.1|80.5|84.6	55.8|57.7|58.7|59.1|59.9|60.9	Record: il valore 2022 supera i valori dei cinque anni precedenti.¦Accelerazione: il cambiamento più recente è nettamente più ampio del precedente.¦Anomalia: l'ultimo valore si discosta in modo robusto dal livello recente oltre la soglia PULSE.¦Divergenza territoriale: la variazione di Rieti si discosta da quella della regione Abruzzo.¦PULSE Score: 94.5/100. Fonte: BES dei territori, ISTAT.¦Unità di misura: Per 10.000 abitanti.¦Nota fonte: nan	BES dei territori — ISTAT	https://www.istat.it/statistiche-per-temi/focus/benessere-e-sostenibilita/la-misurazione-del-benessere-bes/il-bes-dei-territori/
ff87620469028405	BES-03-12-000	Marche		Marche	Qualità dei servizi · Irregolarità del servizio elettrico	RECORD_MAX|ACCELERAZIONE|ANOMALIA	GENERAL	94.5	SEGNALE PULSE — BES TERRITORI	2023-12	Marche: Irregolarità del servizio elettrico sale da 1,6 a 1,9 nel 2023 (+18.7%).	1.6|1.6|1.4|1.5|1.6|1.9				Record: il valore 2023 supera i valori dei cinque anni precedenti.¦Accelerazione: il cambiamento più recente è nettamente più ampio del precedente.¦Anomalia: l'ultimo valore si discosta in modo robusto dal livello recente oltre la soglia PULSE.¦PULSE Score: 94.5/100. Fonte: BES dei territori, ISTAT.¦Unità di misura: Numero medio per utente.¦Nota fonte: nan	BES dei territori — ISTAT	https://www.istat.it/statistiche-per-temi/focus/benessere-e-sostenibilita/la-misurazione-del-benessere-bes/il-bes-dei-territori/
b43a0afcd70e008d	BES-01-01-001	Torino	Torino	Piemonte	Lavoro e conciliazione dei tempi di vita · Tasso di occupazione (20-64 anni)	RECORD_MAX|ACCELERAZIONE|ANOMALIA|DIVERGENZA	TERRITORIALE	94.4	SEGNALE PULSE — BES TERRITORI	2024-12	Torino: Tasso di occupazione (20-64 anni) sale da 70,8 a 74,2 nel 2024 (+4.8%).	70.1|67.6|68.5|69.8|70.8|74.2		70.1|67.6|68.5|69.8|70.8|74.2	70.8|68.7|69.8|71.3|72.2|74.3	Record: il valore 2024 supera i valori dei cinque anni precedenti.¦Accelerazione: il cambiamento più recente è nettamente più ampio del precedente.¦Anomalia: l'ultimo valore si discosta in modo robusto dal livello recente oltre la soglia PULSE.¦Divergenza territoriale: la variazione di Torino si discosta da quella della regione Piemonte.¦PULSE Score: 94.4/100. Fonte: BES dei territori, ISTAT.¦Unità di misura: Valori percentuali.¦Nota fonte: nan	BES dei territori — ISTAT	https://www.istat.it/statistiche-per-temi/focus/benessere-e-sostenibilita/la-misurazione-del-benessere-bes/il-bes-dei-territori/
2dbd6f2d1fc09097	BES-04-14-070	L'Aquila	L'Aquila	Molise	Lavoro e conciliazione dei tempi di vita · Tasso di mancata partecipazione al lavoro	RECORD_MIN|ANOMALIA|DIVERGENZA	TERRITORIALE	94.4	SEGNALE PULSE — BES TERRITORI	2024-12	L'Aquila: Tasso di mancata partecipazione al lavoro scende da 18,5 a 13,3 nel 2024 (-28.1%).	18.1|18.7|19.7|18.5|18.5|13.3		18.1|18.7|19.7|18.5|18.5|13.3	18.9|19.7|18.9|16.9|14|12.6	Record: il valore 2024 è inferiore ai valori dei cinque anni precedenti.¦Anomalia: l'ultimo valore si discosta in modo robusto dal livello recente oltre la soglia PULSE.¦Divergenza territoriale: la variazione di L'Aquila si discosta da quella della regione Molise.¦PULSE Score: 94.4/100. Fonte: BES dei territori, ISTAT.¦Unità di misura: Valori percentuali.¦Nota fonte: nan	BES dei territori — ISTAT	https://www.istat.it/statistiche-per-temi/focus/benessere-e-sostenibilita/la-misurazione-del-benessere-bes/il-bes-dei-territori/
a126125af07fd21c	BES-03-12-061	Ancona	Ancona	Lazio	Istruzione e formazione · Bambini che hanno usufruito dei servizi comunali per l'infanzia	RECORD_MAX|INVERSIONE|ANOMALIA	TERRITORIALE	94.4	SEGNALE PULSE — BES TERRITORI	2022-12	Ancona: Bambini che hanno usufruito dei servizi comunali per l'infanzia sale da 21,2 a 26,1 nel 2022 (+23.1%).	19.4|22.5|22.7|21.7|21.2|26.1		19.4|22.5|22.7|21.7|21.2|26.1	15.8|17.2|18.4|18.2|18.5|22.3	Record: il valore 2022 supera i valori dei cinque anni precedenti.¦Inversione: la variazione cambia segno tra 2020→2021 e 2021→2022.¦Anomalia: l'ultimo valore si discosta in modo robusto dal livello recente oltre la soglia PULSE.¦PULSE Score: 94.4/100. Fonte: BES dei territori, ISTAT.¦Unità di misura: Valori percentuali.¦Nota fonte: nan	BES dei territori — ISTAT	https://www.istat.it/statistiche-per-temi/focus/benessere-e-sostenibilita/la-misurazione-del-benessere-bes/il-bes-dei-territori/
a9c7e8e8f80653fa	BES-02-05-000	Trentino-Alto Adige/Südtirol		Trentino-Alto Adige/Südtirol	Benessere economico · Pensionati con reddito pensionistico di basso importo	RECORD_MIN|ACCELERAZIONE|ANOMALIA	GENERAL	94.4	SEGNALE PULSE — BES TERRITORI	2023-12	Trentino-Alto Adige/Südtirol: Pensionati con reddito pensionistico di basso importo scende da 6,8 a 5,2 nel 2023 (-23.5%).	7.8|7.8|7.4|7.2|6.8|5.2				Record: il valore 2023 è inferiore ai valori dei cinque anni precedenti.¦Accelerazione: il cambiamento più recente è nettamente più ampio del precedente.¦Anomalia: l'ultimo valore si discosta in modo robusto dal livello recente oltre la soglia PULSE.¦PULSE Score: 94.4/100. Fonte: BES dei territori, ISTAT.¦Unità di misura: Valori percentuali.¦Nota fonte: nan	BES dei territori — ISTAT	https://www.istat.it/statistiche-per-temi/focus/benessere-e-sostenibilita/la-misurazione-del-benessere-bes/il-bes-dei-territori/
8841b47d0669c018	BES-20-00-000	Centro		Centro	Benessere economico · Importo medio annuo pro-capite dei redditi pensionistici	RECORD_MAX|ACCELERAZIONE|ANOMALIA	GENERAL	94.4	SEGNALE PULSE — BES TERRITORI	2023-12	Centro: Importo medio annuo pro-capite dei redditi pensionistici sale da 21.420 a 22.852 nel 2023 (+6.7%).	19808.7|20234.9|20639.9|20874.3|21419.5|22852.1				Record: il valore 2023 supera i valori dei cinque anni precedenti.¦Accelerazione: il cambiamento più recente è nettamente più ampio del precedente.¦Anomalia: l'ultimo valore si discosta in modo robusto dal livello recente oltre la soglia PULSE.¦PULSE Score: 94.4/100. Fonte: BES dei territori, ISTAT.¦Unità di misura: Euro.¦Nota fonte: nan	BES dei territori — ISTAT	https://www.istat.it/statistiche-per-temi/focus/benessere-e-sostenibilita/la-misurazione-del-benessere-bes/il-bes-dei-territori/
9bbabad018a7af28	BES-02-09-000	Emilia-Romagna		Emilia-Romagna	Benessere economico · Importo medio annuo pro-capite dei redditi pensionistici	RECORD_MAX|ACCELERAZIONE|ANOMALIA	GENERAL	94.3	SEGNALE PULSE — BES TERRITORI	2023-12	Emilia-Romagna: Importo medio annuo pro-capite dei redditi pensionistici sale da 21.692 a 23.306 nel 2023 (+7.4%).	19741.7|20259.4|20732.7|21054.3|21692.3|23305.9				Record: il valore 2023 supera i valori dei cinque anni precedenti.¦Accelerazione: il cambiamento più recente è nettamente più ampio del precedente.¦Anomalia: l'ultimo valore si discosta in modo robusto dal livello recente oltre la soglia PULSE.¦PULSE Score: 94.3/100. Fonte: BES dei territori, ISTAT.¦Unità di misura: Euro.¦Nota fonte: nan	BES dei territori — ISTAT	https://www.istat.it/statistiche-per-temi/focus/benessere-e-sostenibilita/la-misurazione-del-benessere-bes/il-bes-dei-territori/
6ffe815b82f69ee2	BES-90-00-000	Italia		Italia	Benessere economico · Importo medio annuo pro-capite dei redditi pensionistici	RECORD_MAX|ACCELERAZIONE|ANOMALIA	GENERAL	94.2	SEGNALE PULSE — BES TERRITORI	2023-12	Italia: Importo medio annuo pro-capite dei redditi pensionistici sale da 20.312 a 21.737 nel 2023 (+7.0%).	18675.7|19110.7|19527.3|19782.3|20312.4|21736.8				Record: il valore 2023 supera i valori dei cinque anni precedenti.¦Accelerazione: il cambiamento più recente è nettamente più ampio del precedente.¦Anomalia: l'ultimo valore si discosta in modo robusto dal livello recente oltre la soglia PULSE.¦PULSE Score: 94.2/100. Fonte: BES dei territori, ISTAT.¦Unità di misura: Euro.¦Nota fonte: nan	BES dei territori — ISTAT	https://www.istat.it/statistiche-per-temi/focus/benessere-e-sostenibilita/la-misurazione-del-benessere-bes/il-bes-dei-territori/
df941ad1cd4a4d47	BES-04-14-000	Abruzzo		Abruzzo	Benessere economico · Importo medio annuo pro-capite dei redditi pensionistici	RECORD_MAX|ACCELERAZIONE|ANOMALIA	GENERAL	94.1	SEGNALE PULSE — BES TERRITORI	2023-12	Abruzzo: Importo medio annuo pro-capite dei redditi pensionistici sale da 18.625 a 20.016 nel 2023 (+7.5%).	16976.6|17397.6|17813.7|18098.7|18624.8|20015.8				Record: il valore 2023 supera i valori dei cinque anni precedenti.¦Accelerazione: il cambiamento più recente è nettamente più ampio del precedente.¦Anomalia: l'ultimo valore si discosta in modo robusto dal livello recente oltre la soglia PULSE.¦PULSE Score: 94.1/100. Fonte: BES dei territori, ISTAT.¦Unità di misura: Euro.¦Nota fonte: nan	BES dei territori — ISTAT	https://www.istat.it/statistiche-per-temi/focus/benessere-e-sostenibilita/la-misurazione-del-benessere-bes/il-bes-dei-territori/
86cf3ff1e0d35a15	BES-01-04-000	Lombardia		Lombardia	Benessere economico · Importo medio annuo pro-capite dei redditi pensionistici	RECORD_MAX|ACCELERAZIONE|ANOMALIA	GENERAL	94.1	SEGNALE PULSE — BES TERRITORI	2023-12	Lombardia: Importo medio annuo pro-capite dei redditi pensionistici sale da 22.174 a 23.758 nel 2023 (+7.1%).	20264.1|20773.3|21251.9|21560.5|22173.9|23757.5				Record: il valore 2023 supera i valori dei cinque anni precedenti.¦Accelerazione: il cambiamento più recente è nettamente più ampio del precedente.¦Anomalia: l'ultimo valore si discosta in modo robusto dal livello recente oltre la soglia PULSE.¦PULSE Score: 94.1/100. Fonte: BES dei territori, ISTAT.¦Unità di misura: Euro.¦Nota fonte: nan	BES dei territori — ISTAT	https://www.istat.it/statistiche-per-temi/focus/benessere-e-sostenibilita/la-misurazione-del-benessere-bes/il-bes-dei-territori/
16b0fec4afb39fa6	BES-04-17-000	Puglia		Puglia	Benessere economico · Importo medio annuo pro-capite dei redditi pensionistici	RECORD_MAX|ACCELERAZIONE|ANOMALIA	GENERAL	93.9	SEGNALE PULSE — BES TERRITORI	2023-12	Puglia: Importo medio annuo pro-capite dei redditi pensionistici sale da 17.631 a 18.819 nel 2023 (+6.7%).	16436|16751.5|17089.4|17250.6|17631.3|18819				Record: il valore 2023 supera i valori dei cinque anni precedenti.¦Accelerazione: il cambiamento più recente è nettamente più ampio del precedente.¦Anomalia: l'ultimo valore si discosta in modo robusto dal livello recente oltre la soglia PULSE.¦PULSE Score: 93.9/100. Fonte: BES dei territori, ISTAT.¦Unità di misura: Euro.¦Nota fonte: nan	BES dei territori — ISTAT	https://www.istat.it/statistiche-per-temi/focus/benessere-e-sostenibilita/la-misurazione-del-benessere-bes/il-bes-dei-territori/
95d8f66d05f9bc3e	BES-01-01-007	Biella	Biella	Piemonte	Qualità dei servizi · Posti letto negli ospedali	RECORD_MAX|INVERSIONE|ANOMALIA|DIVERGENZA	TERRITORIALE	93.9	SEGNALE PULSE — BES TERRITORI	2022-12	Biella: Posti letto negli ospedali sale da 29,5 a 32,1 nel 2022 (+8.8%).	29|29.2|29.5|31.1|29.5|32.1		29|29.2|29.5|31.1|29.5|32.1	36.7|36.9|36.9|37.7|36.9|36.7	Record: il valore 2022 supera i valori dei cinque anni precedenti.¦Inversione: la variazione cambia segno tra 2020→2021 e 2021→2022.¦Anomalia: l'ultimo valore si discosta in modo robusto dal livello recente oltre la soglia PULSE.¦Divergenza territoriale: la variazione di Biella si discosta da quella della regione Piemonte.¦PULSE Score: 93.9/100. Fonte: BES dei territori, ISTAT.¦Unità di misura: Per 10.000 abitanti.¦Nota fonte: nan	BES dei territori — ISTAT	https://www.istat.it/statistiche-per-temi/focus/benessere-e-sostenibilita/la-misurazione-del-benessere-bes/il-bes-dei-territori/
3ac91763dc2dca67	BES-03-13-000	Lazio		Lazio	Benessere economico · Importo medio annuo pro-capite dei redditi pensionistici	RECORD_MAX|ACCELERAZIONE|ANOMALIA	GENERAL	93.7	SEGNALE PULSE — BES TERRITORI	2023-12	Lazio: Importo medio annuo pro-capite dei redditi pensionistici sale da 22.449 a 23.799 nel 2023 (+6.0%).	20956.5|21336.5|21747.1|21928|22448.7|23798.8				Record: il valore 2023 supera i valori dei cinque anni precedenti.¦Accelerazione: il cambiamento più recente è nettamente più ampio del precedente.¦Anomalia: l'ultimo valore si discosta in modo robusto dal livello recente oltre la soglia PULSE.¦PULSE Score: 93.7/100. Fonte: BES dei territori, ISTAT.¦Unità di misura: Euro.¦Nota fonte: nan	BES dei territori — ISTAT	https://www.istat.it/statistiche-per-temi/focus/benessere-e-sostenibilita/la-misurazione-del-benessere-bes/il-bes-dei-territori/
c23a996f9a20e1d2	BES-02-05-000	Trentino-Alto Adige/Südtirol		Trentino-Alto Adige/Südtirol	Benessere economico · Importo medio annuo pro-capite dei redditi pensionistici	RECORD_MAX|ACCELERAZIONE|ANOMALIA	GENERAL	93.6	SEGNALE PULSE — BES TERRITORI	2023-12	Trentino-Alto Adige/Südtirol: Importo medio annuo pro-capite dei redditi pensionistici sale da 21.442 a 23.074 nel 2023 (+7.6%).	19382.6|19931.3|20461.7|20829.7|21441.9|23074.1				Record: il valore 2023 supera i valori dei cinque anni precedenti.¦Accelerazione: il cambiamento più recente è nettamente più ampio del precedente.¦Anomalia: l'ultimo valore si discosta in modo robusto dal livello recente oltre la soglia PULSE.¦PULSE Score: 93.6/100. Fonte: BES dei territori, ISTAT.¦Unità di misura: Euro.¦Nota fonte: nan	BES dei territori — ISTAT	https://www.istat.it/statistiche-per-temi/focus/benessere-e-sostenibilita/la-misurazione-del-benessere-bes/il-bes-dei-territori/
09f5bef0ef97f684	BES-05-21-000	Sardegna		Sardegna	Benessere economico · Importo medio annuo pro-capite dei redditi pensionistici	RECORD_MAX|ACCELERAZIONE|ANOMALIA	GENERAL	93.6	SEGNALE PULSE — BES TERRITORI	2023-12	Sardegna: Importo medio annuo pro-capite dei redditi pensionistici sale da 18.718 a 20.043 nel 2023 (+7.1%).	17192.9|17635.8|18044.2|18288.6|18718|20042.7				Record: il valore 2023 supera i valori dei cinque anni precedenti.¦Accelerazione: il cambiamento più recente è nettamente più ampio del precedente.¦Anomalia: l'ultimo valore si discosta in modo robusto dal livello recente oltre la soglia PULSE.¦PULSE Score: 93.6/100. Fonte: BES dei territori, ISTAT.¦Unità di misura: Euro.¦Nota fonte: nan	BES dei territori — ISTAT	https://www.istat.it/statistiche-per-temi/focus/benessere-e-sostenibilita/la-misurazione-del-benessere-bes/il-bes-dei-territori/
56ca88cacb64bcc1	BES-05-21-000	Sardegna		Sardegna	Lavoro e conciliazione dei tempi di vita · Tasso di mancata partecipazione al lavoro	RECORD_MIN|ACCELERAZIONE|ANOMALIA	GENERAL	93.5	SEGNALE PULSE — BES TERRITORI	2024-12	Sardegna: Tasso di mancata partecipazione al lavoro scende da 22 a 18,9 nel 2024 (-14.1%).	26.8|27|26.7|23.1|22|18.9				Record: il valore 2024 è inferiore ai valori dei cinque anni precedenti.¦Accelerazione: il cambiamento più recente è nettamente più ampio del precedente.¦Anomalia: l'ultimo valore si discosta in modo robusto dal livello recente oltre la soglia PULSE.¦PULSE Score: 93.5/100. Fonte: BES dei territori, ISTAT.¦Unità di misura: Valori percentuali.¦Nota fonte: nan	BES dei territori — ISTAT	https://www.istat.it/statistiche-per-temi/focus/benessere-e-sostenibilita/la-misurazione-del-benessere-bes/il-bes-dei-territori/
70e0b4f555757408	BES-03-13-069	Frosinone	Frosinone	Abruzzo	Istruzione e formazione · Persone con almeno il diploma (25-64 anni)	RECORD_MAX|ANOMALIA|DIVERGENZA	TERRITORIALE	93.5	SEGNALE PULSE — BES TERRITORI	2024-12	Frosinone: Persone con almeno il diploma (25-64 anni) sale da 68,1 a 74,7 nel 2024 (+9.7%).	63.8|67.5|67.1|68.4|68.1|74.7		63.8|67.5|67.1|68.4|68.1|74.7	70.5|71.1|71.3|72.1|74|75.1	Record: il valore 2024 supera i valori dei cinque anni precedenti.¦Anomalia: l'ultimo valore si discosta in modo robusto dal livello recente oltre la soglia PULSE.¦Divergenza territoriale: la variazione di Frosinone si discosta da quella della regione Abruzzo.¦PULSE Score: 93.5/100. Fonte: BES dei territori, ISTAT.¦Unità di misura: Valori percentuali.¦Nota fonte: nan	BES dei territori — ISTAT	https://www.istat.it/statistiche-per-temi/focus/benessere-e-sostenibilita/la-misurazione-del-benessere-bes/il-bes-dei-territori/
6c42f46359d06479	BES-04-14-070	L'Aquila	L'Aquila	Molise	Lavoro e conciliazione dei tempi di vita · Tasso di occupazione (20-64 anni)	RECORD_MAX|ANOMALIA|DIVERGENZA	TERRITORIALE	93.5	SEGNALE PULSE — BES TERRITORI	2024-12	L'Aquila: Tasso di occupazione (20-64 anni) sale da 63,9 a 67,3 nel 2024 (+5.3%).	62.1|61.3|61.3|61.3|63.9|67.3		62.1|61.3|61.3|61.3|63.9|67.3	62.4|60.7|62.1|62.8|66|66.8	Record: il valore 2024 supera i valori dei cinque anni precedenti.¦Anomalia: l'ultimo valore si discosta in modo robusto dal livello recente oltre la soglia PULSE.¦Divergenza territoriale: la variazione di L'Aquila si discosta da quella della regione Molise.¦PULSE Score: 93.5/100. Fonte: BES dei territori, ISTAT.¦Unità di misura: Valori percentuali.¦Nota fonte: nan	BES dei territori — ISTAT	https://www.istat.it/statistiche-per-temi/focus/benessere-e-sostenibilita/la-misurazione-del-benessere-bes/il-bes-dei-territori/
90546bafe5232fab	BES-04-15-000	Molise		Molise	Benessere economico · Importo medio annuo pro-capite dei redditi pensionistici	RECORD_MAX|ACCELERAZIONE|ANOMALIA	GENERAL	93.4	SEGNALE PULSE — BES TERRITORI	2023-12	Molise: Importo medio annuo pro-capite dei redditi pensionistici sale da 17.820 a 19.168 nel 2023 (+7.6%).	16074.5|16541.4|17000.9|17309.7|17819.6|19167.7				Record: il valore 2023 supera i valori dei cinque anni precedenti.¦Accelerazione: il cambiamento più recente è nettamente più ampio del precedente.¦Anomalia: l'ultimo valore si discosta in modo robusto dal livello recente oltre la soglia PULSE.¦PULSE Score: 93.4/100. Fonte: BES dei territori, ISTAT.¦Unità di misura: Euro.¦Nota fonte: nan	BES dei territori — ISTAT	https://www.istat.it/statistiche-per-temi/focus/benessere-e-sostenibilita/la-misurazione-del-benessere-bes/il-bes-dei-territori/
eb5171f26584f275	BES-03-10-053	Pisa	Pisa	Umbria	Paesaggio e patrimonio culturale · Densità e rilevanza del patrimonio museale	RECORD_MIN|INVERSIONE|ANOMALIA	TERRITORIALE	93.3	SEGNALE PULSE — BES TERRITORI	2022-12	Pisa: Densità e rilevanza del patrimonio museale scende da 6,96 a 3,45 nel 2022 (-50.4%).	6.52|6.7|6.64|5.33|6.96|3.45		6.52|6.7|6.64|5.33|6.96|3.45	3.87|3.92|3.94|3.35|3.28|3.28	Record: il valore 2022 è inferiore ai valori dei cinque anni precedenti.¦Inversione: la variazione cambia segno tra 2020→2021 e 2021→2022.¦Anomalia: l'ultimo valore si discosta in modo robusto dal livello recente oltre la soglia PULSE.¦PULSE Score: 93.3/100. Fonte: BES dei territori, ISTAT.¦Unità di misura: Per 100 km2.¦Nota fonte: nan	BES dei territori — ISTAT	https://www.istat.it/statistiche-per-temi/focus/benessere-e-sostenibilita/la-misurazione-del-benessere-bes/il-bes-dei-territori/
880eb5854f7c94e4	BES-02-09-041	Reggio nell'Emilia	Reggio nell'Emilia	Toscana	Istruzione e formazione · Persone con almeno il diploma (25-64 anni)	RECORD_MAX|ACCELERAZIONE|ANOMALIA|DIVERGENZA	TERRITORIALE	93.3	SEGNALE PULSE — BES TERRITORI	2024-12	Reggio nell'Emilia: Persone con almeno il diploma (25-64 anni) sale da 68,6 a 71,8 nel 2024 (+4.7%).	65.5|65.7|67.5|67.9|68.6|71.8		65.5|65.7|67.5|67.9|68.6|71.8	69.1|68.9|68.7|68.1|69.9|71.6	Record: il valore 2024 supera i valori dei cinque anni precedenti.¦Accelerazione: il cambiamento più recente è nettamente più ampio del precedente.¦Anomalia: l'ultimo valore si discosta in modo robusto dal livello recente oltre la soglia PULSE.¦Divergenza territoriale: la variazione di Reggio nell'Emilia si discosta da quella della regione Toscana.¦PULSE Score: 93.3/100. Fonte: BES dei territori, ISTAT.¦Unità di misura: Valori percentuali.¦Nota fonte: nan	BES dei territori — ISTAT	https://www.istat.it/statistiche-per-temi/focus/benessere-e-sostenibilita/la-misurazione-del-benessere-bes/il-bes-dei-territori/
bc6618cf242ab2f4	BES-05-20-000	Sicilia		Sicilia	Benessere economico · Importo medio annuo pro-capite dei redditi pensionistici	RECORD_MAX|ACCELERAZIONE|ANOMALIA	GENERAL	93.3	SEGNALE PULSE — BES TERRITORI	2023-12	Sicilia: Importo medio annuo pro-capite dei redditi pensionistici sale da 17.595 a 18.766 nel 2023 (+6.7%).	16251.7|16599.7|16982.5|17177.5|17594.8|18766.3				Record: il valore 2023 supera i valori dei cinque anni precedenti.¦Accelerazione: il cambiamento più recente è nettamente più ampio del precedente.¦Anomalia: l'ultimo valore si discosta in modo robusto dal livello recente oltre la soglia PULSE.¦PULSE Score: 93.3/100. Fonte: BES dei territori, ISTAT.¦Unità di misura: Euro.¦Nota fonte: nan	BES dei territori — ISTAT	https://www.istat.it/statistiche-per-temi/focus/benessere-e-sostenibilita/la-misurazione-del-benessere-bes/il-bes-dei-territori/
4782fa356e553de8	BES-03-12-062	Macerata	Macerata	Lazio	Lavoro e conciliazione dei tempi di vita · Tasso di mancata partecipazione al lavoro giovanile (15-29 anni)	RECORD_MIN|INVERSIONE|ANOMALIA	TERRITORIALE	93.2	SEGNALE PULSE — BES TERRITORI	2024-12	Macerata: Tasso di mancata partecipazione al lavoro giovanile (15-29 anni) scende da 22 a 11,2 nel 2024 (-49.1%).	23.7|26.6|31.1|21|22|11.2		23.7|26.6|31.1|21|22|11.2	26.8|32.3|27.4|20.1|18.9|17.2	Record: il valore 2024 è inferiore ai valori dei cinque anni precedenti.¦Inversione: la variazione cambia segno tra 2022→2023 e 2023→2024.¦Anomalia: l'ultimo valore si discosta in modo robusto dal livello recente oltre la soglia PULSE.¦PULSE Score: 93.2/100. Fonte: BES dei territori, ISTAT.¦Unità di misura: Valori percentuali.¦Nota fonte: nan	BES dei territori — ISTAT	https://www.istat.it/statistiche-per-temi/focus/benessere-e-sostenibilita/la-misurazione-del-benessere-bes/il-bes-dei-territori/
b7cea94bc8ea8118	BES-02-07-033	Padova	Padova	Liguria	Salute · Mortalità infantile	RECORD_MAX|INVERSIONE|ANOMALIA|DIVERGENZA	TERRITORIALE	93.2	SEGNALE PULSE — BES TERRITORI	2022-12	Padova: Mortalità infantile sale da 2,1 a 2,7 nel 2022 (+28.6%).	2.6|1.9|2|2.2|2.1|2.7		2.6|1.9|2|2.2|2.1|2.7	2.2|2.1|2.6|1.9|2.1|2	Record: il valore 2022 supera i valori dei cinque anni precedenti.¦Inversione: la variazione cambia segno tra 2020→2021 e 2021→2022.¦Anomalia: l'ultimo valore si discosta in modo robusto dal livello recente oltre la soglia PULSE.¦Divergenza territoriale: la variazione di Padova si discosta da quella della regione Liguria.¦PULSE Score: 93.2/100. Fonte: BES dei territori, ISTAT.¦Unità di misura: Per 1.000 nati vivi.¦Nota fonte: nan	BES dei territori — ISTAT	https://www.istat.it/statistiche-per-temi/focus/benessere-e-sostenibilita/la-misurazione-del-benessere-bes/il-bes-dei-territori/
8c4c4661f5d578c4	BES-04-18-000	Basilicata		Basilicata	Benessere economico · Importo medio annuo pro-capite dei redditi pensionistici	RECORD_MAX|ACCELERAZIONE|ANOMALIA	GENERAL	93.2	SEGNALE PULSE — BES TERRITORI	2023-12	Basilicata: Importo medio annuo pro-capite dei redditi pensionistici sale da 17.353 a 18.658 nel 2023 (+7.5%).	15749.4|16147.1|16597.9|16880.8|17353.3|18657.6				Record: il valore 2023 supera i valori dei cinque anni precedenti.¦Accelerazione: il cambiamento più recente è nettamente più ampio del precedente.¦Anomalia: l'ultimo valore si discosta in modo robusto dal livello recente oltre la soglia PULSE.¦PULSE Score: 93.2/100. Fonte: BES dei territori, ISTAT.¦Unità di misura: Euro.¦Nota fonte: nan	BES dei territori — ISTAT	https://www.istat.it/statistiche-per-temi/focus/benessere-e-sostenibilita/la-misurazione-del-benessere-bes/il-bes-dei-territori/
db2e0aa7a1df1cb8	BES-02-07-031	Treviso	Treviso	Liguria	Lavoro e conciliazione dei tempi di vita · Tasso di mancata partecipazione al lavoro giovanile (15-29 anni)	RECORD_MIN|ACCELERAZIONE|ANOMALIA|DIVERGENZA	TERRITORIALE	93.1	SEGNALE PULSE — BES TERRITORI	2024-12	Treviso: Tasso di mancata partecipazione al lavoro giovanile (15-29 anni) scende da 16 a 11,5 nel 2024 (-28.1%).	20.4|17.2|14.3|18|16|11.5		20.4|17.2|14.3|18|16|11.5	17.5|21.9|18.1|14.5|13.3|14.1	Record: il valore 2024 è inferiore ai valori dei cinque anni precedenti.¦Accelerazione: il cambiamento più recente è nettamente più ampio del precedente.¦Anomalia: l'ultimo valore si discosta in modo robusto dal livello recente oltre la soglia PULSE.¦Divergenza territoriale: la variazione di Treviso si discosta da quella della regione Liguria.¦PULSE Score: 93.1/100. Fonte: BES dei territori, ISTAT.¦Unità di misura: Valori percentuali.¦Nota fonte: nan	BES dei territori — ISTAT	https://www.istat.it/statistiche-per-temi/focus/benessere-e-sostenibilita/la-misurazione-del-benessere-bes/il-bes-dei-territori/
7a0e67ff5fa4e980	BES-02-08-037	Trieste	Trieste	Emilia-Romagna	Innovazione, ricerca e creatività · Propensione alla brevettazione	RECORD_MIN|INVERSIONE|ANOMALIA	TERRITORIALE	93.0	SEGNALE PULSE — BES TERRITORI	2022-12	Trieste: Propensione alla brevettazione scende da 126,6 a 43,7 nel 2022 (-65.5%).	77.2|62|86.9|95.9|126.6|43.7		77.2|62|86.9|95.9|126.6|43.7	116.4|127|127.6|148.4|158.1|85.7	Record: il valore 2022 è inferiore ai valori dei cinque anni precedenti.¦Inversione: la variazione cambia segno tra 2020→2021 e 2021→2022.¦Anomalia: l'ultimo valore si discosta in modo robusto dal livello recente oltre la soglia PULSE.¦PULSE Score: 93.0/100. Fonte: BES dei territori, ISTAT.¦Unità di misura: Per milione di abitanti.¦Nota fonte: nan	BES dei territori — ISTAT	https://www.istat.it/statistiche-per-temi/focus/benessere-e-sostenibilita/la-misurazione-del-benessere-bes/il-bes-dei-territori/
2e874c07ec62fc8d	BES-01-01-006	Alessandria	Alessandria	Piemonte	Innovazione, ricerca e creatività · Propensione alla brevettazione	RECORD_MIN|ACCELERAZIONE|ANOMALIA	TERRITORIALE	93.0	SEGNALE PULSE — BES TERRITORI	2022-12	Alessandria: Propensione alla brevettazione scende da 103,1 a 66,3 nel 2022 (-35.7%).	118.2|124|102.8|105.7|103.1|66.3		118.2|124|102.8|105.7|103.1|66.3	120.1|109.6|114.5|114.3|109.8|91.6	Record: il valore 2022 è inferiore ai valori dei cinque anni precedenti.¦Accelerazione: il cambiamento più recente è nettamente più ampio del precedente.¦Anomalia: l'ultimo valore si discosta in modo robusto dal livello recente oltre la soglia PULSE.¦PULSE Score: 93.0/100. Fonte: BES dei territori, ISTAT.¦Unità di misura: Per milione di abitanti.¦Nota fonte: nan	BES dei territori — ISTAT	https://www.istat.it/statistiche-per-temi/focus/benessere-e-sostenibilita/la-misurazione-del-benessere-bes/il-bes-dei-territori/
a911534209ae6518	BES-02-05-001	Bolzano/Bozen	Bolzano/Bozen	Veneto	Relazioni sociali · Organizzazioni non profit	RECORD_MIN|ACCELERAZIONE|ANOMALIA	TERRITORIALE	93.0	SEGNALE PULSE — BES TERRITORI	2022-12	Bolzano/Bozen: Organizzazioni non profit scende da 107,4 a 99,6 nel 2022 (-7.3%).	106.4|106.1|108.3|109.8|107.4|99.6		106.4|106.1|108.3|109.8|107.4|99.6	111.2|112.6|113.8|114.8|113.5|108.1	Record: il valore 2022 è inferiore ai valori dei cinque anni precedenti.¦Accelerazione: il cambiamento più recente è nettamente più ampio del precedente.¦Anomalia: l'ultimo valore si discosta in modo robusto dal livello recente oltre la soglia PULSE.¦PULSE Score: 93.0/100. Fonte: BES dei territori, ISTAT.¦Unità di misura: Per 10.000 abitanti.¦Nota fonte: nan	BES dei territori — ISTAT	https://www.istat.it/statistiche-per-temi/focus/benessere-e-sostenibilita/la-misurazione-del-benessere-bes/il-bes-dei-territori/
30f42538652ebf4a	BES-01-01-005	Asti	Asti	Piemonte	Lavoro e conciliazione dei tempi di vita · Tasso di occupazione giovanile (15-29 anni)	RECORD_MAX|ACCELERAZIONE|ANOMALIA	TERRITORIALE	93.0	SEGNALE PULSE — BES TERRITORI	2024-12	Asti: Tasso di occupazione giovanile (15-29 anni) sale da 39,6 a 44,9 nel 2024 (+13.4%).	37.6|36.9|36.8|38.4|39.6|44.9		37.6|36.9|36.8|38.4|39.6|44.9	37.7|35.2|37.6|38.6|38.5|40.5	Record: il valore 2024 supera i valori dei cinque anni precedenti.¦Accelerazione: il cambiamento più recente è nettamente più ampio del precedente.¦Anomalia: l'ultimo valore si discosta in modo robusto dal livello recente oltre la soglia PULSE.¦PULSE Score: 93.0/100. Fonte: BES dei territori, ISTAT.¦Unità di misura: Valori percentuali.¦Nota fonte: nan	BES dei territori — ISTAT	https://www.istat.it/statistiche-per-temi/focus/benessere-e-sostenibilita/la-misurazione-del-benessere-bes/il-bes-dei-territori/
86674b986cea1862	BES-03-13-068	Latina	Latina	Abruzzo	Sicurezza · Denunce di rapina	RECORD_MAX|ACCELERAZIONE|ANOMALIA	TERRITORIALE	93.0	SEGNALE PULSE — BES TERRITORI	2023-12	Latina: Denunce di rapina sale da 26,1 a 32,3 nel 2023 (+23.8%).	27.9|26.3|25.5|23.6|26.1|32.3		27.9|26.3|25.5|23.6|26.1|32.3	59.1|49.9|42.6|47.5|46.2|58.3	Record: il valore 2023 supera i valori dei cinque anni precedenti.¦Accelerazione: il cambiamento più recente è nettamente più ampio del precedente.¦Anomalia: l'ultimo valore si discosta in modo robusto dal livello recente oltre la soglia PULSE.¦PULSE Score: 93.0/100. Fonte: BES dei territori, ISTAT.¦Unità di misura: Per 100.000 abitanti.¦Nota fonte: I dati delle province di Sassari, Nuoro, Cagliari e Oristano si riferiscono ai confini in essere fino al 31 dicembre 2005; la somma dei dati provinciali corrisponde al dato complessivo della regione Sardegna.	BES dei territori — ISTAT	https://www.istat.it/statistiche-per-temi/focus/benessere-e-sostenibilita/la-misurazione-del-benessere-bes/il-bes-dei-territori/
30d2cbd8820d06aa	BES-05-20-094	Trapani	Trapani	Sardegna	Sicurezza · Denunce di rapina	RECORD_MAX|ACCELERAZIONE|ANOMALIA	TERRITORIALE	93.0	SEGNALE PULSE — BES TERRITORI	2023-12	Trapani: Denunce di rapina sale da 22,6 a 29,7 nel 2023 (+31.4%).	22.3|25.6|24.8|22.5|22.6|29.7		22.3|25.6|24.8|22.5|22.6|29.7	41.7|39.2|30.1|25|29.8|30	Record: il valore 2023 supera i valori dei cinque anni precedenti.¦Accelerazione: il cambiamento più recente è nettamente più ampio del precedente.¦Anomalia: l'ultimo valore si discosta in modo robusto dal livello recente oltre la soglia PULSE.¦PULSE Score: 93.0/100. Fonte: BES dei territori, ISTAT.¦Unità di misura: Per 100.000 abitanti.¦Nota fonte: I dati delle province di Sassari, Nuoro, Cagliari e Oristano si riferiscono ai confini in essere fino al 31 dicembre 2005; la somma dei dati provinciali corrisponde al dato complessivo della regione Sardegna.	BES dei territori — ISTAT	https://www.istat.it/statistiche-per-temi/focus/benessere-e-sostenibilita/la-misurazione-del-benessere-bes/il-bes-dei-territori/
86c18a17040d0343	BES-01-04-018	Bergamo	Bergamo	Trentino-Alto Adige/Südtirol	Sicurezza · Denunce di rapina	RECORD_MAX|ACCELERAZIONE|ANOMALIA	TERRITORIALE	93.0	SEGNALE PULSE — BES TERRITORI	2023-12	Bergamo: Denunce di rapina sale da 31 a 40,1 nel 2023 (+29.4%).	32.1|27.8|27.5|28.4|31|40.1		32.1|27.8|27.5|28.4|31|40.1	53.7|49.2|40.6|52.8|62.3|65.5	Record: il valore 2023 supera i valori dei cinque anni precedenti.¦Accelerazione: il cambiamento più recente è nettamente più ampio del precedente.¦Anomalia: l'ultimo valore si discosta in modo robusto dal livello recente oltre la soglia PULSE.¦PULSE Score: 93.0/100. Fonte: BES dei territori, ISTAT.¦Unità di misura: Per 100.000 abitanti.¦Nota fonte: I dati delle province di Sassari, Nuoro, Cagliari e Oristano si riferiscono ai confini in essere fino al 31 dicembre 2005; la somma dei dati provinciali corrisponde al dato complessivo della regione Sardegna.	BES dei territori — ISTAT	https://www.istat.it/statistiche-per-temi/focus/benessere-e-sostenibilita/la-misurazione-del-benessere-bes/il-bes-dei-territori/
34868b1afb71bdd0	BES-01-03-013	La Spezia	La Spezia	Lombardia	Benessere economico · Importo medio annuo pro-capite dei redditi pensionistici	RECORD_MAX|ACCELERAZIONE|ANOMALIA	TERRITORIALE	92.9	SEGNALE PULSE — BES TERRITORI	2023-12	La Spezia: Importo medio annuo pro-capite dei redditi pensionistici sale da 22.567 a 24.048 nel 2023 (+6.6%).	21042.4|21449.4|21759.9|22009.1|22567.4|24048.2		21042.4|21449.4|21759.9|22009.1|22567.4|24048.2	20203.3|20660.6|21033.4|21288.2|21876.3|23400.2	Record: il valore 2023 supera i valori dei cinque anni precedenti.¦Accelerazione: il cambiamento più recente è nettamente più ampio del precedente.¦Anomalia: l'ultimo valore si discosta in modo robusto dal livello recente oltre la soglia PULSE.¦PULSE Score: 92.9/100. Fonte: BES dei territori, ISTAT.¦Unità di misura: Euro.¦Nota fonte: nan	BES dei territori — ISTAT	https://www.istat.it/statistiche-per-temi/focus/benessere-e-sostenibilita/la-misurazione-del-benessere-bes/il-bes-dei-territori/
70d4f7b03a70da62	BES-02-09-039	Piacenza	Piacenza	Toscana	Lavoro e conciliazione dei tempi di vita · Tasso di occupazione giovanile (15-29 anni)	RECORD_MAX|ANOMALIA|DIVERGENZA	TERRITORIALE	92.9	SEGNALE PULSE — BES TERRITORI	2024-12	Piacenza: Tasso di occupazione giovanile (15-29 anni) sale da 45,5 a 49,1 nel 2024 (+7.9%).	39.3|37.8|40.7|42.6|45.5|49.1		39.3|37.8|40.7|42.6|45.5|49.1	40.8|37.8|37.8|41.8|42|41.9	Record: il valore 2024 supera i valori dei cinque anni precedenti.¦Anomalia: l'ultimo valore si discosta in modo robusto dal livello recente oltre la soglia PULSE.¦Divergenza territoriale: la variazione di Piacenza si discosta da quella della regione Toscana.¦PULSE Score: 92.9/100. Fonte: BES dei territori, ISTAT.¦Unità di misura: Valori percentuali.¦Nota fonte: nan	BES dei territori — ISTAT	https://www.istat.it/statistiche-per-temi/focus/benessere-e-sostenibilita/la-misurazione-del-benessere-bes/il-bes-dei-territori/
209d02bc8d9f00eb	BES-02-09-047	Rimini	Rimini	Toscana	Lavoro e conciliazione dei tempi di vita · Tasso di occupazione giovanile (15-29 anni)	RECORD_MAX|INVERSIONE|ANOMALIA|DIVERGENZA	TERRITORIALE	92.9	SEGNALE PULSE — BES TERRITORI	2024-12	Rimini: Tasso di occupazione giovanile (15-29 anni) sale da 34,7 a 43,6 nel 2024 (+25.6%).	37.3|34.6|35.8|38.3|34.7|43.6		37.3|34.6|35.8|38.3|34.7|43.6	40.8|37.8|37.8|41.8|42|41.9	Record: il valore 2024 supera i valori dei cinque anni precedenti.¦Inversione: la variazione cambia segno tra 2022→2023 e 2023→2024.¦Anomalia: l'ultimo valore si discosta in modo robusto dal livello recente oltre la soglia PULSE.¦Divergenza territoriale: la variazione di Rimini si discosta da quella della regione Toscana.¦PULSE Score: 92.9/100. Fonte: BES dei territori, ISTAT.¦Unità di misura: Valori percentuali.¦Nota fonte: nan	BES dei territori — ISTAT	https://www.istat.it/statistiche-per-temi/focus/benessere-e-sostenibilita/la-misurazione-del-benessere-bes/il-bes-dei-territori/
3477340800f28e00	BES-05-20-097	Agrigento	Agrigento	Sardegna	Innovazione, ricerca e creatività · Propensione alla brevettazione	RECORD_MAX|INVERSIONE|DIVERGENZA	TERRITORIALE	92.9	SEGNALE PULSE — BES TERRITORI	2022-12	Agrigento: Propensione alla brevettazione sale da 1 a 5,8 nel 2022 (+480.0%).	0.7|2.3|2.6|3.5|1|5.8		0.7|2.3|2.6|3.5|1|5.8	11.2|11|12.8|14.5|17.2|15.6	Record: il valore 2022 supera i valori dei cinque anni precedenti.¦Inversione: la variazione cambia segno tra 2020→2021 e 2021→2022.¦Divergenza territoriale: la variazione di Agrigento si discosta da quella della regione Sardegna.¦PULSE Score: 92.9/100. Fonte: BES dei territori, ISTAT.¦Unità di misura: Per milione di abitanti.¦Nota fonte: nan	BES dei territori — ISTAT	https://www.istat.it/statistiche-per-temi/focus/benessere-e-sostenibilita/la-misurazione-del-benessere-bes/il-bes-dei-territori/
812bba209e2856b6	BES-04-16-000	Campania		Campania	Benessere economico · Importo medio annuo pro-capite dei redditi pensionistici	RECORD_MAX|ACCELERAZIONE|ANOMALIA	GENERAL	92.7	SEGNALE PULSE — BES TERRITORI	2023-12	Campania: Importo medio annuo pro-capite dei redditi pensionistici sale da 17.474 a 18.623 nel 2023 (+6.6%).	16153.6|16491|16900.9|17088.5|17473.5|18623.4				Record: il valore 2023 supera i valori dei cinque anni precedenti.¦Accelerazione: il cambiamento più recente è nettamente più ampio del precedente.¦Anomalia: l'ultimo valore si discosta in modo robusto dal livello recente oltre la soglia PULSE.¦PULSE Score: 92.7/100. Fonte: BES dei territori, ISTAT.¦Unità di misura: Euro.¦Nota fonte: nan	BES dei territori — ISTAT	https://www.istat.it/statistiche-per-temi/focus/benessere-e-sostenibilita/la-misurazione-del-benessere-bes/il-bes-dei-territori/
a1e3dab458d7c229	BES-02-08-036	Gorizia	Gorizia	Emilia-Romagna	Benessere economico · Importo medio annuo pro-capite dei redditi pensionistici	RECORD_MAX|ACCELERAZIONE|ANOMALIA	TERRITORIALE	92.6	SEGNALE PULSE — BES TERRITORI	2023-12	Gorizia: Importo medio annuo pro-capite dei redditi pensionistici sale da 22.414 a 23.978 nel 2023 (+7.0%).	20770.1|21232.6|21572|21799.1|22414|23978.1		20770.1|21232.6|21572|21799.1|22414|23978.1	20000.9|20502.3|20912.5|21190.9|21805.5|23381.3	Record: il valore 2023 supera i valori dei cinque anni precedenti.¦Accelerazione: il cambiamento più recente è nettamente più ampio del precedente.¦Anomalia: l'ultimo valore si discosta in modo robusto dal livello recente oltre la soglia PULSE.¦PULSE Score: 92.6/100. Fonte: BES dei territori, ISTAT.¦Unità di misura: Euro.¦Nota fonte: nan	BES dei territori — ISTAT	https://www.istat.it/statistiche-per-temi/focus/benessere-e-sostenibilita/la-misurazione-del-benessere-bes/il-bes-dei-territori/
a5053394c7411284	BES-02-09-040	Parma	Parma	Toscana	Innovazione, ricerca e creatività · Propensione alla brevettazione	RECORD_MIN|INVERSIONE|DIVERGENZA	TERRITORIALE	92.5	SEGNALE PULSE — BES TERRITORI	2022-12	Parma: Propensione alla brevettazione scende da 221,7 a 148,6 nel 2022 (-33.0%).	180.2|211.8|244.6|187.3|221.7|148.6		180.2|211.8|244.6|187.3|221.7|148.6	184.8|196.8|202.5|207.9|212.6|175.8	Record: il valore 2022 è inferiore ai valori dei cinque anni precedenti.¦Inversione: la variazione cambia segno tra 2020→2021 e 2021→2022.¦Divergenza territoriale: la variazione di Parma si discosta da quella della regione Toscana.¦PULSE Score: 92.5/100. Fonte: BES dei territori, ISTAT.¦Unità di misura: Per milione di abitanti.¦Nota fonte: nan	BES dei territori — ISTAT	https://www.istat.it/statistiche-per-temi/focus/benessere-e-sostenibilita/la-misurazione-del-benessere-bes/il-bes-dei-territori/
118b43441ee204e5	BES-05-20-097	Agrigento	Agrigento	Sardegna	Relazioni sociali · Organizzazioni non profit	RECORD_MAX|INVERSIONE|ANOMALIA	TERRITORIALE	92.2	SEGNALE PULSE — BES TERRITORI	2022-12	Agrigento: Organizzazioni non profit sale da 32 a 34,4 nel 2022 (+7.5%).	31.3|32.1|32.8|32.4|32|34.4		31.3|32.1|32.8|32.4|32|34.4	44.1|45.5|46.3|47|47.1|48.2	Record: il valore 2022 supera i valori dei cinque anni precedenti.¦Inversione: la variazione cambia segno tra 2020→2021 e 2021→2022.¦Anomalia: l'ultimo valore si discosta in modo robusto dal livello recente oltre la soglia PULSE.¦PULSE Score: 92.2/100. Fonte: BES dei territori, ISTAT.¦Unità di misura: Per 10.000 abitanti.¦Nota fonte: nan	BES dei territori — ISTAT	https://www.istat.it/statistiche-per-temi/focus/benessere-e-sostenibilita/la-misurazione-del-benessere-bes/il-bes-dei-territori/
6a836a986169e3f3	BES-03-10-052	Livorno	Livorno	Umbria	Lavoro e conciliazione dei tempi di vita · Tasso di occupazione giovanile (15-29 anni)	RECORD_MAX|INVERSIONE|ANOMALIA	TERRITORIALE	92.1	SEGNALE PULSE — BES TERRITORI	2024-12	Livorno: Tasso di occupazione giovanile (15-29 anni) sale da 34,8 a 40,5 nel 2024 (+16.4%).	30.3|29.6|36.3|36.1|34.8|40.5		30.3|29.6|36.3|36.1|34.8|40.5	36.2|33.4|34.5|39.5|38.9|40.8	Record: il valore 2024 supera i valori dei cinque anni precedenti.¦Inversione: la variazione cambia segno tra 2022→2023 e 2023→2024.¦Anomalia: l'ultimo valore si discosta in modo robusto dal livello recente oltre la soglia PULSE.¦PULSE Score: 92.1/100. Fonte: BES dei territori, ISTAT.¦Unità di misura: Valori percentuali.¦Nota fonte: nan	BES dei territori — ISTAT	https://www.istat.it/statistiche-per-temi/focus/benessere-e-sostenibilita/la-misurazione-del-benessere-bes/il-bes-dei-territori/
1603d1563feedb7d	BES-03-10-053	Pisa	Pisa	Umbria	Salute · Mortalità evitabile (0-74 anni)	RECORD_MIN|ACCELERAZIONE|ANOMALIA	TERRITORIALE	91.8	SEGNALE PULSE — BES TERRITORI	2022-12	Pisa: Mortalità evitabile (0-74 anni) scende da 16,4 a 15,1 nel 2022 (-7.9%).	16.4|15.9|15.8|16.6|16.4|15.1		16.4|15.9|15.8|16.6|16.4|15.1	16|15.3|15.2|16.5|17|15.3	Record: il valore 2022 è inferiore ai valori dei cinque anni precedenti.¦Accelerazione: il cambiamento più recente è nettamente più ampio del precedente.¦Anomalia: l'ultimo valore si discosta in modo robusto dal livello recente oltre la soglia PULSE.¦PULSE Score: 91.8/100. Fonte: BES dei territori, ISTAT.¦Unità di misura: Tassi standardizzati per 10.000 residenti.¦Nota fonte: nan	BES dei territori — ISTAT	https://www.istat.it/statistiche-per-temi/focus/benessere-e-sostenibilita/la-misurazione-del-benessere-bes/il-bes-dei-territori/
83e585d2872a986e	BES-04-18-088	Matera	Matera	Calabria	Sicurezza · Denunce di rapina	RECORD_MIN|INVERSIONE|ANOMALIA|DIVERGENZA	TERRITORIALE	91.8	SEGNALE PULSE — BES TERRITORI	2023-12	Matera: Denunce di rapina scende da 11,5 a 5,8 nel 2023 (-49.6%).	17.8|12.3|11.9|7.3|11.5|5.8		17.8|12.3|11.9|7.3|11.5|5.8	12.8|9.9|8|7.9|10|8.2	Record: il valore 2023 è inferiore ai valori dei cinque anni precedenti.¦Inversione: la variazione cambia segno tra 2021→2022 e 2022→2023.¦Anomalia: l'ultimo valore si discosta in modo robusto dal livello recente oltre la soglia PULSE.¦Divergenza territoriale: la variazione di Matera si discosta da quella della regione Calabria.¦PULSE Score: 91.8/100. Fonte: BES dei territori, ISTAT.¦Unità di misura: Per 100.000 abitanti.¦Nota fonte: I dati delle province di Sassari, Nuoro, Cagliari e Oristano si riferiscono ai confini in essere fino al 31 dicembre 2005; la somma dei dati provinciali corrisponde al dato complessivo della regione Sardegna.	BES dei territori — ISTAT	https://www.istat.it/statistiche-per-temi/focus/benessere-e-sostenibilita/la-misurazione-del-benessere-bes/il-bes-dei-territori/
f25bb0ad1ba5efe0	BES-03-13-065	Viterbo	Viterbo	Abruzzo	Lavoro e conciliazione dei tempi di vita · Tasso di mancata partecipazione al lavoro	RECORD_MIN|ACCELERAZIONE|ANOMALIA	TERRITORIALE	91.6	SEGNALE PULSE — BES TERRITORI	2024-12	Viterbo: Tasso di mancata partecipazione al lavoro scende da 16,3 a 10,9 nel 2024 (-33.1%).	19|17.9|18.2|16.4|16.3|10.9		19|17.9|18.2|16.4|16.3|10.9	17|18.3|18.9|14.5|12.7|11.2	Record: il valore 2024 è inferiore ai valori dei cinque anni precedenti.¦Accelerazione: il cambiamento più recente è nettamente più ampio del precedente.¦Anomalia: l'ultimo valore si discosta in modo robusto dal livello recente oltre la soglia PULSE.¦PULSE Score: 91.6/100. Fonte: BES dei territori, ISTAT.¦Unità di misura: Valori percentuali.¦Nota fonte: nan	BES dei territori — ISTAT	https://www.istat.it/statistiche-per-temi/focus/benessere-e-sostenibilita/la-misurazione-del-benessere-bes/il-bes-dei-territori/
90bb326403683660	BES-03-12-062	Macerata	Macerata	Lazio	Salute · Mortalità per incidenti stradali (15-34 anni)	RECORD_MIN|INVERSIONE|DIVERGENZA	TERRITORIALE	91.5	SEGNALE PULSE — BES TERRITORI	2023-12	Macerata: Mortalità per incidenti stradali (15-34 anni) scende da 0,9 a 0,2 nel 2023 (-77.8%).	0.6|0.5|0.5|0.3|0.9|0.2		0.6|0.5|0.5|0.3|0.9|0.2	0.5|0.5|0.4|0.3|0.7|0.5	Record: il valore 2023 è inferiore ai valori dei cinque anni precedenti.¦Inversione: la variazione cambia segno tra 2021→2022 e 2022→2023.¦Divergenza territoriale: la variazione di Macerata si discosta da quella della regione Lazio.¦PULSE Score: 91.5/100. Fonte: BES dei territori, ISTAT.¦Unità di misura: Tassi standardizzati per 10.000 residenti.¦Nota fonte: Nel 2018, sono incluse le vittime dell'incidente a Genova sul Ponte Morandi (Autostrada A10).	BES dei territori — ISTAT	https://www.istat.it/statistiche-per-temi/focus/benessere-e-sostenibilita/la-misurazione-del-benessere-bes/il-bes-dei-territori/
e3c4a6b1ff55045d	BES-03-10-049	Lucca	Lucca	Umbria	Lavoro e conciliazione dei tempi di vita · Tasso di occupazione (20-64 anni)	RECORD_MAX|INVERSIONE|ANOMALIA	TERRITORIALE	91.5	SEGNALE PULSE — BES TERRITORI	2024-12	Lucca: Tasso di occupazione (20-64 anni) sale da 70,7 a 74 nel 2024 (+4.7%).	66.1|66.1|66.6|71.8|70.7|74		66.1|66.1|66.6|71.8|70.7|74	71.7|70.2|70.5|73.7|74.5|76.1	Record: il valore 2024 supera i valori dei cinque anni precedenti.¦Inversione: la variazione cambia segno tra 2022→2023 e 2023→2024.¦Anomalia: l'ultimo valore si discosta in modo robusto dal livello recente oltre la soglia PULSE.¦PULSE Score: 91.5/100. Fonte: BES dei territori, ISTAT.¦Unità di misura: Valori percentuali.¦Nota fonte: nan	BES dei territori — ISTAT	https://www.istat.it/statistiche-per-temi/focus/benessere-e-sostenibilita/la-misurazione-del-benessere-bes/il-bes-dei-territori/
f285cec3281e69bf	BES-02-08-038	Pordenone	Pordenone	Emilia-Romagna	Salute · Mortalità infantile	RECORD_MAX|ANOMALIA|DIVERGENZA	TERRITORIALE	91.5	SEGNALE PULSE — BES TERRITORI	2022-12	Pordenone: Mortalità infantile sale da 1,9 a 3,5 nel 2022 (+84.2%).	2.2|1.3|1.4|1.9|1.9|3.5		2.2|1.3|1.4|1.9|1.9|3.5	1.8|2.2|2|2|2.2|2.3	Record: il valore 2022 supera i valori dei cinque anni precedenti.¦Anomalia: l'ultimo valore si discosta in modo robusto dal livello recente oltre la soglia PULSE.¦Divergenza territoriale: la variazione di Pordenone si discosta da quella della regione Emilia-Romagna.¦PULSE Score: 91.5/100. Fonte: BES dei territori, ISTAT.¦Unità di misura: Per 1.000 nati vivi.¦Nota fonte: nan	BES dei territori — ISTAT	https://www.istat.it/statistiche-per-temi/focus/benessere-e-sostenibilita/la-misurazione-del-benessere-bes/il-bes-dei-territori/
739ec4e7b52f8d37	BES-05-20-101	Ragusa	Ragusa	Sardegna	Sicurezza · Altri delitti mortali denunciati	RECORD_MIN|INVERSIONE|ANOMALIA	TERRITORIALE	91.5	SEGNALE PULSE — BES TERRITORI	2023-12	Ragusa: Altri delitti mortali denunciati scende da 5 a 2,2 nel 2023 (-56.0%).	5.4|5.1|3.5|3.2|5|2.2		5.4|5.1|3.5|3.2|5|2.2	3.6|3.3|3|3.5|3.2|2.9	Record: il valore 2023 è inferiore ai valori dei cinque anni precedenti.¦Inversione: la variazione cambia segno tra 2021→2022 e 2022→2023.¦Anomalia: l'ultimo valore si discosta in modo robusto dal livello recente oltre la soglia PULSE.¦PULSE Score: 91.5/100. Fonte: BES dei territori, ISTAT.¦Unità di misura: Per 100.000 abitanti.¦Nota fonte: I dati delle province di Sassari, Nuoro, Cagliari e Oristano si riferiscono ai confini in essere fino al 31 dicembre 2005; la somma dei dati provinciali corrisponde al dato complessivo della regione Sardegna.	BES dei territori — ISTAT	https://www.istat.it/statistiche-per-temi/focus/benessere-e-sostenibilita/la-misurazione-del-benessere-bes/il-bes-dei-territori/
03d77dcd95055b7b	BES-04-14-073	Chieti	Chieti	Molise	Paesaggio e patrimonio culturale · Diffusione delle aziende agrituristiche	RECORD_MIN|ANOMALIA|DIVERGENZA	TERRITORIALE	91.5	SEGNALE PULSE — BES TERRITORI	2023-12	Chieti: Diffusione delle aziende agrituristiche scende da 6,1 a 5,5 nel 2023 (-9.8%).	5.9|6|6|6.1|6.1|5.5		5.9|6|6|6.1|6.1|5.5	5.2|5.1|5.4|5.4|5.4|5.2	Record: il valore 2023 è inferiore ai valori dei cinque anni precedenti.¦Anomalia: l'ultimo valore si discosta in modo robusto dal livello recente oltre la soglia PULSE.¦Divergenza territoriale: la variazione di Chieti si discosta da quella della regione Molise.¦PULSE Score: 91.5/100. Fonte: BES dei territori, ISTAT.¦Unità di misura: Per 100 km2.¦Nota fonte: nan	BES dei territori — ISTAT	https://www.istat.it/statistiche-per-temi/focus/benessere-e-sostenibilita/la-misurazione-del-benessere-bes/il-bes-dei-territori/
0c8e4b3eb3a3bd88	BES-01-04-020	Pavia	Pavia	Trentino-Alto Adige/Südtirol	Relazioni sociali · Organizzazioni non profit	RECORD_MIN|ACCELERAZIONE|ANOMALIA	TERRITORIALE	91.4	SEGNALE PULSE — BES TERRITORI	2022-12	Pavia: Organizzazioni non profit scende da 61,4 a 60 nel 2022 (-2.3%).	61.2|61.3|61.9|61.8|61.4|60		61.2|61.3|61.9|61.8|61.4|60	56.6|57.7|58|57.9|58.1|57.5	Record: il valore 2022 è inferiore ai valori dei cinque anni precedenti.¦Accelerazione: il cambiamento più recente è nettamente più ampio del precedente.¦Anomalia: l'ultimo valore si discosta in modo robusto dal livello recente oltre la soglia PULSE.¦PULSE Score: 91.4/100. Fonte: BES dei territori, ISTAT.¦Unità di misura: Per 10.000 abitanti.¦Nota fonte: nan	BES dei territori — ISTAT	https://www.istat.it/statistiche-per-temi/focus/benessere-e-sostenibilita/la-misurazione-del-benessere-bes/il-bes-dei-territori/
a97a2922e25d65e9	BES-05-20-101	Ragusa	Ragusa	Sardegna	Salute · Speranza di vita alla nascita	RECORD_MAX|ACCELERAZIONE|ANOMALIA	TERRITORIALE	91.2	SEGNALE PULSE — BES TERRITORI	2024-12	Ragusa: Speranza di vita alla nascita sale da 82,3 a 83,1 nel 2024 (+1.0%).	82.6|82|82.2|82.1|82.3|83.1		82.6|82|82.2|82.1|82.3|83.1	82|81.5|81.2|81.4|81.6|82.1	Record: il valore 2024 supera i valori dei cinque anni precedenti.¦Accelerazione: il cambiamento più recente è nettamente più ampio del precedente.¦Anomalia: l'ultimo valore si discosta in modo robusto dal livello recente oltre la soglia PULSE.¦PULSE Score: 91.2/100. Fonte: BES dei territori, ISTAT.¦Unità di misura: Numero medio di anni.¦Nota fonte: I dati del 2024 sono provvisori.	BES dei territori — ISTAT	https://www.istat.it/statistiche-per-temi/focus/benessere-e-sostenibilita/la-misurazione-del-benessere-bes/il-bes-dei-territori/
a869fae9a89f1497	BES-03-10-000	Toscana		Toscana	Sicurezza · Omicidi volontari	RECORD_MAX|ACCELERAZIONE|ANOMALIA	GENERAL	91.1	SEGNALE PULSE — BES TERRITORI	2023-12	Toscana: Omicidi volontari sale da 0,4 a 0,6 nel 2023 (+50.0%).	0.4|0.4|0.4|0.3|0.4|0.6				Record: il valore 2023 supera i valori dei cinque anni precedenti.¦Accelerazione: il cambiamento più recente è nettamente più ampio del precedente.¦Anomalia: l'ultimo valore si discosta in modo robusto dal livello recente oltre la soglia PULSE.¦PULSE Score: 91.1/100. Fonte: BES dei territori, ISTAT.¦Unità di misura: Per 100.000 abitanti.¦Nota fonte: I dati delle province di Sassari, Nuoro, Cagliari e Oristano si riferiscono ai confini in essere fino al 31 dicembre 2005; la somma dei dati provinciali corrisponde al dato complessivo della regione Sardegna.	BES dei territori — ISTAT	https://www.istat.it/statistiche-per-temi/focus/benessere-e-sostenibilita/la-misurazione-del-benessere-bes/il-bes-dei-territori/
1d4e4f1d39519d30	BES-05-20-101	Ragusa	Ragusa	Sardegna	Lavoro e conciliazione dei tempi di vita · Tasso di occupazione (20-64 anni)	RECORD_MAX|ACCELERAZIONE|ANOMALIA	TERRITORIALE	90.8	SEGNALE PULSE — BES TERRITORI	2024-12	Ragusa: Tasso di occupazione (20-64 anni) sale da 60,5 a 64,6 nel 2024 (+6.8%).	54.8|56.1|57.1|58.4|60.5|64.6		54.8|56.1|57.1|58.4|60.5|64.6	44.7|43.9|44.5|46.2|48.7|50.7	Record: il valore 2024 supera i valori dei cinque anni precedenti.¦Accelerazione: il cambiamento più recente è nettamente più ampio del precedente.¦Anomalia: l'ultimo valore si discosta in modo robusto dal livello recente oltre la soglia PULSE.¦PULSE Score: 90.8/100. Fonte: BES dei territori, ISTAT.¦Unità di misura: Valori percentuali.¦Nota fonte: nan	BES dei territori — ISTAT	https://www.istat.it/statistiche-per-temi/focus/benessere-e-sostenibilita/la-misurazione-del-benessere-bes/il-bes-dei-territori/
34b884165fbe9d69	BES-04-16-080	Salerno	Salerno	Puglia	Lavoro e conciliazione dei tempi di vita · Tasso di occupazione (20-64 anni)	RECORD_MAX|ACCELERAZIONE|ANOMALIA	TERRITORIALE	90.7	SEGNALE PULSE — BES TERRITORI	2024-12	Salerno: Tasso di occupazione (20-64 anni) sale da 52,7 a 56 nel 2024 (+6.3%).	48.6|49.7|49.7|51.8|52.7|56		48.6|49.7|49.7|51.8|52.7|56	45.1|43.8|45|47.3|48.4|49.4	Record: il valore 2024 supera i valori dei cinque anni precedenti.¦Accelerazione: il cambiamento più recente è nettamente più ampio del precedente.¦Anomalia: l'ultimo valore si discosta in modo robusto dal livello recente oltre la soglia PULSE.¦PULSE Score: 90.7/100. Fonte: BES dei territori, ISTAT.¦Unità di misura: Valori percentuali.¦Nota fonte: nan	BES dei territori — ISTAT	https://www.istat.it/statistiche-per-temi/focus/benessere-e-sostenibilita/la-misurazione-del-benessere-bes/il-bes-dei-territori/
f523f888b4f49d7f	BES-01-01-006	Alessandria	Alessandria	Piemonte	Sicurezza · Denunce di borseggio	RECORD_MAX|INVERSIONE|ANOMALIA	TERRITORIALE	90.7	SEGNALE PULSE — BES TERRITORI	2023-12	Alessandria: Denunce di borseggio sale da 88 a 162,1 nel 2023 (+84.2%).	129|117.2|79.4|95.5|88|162.1		129|117.2|79.4|95.5|88|162.1	322.6|288.8|179.4|235.7|286.1|297.9	Record: il valore 2023 supera i valori dei cinque anni precedenti.¦Inversione: la variazione cambia segno tra 2021→2022 e 2022→2023.¦Anomalia: l'ultimo valore si discosta in modo robusto dal livello recente oltre la soglia PULSE.¦PULSE Score: 90.7/100. Fonte: BES dei territori, ISTAT.¦Unità di misura: Per 100.000 abitanti.¦Nota fonte: I dati delle province di Sassari, Nuoro, Cagliari e Oristano si riferiscono ai confini in essere fino al 31 dicembre 2005; la somma dei dati provinciali corrisponde al dato complessivo della regione Sardegna.	BES dei territori — ISTAT	https://www.istat.it/statistiche-per-temi/focus/benessere-e-sostenibilita/la-misurazione-del-benessere-bes/il-bes-dei-territori/
afa2479a7795f764	BES-04-16-000	Campania		Campania	Lavoro e conciliazione dei tempi di vita · Tasso di mancata partecipazione al lavoro	RECORD_MIN|ACCELERAZIONE|ANOMALIA	GENERAL	90.7	SEGNALE PULSE — BES TERRITORI	2024-12	Campania: Tasso di mancata partecipazione al lavoro scende da 32,3 a 29,6 nel 2024 (-8.4%).	37.5|37.9|37.4|33.3|32.3|29.6				Record: il valore 2024 è inferiore ai valori dei cinque anni precedenti.¦Accelerazione: il cambiamento più recente è nettamente più ampio del precedente.¦Anomalia: l'ultimo valore si discosta in modo robusto dal livello recente oltre la soglia PULSE.¦PULSE Score: 90.7/100. Fonte: BES dei territori, ISTAT.¦Unità di misura: Valori percentuali.¦Nota fonte: nan	BES dei territori — ISTAT	https://www.istat.it/statistiche-per-temi/focus/benessere-e-sostenibilita/la-misurazione-del-benessere-bes/il-bes-dei-territori/
95e36890998feed4	BES-02-07-034	Rovigo	Rovigo	Liguria	Sicurezza · Altri delitti mortali denunciati	RECORD_MIN|INVERSIONE|DIVERGENZA	TERRITORIALE	90.4	SEGNALE PULSE — BES TERRITORI	2023-12	Rovigo: Altri delitti mortali denunciati scende da 7 a 2,2 nel 2023 (-68.6%).	4.3|4.7|3.5|3|7|2.2		4.3|4.7|3.5|3|7|2.2	2.9|3.4|2.2|2.8|3.1|2.5	Record: il valore 2023 è inferiore ai valori dei cinque anni precedenti.¦Inversione: la variazione cambia segno tra 2021→2022 e 2022→2023.¦Divergenza territoriale: la variazione di Rovigo si discosta da quella della regione Liguria.¦PULSE Score: 90.4/100. Fonte: BES dei territori, ISTAT.¦Unità di misura: Per 100.000 abitanti.¦Nota fonte: I dati delle province di Sassari, Nuoro, Cagliari e Oristano si riferiscono ai confini in essere fino al 31 dicembre 2005; la somma dei dati provinciali corrisponde al dato complessivo della regione Sardegna.	BES dei territori — ISTAT	https://www.istat.it/statistiche-per-temi/focus/benessere-e-sostenibilita/la-misurazione-del-benessere-bes/il-bes-dei-territori/
5590140d3099702d	BES-02-07-033	Padova	Padova	Liguria	Sicurezza · Omicidi volontari	RECORD_MAX|ANOMALIA|DIVERGENZA	TERRITORIALE	90.1	SEGNALE PULSE — BES TERRITORI	2023-12	Padova: Omicidi volontari sale da 0,2 a 0,6 nel 2023 (+200.0%).	0.1|0.4|0.3|0.2|0.2|0.6		0.1|0.4|0.3|0.2|0.2|0.6	0.2|0.4|0.3|0.4|0.5|0.5	Record: il valore 2023 supera i valori dei cinque anni precedenti.¦Anomalia: l'ultimo valore si discosta in modo robusto dal livello recente oltre la soglia PULSE.¦Divergenza territoriale: la variazione di Padova si discosta da quella della regione Liguria.¦PULSE Score: 90.1/100. Fonte: BES dei territori, ISTAT.¦Unità di misura: Per 100.000 abitanti.¦Nota fonte: I dati delle province di Sassari, Nuoro, Cagliari e Oristano si riferiscono ai confini in essere fino al 31 dicembre 2005; la somma dei dati provinciali corrisponde al dato complessivo della regione Sardegna.	BES dei territori — ISTAT	https://www.istat.it/statistiche-per-temi/focus/benessere-e-sostenibilita/la-misurazione-del-benessere-bes/il-bes-dei-territori/
d9cf0a6125b872cd	BES-03-10-000	Toscana		Toscana	Salute · Mortalità per demenze e malattie del sistema nervoso (65 anni e più)	RECORD_MAX|INVERSIONE|ANOMALIA	GENERAL	90.1	SEGNALE PULSE — BES TERRITORI	2022-12	Toscana: Mortalità per demenze e malattie del sistema nervoso (65 anni e più) sale da 32,9 a 35,8 nel 2022 (+8.8%).	33.7|32.4|32.8|34.4|32.9|35.8				Record: il valore 2022 supera i valori dei cinque anni precedenti.¦Inversione: la variazione cambia segno tra 2020→2021 e 2021→2022.¦Anomalia: l'ultimo valore si discosta in modo robusto dal livello recente oltre la soglia PULSE.¦PULSE Score: 90.1/100. Fonte: BES dei territori, ISTAT.¦Unità di misura: Tassi standardizzati per 10.000 residenti.¦Nota fonte: nan	BES dei territori — ISTAT	https://www.istat.it/statistiche-per-temi/focus/benessere-e-sostenibilita/la-misurazione-del-benessere-bes/il-bes-dei-territori/
883a9aa1c6e34376	BES-04-18-088	Matera	Matera	Calabria	Sicurezza · Altri delitti mortali denunciati	RECORD_MIN|ACCELERAZIONE|ANOMALIA	TERRITORIALE	90.0	SEGNALE PULSE — BES TERRITORI	2023-12	Matera: Altri delitti mortali denunciati scende da 4,7 a 1,6 nel 2023 (-66.0%).	3.6|4.1|5.2|6.2|4.7|1.6		3.6|4.1|5.2|6.2|4.7|1.6	3.9|2.9|3.1|6.6|5.2|2.6	Record: il valore 2023 è inferiore ai valori dei cinque anni precedenti.¦Accelerazione: il cambiamento più recente è nettamente più ampio del precedente.¦Anomalia: l'ultimo valore si discosta in modo robusto dal livello recente oltre la soglia PULSE.¦PULSE Score: 90.0/100. Fonte: BES dei territori, ISTAT.¦Unità di misura: Per 100.000 abitanti.¦Nota fonte: I dati delle province di Sassari, Nuoro, Cagliari e Oristano si riferiscono ai confini in essere fino al 31 dicembre 2005; la somma dei dati provinciali corrisponde al dato complessivo della regione Sardegna.	BES dei territori — ISTAT	https://www.istat.it/statistiche-per-temi/focus/benessere-e-sostenibilita/la-misurazione-del-benessere-bes/il-bes-dei-territori/
1c760d9db27256f9	BES-02-08-038	Pordenone	Pordenone	Emilia-Romagna	Innovazione, ricerca e creatività · Propensione alla brevettazione	RECORD_MIN|ACCELERAZIONE|ANOMALIA	TERRITORIALE	89.9	SEGNALE PULSE — BES TERRITORI	2022-12	Pordenone: Propensione alla brevettazione scende da 254,6 a 151,9 nel 2022 (-40.3%).	240.2|257.1|233.1|275|254.6|151.9		240.2|257.1|233.1|275|254.6|151.9	116.4|127|127.6|148.4|158.1|85.7	Record: il valore 2022 è inferiore ai valori dei cinque anni precedenti.¦Accelerazione: il cambiamento più recente è nettamente più ampio del precedente.¦Anomalia: l'ultimo valore si discosta in modo robusto dal livello recente oltre la soglia PULSE.¦PULSE Score: 89.9/100. Fonte: BES dei territori, ISTAT.¦Unità di misura: Per milione di abitanti.¦Nota fonte: nan	BES dei territori — ISTAT	https://www.istat.it/statistiche-per-temi/focus/benessere-e-sostenibilita/la-misurazione-del-benessere-bes/il-bes-dei-territori/
746c01f29e08ad8f	BES-05-20-098	Caltanissetta	Caltanissetta	Sardegna	Innovazione, ricerca e creatività · Propensione alla brevettazione	INVERSIONE|ANOMALIA|DIVERGENZA	TERRITORIALE	89.9	SEGNALE PULSE — BES TERRITORI	2022-12	Caltanissetta: Propensione alla brevettazione sale da 2,8 a 11,5 nel 2022 (+310.7%).	16.5|19|3.9|3.9|2.8|11.5		16.5|19|3.9|3.9|2.8|11.5	11.2|11|12.8|14.5|17.2|15.6	Inversione: la variazione cambia segno tra 2020→2021 e 2021→2022.¦Anomalia: l'ultimo valore si discosta in modo robusto dal livello recente oltre la soglia PULSE.¦Divergenza territoriale: la variazione di Caltanissetta si discosta da quella della regione Sardegna.¦PULSE Score: 89.9/100. Fonte: BES dei territori, ISTAT.¦Unità di misura: Per milione di abitanti.¦Nota fonte: nan	BES dei territori — ISTAT	https://www.istat.it/statistiche-per-temi/focus/benessere-e-sostenibilita/la-misurazione-del-benessere-bes/il-bes-dei-territori/
63db7d3bbfaa987e	BES-05-20-098	Caltanissetta	Caltanissetta	Sardegna	Relazioni sociali · Organizzazioni non profit	RECORD_MAX|ACCELERAZIONE|ANOMALIA	TERRITORIALE	89.7	SEGNALE PULSE — BES TERRITORI	2022-12	Caltanissetta: Organizzazioni non profit sale da 44,4 a 46 nel 2022 (+3.6%).	43.3|44.1|43.5|44.2|44.4|46		43.3|44.1|43.5|44.2|44.4|46	44.1|45.5|46.3|47|47.1|48.2	Record: il valore 2022 supera i valori dei cinque anni precedenti.¦Accelerazione: il cambiamento più recente è nettamente più ampio del precedente.¦Anomalia: l'ultimo valore si discosta in modo robusto dal livello recente oltre la soglia PULSE.¦PULSE Score: 89.7/100. Fonte: BES dei territori, ISTAT.¦Unità di misura: Per 10.000 abitanti.¦Nota fonte: nan	BES dei territori — ISTAT	https://www.istat.it/statistiche-per-temi/focus/benessere-e-sostenibilita/la-misurazione-del-benessere-bes/il-bes-dei-territori/
906c8849ee15ea50	BES-02-09-000	Emilia-Romagna		Emilia-Romagna	Sicurezza · Denunce di rapina	RECORD_MAX|INVERSIONE|ANOMALIA	GENERAL	89.7	SEGNALE PULSE — BES TERRITORI	2023-12	Emilia-Romagna: Denunce di rapina sale da 46,6 a 53,7 nel 2023 (+15.2%).	45.8|40.8|37.7|47.8|46.6|53.7				Record: il valore 2023 supera i valori dei cinque anni precedenti.¦Inversione: la variazione cambia segno tra 2021→2022 e 2022→2023.¦Anomalia: l'ultimo valore si discosta in modo robusto dal livello recente oltre la soglia PULSE.¦PULSE Score: 89.7/100. Fonte: BES dei territori, ISTAT.¦Unità di misura: Per 100.000 abitanti.¦Nota fonte: I dati delle province di Sassari, Nuoro, Cagliari e Oristano si riferiscono ai confini in essere fino al 31 dicembre 2005; la somma dei dati provinciali corrisponde al dato complessivo della regione Sardegna.	BES dei territori — ISTAT	https://www.istat.it/statistiche-per-temi/focus/benessere-e-sostenibilita/la-misurazione-del-benessere-bes/il-bes-dei-territori/
cfc05838dc222a8e	BES-02-08-000	Friuli-Venezia Giulia		Friuli-Venezia Giulia	Paesaggio e patrimonio culturale · Densità e rilevanza del patrimonio museale	RECORD_MIN|INVERSIONE|ANOMALIA	GENERAL	89.7	SEGNALE PULSE — BES TERRITORI	2022-12	Friuli-Venezia Giulia: Densità e rilevanza del patrimonio museale scende da 1,51 a 1,19 nel 2022 (-21.2%).	1.51|1.37|1.41|1.36|1.51|1.19				Record: il valore 2022 è inferiore ai valori dei cinque anni precedenti.¦Inversione: la variazione cambia segno tra 2020→2021 e 2021→2022.¦Anomalia: l'ultimo valore si discosta in modo robusto dal livello recente oltre la soglia PULSE.¦PULSE Score: 89.7/100. Fonte: BES dei territori, ISTAT.¦Unità di misura: Per 100 km2.¦Nota fonte: nan	BES dei territori — ISTAT	https://www.istat.it/statistiche-per-temi/focus/benessere-e-sostenibilita/la-misurazione-del-benessere-bes/il-bes-dei-territori/
f5853f1155b2e9fd	BES-04-16-076	Caserta	Caserta	Puglia	Relazioni sociali · Organizzazioni non profit	RECORD_MAX|ACCELERAZIONE|ANOMALIA	TERRITORIALE	89.6	SEGNALE PULSE — BES TERRITORI	2022-12	Caserta: Organizzazioni non profit sale da 36,5 a 38,1 nel 2022 (+4.4%).	34|34.5|34.7|36.3|36.5|38.1		34|34.5|34.7|36.3|36.5|38.1	36.4|37.1|37.5|39.6|39|40.4	Record: il valore 2022 supera i valori dei cinque anni precedenti.¦Accelerazione: il cambiamento più recente è nettamente più ampio del precedente.¦Anomalia: l'ultimo valore si discosta in modo robusto dal livello recente oltre la soglia PULSE.¦PULSE Score: 89.6/100. Fonte: BES dei territori, ISTAT.¦Unità di misura: Per 10.000 abitanti.¦Nota fonte: nan	BES dei territori — ISTAT	https://www.istat.it/statistiche-per-temi/focus/benessere-e-sostenibilita/la-misurazione-del-benessere-bes/il-bes-dei-territori/
ac5acd14279cfdae	BES-03-13-065	Viterbo	Viterbo	Abruzzo	Salute · Mortalità per demenze e malattie del sistema nervoso (65 anni e più)	RECORD_MAX|ACCELERAZIONE|ANOMALIA	TERRITORIALE	89.5	SEGNALE PULSE — BES TERRITORI	2022-12	Viterbo: Mortalità per demenze e malattie del sistema nervoso (65 anni e più) sale da 39 a 45,9 nel 2022 (+17.7%).	35.2|31.7|35.3|37.5|39|45.9		35.2|31.7|35.3|37.5|39|45.9	31.3|29.1|30.2|29.7|30.4|33.2	Record: il valore 2022 supera i valori dei cinque anni precedenti.¦Accelerazione: il cambiamento più recente è nettamente più ampio del precedente.¦Anomalia: l'ultimo valore si discosta in modo robusto dal livello recente oltre la soglia PULSE.¦PULSE Score: 89.5/100. Fonte: BES dei territori, ISTAT.¦Unità di misura: Tassi standardizzati per 10.000 residenti.¦Nota fonte: nan	BES dei territori — ISTAT	https://www.istat.it/statistiche-per-temi/focus/benessere-e-sostenibilita/la-misurazione-del-benessere-bes/il-bes-dei-territori/
4521418d85bc6c2a	BES-01-04-022	Mantova	Mantova	Trentino-Alto Adige/Südtirol	Sicurezza · Denunce di rapina	RECORD_MAX|ACCELERAZIONE|ANOMALIA	TERRITORIALE	89.3	SEGNALE PULSE — BES TERRITORI	2023-12	Mantova: Denunce di rapina sale da 20,2 a 25,8 nel 2023 (+27.7%).	23.8|21.6|20.2|19|20.2|25.8		23.8|21.6|20.2|19|20.2|25.8	53.7|49.2|40.6|52.8|62.3|65.5	Record: il valore 2023 supera i valori dei cinque anni precedenti.¦Accelerazione: il cambiamento più recente è nettamente più ampio del precedente.¦Anomalia: l'ultimo valore si discosta in modo robusto dal livello recente oltre la soglia PULSE.¦PULSE Score: 89.3/100. Fonte: BES dei territori, ISTAT.¦Unità di misura: Per 100.000 abitanti.¦Nota fonte: I dati delle province di Sassari, Nuoro, Cagliari e Oristano si riferiscono ai confini in essere fino al 31 dicembre 2005; la somma dei dati provinciali corrisponde al dato complessivo della regione Sardegna.	BES dei territori — ISTAT	https://www.istat.it/statistiche-per-temi/focus/benessere-e-sostenibilita/la-misurazione-del-benessere-bes/il-bes-dei-territori/
9fb746d642acf8a9	BES-03-10-050	Pistoia	Pistoia	Umbria	Paesaggio e patrimonio culturale · Diffusione delle aziende agrituristiche	RECORD_MAX|ACCELERAZIONE|ANOMALIA	TERRITORIALE	89.2	SEGNALE PULSE — BES TERRITORI	2023-12	Pistoia: Diffusione delle aziende agrituristiche sale da 24 a 25,4 nel 2023 (+5.8%).	18.2|23|23.2|23.3|24|25.4		18.2|23|23.2|23.3|24|25.4	20.1|23.4|23.5|23.4|24.5|25.2	Record: il valore 2023 supera i valori dei cinque anni precedenti.¦Accelerazione: il cambiamento più recente è nettamente più ampio del precedente.¦Anomalia: l'ultimo valore si discosta in modo robusto dal livello recente oltre la soglia PULSE.¦PULSE Score: 89.2/100. Fonte: BES dei territori, ISTAT.¦Unità di misura: Per 100 km2.¦Nota fonte: nan	BES dei territori — ISTAT	https://www.istat.it/statistiche-per-temi/focus/benessere-e-sostenibilita/la-misurazione-del-benessere-bes/il-bes-dei-territori/
d2d33269ec48b87d	BES-01-04-022	Mantova	Mantova	Trentino-Alto Adige/Südtirol	Salute · Mortalità per tumore (20-64 anni)	RECORD_MIN|ACCELERAZIONE|ANOMALIA	TERRITORIALE	89.1	SEGNALE PULSE — BES TERRITORI	2022-12	Mantova: Mortalità per tumore (20-64 anni) scende da 7,8 a 6,7 nel 2022 (-14.1%).	8.4|7.4|7.6|7.9|7.8|6.7		8.4|7.4|7.6|7.9|7.8|6.7	8.3|8.2|7.8|7.7|7.3|7.2	Record: il valore 2022 è inferiore ai valori dei cinque anni precedenti.¦Accelerazione: il cambiamento più recente è nettamente più ampio del precedente.¦Anomalia: l'ultimo valore si discosta in modo robusto dal livello recente oltre la soglia PULSE.¦PULSE Score: 89.1/100. Fonte: BES dei territori, ISTAT.¦Unità di misura: Tassi standardizzati per 10.000 residenti.¦Nota fonte: nan	BES dei territori — ISTAT	https://www.istat.it/statistiche-per-temi/focus/benessere-e-sostenibilita/la-misurazione-del-benessere-bes/il-bes-dei-territori/
bebc34db057a8f9d	BES-02-07-032	Venezia	Venezia	Liguria	Sicurezza · Mortalità stradale in ambito extraurbano	RECORD_MAX|ACCELERAZIONE|ANOMALIA|DIVERGENZA	TERRITORIALE	89.0	SEGNALE PULSE — BES TERRITORI	2023-12	Venezia: Mortalità stradale in ambito extraurbano sale da 3,9 a 7,6 nel 2023 (+94.9%).	3|6|4.1|3.7|3.9|7.6		3|6|4.1|3.7|3.9|7.6	3.7|4.5|4|3.9|5.2|4.8	Record: il valore 2023 supera i valori dei cinque anni precedenti.¦Accelerazione: il cambiamento più recente è nettamente più ampio del precedente.¦Anomalia: l'ultimo valore si discosta in modo robusto dal livello recente oltre la soglia PULSE.¦Divergenza territoriale: la variazione di Venezia si discosta da quella della regione Liguria.¦PULSE Score: 89.0/100. Fonte: BES dei territori, ISTAT.¦Unità di misura: Valori percentuali.¦Nota fonte: nan	BES dei territori — ISTAT	https://www.istat.it/statistiche-per-temi/focus/benessere-e-sostenibilita/la-misurazione-del-benessere-bes/il-bes-dei-territori/
1947bf4aad3c2ceb	BES-02-05-001	Bolzano/Bozen	Bolzano/Bozen	Veneto	Paesaggio e patrimonio culturale · Densità e rilevanza del patrimonio museale	RECORD_MIN|INVERSIONE|ANOMALIA	TERRITORIALE	88.9	SEGNALE PULSE — BES TERRITORI	2022-12	Bolzano/Bozen: Densità e rilevanza del patrimonio museale scende da 1,15 a 0,84 nel 2022 (-27.0%).	0.97|1.11|0.96|0.96|1.15|0.84		0.97|1.11|0.96|0.96|1.15|0.84	1.09|1.13|1.01|1.16|1.19|0.89	Record: il valore 2022 è inferiore ai valori dei cinque anni precedenti.¦Inversione: la variazione cambia segno tra 2020→2021 e 2021→2022.¦Anomalia: l'ultimo valore si discosta in modo robusto dal livello recente oltre la soglia PULSE.¦PULSE Score: 88.9/100. Fonte: BES dei territori, ISTAT.¦Unità di misura: Per 100 km2.¦Nota fonte: nan	BES dei territori — ISTAT	https://www.istat.it/statistiche-per-temi/focus/benessere-e-sostenibilita/la-misurazione-del-benessere-bes/il-bes-dei-territori/
2fcb2eb180ad2c77	BES-01-01-000	Piemonte		Piemonte	Sicurezza · Altri delitti mortali denunciati	RECORD_MIN|ANOMALIA	GENERAL	88.7	SEGNALE PULSE — BES TERRITORI	2023-12	Piemonte: Altri delitti mortali denunciati scende da 2,7 a 1,7 nel 2023 (-37.0%).	3.2|2.4|2.5|2.7|2.7|1.7				Record: il valore 2023 è inferiore ai valori dei cinque anni precedenti.¦Anomalia: l'ultimo valore si discosta in modo robusto dal livello recente oltre la soglia PULSE.¦PULSE Score: 88.7/100. Fonte: BES dei territori, ISTAT.¦Unità di misura: Per 100.000 abitanti.¦Nota fonte: I dati delle province di Sassari, Nuoro, Cagliari e Oristano si riferiscono ai confini in essere fino al 31 dicembre 2005; la somma dei dati provinciali corrisponde al dato complessivo della regione Sardegna.	BES dei territori — ISTAT	https://www.istat.it/statistiche-per-temi/focus/benessere-e-sostenibilita/la-misurazione-del-benessere-bes/il-bes-dei-territori/
cf5486adb1d13a3f	BES-03-10-000	Toscana		Toscana	Salute · Mortalità per tumore (20-64 anni)	RECORD_MIN|ANOMALIA	GENERAL	88.7	SEGNALE PULSE — BES TERRITORI	2022-12	Toscana: Mortalità per tumore (20-64 anni) scende da 7,4 a 6,9 nel 2022 (-6.8%).	8.1|8|7.9|7.7|7.4|6.9				Record: il valore 2022 è inferiore ai valori dei cinque anni precedenti.¦Anomalia: l'ultimo valore si discosta in modo robusto dal livello recente oltre la soglia PULSE.¦PULSE Score: 88.7/100. Fonte: BES dei territori, ISTAT.¦Unità di misura: Tassi standardizzati per 10.000 residenti.¦Nota fonte: nan	BES dei territori — ISTAT	https://www.istat.it/statistiche-per-temi/focus/benessere-e-sostenibilita/la-misurazione-del-benessere-bes/il-bes-dei-territori/
6791e01abb313ab5	BES-03-10-053	Pisa	Pisa	Umbria	Sicurezza · Mortalità stradale in ambito extraurbano	RECORD_MAX|INVERSIONE|DIVERGENZA	TERRITORIALE	88.6	SEGNALE PULSE — BES TERRITORI	2023-12	Pisa: Mortalità stradale in ambito extraurbano sale da 2,3 a 4,6 nel 2023 (+100.0%).	4.4|2.7|1.6|3.9|2.3|4.6		4.4|2.7|1.6|3.9|2.3|4.6	3.6|2.8|2.7|3.1|3.7|3.4	Record: il valore 2023 supera i valori dei cinque anni precedenti.¦Inversione: la variazione cambia segno tra 2021→2022 e 2022→2023.¦Divergenza territoriale: la variazione di Pisa si discosta da quella della regione Umbria.¦PULSE Score: 88.6/100. Fonte: BES dei territori, ISTAT.¦Unità di misura: Valori percentuali.¦Nota fonte: nan	BES dei territori — ISTAT	https://www.istat.it/statistiche-per-temi/focus/benessere-e-sostenibilita/la-misurazione-del-benessere-bes/il-bes-dei-territori/
3850baae5c529d2f	BES-03-10-056	Grosseto	Grosseto	Umbria	Salute · Mortalità infantile	RECORD_MIN|INVERSIONE|ANOMALIA	TERRITORIALE	88.5	SEGNALE PULSE — BES TERRITORI	2022-12	Grosseto: Mortalità infantile scende da 3,4 a 0,9 nel 2022 (-73.5%).	3.8|3.7|3.4|1.7|3.4|0.9		3.8|3.7|3.4|1.7|3.4|0.9	2|2.2|1.5|1.8|1.6|1.4	Record: il valore 2022 è inferiore ai valori dei cinque anni precedenti.¦Inversione: la variazione cambia segno tra 2020→2021 e 2021→2022.¦Anomalia: l'ultimo valore si discosta in modo robusto dal livello recente oltre la soglia PULSE.¦PULSE Score: 88.5/100. Fonte: BES dei territori, ISTAT.¦Unità di misura: Per 1.000 nati vivi.¦Nota fonte: nan	BES dei territori — ISTAT	https://www.istat.it/statistiche-per-temi/focus/benessere-e-sostenibilita/la-misurazione-del-benessere-bes/il-bes-dei-territori/
7e609d791e457624	BES-01-04-000	Lombardia		Lombardia	Sicurezza · Mortalità stradale in ambito extraurbano	RECORD_MIN|INVERSIONE|ANOMALIA	GENERAL	88.5	SEGNALE PULSE — BES TERRITORI	2023-12	Lombardia: Mortalità stradale in ambito extraurbano scende da 3,6 a 3 nel 2023 (-16.7%).	4|3.7|3.8|3.3|3.6|3				Record: il valore 2023 è inferiore ai valori dei cinque anni precedenti.¦Inversione: la variazione cambia segno tra 2021→2022 e 2022→2023.¦Anomalia: l'ultimo valore si discosta in modo robusto dal livello recente oltre la soglia PULSE.¦PULSE Score: 88.5/100. Fonte: BES dei territori, ISTAT.¦Unità di misura: Valori percentuali.¦Nota fonte: nan	BES dei territori — ISTAT	https://www.istat.it/statistiche-per-temi/focus/benessere-e-sostenibilita/la-misurazione-del-benessere-bes/il-bes-dei-territori/
9ae89a84f48ac7ac	BES-04-19-092	Crotone	Crotone	Sicilia	Relazioni sociali · Organizzazioni non profit	RECORD_MAX|ACCELERAZIONE|ANOMALIA	TERRITORIALE	88.4	SEGNALE PULSE — BES TERRITORI	2022-12	Crotone: Organizzazioni non profit sale da 46,9 a 50,8 nel 2022 (+8.3%).	40.1|44.1|45.6|46.2|46.9|50.8		40.1|44.1|45.6|46.2|46.9|50.8	48.6|52.2|54.3|54.8|55.3|57.3	Record: il valore 2022 supera i valori dei cinque anni precedenti.¦Accelerazione: il cambiamento più recente è nettamente più ampio del precedente.¦Anomalia: l'ultimo valore si discosta in modo robusto dal livello recente oltre la soglia PULSE.¦PULSE Score: 88.4/100. Fonte: BES dei territori, ISTAT.¦Unità di misura: Per 10.000 abitanti.¦Nota fonte: nan	BES dei territori — ISTAT	https://www.istat.it/statistiche-per-temi/focus/benessere-e-sostenibilita/la-misurazione-del-benessere-bes/il-bes-dei-territori/
28da432771e9ed0d	BES-02-07-028	Verona	Verona	Liguria	Paesaggio e patrimonio culturale · Diffusione delle aziende agrituristiche	RECORD_MAX|ACCELERAZIONE|ANOMALIA	TERRITORIALE	88.4	SEGNALE PULSE — BES TERRITORI	2023-12	Verona: Diffusione delle aziende agrituristiche sale da 15,1 a 16 nel 2023 (+6.0%).	13.5|13.9|14|14.7|15.1|16		13.5|13.9|14|14.7|15.1|16	7.9|8|8.3|8.6|8.8|9	Record: il valore 2023 supera i valori dei cinque anni precedenti.¦Accelerazione: il cambiamento più recente è nettamente più ampio del precedente.¦Anomalia: l'ultimo valore si discosta in modo robusto dal livello recente oltre la soglia PULSE.¦PULSE Score: 88.4/100. Fonte: BES dei territori, ISTAT.¦Unità di misura: Per 100 km2.¦Nota fonte: nan	BES dei territori — ISTAT	https://www.istat.it/statistiche-per-temi/focus/benessere-e-sostenibilita/la-misurazione-del-benessere-bes/il-bes-dei-territori/
15c3767ddfbfcbff	BES-03-12-061	Ancona	Ancona	Lazio	Sicurezza · Altri delitti mortali denunciati	RECORD_MIN|INVERSIONE|ANOMALIA	TERRITORIALE	88.4	SEGNALE PULSE — BES TERRITORI	2023-12	Ancona: Altri delitti mortali denunciati scende da 4,3 a 1,5 nel 2023 (-65.1%).	4.7|3.6|2.8|3.9|4.3|1.5		4.7|3.6|2.8|3.9|4.3|1.5	2.6|2.7|2.6|2.9|3|2.4	Record: il valore 2023 è inferiore ai valori dei cinque anni precedenti.¦Inversione: la variazione cambia segno tra 2021→2022 e 2022→2023.¦Anomalia: l'ultimo valore si discosta in modo robusto dal livello recente oltre la soglia PULSE.¦PULSE Score: 88.4/100. Fonte: BES dei territori, ISTAT.¦Unità di misura: Per 100.000 abitanti.¦Nota fonte: I dati delle province di Sassari, Nuoro, Cagliari e Oristano si riferiscono ai confini in essere fino al 31 dicembre 2005; la somma dei dati provinciali corrisponde al dato complessivo della regione Sardegna.	BES dei territori — ISTAT	https://www.istat.it/statistiche-per-temi/focus/benessere-e-sostenibilita/la-misurazione-del-benessere-bes/il-bes-dei-territori/
069d4ecdd016d6c9	BES-04-16-079	Avellino	Avellino	Puglia	Salute · Mortalità per demenze e malattie del sistema nervoso (65 anni e più)	RECORD_MAX|INVERSIONE|ANOMALIA	TERRITORIALE	88.1	SEGNALE PULSE — BES TERRITORI	2022-12	Avellino: Mortalità per demenze e malattie del sistema nervoso (65 anni e più) sale da 22,3 a 25,4 nel 2022 (+13.9%).	22.9|20.9|24.8|22.9|22.3|25.4		22.9|20.9|24.8|22.9|22.3|25.4	27.8|25.4|27.8|26.3|27.9|28.1	Record: il valore 2022 supera i valori dei cinque anni precedenti.¦Inversione: la variazione cambia segno tra 2020→2021 e 2021→2022.¦Anomalia: l'ultimo valore si discosta in modo robusto dal livello recente oltre la soglia PULSE.¦PULSE Score: 88.1/100. Fonte: BES dei territori, ISTAT.¦Unità di misura: Tassi standardizzati per 10.000 residenti.¦Nota fonte: nan	BES dei territori — ISTAT	https://www.istat.it/statistiche-per-temi/focus/benessere-e-sostenibilita/la-misurazione-del-benessere-bes/il-bes-dei-territori/
371db3a96efc2ef0	BES-05-20-100	Catania	Catania	Sardegna	Salute · Mortalità per incidenti stradali (15-34 anni)	RECORD_MAX|ANOMALIA	TERRITORIALE	88.0	SEGNALE PULSE — BES TERRITORI	2023-12	Catania: Mortalità per incidenti stradali (15-34 anni) sale da 0,7 a 1 nel 2023 (+42.9%).	0.7|0.6|0.6|0.7|0.7|1		0.7|0.6|0.6|0.7|0.7|1	0.6|0.8|0.5|0.8|0.6|0.7	Record: il valore 2023 supera i valori dei cinque anni precedenti.¦Anomalia: l'ultimo valore si discosta in modo robusto dal livello recente oltre la soglia PULSE.¦PULSE Score: 88.0/100. Fonte: BES dei territori, ISTAT.¦Unità di misura: Tassi standardizzati per 10.000 residenti.¦Nota fonte: Nel 2018, sono incluse le vittime dell'incidente a Genova sul Ponte Morandi (Autostrada A10).	BES dei territori — ISTAT	https://www.istat.it/statistiche-per-temi/focus/benessere-e-sostenibilita/la-misurazione-del-benessere-bes/il-bes-dei-territori/
32557592cf29fe6d	BES-03-13-000	Lazio		Lazio	Salute · Mortalità per demenze e malattie del sistema nervoso (65 anni e più)	RECORD_MAX|ACCELERAZIONE|ANOMALIA	GENERAL	87.7	SEGNALE PULSE — BES TERRITORI	2022-12	Lazio: Mortalità per demenze e malattie del sistema nervoso (65 anni e più) sale da 30,4 a 33,2 nel 2022 (+9.2%).	31.3|29.1|30.2|29.7|30.4|33.2				Record: il valore 2022 supera i valori dei cinque anni precedenti.¦Accelerazione: il cambiamento più recente è nettamente più ampio del precedente.¦Anomalia: l'ultimo valore si discosta in modo robusto dal livello recente oltre la soglia PULSE.¦PULSE Score: 87.7/100. Fonte: BES dei territori, ISTAT.¦Unità di misura: Tassi standardizzati per 10.000 residenti.¦Nota fonte: nan	BES dei territori — ISTAT	https://www.istat.it/statistiche-per-temi/focus/benessere-e-sostenibilita/la-misurazione-del-benessere-bes/il-bes-dei-territori/
6ac1356fcc8dbac5	BES-01-01-000	Piemonte		Piemonte	Innovazione, ricerca e creatività · Propensione alla brevettazione	RECORD_MIN|ACCELERAZIONE|ANOMALIA	GENERAL	87.6	SEGNALE PULSE — BES TERRITORI	2022-12	Piemonte: Propensione alla brevettazione scende da 109,8 a 91,6 nel 2022 (-16.6%).	120.1|109.6|114.5|114.3|109.8|91.6				Record: il valore 2022 è inferiore ai valori dei cinque anni precedenti.¦Accelerazione: il cambiamento più recente è nettamente più ampio del precedente.¦Anomalia: l'ultimo valore si discosta in modo robusto dal livello recente oltre la soglia PULSE.¦PULSE Score: 87.6/100. Fonte: BES dei territori, ISTAT.¦Unità di misura: Per milione di abitanti.¦Nota fonte: nan	BES dei territori — ISTAT	https://www.istat.it/statistiche-per-temi/focus/benessere-e-sostenibilita/la-misurazione-del-benessere-bes/il-bes-dei-territori/
