id	municipality_code	municipality	province	region	indicator	patterns	scope	score	validation_status	period	summary	annual	rolling12	benchmark_local	benchmark_rest	analysis	source_family	source_url
dd7d5a03950bc301		Italia		Italia	GREEN · Mobilità sostenibile · Quote di mercato delle autovetture elettriche (BEV) e ibride plug-in (PHEV)	RECORD_MAX|INVERSIONE|ANOMALIA	GREEN	99.0	SEGNALE PULSE — GREEN	2025	Italia: Quote di mercato delle autovetture elettriche (BEV) e ibride plug-in (PHEV) sale da 7,6 a 12,7 nel periodo 2025.	0.1|0.2|0.2|0.5|0.9|4.3|9.3|8.8|8.6|7.6|12.7				Pilastro GREEN: Mobilità sostenibile.¦Serie ufficiale acquisita automaticamente da ISTAT - Indicatori SDGs.¦Ultima variazione: +5.1; intensità robusta z=11.47.¦PULSE Score: 99.0/100.¦Unità di misura dichiarata: Valori percentuali.¦SDG Goal 7 · codice misura SDG-491.	ISTAT - Indicatori SDGs	https://www.istat.it/wp-content/uploads/2026/07/Misure-statistiche-2004-2026.xlsx
e783e2c851e822b8		Calabria		Calabria	GREEN · Risorse idriche e suolo · Consumo netto annuale di suolo	RECORD_MAX|INVERSIONE|ANOMALIA	GREEN	99.0	SEGNALE PULSE — GREEN	2024	Calabria: Consumo netto annuale di suolo sale da 138,49 a 230,92 nel periodo 2024.	131.62|107.66|107.69|144.81|119.15|103.57|157.59|138.49|230.92				Pilastro GREEN: Risorse idriche e suolo.¦Serie ufficiale acquisita automaticamente da ISPRA - Consumo di suolo e indicatori territoriali.¦Ultima variazione: +92.43; intensità robusta z=6.18.¦PULSE Score: 99.0/100.¦Unità di misura dichiarata: ettari.	ISPRA - Consumo di suolo e indicatori territoriali	https://www.isprambiente.gov.it/it/attivita/suolo-e-territorio/suolo/il-consumo-di-suolo/consumo_di_suolo_estratto_dati_2025_anni_2006_2024.xlsx
8f0712f4b72ae3d8		Belluno		Italia	GREEN · Tutela della biodiversità · Disponibilità di verde urbano	RECORD_MAX|INVERSIONE|ANOMALIA	GREEN	99.0	SEGNALE PULSE — GREEN	2024	Belluno: Disponibilità di verde urbano sale da 25,03 a 26,04 nel periodo 2024.	24.75478767|24.83289162|24.91912716|24.97324687|25.00635117|24.99932573|24.94151612|24.99776676|25.09646488|25.08691362|25.03363106|26.04304463				Pilastro GREEN: Tutela della biodiversità.¦Serie ufficiale acquisita automaticamente da ISTAT - Ambiente urbano.¦Ultima variazione: +1.009; intensità robusta z=14.60.¦PULSE Score: 99.0/100.¦Unità di misura dichiarata: m²/abitante.	ISTAT - Ambiente urbano	https://www.istat.it/comunicato-stampa/ambiente-urbano-anno-2024/
7ac18c2f733d3d51		Mantova		Italia	GREEN · Mobilità sostenibile · Densità di piste ciclabili	RECORD_MAX|INVERSIONE|ANOMALIA	GREEN	99.0	SEGNALE PULSE — GREEN	2024	Mantova: Densità di piste ciclabili sale da 178,7 a 183,7 nel periodo 2024.	178.5|178.5|179.8|180.5|178.7|183.7				Pilastro GREEN: Mobilità sostenibile.¦Serie ufficiale acquisita automaticamente da ISTAT - Ambiente urbano.¦Ultima variazione: +5; intensità robusta z=5.19.¦PULSE Score: 99.0/100.¦Unità di misura dichiarata: km per 100 km².	ISTAT - Ambiente urbano	https://www.istat.it/comunicato-stampa/ambiente-urbano-anno-2024/
c1cf19522531170e		Vicenza		Italia	GREEN · Mobilità sostenibile · Densità di piste ciclabili	RECORD_MAX|INVERSIONE|ANOMALIA	GREEN	99.0	SEGNALE PULSE — GREEN	2024	Vicenza: Densità di piste ciclabili sale da 83,6 a 99 nel periodo 2024.	80.5|80.5|80.7|83.9|83.6|99				Pilastro GREEN: Mobilità sostenibile.¦Serie ufficiale acquisita automaticamente da ISTAT - Ambiente urbano.¦Ultima variazione: +15.4; intensità robusta z=41.55.¦PULSE Score: 99.0/100.¦Unità di misura dichiarata: km per 100 km².	ISTAT - Ambiente urbano	https://www.istat.it/comunicato-stampa/ambiente-urbano-anno-2024/
0709903b9cc14db4		Gorizia		Italia	GREEN · Mobilità sostenibile · Densità di piste ciclabili	RECORD_MAX|INVERSIONE|ANOMALIA	GREEN	99.0	SEGNALE PULSE — GREEN	2024	Gorizia: Densità di piste ciclabili sale da 34,7 a 40 nel periodo 2024.	27.6|27.6|27.6|34.9|34.7|40				Pilastro GREEN: Mobilità sostenibile.¦Serie ufficiale acquisita automaticamente da ISTAT - Ambiente urbano.¦Ultima variazione: +5.3; intensità robusta z=35.75.¦PULSE Score: 99.0/100.¦Unità di misura dichiarata: km per 100 km².	ISTAT - Ambiente urbano	https://www.istat.it/comunicato-stampa/ambiente-urbano-anno-2024/
03db61dc4fdf33c8		Reggio di Calabria		Italia	GREEN · Mobilità sostenibile · Densità di piste ciclabili	RECORD_MAX|INVERSIONE|ANOMALIA	GREEN	99.0	SEGNALE PULSE — GREEN	2024	Reggio di Calabria: Densità di piste ciclabili sale da 4,1 a 5,7 nel periodo 2024.	3.3|4.2|4.2|4.2|4.1|5.7				Pilastro GREEN: Mobilità sostenibile.¦Serie ufficiale acquisita automaticamente da ISTAT - Ambiente urbano.¦Ultima variazione: +1.6; intensità robusta z=21.58.¦PULSE Score: 99.0/100.¦Unità di misura dichiarata: km per 100 km².	ISTAT - Ambiente urbano	https://www.istat.it/comunicato-stampa/ambiente-urbano-anno-2024/
ff5025b662dfd588		Catania		Italia	GREEN · Mobilità sostenibile · Densità di piste ciclabili	RECORD_MAX|INVERSIONE|ANOMALIA	GREEN	99.0	SEGNALE PULSE — GREEN	2024	Catania: Densità di piste ciclabili sale da 10,6 a 12,6 nel periodo 2024.	4.4|4.4|4.4|10.7|10.6|12.6				Pilastro GREEN: Mobilità sostenibile.¦Serie ufficiale acquisita automaticamente da ISTAT - Ambiente urbano.¦Ultima variazione: +2; intensità robusta z=26.98.¦PULSE Score: 99.0/100.¦Unità di misura dichiarata: km per 100 km².	ISTAT - Ambiente urbano	https://www.istat.it/comunicato-stampa/ambiente-urbano-anno-2024/
285081cd4bf61203		Verbania		Italia	GREEN · Tutela della biodiversità · Disponibilità di verde urbano	RECORD_MAX|INVERSIONE|ANOMALIA	GREEN	98.2	SEGNALE PULSE — GREEN	2024	Verbania: Disponibilità di verde urbano sale da 111,15 a 113,71 nel periodo 2024.	107.8825016|107.9734457|108.2201224|108.3784856|108.778608|109.356265|109.8983548|110.7629923|111.5722789|111.4586027|111.1467213|113.710489				Pilastro GREEN: Tutela della biodiversità.¦Serie ufficiale acquisita automaticamente da ISTAT - Ambiente urbano.¦Ultima variazione: +2.564; intensità robusta z=7.11.¦PULSE Score: 98.2/100.¦Unità di misura dichiarata: m²/abitante.	ISTAT - Ambiente urbano	https://www.istat.it/comunicato-stampa/ambiente-urbano-anno-2024/
a02447ff5f89966c		Lecco		Italia	GREEN · Mobilità sostenibile · Densità di piste ciclabili	RECORD_MAX|INVERSIONE|ANOMALIA	GREEN	98.0	SEGNALE PULSE — GREEN	2024	Lecco: Densità di piste ciclabili sale da 13,3 a 35,3 nel periodo 2024.	24.4|26.6|22.2|17.7|13.3|35.3				Pilastro GREEN: Mobilità sostenibile.¦Serie ufficiale acquisita automaticamente da ISTAT - Ambiente urbano.¦Ultima variazione: +22; intensità robusta z=296.78.¦PULSE Score: 98.0/100.¦Unità di misura dichiarata: km per 100 km².	ISTAT - Ambiente urbano	https://www.istat.it/comunicato-stampa/ambiente-urbano-anno-2024/
ba7ba9f748dcfa52		Italia		Italia	GREEN · Mobilità sostenibile · Prime iscrizioni di autovetture elettriche	RECORD_MAX|ACCELERAZIONE|ANOMALIA	GREEN	97.0	SEGNALE PULSE — GREEN	2025	Italia: Prime iscrizioni di autovetture elettriche sale da 66.607 a 94.862 nel periodo 2025.	1105|1468|1376|1898|4943|10616|31144|69213|48989|65811|66607|94862				Pilastro GREEN: Mobilità sostenibile.¦Serie ufficiale acquisita automaticamente da ACI - Open data mobilità e parco veicoli.¦Ultima variazione: +2.826e+04; intensità robusta z=6.61.¦PULSE Score: 97.0/100.¦Unità di misura dichiarata: veicoli.	ACI - Open data mobilità e parco veicoli	https://aci.gov.it//app/uploads/2026/05/Annuario-statistico-2026-OD.zip
27335372fb8765b2		Italia		Italia	GREEN · Mobilità sostenibile · Quota di prime iscrizioni elettriche sul totale	RECORD_MAX|ACCELERAZIONE|ANOMALIA	GREEN	97.0	SEGNALE PULSE — GREEN	2025	Italia: Quota di prime iscrizioni elettriche sul totale sale da 4,18 a 6,12 nel periodo 2025.	0.08026632439|0.09208039597|0.07439414189|0.09516613209|0.2541231389|0.5445348013|2.160699605|4.553678576|3.665990676|4.160834253|4.183593995|6.118317221				Pilastro GREEN: Mobilità sostenibile.¦Serie ufficiale acquisita automaticamente da ACI - Open data mobilità e parco veicoli.¦Ultima variazione: +1.935; intensità robusta z=8.47.¦PULSE Score: 97.0/100.¦Unità di misura dichiarata: %.	ACI - Open data mobilità e parco veicoli	https://aci.gov.it//app/uploads/2026/05/Annuario-statistico-2026-OD.zip
34efd5bc9cacd30e		Italia		Italia	GREEN · Mobilità sostenibile · Quota di prime iscrizioni ibride ed elettriche sul totale	RECORD_MAX|ACCELERAZIONE|ANOMALIA	GREEN	97.0	SEGNALE PULSE — GREEN	2025	Italia: Quota di prime iscrizioni ibride ed elettriche sul totale sale da 47,36 a 56,5 nel periodo 2025.	0.08026632439|1.728075551|2.134506339|3.177034577|3.868090401|5.322448109|16.62699418|36.41719125|42.55674207|44.62678244|47.35908548|56.49520561				Pilastro GREEN: Mobilità sostenibile.¦Serie ufficiale acquisita automaticamente da ACI - Open data mobilità e parco veicoli.¦Ultima variazione: +9.136; intensità robusta z=6.04.¦PULSE Score: 97.0/100.¦Unità di misura dichiarata: %.	ACI - Open data mobilità e parco veicoli	https://aci.gov.it//app/uploads/2026/05/Annuario-statistico-2026-OD.zip
bfd14cc5f1892f77		Novara		Italia	GREEN · Tutela della biodiversità · Disponibilità di verde urbano	RECORD_MAX|ACCELERAZIONE|ANOMALIA	GREEN	97.0	SEGNALE PULSE — GREEN	2024	Novara: Disponibilità di verde urbano sale da 16,18 a 16,93 nel periodo 2024.	13.79665866|13.81530379|13.8430613|13.8579199|13.87247471|13.90151933|14.56003679|14.80981159|16.1238752|16.15784292|16.1799651|16.92558385				Pilastro GREEN: Tutela della biodiversità.¦Serie ufficiale acquisita automaticamente da ISTAT - Ambiente urbano.¦Ultima variazione: +0.7456; intensità robusta z=43.17.¦PULSE Score: 97.0/100.¦Unità di misura dichiarata: m²/abitante.	ISTAT - Ambiente urbano	https://www.istat.it/comunicato-stampa/ambiente-urbano-anno-2024/
6b3c8d3b17c7640e		Verona		Italia	GREEN · Tutela della biodiversità · Disponibilità di verde urbano	RECORD_MAX|ACCELERAZIONE|ANOMALIA	GREEN	97.0	SEGNALE PULSE — GREEN	2024	Verona: Disponibilità di verde urbano sale da 27,94 a 28,46 nel periodo 2024.	26.9385824|26.91795742|26.92072298|26.93367131|26.93717159|26.89116607|26.82664859|26.95315189|27.50389871|27.64251983|27.94274338|28.46303913				Pilastro GREEN: Tutela della biodiversità.¦Serie ufficiale acquisita automaticamente da ISTAT - Ambiente urbano.¦Ultima variazione: +0.5203; intensità robusta z=5.53.¦PULSE Score: 97.0/100.¦Unità di misura dichiarata: m²/abitante.	ISTAT - Ambiente urbano	https://www.istat.it/comunicato-stampa/ambiente-urbano-anno-2024/
4ce3d8ff40e1c2cf		Viterbo		Italia	GREEN · Tutela della biodiversità · Disponibilità di verde urbano	RECORD_MAX|ANOMALIA	GREEN	97.0	SEGNALE PULSE — GREEN	2024	Viterbo: Disponibilità di verde urbano sale da 12,44 a 12,83 nel periodo 2024.	12.33133029|12.26021699|12.21878401|12.18591321|12.11508157|12.07937879|12.08890338|12.07718294|12.07535367|12.06941238|12.4388287|12.83132576				Pilastro GREEN: Tutela della biodiversità.¦Serie ufficiale acquisita automaticamente da ISTAT - Ambiente urbano.¦Ultima variazione: +0.3925; intensità robusta z=13.37.¦PULSE Score: 97.0/100.¦Unità di misura dichiarata: m²/abitante.	ISTAT - Ambiente urbano	https://www.istat.it/comunicato-stampa/ambiente-urbano-anno-2024/
9ec6acb60154ba26		Benevento		Italia	GREEN · Tutela della biodiversità · Disponibilità di verde urbano	RECORD_MAX|ANOMALIA	GREEN	97.0	SEGNALE PULSE — GREEN	2024	Benevento: Disponibilità di verde urbano sale da 23,9 a 25,65 nel periodo 2024.	21.05389586|21.16908636|21.32903559|21.44834411|21.52452049|21.66528586|21.84366646|22.16476459|22.44023563|22.67087557|23.90308229|25.64713672				Pilastro GREEN: Tutela della biodiversità.¦Serie ufficiale acquisita automaticamente da ISTAT - Ambiente urbano.¦Ultima variazione: +1.744; intensità robusta z=20.38.¦PULSE Score: 97.0/100.¦Unità di misura dichiarata: m²/abitante.	ISTAT - Ambiente urbano	https://www.istat.it/comunicato-stampa/ambiente-urbano-anno-2024/
859b39a052de487e		Catania		Italia	GREEN · Tutela della biodiversità · Disponibilità di verde urbano	RECORD_MAX|ACCELERAZIONE|ANOMALIA	GREEN	97.0	SEGNALE PULSE — GREEN	2024	Catania: Disponibilità di verde urbano sale da 24,41 a 26,91 nel periodo 2024.	24.44070863|24.33583717|24.38841422|24.40119696|24.45857762|24.4873487|24.55793932|24.45075441|24.25407841|24.27934837|24.41111947|26.90655803				Pilastro GREEN: Tutela della biodiversità.¦Serie ufficiale acquisita automaticamente da ISTAT - Ambiente urbano.¦Ultima variazione: +2.495; intensità robusta z=45.53.¦PULSE Score: 97.0/100.¦Unità di misura dichiarata: m²/abitante.	ISTAT - Ambiente urbano	https://www.istat.it/comunicato-stampa/ambiente-urbano-anno-2024/
9b12cdf5f10585cd		Modena		Italia	GREEN · Economia circolare · Raccolta differenziata dei rifiuti urbani	RECORD_MAX|RALLENTAMENTO|ANOMALIA	GREEN	97.0	SEGNALE PULSE — GREEN	2024	Modena: Raccolta differenziata dei rifiuti urbani sale da 73,38 a 78,91 nel periodo 2024.	57.56649046|58.10868885|60.0107898|60.13322077|61.42209447|62.04210439|62.87268578|61.78368177|60.99280755|61.0425124|73.37806725|78.91055895				Pilastro GREEN: Economia circolare.¦Serie ufficiale acquisita automaticamente da ISTAT - Ambiente urbano.¦Ultima variazione: +5.532; intensità robusta z=6.02.¦PULSE Score: 97.0/100.¦Unità di misura dichiarata: %.	ISTAT - Ambiente urbano	https://www.istat.it/comunicato-stampa/ambiente-urbano-anno-2024/
b8d722cc61c458f7		Lodi		Italia	GREEN · Mobilità sostenibile · Densità di piste ciclabili	RECORD_MAX|ACCELERAZIONE|ANOMALIA	GREEN	97.0	SEGNALE PULSE — GREEN	2024	Lodi: Densità di piste ciclabili sale da 118,7 a 151,6 nel periodo 2024.	96.4|96.7|116|118.4|118.7|151.6				Pilastro GREEN: Mobilità sostenibile.¦Serie ufficiale acquisita automaticamente da ISTAT - Ambiente urbano.¦Ultima variazione: +32.9; intensità robusta z=21.13.¦PULSE Score: 97.0/100.¦Unità di misura dichiarata: km per 100 km².	ISTAT - Ambiente urbano	https://www.istat.it/comunicato-stampa/ambiente-urbano-anno-2024/
6fff450e1f027d48		Rimini		Italia	GREEN · Mobilità sostenibile · Densità di piste ciclabili	RECORD_MAX|ACCELERAZIONE|ANOMALIA	GREEN	97.0	SEGNALE PULSE — GREEN	2024	Rimini: Densità di piste ciclabili sale da 98,9 a 143 nel periodo 2024.	86.2|90.6|96.8|96.8|98.9|143				Pilastro GREEN: Mobilità sostenibile.¦Serie ufficiale acquisita automaticamente da ISTAT - Ambiente urbano.¦Ultima variazione: +44.1; intensità robusta z=14.51.¦PULSE Score: 97.0/100.¦Unità di misura dichiarata: km per 100 km².	ISTAT - Ambiente urbano	https://www.istat.it/comunicato-stampa/ambiente-urbano-anno-2024/
025e7caf3ce1e76f		Perugia		Italia	GREEN · Mobilità sostenibile · Densità di piste ciclabili	RECORD_MAX|ANOMALIA	GREEN	97.0	SEGNALE PULSE — GREEN	2024	Perugia: Densità di piste ciclabili sale da 3,8 a 5,6 nel periodo 2024.	3.5|3.5|3.8|3.8|3.8|5.6				Pilastro GREEN: Mobilità sostenibile.¦Serie ufficiale acquisita automaticamente da ISTAT - Ambiente urbano.¦Ultima variazione: +1.8; intensità robusta z=13.86.¦PULSE Score: 97.0/100.¦Unità di misura dichiarata: km per 100 km².	ISTAT - Ambiente urbano	https://www.istat.it/comunicato-stampa/ambiente-urbano-anno-2024/
51d607b83c43acc0		L'Aquila		Italia	GREEN · Mobilità sostenibile · Densità di piste ciclabili	RECORD_MAX|ANOMALIA	GREEN	97.0	SEGNALE PULSE — GREEN	2024	L'Aquila: Densità di piste ciclabili sale da 1,8 a 5,5 nel periodo 2024.	1.4|1.8|1.8|1.8|1.8|5.5				Pilastro GREEN: Mobilità sostenibile.¦Serie ufficiale acquisita automaticamente da ISTAT - Ambiente urbano.¦Ultima variazione: +3.7; intensità robusta z=21.36.¦PULSE Score: 97.0/100.¦Unità di misura dichiarata: km per 100 km².	ISTAT - Ambiente urbano	https://www.istat.it/comunicato-stampa/ambiente-urbano-anno-2024/
b9f01bc2f5b01899		Palermo		Italia	GREEN · Mobilità sostenibile · Densità di piste ciclabili	RECORD_MAX|ACCELERAZIONE|ANOMALIA	GREEN	97.0	SEGNALE PULSE — GREEN	2024	Palermo: Densità di piste ciclabili sale da 32,1 a 40,3 nel periodo 2024.	29.4|32|32|32|32.1|40.3				Pilastro GREEN: Mobilità sostenibile.¦Serie ufficiale acquisita automaticamente da ISTAT - Ambiente urbano.¦Ultima variazione: +8.2; intensità robusta z=110.62.¦PULSE Score: 97.0/100.¦Unità di misura dichiarata: km per 100 km².	ISTAT - Ambiente urbano	https://www.istat.it/comunicato-stampa/ambiente-urbano-anno-2024/
f7ce792802d28e05		Messina		Italia	GREEN · Mobilità sostenibile · Densità di piste ciclabili	RECORD_MAX|ACCELERAZIONE|ANOMALIA	GREEN	97.0	SEGNALE PULSE — GREEN	2024	Messina: Densità di piste ciclabili sale da 3,6 a 5,3 nel periodo 2024.	3.4|3.4|3.4|3.4|3.6|5.3				Pilastro GREEN: Mobilità sostenibile.¦Serie ufficiale acquisita automaticamente da ISTAT - Ambiente urbano.¦Ultima variazione: +1.7; intensità robusta z=19.63.¦PULSE Score: 97.0/100.¦Unità di misura dichiarata: km per 100 km².	ISTAT - Ambiente urbano	https://www.istat.it/comunicato-stampa/ambiente-urbano-anno-2024/
a975e7b58e74e56a		Cagliari		Italia	GREEN · Mobilità sostenibile · Densità di piste ciclabili	RECORD_MAX|ACCELERAZIONE|ANOMALIA	GREEN	97.0	SEGNALE PULSE — GREEN	2024	Cagliari: Densità di piste ciclabili sale da 44,3 a 51,9 nel periodo 2024.	30.6|42.3|43.5|43.5|44.3|51.9				Pilastro GREEN: Mobilità sostenibile.¦Serie ufficiale acquisita automaticamente da ISTAT - Ambiente urbano.¦Ultima variazione: +7.6; intensità robusta z=8.54.¦PULSE Score: 97.0/100.¦Unità di misura dichiarata: km per 100 km².	ISTAT - Ambiente urbano	https://www.istat.it/comunicato-stampa/ambiente-urbano-anno-2024/
e9e7559f1fe90079		Italia		Italia	GREEN · Risorse idriche e suolo · Numero di feriti per alluvioni/allagamenti	RECORD_MAX|ANOMALIA	GREEN	97.0	SEGNALE PULSE — GREEN	2022	Italia: Numero di feriti per alluvioni/allagamenti sale da 0 a 56 nel periodo 2022.	22|6|5|6|10|21|12|3|0|0|56				Pilastro GREEN: Risorse idriche e suolo.¦Serie ufficiale acquisita automaticamente da ISTAT - Indicatori SDGs.¦Ultima variazione: +56; intensità robusta z=7.55.¦PULSE Score: 97.0/100.¦Unità di misura dichiarata: N..¦SDG Goal 13 · codice misura SDG-349.	ISTAT - Indicatori SDGs	https://www.istat.it/wp-content/uploads/2026/07/Misure-statistiche-2004-2026.xlsx
02cd60c4483f8c7b		Alessandria		Italia	GREEN · Tutela della biodiversità · Disponibilità di verde urbano	RECORD_MAX|INVERSIONE|ANOMALIA	GREEN	96.9	SEGNALE PULSE — GREEN	2024	Alessandria: Disponibilità di verde urbano sale da 26,99 a 27,8 nel periodo 2024.	25.13386073|25.07737225|25.16030051|25.15914081|25.12959547|25.97756326|26.0476495|26.66822493|27.12832437|27.1117992|26.98645572|27.80470343				Pilastro GREEN: Tutela della biodiversità.¦Serie ufficiale acquisita automaticamente da ISTAT - Ambiente urbano.¦Ultima variazione: +0.8182; intensità robusta z=7.12.¦PULSE Score: 96.9/100.¦Unità di misura dichiarata: m²/abitante.	ISTAT - Ambiente urbano	https://www.istat.it/comunicato-stampa/ambiente-urbano-anno-2024/
809a4fc7972ba7d9		Italia		Italia	GREEN · Transizione energetica · Capacità netta di generazione di energia rinnovabile installata	RECORD_MAX|ANOMALIA	GREEN	96.7	SEGNALE PULSE — GREEN	2025	Italia: Capacità netta di generazione di energia rinnovabile installata sale da 1.218 a 1.328 nel periodo 2025.	820.7|836.2|850.9|867.8|886.9|909|930.4|959.8|1007.6|1098|1218.2|1328				Pilastro GREEN: Transizione energetica.¦Serie ufficiale acquisita automaticamente da ISTAT - Indicatori SDGs.¦Ultima variazione: +109.8; intensità robusta z=11.14.¦PULSE Score: 96.7/100.¦Unità di misura dichiarata: Watt pro capite.¦SDG Goal 7 · codice misura SDG-401.	ISTAT - Indicatori SDGs	https://www.istat.it/wp-content/uploads/2026/07/Misure-statistiche-2004-2026.xlsx
46e99a39a6862c18		Ravenna		Italia	GREEN · Mobilità sostenibile · Densità di piste ciclabili	RECORD_MAX|ACCELERAZIONE|ANOMALIA	GREEN	96.7	SEGNALE PULSE — GREEN	2024	Ravenna: Densità di piste ciclabili sale da 24,4 a 26,4 nel periodo 2024.	22.3|22.4|22.8|23.3|24.4|26.4				Pilastro GREEN: Mobilità sostenibile.¦Serie ufficiale acquisita automaticamente da ISTAT - Ambiente urbano.¦Ultima variazione: +2; intensità robusta z=6.74.¦PULSE Score: 96.7/100.¦Unità di misura dichiarata: km per 100 km².	ISTAT - Ambiente urbano	https://www.istat.it/comunicato-stampa/ambiente-urbano-anno-2024/
7673a6ac8c07d35b		Lazio		Lazio	GREEN · Risorse idriche e suolo · Consumo netto annuale di suolo	RECORD_MAX|INVERSIONE|ANOMALIA	GREEN	95.9	SEGNALE PULSE — GREEN	2024	Lazio: Consumo netto annuale di suolo sale da 427,38 a 759,69 nel periodo 2024.	410.93|336.63|425.48|341.32|430.55|421.51|500.22|427.38|759.69				Pilastro GREEN: Risorse idriche e suolo.¦Serie ufficiale acquisita automaticamente da ISPRA - Consumo di suolo e indicatori territoriali.¦Ultima variazione: +332.3; intensità robusta z=2.98.¦PULSE Score: 95.9/100.¦Unità di misura dichiarata: ettari.	ISPRA - Consumo di suolo e indicatori territoriali	https://www.isprambiente.gov.it/it/attivita/suolo-e-territorio/suolo/il-consumo-di-suolo/consumo_di_suolo_estratto_dati_2025_anni_2006_2024.xlsx
6b3c8dca0b4fef79		Bologna		Italia	GREEN · Mobilità sostenibile · Densità di piste ciclabili	RECORD_MAX|ACCELERAZIONE|ANOMALIA	GREEN	95.9	SEGNALE PULSE — GREEN	2024	Bologna: Densità di piste ciclabili sale da 138,4 a 173,7 nel periodo 2024.	96.9|110|118.4|121.4|138.4|173.7				Pilastro GREEN: Mobilità sostenibile.¦Serie ufficiale acquisita automaticamente da ISTAT - Ambiente urbano.¦Ultima variazione: +35.3; intensità robusta z=5.54.¦PULSE Score: 95.9/100.¦Unità di misura dichiarata: km per 100 km².	ISTAT - Ambiente urbano	https://www.istat.it/comunicato-stampa/ambiente-urbano-anno-2024/
8a78a3a0489b8189		Monza		Italia	GREEN · Mobilità sostenibile · Densità di piste ciclabili	RECORD_MAX|ACCELERAZIONE|ANOMALIA	GREEN	95.4	SEGNALE PULSE — GREEN	2024	Monza: Densità di piste ciclabili sale da 96,6 a 105,8 nel periodo 2024.	88.5|91.2|95.5|95.5|96.6|105.8				Pilastro GREEN: Mobilità sostenibile.¦Serie ufficiale acquisita automaticamente da ISTAT - Ambiente urbano.¦Ultima variazione: +9.2; intensità robusta z=4.60.¦PULSE Score: 95.4/100.¦Unità di misura dichiarata: km per 100 km².	ISTAT - Ambiente urbano	https://www.istat.it/comunicato-stampa/ambiente-urbano-anno-2024/
0a9c3395e6e5345a		Livorno		Italia	GREEN · Mobilità sostenibile · Densità di piste ciclabili	RECORD_MAX|ACCELERAZIONE|ANOMALIA	GREEN	94.2	SEGNALE PULSE — GREEN	2024	Livorno: Densità di piste ciclabili sale da 28,6 a 32,5 nel periodo 2024.	19.8|20.2|27.7|28.4|28.6|32.5				Pilastro GREEN: Mobilità sostenibile.¦Serie ufficiale acquisita automaticamente da ISTAT - Ambiente urbano.¦Ultima variazione: +3.9; intensità robusta z=10.52.¦PULSE Score: 94.2/100.¦Unità di misura dichiarata: km per 100 km².	ISTAT - Ambiente urbano	https://www.istat.it/comunicato-stampa/ambiente-urbano-anno-2024/
337af92ac7635eef		Siracusa		Italia	GREEN · Mobilità sostenibile · Densità di piste ciclabili	INVERSIONE|ANOMALIA	GREEN	94.0	SEGNALE PULSE — GREEN	2024	Siracusa: Densità di piste ciclabili scende da 13,7 a 8,2 nel periodo 2024.	1.9|1.9|13.2|13.2|13.7|8.2				Pilastro GREEN: Mobilità sostenibile.¦Serie ufficiale acquisita automaticamente da ISTAT - Ambiente urbano.¦Ultima variazione: -5.5; intensità robusta z=14.84.¦PULSE Score: 94.0/100.¦Unità di misura dichiarata: km per 100 km².	ISTAT - Ambiente urbano	https://www.istat.it/comunicato-stampa/ambiente-urbano-anno-2024/
08835318fd7e777e		Avellino		Italia	GREEN · Mobilità sostenibile · Densità di piste ciclabili	RECORD_MAX|RALLENTAMENTO|ANOMALIA	GREEN	93.9	SEGNALE PULSE — GREEN	2024	Avellino: Densità di piste ciclabili sale da 22,2 a 29,4 nel periodo 2024.	2.6|2.6|3.3|2.6|22.2|29.4				Pilastro GREEN: Mobilità sostenibile.¦Serie ufficiale acquisita automaticamente da ISTAT - Ambiente urbano.¦Ultima variazione: +7.2; intensità robusta z=6.94.¦PULSE Score: 93.9/100.¦Unità di misura dichiarata: km per 100 km².	ISTAT - Ambiente urbano	https://www.istat.it/comunicato-stampa/ambiente-urbano-anno-2024/
8a9715f3232bcabc		Piacenza		Italia	GREEN · Mobilità sostenibile · Densità di piste ciclabili	RECORD_MAX|INVERSIONE|ANOMALIA	GREEN	93.5	SEGNALE PULSE — GREEN	2024	Piacenza: Densità di piste ciclabili sale da 65,9 a 67,7 nel periodo 2024.	65.5|65.5|65.5|66.8|65.9|67.7				Pilastro GREEN: Mobilità sostenibile.¦Serie ufficiale acquisita automaticamente da ISTAT - Ambiente urbano.¦Ultima variazione: +1.8; intensità robusta z=2.70.¦PULSE Score: 93.5/100.¦Unità di misura dichiarata: km per 100 km².	ISTAT - Ambiente urbano	https://www.istat.it/comunicato-stampa/ambiente-urbano-anno-2024/
e4e623a039a240af		La Spezia		Italia	GREEN · Tutela della biodiversità · Disponibilità di verde urbano	RECORD_MAX|ACCELERAZIONE|ANOMALIA	GREEN	93.4	SEGNALE PULSE — GREEN	2024	La Spezia: Disponibilità di verde urbano sale da 13,33 a 13,48 nel periodo 2024.	12.22717247|12.27122279|12.72778395|12.74809128|12.80079568|12.87474536|12.89357591|12.91420664|12.94085911|13.3122959|13.32714843|13.47931522				Pilastro GREEN: Tutela della biodiversità.¦Serie ufficiale acquisita automaticamente da ISTAT - Ambiente urbano.¦Ultima variazione: +0.1522; intensità robusta z=6.06.¦PULSE Score: 93.4/100.¦Unità di misura dichiarata: m²/abitante.	ISTAT - Ambiente urbano	https://www.istat.it/comunicato-stampa/ambiente-urbano-anno-2024/
7ea839a7f7b9a5c4		Italia		Italia	GREEN · Tutela della biodiversità · Stock ittici entro livelli biologicamente sostenibili	RECORD_MAX|INVERSIONE|ANOMALIA	GREEN	93.2	SEGNALE PULSE — GREEN	2023	Italia: Stock ittici entro livelli biologicamente sostenibili sale da 37,9 a 55,6 nel periodo 2023.	5.9|8.7|3.6|23.8|18.2|5.6|10|5.6|33.3|41.9|37.9|55.6				Pilastro GREEN: Tutela della biodiversità.¦Serie ufficiale acquisita automaticamente da ISTAT - Indicatori SDGs.¦Ultima variazione: +17.7; intensità robusta z=2.39.¦PULSE Score: 93.2/100.¦Unità di misura dichiarata: Valori percentuali.¦SDG Goal 14 · codice misura SDG-118.	ISTAT - Indicatori SDGs	https://www.istat.it/wp-content/uploads/2026/07/Misure-statistiche-2004-2026.xlsx
b4e1a248a3f25020		Sardegna		Sardegna	GREEN · Risorse idriche e suolo · Consumo netto annuale di suolo	RECORD_MAX|INVERSIONE|ANOMALIA	GREEN	93.1	SEGNALE PULSE — GREEN	2024	Sardegna: Consumo netto annuale di suolo sale da 460,13 a 666,52 nel periodo 2024.	267.11|163|238.12|311.78|241.26|195.83|537.28|460.13|666.52				Pilastro GREEN: Risorse idriche e suolo.¦Serie ufficiale acquisita automaticamente da ISPRA - Consumo di suolo e indicatori territoriali.¦Ultima variazione: +206.4; intensità robusta z=2.37.¦PULSE Score: 93.1/100.¦Unità di misura dichiarata: ettari.	ISPRA - Consumo di suolo e indicatori territoriali	https://www.isprambiente.gov.it/it/attivita/suolo-e-territorio/suolo/il-consumo-di-suolo/consumo_di_suolo_estratto_dati_2025_anni_2006_2024.xlsx
4d51c452c29bd1fa		Verona		Italia	GREEN · Economia circolare · Raccolta differenziata dei rifiuti urbani	RECORD_MAX|INVERSIONE|ANOMALIA	GREEN	93.1	SEGNALE PULSE — GREEN	2024	Verona: Raccolta differenziata dei rifiuti urbani sale da 53,45 a 57,4 nel periodo 2024.	46.18730504|50.63217707|50.81089829|55.25678966|52.50957629|52.69278075|52.93007619|54.53191041|54.48647498|53.67612812|53.44652593|57.40271041				Pilastro GREEN: Economia circolare.¦Serie ufficiale acquisita automaticamente da ISTAT - Ambiente urbano.¦Ultima variazione: +3.956; intensità robusta z=3.81.¦PULSE Score: 93.1/100.¦Unità di misura dichiarata: %.	ISTAT - Ambiente urbano	https://www.istat.it/comunicato-stampa/ambiente-urbano-anno-2024/
bc95b53ba9a40d24		Isole (*)		Italia	GREEN · Tutela della biodiversità · Disponibilità di verde urbano	RECORD_MAX|ACCELERAZIONE|ANOMALIA	GREEN	92.9	SEGNALE PULSE — GREEN	2024	Isole (*): Disponibilità di verde urbano sale da 22,05 a 22,53 nel periodo 2024.	20.54062668|20.61928603|20.68993863|20.75659015|20.85021226|20.97691501|21.12953641|21.38345699|21.64499683|21.7661297|22.04577663|22.53170512				Pilastro GREEN: Tutela della biodiversità.¦Serie ufficiale acquisita automaticamente da ISTAT - Ambiente urbano.¦Ultima variazione: +0.4859; intensità robusta z=6.65.¦PULSE Score: 92.9/100.¦Unità di misura dichiarata: m²/abitante.	ISTAT - Ambiente urbano	https://www.istat.it/comunicato-stampa/ambiente-urbano-anno-2024/
fa9c62553c673b57		Sassari		Italia	GREEN · Economia circolare · Produzione di rifiuti urbani	RECORD_MAX|INVERSIONE|ANOMALIA	GREEN	92.9	SEGNALE PULSE — GREEN	2024	Sassari: Produzione di rifiuti urbani sale da 481,85 a 514,16 nel periodo 2024.	477.7331802|483.7580584|491.2626145|508.3478615|479.6579547|485.2416674|481.5993728|473.3095783|492.2278054|489.3746305|481.8536541|514.1576605				Pilastro GREEN: Economia circolare.¦Serie ufficiale acquisita automaticamente da ISTAT - Ambiente urbano.¦Ultima variazione: +32.3; intensità robusta z=2.90.¦PULSE Score: 92.9/100.¦Unità di misura dichiarata: kg/abitante.	ISTAT - Ambiente urbano	https://www.istat.it/comunicato-stampa/ambiente-urbano-anno-2024/
f3df4ffb5faf60c8		Verona		Italia	GREEN · Economia circolare · Produzione di rifiuti urbani	RECORD_MAX|ACCELERAZIONE|ANOMALIA	GREEN	92.8	SEGNALE PULSE — GREEN	2024	Verona: Produzione di rifiuti urbani sale da 500,62 a 567,47 nel periodo 2024.	506.9851451|521.8662958|518.3999015|538.3359567|521.3863334|526.9388435|527.2184496|504.4296273|502.7971386|493.8669307|500.6182886|567.4718862				Pilastro GREEN: Economia circolare.¦Serie ufficiale acquisita automaticamente da ISTAT - Ambiente urbano.¦Ultima variazione: +66.85; intensità robusta z=5.75.¦PULSE Score: 92.8/100.¦Unità di misura dichiarata: kg/abitante.	ISTAT - Ambiente urbano	https://www.istat.it/comunicato-stampa/ambiente-urbano-anno-2024/
33be2d7bcbe692cf		Messina		Italia	GREEN · Tutela della biodiversità · Disponibilità di verde urbano	RECORD_MAX|RALLENTAMENTO|ANOMALIA	GREEN	92.6	SEGNALE PULSE — GREEN	2024	Messina: Disponibilità di verde urbano sale da 6,34 a 6,49 nel periodo 2024.	5.363212541|5.401298172|5.449416946|5.496424059|5.551241395|5.652781457|5.700830297|5.788981952|5.869609423|5.908799386|6.337343888|6.491825137				Pilastro GREEN: Tutela della biodiversità.¦Serie ufficiale acquisita automaticamente da ISTAT - Ambiente urbano.¦Ultima variazione: +0.1545; intensità robusta z=8.12.¦PULSE Score: 92.6/100.¦Unità di misura dichiarata: m²/abitante.	ISTAT - Ambiente urbano	https://www.istat.it/comunicato-stampa/ambiente-urbano-anno-2024/
18e48ffa76fd6cd9		Italia		Italia	GREEN · Risorse idriche e suolo · Consumo netto annuale di suolo	RECORD_MAX|INVERSIONE|ANOMALIA	GREEN	92.2	SEGNALE PULSE — GREEN	2024	Italia: Consumo netto annuale di suolo sale da 6.423 a 7.850 nel periodo 2024.	4652.94|5605.5|6230.52|6218.8|5766.05|6448.69|7168.44|6423.31|7850.37				Pilastro GREEN: Risorse idriche e suolo.¦Serie ufficiale acquisita automaticamente da ISPRA - Consumo di suolo e indicatori territoriali.¦Ultima variazione: +1427; intensità robusta z=2.94.¦PULSE Score: 92.2/100.¦Unità di misura dichiarata: ettari.	ISPRA - Consumo di suolo e indicatori territoriali	https://www.isprambiente.gov.it/it/attivita/suolo-e-territorio/suolo/il-consumo-di-suolo/consumo_di_suolo_estratto_dati_2025_anni_2006_2024.xlsx
85cfbaecf2bfd71d		Enna		Italia	GREEN · Tutela della biodiversità · Disponibilità di verde urbano	RECORD_MAX|ANOMALIA	GREEN	92.2	SEGNALE PULSE — GREEN	2024	Enna: Disponibilità di verde urbano sale da 18,22 a 18,38 nel periodo 2024.	11.58656165|11.6220574|11.67518537|11.79555248|11.953125|12.08292201|12.21832975|12.61757466|17.87761321|18.05308873|18.22451588|18.38025935				Pilastro GREEN: Tutela della biodiversità.¦Serie ufficiale acquisita automaticamente da ISTAT - Ambiente urbano.¦Ultima variazione: +0.1557; intensità robusta z=3.81.¦PULSE Score: 92.2/100.¦Unità di misura dichiarata: m²/abitante.	ISTAT - Ambiente urbano	https://www.istat.it/comunicato-stampa/ambiente-urbano-anno-2024/
7d3fcf3e36ee2487		Trapani		Italia	GREEN · Tutela della biodiversità · Disponibilità di verde urbano	RECORD_MAX|ANOMALIA	GREEN	91.9	SEGNALE PULSE — GREEN	2024	Trapani: Disponibilità di verde urbano sale da 7,2 a 7,26 nel periodo 2024.	5.768485915|5.807047723|5.847580763|5.894193225|5.946456576|6.007538839|6.055142663|6.097181048|6.57565073|7.136501084|7.204880904|7.261576721				Pilastro GREEN: Tutela della biodiversità.¦Serie ufficiale acquisita automaticamente da ISTAT - Ambiente urbano.¦Ultima variazione: +0.0567; intensità robusta z=3.72.¦PULSE Score: 91.9/100.¦Unità di misura dichiarata: m²/abitante.	ISTAT - Ambiente urbano	https://www.istat.it/comunicato-stampa/ambiente-urbano-anno-2024/
4544f783d445c961		Italia		Italia	GREEN · Risorse idriche e suolo · APS bilaterale nei settori dell'acqua e sanitizzazione	RECORD_MAX|ANOMALIA	GREEN	91.6	SEGNALE PULSE — GREEN	2025	Italia: APS bilaterale nei settori dell'acqua e sanitizzazione sale da 108,29 a 158,81 nel periodo 2025.	24.72|18.1|16.03|119.33|22.22|26.9|30.6|40.36|25.68|37.77|108.29|158.81				Pilastro GREEN: Risorse idriche e suolo.¦Serie ufficiale acquisita automaticamente da ISTAT - Indicatori SDGs.¦Ultima variazione: +50.52; intensità robusta z=3.64.¦PULSE Score: 91.6/100.¦Unità di misura dichiarata: Milioni di euro (prezzi correnti).¦SDG Goal 6 · codice misura SDG-197.	ISTAT - Indicatori SDGs	https://www.istat.it/wp-content/uploads/2026/07/Misure-statistiche-2004-2026.xlsx
2f132d03b8c6cc18		Puglia		Puglia	GREEN · Risorse idriche e suolo · Prelievi di acque minerali naturali per produzione	RECORD_MAX|ACCELERAZIONE|ANOMALIA	GREEN	91.4	SEGNALE PULSE — GREEN	2023	Puglia: Prelievi di acque minerali naturali per produzione sale da 113 a 204 nel periodo 2023.	62|62|84|101|147|150|106|113|204				Pilastro GREEN: Risorse idriche e suolo.¦Serie ufficiale acquisita automaticamente da ISTAT - Statistiche sull'acqua.¦Ultima variazione: +91; intensità robusta z=6.14.¦PULSE Score: 91.4/100.¦Unità di misura dichiarata: migliaia m³.	ISTAT - Statistiche sull'acqua	https://www.istat.it/wp-content/uploads/2026/03/Istat-GMA2026-Tavole-1.xlsx
951fdcb6007d19ff		Sicilia		Sicilia	GREEN · Risorse idriche e suolo · Consumo netto annuale di suolo	RECORD_MAX|INVERSIONE|ANOMALIA	GREEN	91.1	SEGNALE PULSE — GREEN	2024	Sicilia: Consumo netto annuale di suolo sale da 481,89 a 772,97 nel periodo 2024.	412.94|386.31|495.92|524.92|420.05|504.91|636.42|481.89|772.97				Pilastro GREEN: Risorse idriche e suolo.¦Serie ufficiale acquisita automaticamente da ISPRA - Consumo di suolo e indicatori territoriali.¦Ultima variazione: +291.1; intensità robusta z=2.44.¦PULSE Score: 91.1/100.¦Unità di misura dichiarata: ettari.	ISPRA - Consumo di suolo e indicatori territoriali	https://www.isprambiente.gov.it/it/attivita/suolo-e-territorio/suolo/il-consumo-di-suolo/consumo_di_suolo_estratto_dati_2025_anni_2006_2024.xlsx
405f8aeae81271c0		La Spezia		Italia	GREEN · Mobilità sostenibile · Densità di piste ciclabili	RECORD_MAX|ACCELERAZIONE|ANOMALIA	GREEN	91.0	SEGNALE PULSE — GREEN	2024	La Spezia: Densità di piste ciclabili sale da 29,4 a 40,7 nel periodo 2024.	16.7|16.7|24.3|26.3|29.4|40.7				Pilastro GREEN: Mobilità sostenibile.¦Serie ufficiale acquisita automaticamente da ISTAT - Ambiente urbano.¦Ultima variazione: +11.3; intensità robusta z=4.92.¦PULSE Score: 91.0/100.¦Unità di misura dichiarata: km per 100 km².	ISTAT - Ambiente urbano	https://www.istat.it/comunicato-stampa/ambiente-urbano-anno-2024/
443560cc83b955cc		Toscana (b)		Toscana (b)	GREEN · Risorse idriche e suolo · Prelievi di acque minerali naturali per produzione	RECORD_MIN|ACCELERAZIONE|ANOMALIA	GREEN	91.0	SEGNALE PULSE — GREEN	2023	Toscana (b): Prelievi di acque minerali naturali per produzione scende da 924 a 686 nel periodo 2023.	978|982|890|940|839|924|931|924|686				Pilastro GREEN: Risorse idriche e suolo.¦Serie ufficiale acquisita automaticamente da ISTAT - Statistiche sull'acqua.¦Ultima variazione: -238; intensità robusta z=3.49.¦PULSE Score: 91.0/100.¦Unità di misura dichiarata: migliaia m³.	ISTAT - Statistiche sull'acqua	https://www.istat.it/wp-content/uploads/2026/03/Istat-GMA2026-Tavole-1.xlsx
5bf91fc2d5c128bc		Reggio nell'Emilia		Italia	GREEN · Mobilità sostenibile · Densità di piste ciclabili	RECORD_MAX|ANOMALIA	GREEN	90.7	SEGNALE PULSE — GREEN	2024	Reggio nell'Emilia: Densità di piste ciclabili sale da 117,3 a 119,5 nel periodo 2024.	109.2|111.5|113.5|115.7|117.3|119.5				Pilastro GREEN: Mobilità sostenibile.¦Serie ufficiale acquisita automaticamente da ISTAT - Ambiente urbano.¦Ultima variazione: +2.2; intensità robusta z=9.89.¦PULSE Score: 90.7/100.¦Unità di misura dichiarata: km per 100 km².	ISTAT - Ambiente urbano	https://www.istat.it/comunicato-stampa/ambiente-urbano-anno-2024/
977ec408a4df4606		Nord-est (*)		Italia	GREEN · Mobilità sostenibile · Densità di piste ciclabili	RECORD_MAX|ANOMALIA	GREEN	90.6	SEGNALE PULSE — GREEN	2024	Nord-est (*): Densità di piste ciclabili sale da 66,7 a 71,3 nel periodo 2024.	57|59.1|62.4|63.8|66.7|71.3				Pilastro GREEN: Mobilità sostenibile.¦Serie ufficiale acquisita automaticamente da ISTAT - Ambiente urbano.¦Ultima variazione: +4.6; intensità robusta z=5.17.¦PULSE Score: 90.6/100.¦Unità di misura dichiarata: km per 100 km².	ISTAT - Ambiente urbano	https://www.istat.it/comunicato-stampa/ambiente-urbano-anno-2024/
b8412dc6af4a5a35		Italia		Italia	GREEN · Crisi climatica e decarbonizzazione · Emissioni nazionali di SOx	RECORD_MIN|INVERSIONE|ANOMALIA	GREEN	90.6	SEGNALE PULSE — GREEN	2023	Italia: Emissioni nazionali di SOx scende da 86,6 a 71,9 nel periodo 2023.	181|150.1|134.1|127.5|122.7|119.4|113.4|111.5|84.9|79.2|86.6|71.9				Pilastro GREEN: Crisi climatica e decarbonizzazione.¦Serie ufficiale acquisita automaticamente da ISTAT - Indicatori SDGs.¦Ultima variazione: -14.7; intensità robusta z=3.05.¦PULSE Score: 90.6/100.¦Unità di misura dichiarata: Migliaia di tonnellate.¦SDG Goal 13 · codice misura SDG-484.	ISTAT - Indicatori SDGs	https://www.istat.it/wp-content/uploads/2026/07/Misure-statistiche-2004-2026.xlsx
f1a7d65156452e74		Nord (*)		Italia	GREEN · Mobilità sostenibile · Densità di piste ciclabili	RECORD_MAX|ANOMALIA	GREEN	90.1	SEGNALE PULSE — GREEN	2024	Nord (*): Densità di piste ciclabili sale da 69,9 a 74 nel periodo 2024.	58.2|61.1|65|66|69.9|74				Pilastro GREEN: Mobilità sostenibile.¦Serie ufficiale acquisita automaticamente da ISTAT - Ambiente urbano.¦Ultima variazione: +4.1; intensità robusta z=5.53.¦PULSE Score: 90.1/100.¦Unità di misura dichiarata: km per 100 km².	ISTAT - Ambiente urbano	https://www.istat.it/comunicato-stampa/ambiente-urbano-anno-2024/
4d2c46d7e539e3a1		Carbonia		Italia	GREEN · Tutela della biodiversità · Disponibilità di verde urbano	RECORD_MAX|ANOMALIA	GREEN	89.8	SEGNALE PULSE — GREEN	2024	Carbonia: Disponibilità di verde urbano sale da 91,51 a 92,72 nel periodo 2024.	82.44793019|83.2100297|84.15406093|85.07762361|86.04251169|87.1630749|88.27903874|89.44395625|89.86062325|90.4775504|91.50554705|92.72221576				Pilastro GREEN: Tutela della biodiversità.¦Serie ufficiale acquisita automaticamente da ISTAT - Ambiente urbano.¦Ultima variazione: +1.217; intensità robusta z=5.01.¦PULSE Score: 89.8/100.¦Unità di misura dichiarata: m²/abitante.	ISTAT - Ambiente urbano	https://www.istat.it/comunicato-stampa/ambiente-urbano-anno-2024/
8631fd61152b7cb3		Trani		Italia	GREEN · Mobilità sostenibile · Densità di piste ciclabili	RECORD_MAX|INVERSIONE|ANOMALIA	GREEN	89.8	SEGNALE PULSE — GREEN	2024	Trani: Densità di piste ciclabili sale da 3,4 a 11,6 nel periodo 2024.	5.1|5.1|5.1|9.7|3.4|11.6				Pilastro GREEN: Mobilità sostenibile.¦Serie ufficiale acquisita automaticamente da ISTAT - Ambiente urbano.¦Ultima variazione: +8.2; intensità robusta z=2.40.¦PULSE Score: 89.8/100.¦Unità di misura dichiarata: km per 100 km².	ISTAT - Ambiente urbano	https://www.istat.it/comunicato-stampa/ambiente-urbano-anno-2024/
daac69f6e63b90f7		Andria		Italia	GREEN · Tutela della biodiversità · Disponibilità di verde urbano	RECORD_MAX|ACCELERAZIONE|ANOMALIA	GREEN	89.7	SEGNALE PULSE — GREEN	2024	Andria: Disponibilità di verde urbano sale da 7,15 a 7,21 nel periodo 2024.	6.904451104|6.908205619|6.916867693|6.939989985|6.970601993|7.005873968|7.030609864|7.086374379|7.116379686|7.121600131|7.14531595|7.208605459				Pilastro GREEN: Tutela della biodiversità.¦Serie ufficiale acquisita automaticamente da ISTAT - Ambiente urbano.¦Ultima variazione: +0.06329; intensità robusta z=4.90.¦PULSE Score: 89.7/100.¦Unità di misura dichiarata: m²/abitante.	ISTAT - Ambiente urbano	https://www.istat.it/comunicato-stampa/ambiente-urbano-anno-2024/
32eb789b2c254852		Emilia-Romagna		Emilia-Romagna	GREEN · Economia circolare · Raccolta differenziata dei rifiuti urbani	RECORD_MAX|ANOMALIA	GREEN	89.4	SEGNALE PULSE — GREEN	2024	Emilia-Romagna: Raccolta differenziata dei rifiuti urbani sale da 77,14 a 78,87 nel periodo 2024.	57.5353003|60.65262687|63.82950579|67.26592499|70.56145461|72.1703895|72.22235791|74.01360798|77.14227841|78.86862758				Pilastro GREEN: Economia circolare.¦Serie ufficiale acquisita automaticamente da ISPRA - Catasto nazionale rifiuti.¦Ultima variazione: +1.726; intensità robusta z=4.79.¦PULSE Score: 89.4/100.¦Unità di misura dichiarata: %.	ISPRA - Catasto nazionale rifiuti	https://www.catasto-rifiuti.isprambiente.it/index.php?advice=si&pg=downloadComune
ddf28e02cec82929		Pordenone		Italia	GREEN · Mobilità sostenibile · Densità di piste ciclabili	RECORD_MAX|INVERSIONE|ANOMALIA	GREEN	88.9	SEGNALE PULSE — GREEN	2024	Pordenone: Densità di piste ciclabili sale da 134,2 a 136,9 nel periodo 2024.	113.6|120.9|128.8|135.6|134.2|136.9				Pilastro GREEN: Mobilità sostenibile.¦Serie ufficiale acquisita automaticamente da ISTAT - Ambiente urbano.¦Ultima variazione: +2.7; intensità robusta z=3.31.¦PULSE Score: 88.9/100.¦Unità di misura dichiarata: km per 100 km².	ISTAT - Ambiente urbano	https://www.istat.it/comunicato-stampa/ambiente-urbano-anno-2024/
ec0d2a9533dc77ab		Barletta		Italia	GREEN · Tutela della biodiversità · Disponibilità di verde urbano	RECORD_MAX|ANOMALIA	GREEN	88.8	SEGNALE PULSE — GREEN	2024	Barletta: Disponibilità di verde urbano sale da 3,86 a 3,87 nel periodo 2024.	3.433846772|3.43579003|3.444439147|3.455569788|3.468400079|3.477583201|3.621830646|3.704904817|3.714427351|3.847064851|3.856069452|3.865179133				Pilastro GREEN: Tutela della biodiversità.¦Serie ufficiale acquisita automaticamente da ISTAT - Ambiente urbano.¦Ultima variazione: +0.00911; intensità robusta z=2.94.¦PULSE Score: 88.8/100.¦Unità di misura dichiarata: m²/abitante.	ISTAT - Ambiente urbano	https://www.istat.it/comunicato-stampa/ambiente-urbano-anno-2024/
741724ffee6b5e98		Mezzogiorno (*)		Italia	GREEN · Tutela della biodiversità · Disponibilità di verde urbano	RECORD_MAX|ANOMALIA	GREEN	88.4	SEGNALE PULSE — GREEN	2024	Mezzogiorno (*): Disponibilità di verde urbano sale da 25,46 a 25,74 nel periodo 2024.	23.82387399|23.88893691|23.98071233|24.07599585|24.18001669|24.30657584|24.48742114|24.79362764|25.09921713|25.24382136|25.45864903|25.73537779				Pilastro GREEN: Tutela della biodiversità.¦Serie ufficiale acquisita automaticamente da ISTAT - Ambiente urbano.¦Ultima variazione: +0.2767; intensità robusta z=4.19.¦PULSE Score: 88.4/100.¦Unità di misura dichiarata: m²/abitante.	ISTAT - Ambiente urbano	https://www.istat.it/comunicato-stampa/ambiente-urbano-anno-2024/
bc7b65ce49bbe259		Aosta		Italia	GREEN · Mobilità sostenibile · Densità di piste ciclabili	RECORD_MAX|ANOMALIA	GREEN	88.2	SEGNALE PULSE — GREEN	2024	Aosta: Densità di piste ciclabili sale da 63,4 a 98,2 nel periodo 2024.	34.6|34.6|34.6|34.6|63.4|98.2				Pilastro GREEN: Mobilità sostenibile.¦Serie ufficiale acquisita automaticamente da ISTAT - Ambiente urbano.¦Ultima variazione: +34.8; intensità robusta z=2.79.¦PULSE Score: 88.2/100.¦Unità di misura dichiarata: km per 100 km².	ISTAT - Ambiente urbano	https://www.istat.it/comunicato-stampa/ambiente-urbano-anno-2024/
4e07062a6078e947		Novara		Italia	GREEN · Mobilità sostenibile · Densità di piste ciclabili	RECORD_MAX|ACCELERAZIONE|ANOMALIA	GREEN	87.8	SEGNALE PULSE — GREEN	2024	Novara: Densità di piste ciclabili sale da 27,6 a 33,1 nel periodo 2024.	28.2|28.2|28.2|25.2|27.6|33.1				Pilastro GREEN: Mobilità sostenibile.¦Serie ufficiale acquisita automaticamente da ISTAT - Ambiente urbano.¦Ultima variazione: +5.5; intensità robusta z=3.09.¦PULSE Score: 87.8/100.¦Unità di misura dichiarata: km per 100 km².	ISTAT - Ambiente urbano	https://www.istat.it/comunicato-stampa/ambiente-urbano-anno-2024/
845ca48b03ee93d3		Oristano		Italia	GREEN · Tutela della biodiversità · Disponibilità di verde urbano	RECORD_MAX|ANOMALIA	GREEN	87.5	SEGNALE PULSE — GREEN	2024	Oristano: Disponibilità di verde urbano sale da 59,27 a 59,65 nel periodo 2024.	57.49131212|57.62475389|57.88047271|58.03630618|58.16195431|58.21085993|58.39878007|58.6003158|58.65282847|58.91777414|59.27282906|59.6460218				Pilastro GREEN: Tutela della biodiversità.¦Serie ufficiale acquisita automaticamente da ISTAT - Ambiente urbano.¦Ultima variazione: +0.3732; intensità robusta z=3.87.¦PULSE Score: 87.5/100.¦Unità di misura dichiarata: m²/abitante.	ISTAT - Ambiente urbano	https://www.istat.it/comunicato-stampa/ambiente-urbano-anno-2024/
cbeb9ab330e0e3d3		Modena		Italia	GREEN · Mobilità sostenibile · Densità di piste ciclabili	RECORD_MAX|ANOMALIA	GREEN	87.5	SEGNALE PULSE — GREEN	2024	Modena: Densità di piste ciclabili sale da 134,7 a 139,6 nel periodo 2024.	124.4|126.1|130.4|131.8|134.7|139.6				Pilastro GREEN: Mobilità sostenibile.¦Serie ufficiale acquisita automaticamente da ISTAT - Ambiente urbano.¦Ultima variazione: +4.9; intensità robusta z=4.41.¦PULSE Score: 87.5/100.¦Unità di misura dichiarata: km per 100 km².	ISTAT - Ambiente urbano	https://www.istat.it/comunicato-stampa/ambiente-urbano-anno-2024/
f7626dd2f9b84140		Brescia		Italia	GREEN · Tutela della biodiversità · Disponibilità di verde urbano	INVERSIONE|ANOMALIA	GREEN	87.2	SEGNALE PULSE — GREEN	2024	Brescia: Disponibilità di verde urbano sale da 25,31 a 25,76 nel periodo 2024.	25.79921585|25.68850571|25.64632467|25.57692972|25.55230252|25.42362105|25.28855924|25.2136499|25.42394649|25.42834396|25.31450967|25.75940941				Pilastro GREEN: Tutela della biodiversità.¦Serie ufficiale acquisita automaticamente da ISTAT - Ambiente urbano.¦Ultima variazione: +0.4449; intensità robusta z=6.73.¦PULSE Score: 87.2/100.¦Unità di misura dichiarata: m²/abitante.	ISTAT - Ambiente urbano	https://www.istat.it/comunicato-stampa/ambiente-urbano-anno-2024/
f3fc5b1bdc47ddd0		Teramo		Italia	GREEN · Economia circolare · Raccolta differenziata dei rifiuti urbani	RECORD_MAX|INVERSIONE|ANOMALIA	GREEN	87.0	SEGNALE PULSE — GREEN	2024	Teramo: Raccolta differenziata dei rifiuti urbani sale da 72,03 a 74,58 nel periodo 2024.	62.06758315|61.09398071|62.03190507|63.69322306|61.40420994|63.33387368|62.75024634|69.55291358|71.88027052|72.52620282|72.02988566|74.58320277				Pilastro GREEN: Economia circolare.¦Serie ufficiale acquisita automaticamente da ISTAT - Ambiente urbano.¦Ultima variazione: +2.553; intensità robusta z=1.29.¦PULSE Score: 87.0/100.¦Unità di misura dichiarata: %.	ISTAT - Ambiente urbano	https://www.istat.it/comunicato-stampa/ambiente-urbano-anno-2024/
966cedae13000bcf		Rimini		Italia	GREEN · Tutela della biodiversità · Disponibilità di verde urbano	RECORD_MAX|ACCELERAZIONE|ANOMALIA	GREEN	86.9	SEGNALE PULSE — GREEN	2024	Rimini: Disponibilità di verde urbano sale da 21,48 a 22,05 nel periodo 2024.	20.07187895|20.68058355|20.67077574|20.57417115|20.4645621|20.35508723|20.25512544|20.39787699|21.19270964|21.3965133|21.48280936|22.05314619				Pilastro GREEN: Tutela della biodiversità.¦Serie ufficiale acquisita automaticamente da ISTAT - Ambiente urbano.¦Ultima variazione: +0.5703; intensità robusta z=2.69.¦PULSE Score: 86.9/100.¦Unità di misura dichiarata: m²/abitante.	ISTAT - Ambiente urbano	https://www.istat.it/comunicato-stampa/ambiente-urbano-anno-2024/
09951d79a4f1acc2		Brindisi		Italia	GREEN · Tutela della biodiversità · Disponibilità di verde urbano	RECORD_MAX|ANOMALIA	GREEN	86.9	SEGNALE PULSE — GREEN	2024	Brindisi: Disponibilità di verde urbano sale da 13,07 a 13,16 nel periodo 2024.	11.38103759|11.4511787|11.52912966|11.61200231|11.72547705|11.83607992|11.94499064|12.0662484|12.92760184|12.99037304|13.07051053|13.16294865				Pilastro GREEN: Tutela della biodiversità.¦Serie ufficiale acquisita automaticamente da ISTAT - Ambiente urbano.¦Ultima variazione: +0.09244; intensità robusta z=3.51.¦PULSE Score: 86.9/100.¦Unità di misura dichiarata: m²/abitante.	ISTAT - Ambiente urbano	https://www.istat.it/comunicato-stampa/ambiente-urbano-anno-2024/
20820199e0cd163b		Marche		Marche	GREEN · Risorse idriche e suolo · Prelievi di acque minerali naturali per produzione	RECORD_MAX|ANOMALIA	GREEN	86.9	SEGNALE PULSE — GREEN	2023	Marche: Prelievi di acque minerali naturali per produzione sale da 546 a 612 nel periodo 2023.	413|449|453|420|443|461|505|546|612				Pilastro GREEN: Risorse idriche e suolo.¦Serie ufficiale acquisita automaticamente da ISTAT - Statistiche sull'acqua.¦Ultima variazione: +66; intensità robusta z=2.47.¦PULSE Score: 86.9/100.¦Unità di misura dichiarata: migliaia m³.	ISTAT - Statistiche sull'acqua	https://www.istat.it/wp-content/uploads/2026/03/Istat-GMA2026-Tavole-1.xlsx
743cb01b421bc972		Italia		Italia	GREEN · Risorse idriche e suolo · Irregolarità nella distribuzione dell'acqua	INVERSIONE|ANOMALIA	GREEN	86.7	SEGNALE PULSE — GREEN	2025	Italia: Irregolarità nella distribuzione dell'acqua sale da 8,7 a 10,2 nel periodo 2025.	8.7|9.2|9.4|10.1|10.4|8.6|8.9|9.4|9.7|8.9|8.7|10.2				Pilastro GREEN: Risorse idriche e suolo.¦Serie ufficiale acquisita automaticamente da ISTAT - Indicatori SDGs.¦Ultima variazione: +1.5; intensità robusta z=5.06.¦PULSE Score: 86.7/100.¦Unità di misura dichiarata: Valori percentuali.¦SDG Goal 6 · codice misura 12SER006.	ISTAT - Indicatori SDGs	https://www.istat.it/wp-content/uploads/2026/07/Misure-statistiche-2004-2026.xlsx
0b0fbb7855be33ae		Italia		Italia	GREEN · Economia circolare · Sussidi alle fonti fossili in percentuale sul Pil	INVERSIONE|ANOMALIA	GREEN	86.7	SEGNALE PULSE — GREEN	2024	Italia: Sussidi alle fonti fossili in percentuale sul Pil scende da 0,94 a 0,86 nel periodo 2024.	0.84|0.77|0.8|0.82|0.84|0.78|0.81|0.93|0.94|0.86				Pilastro GREEN: Economia circolare.¦Serie ufficiale acquisita automaticamente da ISTAT - Indicatori SDGs.¦Ultima variazione: -0.08; intensità robusta z=5.40.¦PULSE Score: 86.7/100.¦Unità di misura dichiarata: Valori percentuali.¦SDG Goal 12 · codice misura SDG-208.	ISTAT - Indicatori SDGs	https://www.istat.it/wp-content/uploads/2026/07/Misure-statistiche-2004-2026.xlsx
46258fe4a6575f3e		Pistoia		Italia	GREEN · Mobilità sostenibile · Densità di piste ciclabili	RECORD_MAX|ACCELERAZIONE|ANOMALIA	GREEN	86.6	SEGNALE PULSE — GREEN	2024	Pistoia: Densità di piste ciclabili sale da 7 a 7,9 nel periodo 2024.	4.2|6.4|6.8|6.8|7|7.9				Pilastro GREEN: Mobilità sostenibile.¦Serie ufficiale acquisita automaticamente da ISTAT - Ambiente urbano.¦Ultima variazione: +0.9; intensità robusta z=3.04.¦PULSE Score: 86.6/100.¦Unità di misura dichiarata: km per 100 km².	ISTAT - Ambiente urbano	https://www.istat.it/comunicato-stampa/ambiente-urbano-anno-2024/
4b6ce9e1b54bbe9b		Isole (*)		Italia	GREEN · Mobilità sostenibile · Densità di piste ciclabili	RECORD_MAX|ANOMALIA	GREEN	86.5	SEGNALE PULSE — GREEN	2024	Isole (*): Densità di piste ciclabili sale da 5,6 a 6,2 nel periodo 2024.	3.4|3.8|4.5|5.1|5.6|6.2				Pilastro GREEN: Mobilità sostenibile.¦Serie ufficiale acquisita automaticamente da ISTAT - Ambiente urbano.¦Ultima variazione: +0.6; intensità robusta z=4.05.¦PULSE Score: 86.5/100.¦Unità di misura dichiarata: km per 100 km².	ISTAT - Ambiente urbano	https://www.istat.it/comunicato-stampa/ambiente-urbano-anno-2024/
f45db6581c3b0c0f		Milano		Italia	GREEN · Tutela della biodiversità · Disponibilità di verde urbano	RECORD_MAX|INVERSIONE|ANOMALIA	GREEN	86.4	SEGNALE PULSE — GREEN	2024	Milano: Disponibilità di verde urbano sale da 18,68 a 18,95 nel periodo 2024.	17.04429254|17.22706467|17.09354775|17.43650594|17.36389988|17.38436176|17.37318956|17.64261241|18.13021708|18.74220023|18.67947511|18.94849804				Pilastro GREEN: Tutela della biodiversità.¦Serie ufficiale acquisita automaticamente da ISTAT - Ambiente urbano.¦Ultima variazione: +0.269; intensità robusta z=1.06.¦PULSE Score: 86.4/100.¦Unità di misura dichiarata: m²/abitante.	ISTAT - Ambiente urbano	https://www.istat.it/comunicato-stampa/ambiente-urbano-anno-2024/
213586c839e01ef3		Verbania		Italia	GREEN · Mobilità sostenibile · Densità di piste ciclabili	RECORD_MIN|INVERSIONE|ANOMALIA	GREEN	86.1	SEGNALE PULSE — GREEN	2024	Verbania: Densità di piste ciclabili scende da 71,5 a 70,9 nel periodo 2024.	71|71|71|71|71.5|70.9				Pilastro GREEN: Mobilità sostenibile.¦Serie ufficiale acquisita automaticamente da ISTAT - Ambiente urbano.¦Ultima variazione: -0.6; intensità robusta z=2.77.¦PULSE Score: 86.1/100.¦Unità di misura dichiarata: km per 100 km².	ISTAT - Ambiente urbano	https://www.istat.it/comunicato-stampa/ambiente-urbano-anno-2024/
9f554356ae8a62f4		Crotone		Italia	GREEN · Tutela della biodiversità · Disponibilità di verde urbano	RECORD_MAX|ACCELERAZIONE|ANOMALIA	GREEN	86.0	SEGNALE PULSE — GREEN	2024	Crotone: Disponibilità di verde urbano sale da 3,51 a 3,63 nel periodo 2024.	3.372336297|3.36441755|3.331610925|3.371480457|3.320683876|3.290067134|3.324567842|3.402598904|3.449473561|3.486208267|3.512382608|3.629867351				Pilastro GREEN: Tutela della biodiversità.¦Serie ufficiale acquisita automaticamente da ISTAT - Ambiente urbano.¦Ultima variazione: +0.1175; intensità robusta z=2.89.¦PULSE Score: 86.0/100.¦Unità di misura dichiarata: m²/abitante.	ISTAT - Ambiente urbano	https://www.istat.it/comunicato-stampa/ambiente-urbano-anno-2024/
4aa5d0844ce36cf6		Reggio di Calabria		Italia	GREEN · Tutela della biodiversità · Disponibilità di verde urbano	RECORD_MAX|ANOMALIA	GREEN	85.7	SEGNALE PULSE — GREEN	2024	Reggio di Calabria: Disponibilità di verde urbano sale da 37,48 a 37,74 nel periodo 2024.	35.20651272|35.31102727|35.47822706|35.65517607|35.84948548|36.10562343|36.376942|36.71916093|36.97486288|37.17336903|37.47873027|37.74471279				Pilastro GREEN: Tutela della biodiversità.¦Serie ufficiale acquisita automaticamente da ISTAT - Ambiente urbano.¦Ultima variazione: +0.266; intensità robusta z=3.80.¦PULSE Score: 85.7/100.¦Unità di misura dichiarata: m²/abitante.	ISTAT - Ambiente urbano	https://www.istat.it/comunicato-stampa/ambiente-urbano-anno-2024/
3f8e2704ddcf202f		Caserta		Italia	GREEN · Economia circolare · Raccolta differenziata dei rifiuti urbani	RECORD_MAX|ACCELERAZIONE|ANOMALIA	GREEN	85.7	SEGNALE PULSE — GREEN	2024	Caserta: Raccolta differenziata dei rifiuti urbani sale da 55,63 a 62 nel periodo 2024.	43.14167906|48.53399905|47.27110206|47.68108296|52.54944567|48.58445927|50.19695708|51.74497011|54.36651169|54.20121444|55.6309098|61.99640079				Pilastro GREEN: Economia circolare.¦Serie ufficiale acquisita automaticamente da ISTAT - Ambiente urbano.¦Ultima variazione: +6.365; intensità robusta z=3.08.¦PULSE Score: 85.7/100.¦Unità di misura dichiarata: %.	ISTAT - Ambiente urbano	https://www.istat.it/comunicato-stampa/ambiente-urbano-anno-2024/
de47019835eec1bf		Genova		Italia	GREEN · Economia circolare · Raccolta differenziata dei rifiuti urbani	RECORD_MAX|ANOMALIA	GREEN	85.5	SEGNALE PULSE — GREEN	2024	Genova: Raccolta differenziata dei rifiuti urbani sale da 46,11 a 49,76 nel periodo 2024.	31.46142007|31.5882656|33.30759642|33.54262584|34.21915297|33.48751081|35.51683754|35.45979241|39.92306057|42.84380737|46.11422349|49.76398029				Pilastro GREEN: Economia circolare.¦Serie ufficiale acquisita automaticamente da ISTAT - Ambiente urbano.¦Ultima variazione: +3.65; intensità robusta z=2.12.¦PULSE Score: 85.5/100.¦Unità di misura dichiarata: %.	ISTAT - Ambiente urbano	https://www.istat.it/comunicato-stampa/ambiente-urbano-anno-2024/
0cb20fa8723dbd79		Puglia		Puglia	GREEN · Risorse idriche e suolo · Consumo netto annuale di suolo	RECORD_MAX|INVERSIONE|ANOMALIA	GREEN	85.2	SEGNALE PULSE — GREEN	2024	Puglia: Consumo netto annuale di suolo sale da 466,85 a 807,44 nel periodo 2024.	327.53|418.64|470.77|746.72|517.65|389.78|688.51|466.85|807.44				Pilastro GREEN: Risorse idriche e suolo.¦Serie ufficiale acquisita automaticamente da ISPRA - Consumo di suolo e indicatori territoriali.¦Ultima variazione: +340.6; intensità robusta z=1.03.¦PULSE Score: 85.2/100.¦Unità di misura dichiarata: ettari.	ISPRA - Consumo di suolo e indicatori territoriali	https://www.isprambiente.gov.it/it/attivita/suolo-e-territorio/suolo/il-consumo-di-suolo/consumo_di_suolo_estratto_dati_2025_anni_2006_2024.xlsx
8f6f716edceebfb0		Italia		Italia	GREEN · Mobilità sostenibile · Prime iscrizioni di autovetture ibride	RECORD_MAX|ACCELERAZIONE|ANOMALIA	GREEN	85.0	SEGNALE PULSE — GREEN	2025	Italia: Prime iscrizioni di autovetture ibride sale da 687.397 a 781.073 nel periodo 2025.	26082|38104|61465|70296|93148|208515|484305|519701|640041|687397|781073				Pilastro GREEN: Mobilità sostenibile.¦Serie ufficiale acquisita automaticamente da ACI - Open data mobilità e parco veicoli.¦Ultima variazione: +9.368e+04; intensità robusta z=2.70.¦PULSE Score: 85.0/100.¦Unità di misura dichiarata: veicoli.	ACI - Open data mobilità e parco veicoli	https://aci.gov.it//app/uploads/2026/05/Annuario-statistico-2026-OD.zip
940bc377f4b77aac	SDMX-IT-151_877_DF_DCCV_DISOCCUPTMENS1_1	Italia		Italia	Disoccupati	RECORD_MAX|INVERSIONE|ANOMALIA	GENERAL	84.8	SEGNALE PULSE — ISTATDATA	2026-08	Italia: Disoccupati sale da 1543,2 a 1591,1 nel periodo 2026-08.		1757.24|1745.02|1662.32|1713.22|1645.67|1629.99|1555.27|1554.03|1583.58|1647.75|1672.55|1573.8|1621.93|1585.75|1662.47|1513.26|1510.2|1462.56|1532.23|1491.22|1466.1|1452.87|1401.6|1441.26|1434.39|1447.47|1432.33|1555.43|1543.2|1591.1			Record: l'ultimo valore supera i dodici periodi precedenti disponibili.¦Inversione: l'ultima variazione cambia segno rispetto alla precedente.¦Anomalia: l'ultimo livello o la sua variazione supera la soglia robusta PULSE.¦Disoccupati mensili destagionalizzati, 15-74 anni, totale sesso.¦PULSE Score: 84.8/100. Fonte: IstatData SDMX, ISTAT.	IstatData SDMX — ISTAT	https://esploradati.istat.it/SDMXWS/rest/v1/data/151_877_DF_DCCV_DISOCCUPTMENS1_1/all/IT1?startPeriod=2024&endPeriod=2026
ce25e4d4b0738f1c		Pistoia		Italia	GREEN · Economia circolare · Raccolta differenziata dei rifiuti urbani	RECORD_MAX|ANOMALIA	GREEN	84.8	SEGNALE PULSE — GREEN	2024	Pistoia: Raccolta differenziata dei rifiuti urbani sale da 52,59 a 54,95 nel periodo 2024.	36.03621883|36.19568456|37.15040867|37.88279065|38.46339098|38.52083676|40.20862285|39.0304987|45.22030224|48.70087216|52.58858917|54.95231581				Pilastro GREEN: Economia circolare.¦Serie ufficiale acquisita automaticamente da ISTAT - Ambiente urbano.¦Ultima variazione: +2.364; intensità robusta z=1.96.¦PULSE Score: 84.8/100.¦Unità di misura dichiarata: %.	ISTAT - Ambiente urbano	https://www.istat.it/comunicato-stampa/ambiente-urbano-anno-2024/
c7695eb4eefa0691		Alessandria		Italia	GREEN · Economia circolare · Produzione di rifiuti urbani	RECORD_MAX|ACCELERAZIONE|ANOMALIA	GREEN	84.7	SEGNALE PULSE — GREEN	2024	Alessandria: Produzione di rifiuti urbani sale da 579,51 a 642,52 nel periodo 2024.	580.3434267|557.1669391|549.4192752|568.1427935|548.4528227|564.9607705|575.9580366|570.0680347|600.1649681|554.2631267|579.5059423|642.5238643				Pilastro GREEN: Economia circolare.¦Serie ufficiale acquisita automaticamente da ISTAT - Ambiente urbano.¦Ultima variazione: +63.02; intensità robusta z=2.21.¦PULSE Score: 84.7/100.¦Unità di misura dichiarata: kg/abitante.	ISTAT - Ambiente urbano	https://www.istat.it/comunicato-stampa/ambiente-urbano-anno-2024/
729b629039ae7cf0		Abruzzo		Abruzzo	GREEN · Risorse idriche e suolo · Prelievi di acque minerali naturali per produzione	RECORD_MAX|ACCELERAZIONE|ANOMALIA	GREEN	84.7	SEGNALE PULSE — GREEN	2023	Abruzzo: Prelievi di acque minerali naturali per produzione sale da 900 a 1.096 nel periodo 2023.	629|585|688|772|830|851|895|900|1096				Pilastro GREEN: Risorse idriche e suolo.¦Serie ufficiale acquisita automaticamente da ISTAT - Statistiche sull'acqua.¦Ultima variazione: +196; intensità robusta z=3.39.¦PULSE Score: 84.7/100.¦Unità di misura dichiarata: migliaia m³.	ISTAT - Statistiche sull'acqua	https://www.istat.it/wp-content/uploads/2026/03/Istat-GMA2026-Tavole-1.xlsx
30fea9f00b4fa20e		Nord-ovest (*)		Italia	GREEN · Tutela della biodiversità · Disponibilità di verde urbano	RECORD_MAX|ACCELERAZIONE|ANOMALIA	GREEN	84.6	SEGNALE PULSE — GREEN	2024	Nord-ovest (*): Disponibilità di verde urbano sale da 26,56 a 26,68 nel periodo 2024.	25.12049377|25.17952442|25.23429438|25.36127193|25.43030575|25.49802747|25.54623368|25.80493204|26.22063052|26.52400618|26.56128423|26.67935756				Pilastro GREEN: Tutela della biodiversità.¦Serie ufficiale acquisita automaticamente da ISTAT - Ambiente urbano.¦Ultima variazione: +0.1181; intensità robusta z=3.11.¦PULSE Score: 84.6/100.¦Unità di misura dichiarata: m²/abitante.	ISTAT - Ambiente urbano	https://www.istat.it/comunicato-stampa/ambiente-urbano-anno-2024/
a27cb2a90568ee72		Firenze		Italia	GREEN · Economia circolare · Raccolta differenziata dei rifiuti urbani	RECORD_MAX|ACCELERAZIONE|ANOMALIA	GREEN	84.6	SEGNALE PULSE — GREEN	2024	Firenze: Raccolta differenziata dei rifiuti urbani sale da 55,59 a 60,69 nel periodo 2024.	41.80861148|44.22117797|46.35130252|50.3184668|50.84806013|53.5059468|53.94879788|53.48919668|53.49319221|55.0002941|55.58763795|60.69368097				Pilastro GREEN: Economia circolare.¦Serie ufficiale acquisita automaticamente da ISTAT - Ambiente urbano.¦Ultima variazione: +5.106; intensità robusta z=3.24.¦PULSE Score: 84.6/100.¦Unità di misura dichiarata: %.	ISTAT - Ambiente urbano	https://www.istat.it/comunicato-stampa/ambiente-urbano-anno-2024/
8584ce8eb920ce0f		Campania		Campania	GREEN · Risorse idriche e suolo · Consumo netto annuale di suolo	INVERSIONE|ANOMALIA	GREEN	84.5	SEGNALE PULSE — GREEN	2024	Campania: Consumo netto annuale di suolo scende da 614,95 a 453,69 nel periodo 2024.	374.83|401.94|472.59|502.79|425.55|578.71|606.32|614.95|453.69				Pilastro GREEN: Risorse idriche e suolo.¦Serie ufficiale acquisita automaticamente da ISPRA - Consumo di suolo e indicatori territoriali.¦Ultima variazione: -161.3; intensità robusta z=5.73.¦PULSE Score: 84.5/100.¦Unità di misura dichiarata: ettari.	ISPRA - Consumo di suolo e indicatori territoriali	https://www.isprambiente.gov.it/it/attivita/suolo-e-territorio/suolo/il-consumo-di-suolo/consumo_di_suolo_estratto_dati_2025_anni_2006_2024.xlsx
e126a0de22057de7		Nord-ovest (*)		Italia	GREEN · Mobilità sostenibile · Densità di piste ciclabili	RECORD_MAX|ANOMALIA	GREEN	84.3	SEGNALE PULSE — GREEN	2024	Nord-ovest (*): Densità di piste ciclabili sale da 75,9 a 79,2 nel periodo 2024.	60.4|64.9|69.9|70.2|75.9|79.2				Pilastro GREEN: Mobilità sostenibile.¦Serie ufficiale acquisita automaticamente da ISTAT - Ambiente urbano.¦Ultima variazione: +3.3; intensità robusta z=3.71.¦PULSE Score: 84.3/100.¦Unità di misura dichiarata: km per 100 km².	ISTAT - Ambiente urbano	https://www.istat.it/comunicato-stampa/ambiente-urbano-anno-2024/
58c9b30df6458b9c		Venezia		Italia	GREEN · Mobilità sostenibile · Densità di piste ciclabili	RECORD_MAX|ACCELERAZIONE|ANOMALIA	GREEN	84.2	SEGNALE PULSE — GREEN	2024	Venezia: Densità di piste ciclabili sale da 42,6 a 45,4 nel periodo 2024.	34.5|39.3|39.6|41|42.6|45.4				Pilastro GREEN: Mobilità sostenibile.¦Serie ufficiale acquisita automaticamente da ISTAT - Ambiente urbano.¦Ultima variazione: +2.8; intensità robusta z=2.91.¦PULSE Score: 84.2/100.¦Unità di misura dichiarata: km per 100 km².	ISTAT - Ambiente urbano	https://www.istat.it/comunicato-stampa/ambiente-urbano-anno-2024/
d4a6b25438422b0e		Foggia		Italia	GREEN · Mobilità sostenibile · Densità di piste ciclabili	RECORD_MAX|ACCELERAZIONE|ANOMALIA	GREEN	84.1	SEGNALE PULSE — GREEN	2024	Foggia: Densità di piste ciclabili sale da 5,9 a 7,3 nel periodo 2024.	1.7|1.7|5.3|5.3|5.9|7.3				Pilastro GREEN: Mobilità sostenibile.¦Serie ufficiale acquisita automaticamente da ISTAT - Ambiente urbano.¦Ultima variazione: +1.4; intensità robusta z=3.15.¦PULSE Score: 84.1/100.¦Unità di misura dichiarata: km per 100 km².	ISTAT - Ambiente urbano	https://www.istat.it/comunicato-stampa/ambiente-urbano-anno-2024/
658e3890686d6db6		Cagliari		Italia	GREEN · Tutela della biodiversità · Disponibilità di verde urbano	RECORD_MAX|RALLENTAMENTO|ANOMALIA	GREEN	83.7	SEGNALE PULSE — GREEN	2024	Cagliari: Disponibilità di verde urbano sale da 55,11 a 55,41 nel periodo 2024.	51.91308631|52.02995804|52.03012929|52.12858118|52.24816626|52.2416189|52.52151837|52.85910765|53.19768034|53.21502549|55.10562821|55.40616723				Pilastro GREEN: Tutela della biodiversità.¦Serie ufficiale acquisita automaticamente da ISTAT - Ambiente urbano.¦Ultima variazione: +0.3005; intensità robusta z=1.67.¦PULSE Score: 83.7/100.¦Unità di misura dichiarata: m²/abitante.	ISTAT - Ambiente urbano	https://www.istat.it/comunicato-stampa/ambiente-urbano-anno-2024/
736c16237b7c8238		Italia		Italia	GREEN · Crisi climatica e decarbonizzazione · Anomalie di temperatura media globale sulla terraferma e in Italia, rispetto ai valori climatologici normali 1991-2020	RECORD_MAX|INVERSIONE|ANOMALIA	GREEN	83.6	SEGNALE PULSE — GREEN	2024	Italia: Anomalie di temperatura media globale sulla terraferma e in Italia, rispetto ai valori climatologici normali 1991-2020 sale da 1,14 a 1,33 nel periodo 2024.	-0.09|0.54|0.59|0.37|0.32|0.65|0.58|0.55|0.23|1.23|1.14|1.33				Pilastro GREEN: Crisi climatica e decarbonizzazione.¦Serie ufficiale acquisita automaticamente da ISTAT - Indicatori SDGs.¦Ultima variazione: +0.19; intensità robusta z=0.95.¦PULSE Score: 83.6/100.¦Unità di misura dichiarata: Gradi Celsius.¦SDG Goal 13 · codice misura SDG-238.	ISTAT - Indicatori SDGs	https://www.istat.it/wp-content/uploads/2026/07/Misure-statistiche-2004-2026.xlsx
11d9a431f9f3ef40		Cesena		Italia	GREEN · Tutela della biodiversità · Disponibilità di verde urbano	RECORD_MAX|ANOMALIA	GREEN	83.4	SEGNALE PULSE — GREEN	2024	Cesena: Disponibilità di verde urbano sale da 41,47 a 42,15 nel periodo 2024.	39.07316072|39.3325154|39.807139|40.39692774|41.47482415|42.14892907				Pilastro GREEN: Tutela della biodiversità.¦Serie ufficiale acquisita automaticamente da ISTAT - Ambiente urbano.¦Ultima variazione: +0.6741; intensità robusta z=2.75.¦PULSE Score: 83.4/100.¦Unità di misura dichiarata: m²/abitante.	ISTAT - Ambiente urbano	https://www.istat.it/comunicato-stampa/ambiente-urbano-anno-2024/
f8b70df58145bbca	SDMX-IT-145_360_DF_DCSC_PREZZPIND_1_4	Italia		Italia	Prezzi alla produzione dell'industria	RECORD_MAX|ANOMALIA	GENERAL	83.1	SEGNALE PULSE — ISTATDATA	2026-08	Italia: Prezzi alla produzione dell'industria sale da 133 a 136,2 nel periodo 2026-08.		120|118.9|119.2|120|121.6|122.5|121.8|122.7|124.2|124.9|126.9|127.8|124.7|122|121.2|122.9|123.5|122.8|123.1|122.8|124|123.1|124.9|124.4|129.9|130.3|130|130|133|136.2			Record: l'ultimo valore supera i dodici periodi precedenti disponibili.¦Anomalia: l'ultimo livello o la sua variazione supera la soglia robusta PULSE.¦Prezzi alla produzione dell'industria, base 2021; aggregato nazionale più ampio disponibile.¦PULSE Score: 83.1/100. Fonte: IstatData SDMX, ISTAT.	IstatData SDMX — ISTAT	https://esploradati.istat.it/SDMXWS/rest/v1/data/145_360_DF_DCSC_PREZZPIND_1_4/all/IT1?startPeriod=2022&endPeriod=2026
759c7242fad013c2		Campania		Campania	GREEN · Economia circolare · Raccolta differenziata dei rifiuti urbani	RECORD_MAX|ANOMALIA	GREEN	83.1	SEGNALE PULSE — GREEN	2024	Campania: Raccolta differenziata dei rifiuti urbani sale da 56,56 a 58,07 nel periodo 2024.	48.53454614|51.56536386|52.7626955|52.6593092|52.74849847|54.07639499|54.63875434|55.6224147|56.55888396|58.07311703				Pilastro GREEN: Economia circolare.¦Serie ufficiale acquisita automaticamente da ISPRA - Catasto nazionale rifiuti.¦Ultima variazione: +1.514; intensità robusta z=2.67.¦PULSE Score: 83.1/100.¦Unità di misura dichiarata: %.	ISPRA - Catasto nazionale rifiuti	https://www.catasto-rifiuti.isprambiente.it/index.php?advice=si&pg=downloadComune
e547bd9c8167cade		L'Aquila		Italia	GREEN · Economia circolare · Raccolta differenziata dei rifiuti urbani	RECORD_MAX|ANOMALIA	GREEN	83.0	SEGNALE PULSE — GREEN	2024	L'Aquila: Raccolta differenziata dei rifiuti urbani sale da 44,47 a 47,61 nel periodo 2024.	27.42593299|31.42667216|33.59851912|34.7982052|35.65706446|36.30956505|36.76346646|39.02569474|39.44065675|41.38083644|44.46897247|47.61432287				Pilastro GREEN: Economia circolare.¦Serie ufficiale acquisita automaticamente da ISTAT - Ambiente urbano.¦Ultima variazione: +3.145; intensità robusta z=2.61.¦PULSE Score: 83.0/100.¦Unità di misura dichiarata: %.	ISTAT - Ambiente urbano	https://www.istat.it/comunicato-stampa/ambiente-urbano-anno-2024/
f130616a932dae01	048046	Vaglia	Firenze	Toscana	Emigrati per altro comune	RECORD_MAX|ACCELERAZIONE|ANOMALIA	TERRITORIALE	82.9	VALIDATO — FEED TERRITORIALE	2026-06	Vaglia: emigrati per altro comune raggiunge un nuovo massimo dei 60 mesi precedenti su base mobile 12 mesi (297).	187|202|174|195|177|216|210	187|195|190|182|180|187|200|176|181|186|188|195|202|202|200|205|206|197|199|199|190|192|202|187|174|173|181|191|187|201|189|184|198|194|183|188|195|190|191|188|183|168|167|170|166|167|172|178|177|180|173|173|182|196|203|206|202|205|210|208|216|219|220|215|210|199|193|205|207|210|210|211|210|203|206|225|253|285|297	36.332|38.498|33.545|37.442|34.216|41.348|39.608	27.58|25.526|26.994|26.909|26.19|25.082|27.782	Record: il rolling 12 mesi di 2026-06 (297) supera il massimo precedente (285).¦Accelerazione: il fenomeno prosegue nella stessa direzione ma la pendenza recente aumenta rispetto alla finestra precedente.¦Anomalia: l'ultimo valore rolling 12 mesi si discosta in modo robusto dal trend recente oltre la soglia tecnica PULSE.¦PULSE Score: 82.9/100. Stato: VALIDATO — FEED TERRITORIALE.	DEMO ISTAT — Bilancio demografico mensile	https://demo.istat.it/app/?i=D7B
4ccb45b35c64d627		Sud (*)		Italia	GREEN · Tutela della biodiversità · Disponibilità di verde urbano	RECORD_MAX|ANOMALIA	GREEN	82.9	SEGNALE PULSE — GREEN	2024	Sud (*): Disponibilità di verde urbano sale da 27,49 a 27,64 nel periodo 2024.	25.78560508|25.84449305|25.94980059|26.06132562|26.16888486|26.29217683|26.48806567|26.82891608|27.16115658|27.31384747|27.48820414|27.64011254				Pilastro GREEN: Tutela della biodiversità.¦Serie ufficiale acquisita automaticamente da ISTAT - Ambiente urbano.¦Ultima variazione: +0.1519; intensità robusta z=2.97.¦PULSE Score: 82.9/100.¦Unità di misura dichiarata: m²/abitante.	ISTAT - Ambiente urbano	https://www.istat.it/comunicato-stampa/ambiente-urbano-anno-2024/
4e476eb0f1392944		Grosseto		Italia	GREEN · Tutela della biodiversità · Disponibilità di verde urbano	RECORD_MAX|ACCELERAZIONE|ANOMALIA	GREEN	82.8	SEGNALE PULSE — GREEN	2024	Grosseto: Disponibilità di verde urbano sale da 53,56 a 53,75 nel periodo 2024.	51.12825377|51.11855717|51.10355035|52.03548095|52.07275131|52.306171|52.25885657|52.3387362|52.46994716|53.55728308|53.56417929|53.74835633				Pilastro GREEN: Tutela della biodiversità.¦Serie ufficiale acquisita automaticamente da ISTAT - Ambiente urbano.¦Ultima variazione: +0.1842; intensità robusta z=1.70.¦PULSE Score: 82.8/100.¦Unità di misura dichiarata: m²/abitante.	ISTAT - Ambiente urbano	https://www.istat.it/comunicato-stampa/ambiente-urbano-anno-2024/
0b991b0bd341f89b	SDMX-IT-151_874_DF_DCCV_TAXDISOCCUMENS1_1	Italia		Italia	Tasso di disoccupazione	RECORD_MAX|INVERSIONE|ANOMALIA	GENERAL	82.7	SEGNALE PULSE — ISTATDATA	2026-08	Italia: Tasso di disoccupazione sale da 5,97 a 6,15 nel periodo 2026-08.		6.87974|6.81851|6.51331|6.68829|6.42553|6.36025|6.08686|6.09474|6.19641|6.42288|6.5016|6.13509|6.30361|6.19603|6.46637|5.90751|5.9218|5.74197|5.99343|5.82744|5.7418|5.68769|5.49016|5.63094|5.60415|5.6223|5.5666|6.02072|5.97409|6.15052			Record: l'ultimo valore supera i dodici periodi precedenti disponibili.¦Inversione: l'ultima variazione cambia segno rispetto alla precedente.¦Anomalia: l'ultimo livello o la sua variazione supera la soglia robusta PULSE.¦Tasso di disoccupazione mensile destagionalizzato, popolazione 15-74 anni, totale sesso.¦PULSE Score: 82.7/100. Fonte: IstatData SDMX, ISTAT.	IstatData SDMX — ISTAT	https://esploradati.istat.it/SDMXWS/rest/v1/data/151_874_DF_DCCV_TAXDISOCCUMENS1_1/all/IT1?startPeriod=2024&endPeriod=2026
e58e00aeecc085a0		Gorizia		Italia	GREEN · Economia circolare · Raccolta differenziata dei rifiuti urbani	RECORD_MAX|RALLENTAMENTO|ANOMALIA	GREEN	82.7	SEGNALE PULSE — GREEN	2024	Gorizia: Raccolta differenziata dei rifiuti urbani sale da 69,23 a 70,85 nel periodo 2024.	54.6954464|55.53799169|58.16792876|63.96230569|64.33564448|64.20045863|64.24455465|63.48025621|64.07317418|65.09064497|69.23445953|70.84557494				Pilastro GREEN: Economia circolare.¦Serie ufficiale acquisita automaticamente da ISTAT - Ambiente urbano.¦Ultima variazione: +1.611; intensità robusta z=1.42.¦PULSE Score: 82.7/100.¦Unità di misura dichiarata: %.	ISTAT - Ambiente urbano	https://www.istat.it/comunicato-stampa/ambiente-urbano-anno-2024/
d83b48c4856884fa		Venezia		Italia	GREEN · Economia circolare · Produzione di rifiuti urbani	RECORD_MAX|ACCELERAZIONE|ANOMALIA	GREEN	82.6	SEGNALE PULSE — GREEN	2024	Venezia: Produzione di rifiuti urbani sale da 651,04 a 693,58 nel periodo 2024.	615.9694153|614.1442054|613.7890765|636.8051869|638.2800337|639.151683|674.1046031|572.4923422|588.3195814|627.9656443|651.0445069|693.5790148				Pilastro GREEN: Economia circolare.¦Serie ufficiale acquisita automaticamente da ISTAT - Ambiente urbano.¦Ultima variazione: +42.53; intensità robusta z=2.31.¦PULSE Score: 82.6/100.¦Unità di misura dichiarata: kg/abitante.	ISTAT - Ambiente urbano	https://www.istat.it/comunicato-stampa/ambiente-urbano-anno-2024/
6799e42f6757bbd6		Rovigo		Italia	GREEN · Economia circolare · Produzione di rifiuti urbani	INVERSIONE|ANOMALIA	GREEN	82.6	SEGNALE PULSE — GREEN	2024	Rovigo: Produzione di rifiuti urbani sale da 576,27 a 630,04 nel periodo 2024.	620.8753561|608.4372333|612.735603|635.9664098|615.017837|601.988734|616.1840724|604.3804019|618.1897444|596.5065467|576.2734705|630.0423949				Pilastro GREEN: Economia circolare.¦Serie ufficiale acquisita automaticamente da ISTAT - Ambiente urbano.¦Ultima variazione: +53.77; intensità robusta z=3.94.¦PULSE Score: 82.6/100.¦Unità di misura dichiarata: kg/abitante.	ISTAT - Ambiente urbano	https://www.istat.it/comunicato-stampa/ambiente-urbano-anno-2024/
d4df443f54e8b26b	063050	Nola	Napoli	Campania	Immigrati dall'estero	RECORD_MAX|ANOMALIA	GENERAL	82.2	VALIDATO — FEED GENERALE	2026-06	Nola: immigrati dall'estero raggiunge un nuovo massimo dei 60 mesi precedenti su base mobile 12 mesi (251).	78|109|85|166|132|200|174	78|77|78|73|76|85|96|98|98|95|99|101|109|109|103|103|98|91|82|88|86|82|83|85|85|95|105|115|126|130|131|129|132|150|149|153|166|150|146|145|138|140|142|131|135|129|138|138|132|155|179|177|183|183|183|201|206|207|210|208|200|189|175|177|180|180|179|174|168|158|162|168|174|170|160|151|142|148|251	2.284|3.181|2.521|4.938|3.914|5.91|5.101	3.085|2.355|2.674|3.664|3.647|4.054|4.544	Record: il rolling 12 mesi di 2026-06 (251) supera il massimo precedente (210).¦Anomalia: l'ultimo valore rolling 12 mesi si discosta in modo robusto dal trend recente oltre la soglia tecnica PULSE.¦PULSE Score: 82.2/100. Stato: VALIDATO — FEED GENERALE.	DEMO ISTAT — Bilancio demografico mensile	https://demo.istat.it/app/?i=D7B
fc8f30614bc32a2a		Italia (*)		Italia	GREEN · Mobilità sostenibile · Densità di piste ciclabili	RECORD_MAX|ANOMALIA	GREEN	82.2	SEGNALE PULSE — GREEN	2024	Italia (*): Densità di piste ciclabili sale da 29,7 a 31,3 nel periodo 2024.	24.2|25.4|27.3|27.9|29.7|31.3				Pilastro GREEN: Mobilità sostenibile.¦Serie ufficiale acquisita automaticamente da ISTAT - Ambiente urbano.¦Ultima variazione: +1.6; intensità robusta z=3.08.¦PULSE Score: 82.2/100.¦Unità di misura dichiarata: km per 100 km².	ISTAT - Ambiente urbano	https://www.istat.it/comunicato-stampa/ambiente-urbano-anno-2024/
5c3a679e30312704		Livorno		Italia	GREEN · Tutela della biodiversità · Disponibilità di verde urbano	RECORD_MAX|ANOMALIA	GREEN	81.9	SEGNALE PULSE — GREEN	2024	Livorno: Disponibilità di verde urbano sale da 15,22 a 15,3 nel periodo 2024.	14.45000718|14.4877751|14.57153079|14.60655057|14.65675948|14.72166177|14.77058199|14.86926152|15.01022743|15.16265705|15.21520973|15.29619143				Pilastro GREEN: Tutela della biodiversità.¦Serie ufficiale acquisita automaticamente da ISTAT - Ambiente urbano.¦Ultima variazione: +0.08098; intensità robusta z=2.45.¦PULSE Score: 81.9/100.¦Unità di misura dichiarata: m²/abitante.	ISTAT - Ambiente urbano	https://www.istat.it/comunicato-stampa/ambiente-urbano-anno-2024/
84509ae80d5d2cff	019098	Soresina	Cremona	Lombardia	Immigrati dall'estero	RECORD_MAX|ANOMALIA	TERRITORIALE	81.6	VALIDATO — FEED TERRITORIALE	2026-06	Soresina: immigrati dall'estero raggiunge un nuovo massimo dei 60 mesi precedenti su base mobile 12 mesi (212).	52|42|86|104|131|139|115	52|56|51|45|40|36|33|33|36|40|38|37|42|42|46|63|66|71|74|78|79|75|87|91|86|94|99|87|89|87|86|84|91|97|92|102|104|101|108|108|107|118|119|125|130|129|133|120|131|128|123|127|131|138|145|142|135|140|136|144|139|141|135|132|127|113|107|112|111|118|116|116|115|117|146|158|167|182|212	5.96|4.846|9.873|11.894|14.807|15.337|12.5	6.021|4.458|5.569|7.375|8.333|7.857|8.149	Record: il rolling 12 mesi di 2026-06 (212) supera il massimo precedente (182).¦Anomalia: l'ultimo valore rolling 12 mesi si discosta in modo robusto dal trend recente oltre la soglia tecnica PULSE.¦PULSE Score: 81.6/100. Stato: VALIDATO — FEED TERRITORIALE.	DEMO ISTAT — Bilancio demografico mensile	https://demo.istat.it/app/?i=D7B
b614fc47bc2a191a	SDMX-IT-111_40	Italia		Italia	Fiducia delle costruzioni	INVERSIONE|ANOMALIA	GENERAL	81.5	SEGNALE PULSE — ISTATDATA	2026-09	Italia: Fiducia delle costruzioni scende da 102,8 a 97,5 nel periodo 2026-09.		103.3|101.6|104.3|103.8|103.2|102.1|103.8|101.5|100.8|104.2|103.2|104.4|103.5|102|103.2|102.5|101.2|101.7|103.2|102.6|101|99.8|103|103.5|100.7|99.2|101.6|96.7|102.8|97.5			Inversione: l'ultima variazione cambia segno rispetto alla precedente.¦Anomalia: l'ultimo livello o la sua variazione supera la soglia robusta PULSE.¦Clima di fiducia del settore costruzioni, totale settore.¦PULSE Score: 81.5/100. Fonte: IstatData SDMX, ISTAT.	IstatData SDMX — ISTAT	https://esploradati.istat.it/SDMXWS/rest/v1/data/111_40/all/IT1?startPeriod=2022&endPeriod=2026
f2230548a73ab587		Italia		Italia	GREEN · Economia circolare · Percentuale di riciclaggio	RECORD_MAX|ANOMALIA	GREEN	81.4	SEGNALE PULSE — GREEN	2024	Italia: Percentuale di riciclaggio sale da 50,8 a 52,3 nel periodo 2024.	37.6|39.9|41.2|42.7|44.5|45.8|47.6|48.4|48.1|49.2|50.8|52.3				Pilastro GREEN: Economia circolare.¦Serie ufficiale acquisita automaticamente da ISTAT - Indicatori SDGs.¦Ultima variazione: +1.5; intensità robusta z=2.89.¦PULSE Score: 81.4/100.¦Unità di misura dichiarata: Valori percentuali.¦SDG Goal 12 · codice misura SDG-185.	ISTAT - Indicatori SDGs	https://www.istat.it/wp-content/uploads/2026/07/Misure-statistiche-2004-2026.xlsx
79af51f8cf761c46		Sud (*)		Italia	GREEN · Mobilità sostenibile · Densità di piste ciclabili	RECORD_MAX|ANOMALIA	GREEN	81.3	SEGNALE PULSE — GREEN	2024	Sud (*): Densità di piste ciclabili sale da 8,1 a 8,9 nel periodo 2024.	7|7|7.7|7.1|8.1|8.9				Pilastro GREEN: Mobilità sostenibile.¦Serie ufficiale acquisita automaticamente da ISTAT - Ambiente urbano.¦Ultima variazione: +0.8; intensità robusta z=1.08.¦PULSE Score: 81.3/100.¦Unità di misura dichiarata: km per 100 km².	ISTAT - Ambiente urbano	https://www.istat.it/comunicato-stampa/ambiente-urbano-anno-2024/
e3b84de4557a36b0	078029	Cassano all'Ionio	Cosenza	Calabria	Nati vivi	DIVERGENZA|RECORD_MIN	TERRITORIALE	81.2	VALIDATO — FEED TERRITORIALE	2026-06	Cassano all'Ionio: nati vivi raggiunge un nuovo minimo dei 60 mesi precedenti su base mobile 12 mesi (84).	139|119|107|115|126|124|98	139|137|134|135|134|133|130|129|124|128|122|122|119|115|116|114|110|109|114|114|113|111|105|108|107|107|106|108|104|106|104|107|110|110|111|113|115|116|115|113|115|121|126|123|122|124|129|126|126|127|131|137|136|132|122|122|118|124|125|125|124|124|119|110|113|110|121|121|125|115|105|99|98|96|91|94|94|93|84	8.037|6.979|6.428|6.936|7.615|7.546|6.01	7.209|6.988|6.825|6.885|6.766|6.313|6.047	Divergenza territoriale: il tasso locale varia del -20.4% contro -4.2% nel resto della provincia.¦Record: il rolling 12 mesi di 2026-06 (84) scende sotto il minimo precedente (91).¦PULSE Score: 81.2/100. Stato: VALIDATO — FEED TERRITORIALE.	DEMO ISTAT — Bilancio demografico mensile	https://demo.istat.it/app/?i=D7B
ef9381799e459276		Terni		Italia	GREEN · Tutela della biodiversità · Disponibilità di verde urbano	RECORD_MAX|ANOMALIA	GREEN	81.1	SEGNALE PULSE — GREEN	2024	Terni: Disponibilità di verde urbano sale da 157,1 a 157,67 nel periodo 2024.	150.2637864|150.2200146|150.6218757|150.9091573|151.0799906|151.3496166|151.8825338|153.6745923|155.7017109|156.5669711|157.1022516|157.6718998				Pilastro GREEN: Tutela della biodiversità.¦Serie ufficiale acquisita automaticamente da ISTAT - Ambiente urbano.¦Ultima variazione: +0.5696; intensità robusta z=1.55.¦PULSE Score: 81.1/100.¦Unità di misura dichiarata: m²/abitante.	ISTAT - Ambiente urbano	https://www.istat.it/comunicato-stampa/ambiente-urbano-anno-2024/
2ecf01932209dc73		Potenza		Italia	GREEN · Tutela della biodiversità · Disponibilità di verde urbano	RECORD_MAX|ANOMALIA	GREEN	81.1	SEGNALE PULSE — GREEN	2024	Potenza: Disponibilità di verde urbano sale da 163,95 a 164,73 nel periodo 2024.	157.5388291|157.6905324|157.7969482|157.7579124|157.3274373|157.3862676|158.0790523|159.6548899|161.7378522|162.9646613|163.9535553|164.7301734				Pilastro GREEN: Tutela della biodiversità.¦Serie ufficiale acquisita automaticamente da ISTAT - Ambiente urbano.¦Ultima variazione: +0.7766; intensità robusta z=1.02.¦PULSE Score: 81.1/100.¦Unità di misura dichiarata: m²/abitante.	ISTAT - Ambiente urbano	https://www.istat.it/comunicato-stampa/ambiente-urbano-anno-2024/
02e2d6db9947bfea		Italia		Italia	GREEN · Risorse idriche e suolo · Numero di morti e persone disperse per alluvioni/allagamenti	INVERSIONE|ANOMALIA	GREEN	81.1	SEGNALE PULSE — GREEN	2022	Italia: Numero di morti e persone disperse per alluvioni/allagamenti sale da 4 a 25 nel periodo 2022.	30|10|27|23|9|8|9|32|10|11|4|25				Pilastro GREEN: Risorse idriche e suolo.¦Serie ufficiale acquisita automaticamente da ISTAT - Indicatori SDGs.¦Ultima variazione: +21; intensità robusta z=1.77.¦PULSE Score: 81.1/100.¦Unità di misura dichiarata: N..¦SDG Goal 13 · codice misura SDG-270.	ISTAT - Indicatori SDGs	https://www.istat.it/wp-content/uploads/2026/07/Misure-statistiche-2004-2026.xlsx
4276411ee1aec7f5		Ferrara		Italia	GREEN · Tutela della biodiversità · Disponibilità di verde urbano	RECORD_MAX|ACCELERAZIONE|ANOMALIA	GREEN	81.0	SEGNALE PULSE — GREEN	2024	Ferrara: Disponibilità di verde urbano sale da 63,51 a 64,37 nel periodo 2024.	58.31950105|58.54507121|59.16316002|59.50921003|60.83131336|61.48089685|61.71718015|62.05648453|62.83872127|63.30953482|63.5087355|64.36803213				Pilastro GREEN: Tutela della biodiversità.¦Serie ufficiale acquisita automaticamente da ISTAT - Ambiente urbano.¦Ultima variazione: +0.8593; intensità robusta z=2.96.¦PULSE Score: 81.0/100.¦Unità di misura dichiarata: m²/abitante.	ISTAT - Ambiente urbano	https://www.istat.it/comunicato-stampa/ambiente-urbano-anno-2024/
07f22d0aab1f3d5c		Catanzaro		Italia	GREEN · Tutela della biodiversità · Disponibilità di verde urbano	RECORD_MAX|ANOMALIA	GREEN	80.8	SEGNALE PULSE — GREEN	2024	Catanzaro: Disponibilità di verde urbano sale da 60,54 a 61,1 nel periodo 2024.	56.95063784|57.11250712|57.27429615|57.40093381|57.59518675|57.8862592|58.28804094|58.92673119|59.54003679|60.00599561|60.5387256|61.10010632				Pilastro GREEN: Tutela della biodiversità.¦Serie ufficiale acquisita automaticamente da ISTAT - Ambiente urbano.¦Ultima variazione: +0.5614; intensità robusta z=2.05.¦PULSE Score: 80.8/100.¦Unità di misura dichiarata: m²/abitante.	ISTAT - Ambiente urbano	https://www.istat.it/comunicato-stampa/ambiente-urbano-anno-2024/
975bed4b287f277e		Italia (*)		Italia	GREEN · Tutela della biodiversità · Disponibilità di verde urbano	RECORD_MAX|ANOMALIA	GREEN	80.8	SEGNALE PULSE — GREEN	2024	Italia (*): Disponibilità di verde urbano sale da 33,53 a 33,69 nel periodo 2024.	32.01646039|32.04870591|32.12359955|32.16437907|32.21309041|32.30565175|32.46625298|32.75343798|33.15259643|33.40313481|33.52884535|33.68618177				Pilastro GREEN: Tutela della biodiversità.¦Serie ufficiale acquisita automaticamente da ISTAT - Ambiente urbano.¦Ultima variazione: +0.1573; intensità robusta z=1.65.¦PULSE Score: 80.8/100.¦Unità di misura dichiarata: m²/abitante.	ISTAT - Ambiente urbano	https://www.istat.it/comunicato-stampa/ambiente-urbano-anno-2024/
d86aa1ce7248f4cc		Ravenna		Italia	GREEN · Economia circolare · Raccolta differenziata dei rifiuti urbani	RECORD_MAX|RALLENTAMENTO|ANOMALIA	GREEN	80.8	SEGNALE PULSE — GREEN	2024	Ravenna: Raccolta differenziata dei rifiuti urbani sale da 75,95 a 79,58 nel periodo 2024.	54.1132511|55.28226721|55.95361467|59.01496551|53.38676611|54.67384926|59.37391839|60.56505726|60.5385076|67.44211885|75.95265372|79.57990623				Pilastro GREEN: Economia circolare.¦Serie ufficiale acquisita automaticamente da ISTAT - Ambiente urbano.¦Ultima variazione: +3.627; intensità robusta z=1.58.¦PULSE Score: 80.8/100.¦Unità di misura dichiarata: %.	ISTAT - Ambiente urbano	https://www.istat.it/comunicato-stampa/ambiente-urbano-anno-2024/
f13203ae52489a17		Nord (*)		Italia	GREEN · Tutela della biodiversità · Disponibilità di verde urbano	RECORD_MAX|ACCELERAZIONE|ANOMALIA	GREEN	80.5	SEGNALE PULSE — GREEN	2024	Nord (*): Disponibilità di verde urbano sale da 42,5 a 42,61 nel periodo 2024.	40.84454262|40.95724264|41.0821899|41.13676708|41.1670765|41.20613821|41.2458945|41.54612122|42.10916901|42.47528094|42.49848646|42.60627027				Pilastro GREEN: Tutela della biodiversità.¦Serie ufficiale acquisita automaticamente da ISTAT - Ambiente urbano.¦Ultima variazione: +0.1078; intensità robusta z=1.49.¦PULSE Score: 80.5/100.¦Unità di misura dichiarata: m²/abitante.	ISTAT - Ambiente urbano	https://www.istat.it/comunicato-stampa/ambiente-urbano-anno-2024/
edf1109c6c5e9747		Aosta		Italia	GREEN · Economia circolare · Raccolta differenziata dei rifiuti urbani	RECORD_MAX|ACCELERAZIONE|ANOMALIA	GREEN	80.4	SEGNALE PULSE — GREEN	2024	Aosta: Raccolta differenziata dei rifiuti urbani sale da 71,53 a 78,61 nel periodo 2024.	46.7185737|42.84970366|55.15223429|65.48273266|67.69682523|67.26980742|69.17372922|66.0289019|65.79695571|69.21755586|71.53431043|78.60502797				Pilastro GREEN: Economia circolare.¦Serie ufficiale acquisita automaticamente da ISTAT - Ambiente urbano.¦Ultima variazione: +7.071; intensità robusta z=2.00.¦PULSE Score: 80.4/100.¦Unità di misura dichiarata: %.	ISTAT - Ambiente urbano	https://www.istat.it/comunicato-stampa/ambiente-urbano-anno-2024/
04114ea8e0905cd5		Capoluoghi città metropolitana		Italia	GREEN · Tutela della biodiversità · Disponibilità di verde urbano	RECORD_MAX|ANOMALIA	GREEN	80.2	SEGNALE PULSE — GREEN	2024	Capoluoghi città metropolitana: Disponibilità di verde urbano sale da 20,31 a 20,46 nel periodo 2024.	18.98861853|19.04590961|19.07384175|19.13433413|19.1807803|19.27888885|19.45384128|19.68919962|19.95035265|20.17480291|20.30618075|20.45696172				Pilastro GREEN: Tutela della biodiversità.¦Serie ufficiale acquisita automaticamente da ISTAT - Ambiente urbano.¦Ultima variazione: +0.1508; intensità robusta z=1.58.¦PULSE Score: 80.2/100.¦Unità di misura dichiarata: m²/abitante.	ISTAT - Ambiente urbano	https://www.istat.it/comunicato-stampa/ambiente-urbano-anno-2024/
f4c0115e739b5229		Grosseto		Italia	GREEN · Economia circolare · Raccolta differenziata dei rifiuti urbani	RECORD_MAX|RALLENTAMENTO|ANOMALIA	GREEN	80.1	SEGNALE PULSE — GREEN	2024	Grosseto: Raccolta differenziata dei rifiuti urbani sale da 65,32 a 67,77 nel periodo 2024.	33.85849587|33.55725179|35.27866707|35.75825068|34.82357771|37.46511347|41.37220315|44.29808004|55.05375874|59.77113196|65.32302358|67.76691679				Pilastro GREEN: Economia circolare.¦Serie ufficiale acquisita automaticamente da ISTAT - Ambiente urbano.¦Ultima variazione: +2.444; intensità robusta z=0.78.¦PULSE Score: 80.1/100.¦Unità di misura dichiarata: %.	ISTAT - Ambiente urbano	https://www.istat.it/comunicato-stampa/ambiente-urbano-anno-2024/
527cb96f79a4656b		Italia		Italia	GREEN · Transizione energetica · Energia elettrica da fonti rinnovabili	RECORD_MAX|ANOMALIA	GREEN	80.0	SEGNALE PULSE — GREEN	2024	Italia: Energia elettrica da fonti rinnovabili sale da 36,9 a 41,7 nel periodo 2024.	33.7|37.3|33.1|33.1|31.1|34.3|34.9|37.4|35.1|30.7|36.9|41.7				Pilastro GREEN: Transizione energetica.¦Serie ufficiale acquisita automaticamente da ISTAT - Indicatori SDGs.¦Ultima variazione: +4.8; intensità robusta z=1.18.¦PULSE Score: 80.0/100.¦Unità di misura dichiarata: Valori percentuali.¦SDG Goal 7 · codice misura 10AMB016.	ISTAT - Indicatori SDGs	https://www.istat.it/wp-content/uploads/2026/07/Misure-statistiche-2004-2026.xlsx
02c543dab4aed7b9		La Spezia		Italia	GREEN · Economia circolare · Produzione di rifiuti urbani	INVERSIONE|ANOMALIA	GREEN	79.9	SEGNALE PULSE — GREEN	2024	La Spezia: Produzione di rifiuti urbani scende da 583,85 a 519,89 nel periodo 2024.	505.1635356|512.5198037|495.4449837|516.397732|494.2618209|490.5840654|489.3106154|483.897995|520.7058123|515.934689|583.8539383|519.8913712				Pilastro GREEN: Economia circolare.¦Serie ufficiale acquisita automaticamente da ISTAT - Ambiente urbano.¦Ultima variazione: -63.96; intensità robusta z=3.53.¦PULSE Score: 79.9/100.¦Unità di misura dichiarata: kg/abitante.	ISTAT - Ambiente urbano	https://www.istat.it/comunicato-stampa/ambiente-urbano-anno-2024/
a106d7369cc9a304		Rieti		Italia	GREEN · Tutela della biodiversità · Disponibilità di verde urbano	RECORD_MAX|ANOMALIA	GREEN	79.7	SEGNALE PULSE — GREEN	2024	Rieti: Disponibilità di verde urbano sale da 347,82 a 349,12 nel periodo 2024.	332.1050105|332.6933525|333.498684|333.6679816|333.858647|334.9538814|337.2345251|341.0402655|344.9441966|346.7830598|347.8191119|349.123881				Pilastro GREEN: Tutela della biodiversità.¦Serie ufficiale acquisita automaticamente da ISTAT - Ambiente urbano.¦Ultima variazione: +1.305; intensità robusta z=1.07.¦PULSE Score: 79.7/100.¦Unità di misura dichiarata: m²/abitante.	ISTAT - Ambiente urbano	https://www.istat.it/comunicato-stampa/ambiente-urbano-anno-2024/
a3bf9d598d8f0022		Messina		Italia	GREEN · Economia circolare · Raccolta differenziata dei rifiuti urbani	RECORD_MAX|ANOMALIA	GREEN	79.6	SEGNALE PULSE — GREEN	2024	Messina: Raccolta differenziata dei rifiuti urbani sale da 55,4 a 58,57 nel periodo 2024.	6.283696723|7.59116198|9.419066216|11.24351229|14.23485274|17.88273733|18.82070938|29.17748124|42.95731526|53.46809469|55.39543476|58.56523563				Pilastro GREEN: Economia circolare.¦Serie ufficiale acquisita automaticamente da ISTAT - Ambiente urbano.¦Ultima variazione: +3.17; intensità robusta z=1.83.¦PULSE Score: 79.6/100.¦Unità di misura dichiarata: %.	ISTAT - Ambiente urbano	https://www.istat.it/comunicato-stampa/ambiente-urbano-anno-2024/
b2b7eb326a48b6e3		Trento		Italia	GREEN · Mobilità sostenibile · Densità di piste ciclabili	RECORD_MAX|RALLENTAMENTO|ANOMALIA	GREEN	79.4	SEGNALE PULSE — GREEN	2024	Trento: Densità di piste ciclabili sale da 49,1 a 50,6 nel periodo 2024.	42.1|43.5|45|45.4|49.1|50.6				Pilastro GREEN: Mobilità sostenibile.¦Serie ufficiale acquisita automaticamente da ISTAT - Ambiente urbano.¦Ultima variazione: +1.5; intensità robusta z=1.84.¦PULSE Score: 79.4/100.¦Unità di misura dichiarata: km per 100 km².	ISTAT - Ambiente urbano	https://www.istat.it/comunicato-stampa/ambiente-urbano-anno-2024/
2aee8523608d7ea0		Italia		Italia	GREEN · Tutela della biodiversità · Quota della flora e fauna selvatica commercializzata proveniente da bracconaggio o traffico illecito	INVERSIONE|ANOMALIA	GREEN	79.4	SEGNALE PULSE — GREEN	2021	Italia: Quota della flora e fauna selvatica commercializzata proveniente da bracconaggio o traffico illecito scende da 0,24 a 0,04 nel periodo 2021.	0.05|0.01|0.01|0.04|0.24|0.04				Pilastro GREEN: Tutela della biodiversità.¦Serie ufficiale acquisita automaticamente da ISTAT - Indicatori SDGs.¦Ultima variazione: -0.2; intensità robusta z=3.85.¦PULSE Score: 79.4/100.¦Unità di misura dichiarata: Valori percentuali.¦SDG Goal 15 · codice misura SDG-516.	ISTAT - Indicatori SDGs	https://www.istat.it/wp-content/uploads/2026/07/Misure-statistiche-2004-2026.xlsx
4e6045c3ebce97ee		Vicenza		Italia	GREEN · Tutela della biodiversità · Disponibilità di verde urbano	RECORD_MAX|RALLENTAMENTO|ANOMALIA	GREEN	79.3	SEGNALE PULSE — GREEN	2024	Vicenza: Disponibilità di verde urbano sale da 27,83 a 27,96 nel periodo 2024.	22.27159848|22.61274991|24.53457325|24.66170278|24.81046723|24.9845734|25.08704004|24.94217262|24.90502516|25.1772813|27.83410251|27.95984907				Pilastro GREEN: Tutela della biodiversità.¦Serie ufficiale acquisita automaticamente da ISTAT - Ambiente urbano.¦Ultima variazione: +0.1257; intensità robusta z=0.58.¦PULSE Score: 79.3/100.¦Unità di misura dichiarata: m²/abitante.	ISTAT - Ambiente urbano	https://www.istat.it/comunicato-stampa/ambiente-urbano-anno-2024/
5470460bb36b3903		Nord-est (*)		Italia	GREEN · Tutela della biodiversità · Disponibilità di verde urbano	RECORD_MAX|ANOMALIA	GREEN	79.3	SEGNALE PULSE — GREEN	2024	Nord-est (*): Disponibilità di verde urbano sale da 64,17 a 64,31 nel periodo 2024.	62.34999935|62.54304522|62.76325597|62.71960059|62.68004463|62.64992158|62.65673489|62.97311069|63.67016843|64.10308446|64.16643371|64.30620622				Pilastro GREEN: Tutela della biodiversità.¦Serie ufficiale acquisita automaticamente da ISTAT - Ambiente urbano.¦Ultima variazione: +0.1398; intensità robusta z=0.58.¦PULSE Score: 79.3/100.¦Unità di misura dichiarata: m²/abitante.	ISTAT - Ambiente urbano	https://www.istat.it/comunicato-stampa/ambiente-urbano-anno-2024/
b2935f3e58c8447f		Gorizia		Italia	GREEN · Economia circolare · Produzione di rifiuti urbani	RECORD_MAX|RALLENTAMENTO|ANOMALIA	GREEN	79.3	SEGNALE PULSE — GREEN	2024	Gorizia: Produzione di rifiuti urbani sale da 542,27 a 557,02 nel periodo 2024.	444.577466|440.7766467|447.6398336|460.7218152|480.7566626|489.9327657|491.1095963|490.6279414|502.5895542|492.5260793|542.2740802|557.0211817				Pilastro GREEN: Economia circolare.¦Serie ufficiale acquisita automaticamente da ISTAT - Ambiente urbano.¦Ultima variazione: +14.75; intensità robusta z=1.30.¦PULSE Score: 79.3/100.¦Unità di misura dichiarata: kg/abitante.	ISTAT - Ambiente urbano	https://www.istat.it/comunicato-stampa/ambiente-urbano-anno-2024/
cfbcdfc07969ea6d		Ravenna		Italia	GREEN · Tutela della biodiversità · Disponibilità di verde urbano	RECORD_MAX|ACCELERAZIONE|ANOMALIA	GREEN	79.2	SEGNALE PULSE — GREEN	2024	Ravenna: Disponibilità di verde urbano sale da 48,58 a 49,42 nel periodo 2024.	43.51081351|44.50645403|44.48978024|44.39098425|44.30887305|44.82013553|45.75616231|46.66290871|47.27397142|48.36050352|48.58376073|49.41763795				Pilastro GREEN: Tutela della biodiversità.¦Serie ufficiale acquisita automaticamente da ISTAT - Ambiente urbano.¦Ultima variazione: +0.8339; intensità robusta z=1.39.¦PULSE Score: 79.2/100.¦Unità di misura dichiarata: m²/abitante.	ISTAT - Ambiente urbano	https://www.istat.it/comunicato-stampa/ambiente-urbano-anno-2024/
fd6ea824e7ed25ff		Sassari		Italia	GREEN · Tutela della biodiversità · Disponibilità di verde urbano	RECORD_MAX|ANOMALIA	GREEN	78.9	SEGNALE PULSE — GREEN	2024	Sassari: Disponibilità di verde urbano sale da 18,87 a 18,94 nel periodo 2024.	17.85759667|17.86683302|17.95387933|17.99351114|18.04442507|18.08183056|18.12083368|18.37621429|18.67549506|18.75960717|18.87391853|18.94415033				Pilastro GREEN: Tutela della biodiversità.¦Serie ufficiale acquisita automaticamente da ISTAT - Ambiente urbano.¦Ultima variazione: +0.07023; intensità robusta z=1.62.¦PULSE Score: 78.9/100.¦Unità di misura dichiarata: m²/abitante.	ISTAT - Ambiente urbano	https://www.istat.it/comunicato-stampa/ambiente-urbano-anno-2024/
69facab6a63c2798		Capoluoghi di provincia (*)		Italia	GREEN · Tutela della biodiversità · Disponibilità di verde urbano	RECORD_MAX|ANOMALIA	GREEN	78.9	SEGNALE PULSE — GREEN	2024	Capoluoghi di provincia (*): Disponibilità di verde urbano sale da 48,24 a 48,4 nel periodo 2024.	46.48323245|46.54429186|46.70447135|46.74882893|46.8096756|46.89272221|47.02849671|47.33262183|47.8411337|48.11445132|48.24258789|48.40128904				Pilastro GREEN: Tutela della biodiversità.¦Serie ufficiale acquisita automaticamente da ISTAT - Ambiente urbano.¦Ultima variazione: +0.1587; intensità robusta z=1.51.¦PULSE Score: 78.9/100.¦Unità di misura dichiarata: m²/abitante.	ISTAT - Ambiente urbano	https://www.istat.it/comunicato-stampa/ambiente-urbano-anno-2024/
001cce22d149debd		Foggia		Italia	GREEN · Tutela della biodiversità · Disponibilità di verde urbano	RECORD_MAX|ANOMALIA	GREEN	78.8	SEGNALE PULSE — GREEN	2024	Foggia: Disponibilità di verde urbano sale da 9,37 a 9,39 nel periodo 2024.	8.990096925|9.003931079|9.03295163|9.049794496|9.054742591|9.063993525|9.098489969|9.196015346|9.285703606|9.331684994|9.368510195|9.394890837				Pilastro GREEN: Tutela della biodiversità.¦Serie ufficiale acquisita automaticamente da ISTAT - Ambiente urbano.¦Ultima variazione: +0.02638; intensità robusta z=1.08.¦PULSE Score: 78.8/100.¦Unità di misura dichiarata: m²/abitante.	ISTAT - Ambiente urbano	https://www.istat.it/comunicato-stampa/ambiente-urbano-anno-2024/
8e7785c01d235b34		Treviso		Italia	GREEN · Tutela della biodiversità · Disponibilità di verde urbano	INVERSIONE|ANOMALIA	GREEN	78.7	SEGNALE PULSE — GREEN	2024	Treviso: Disponibilità di verde urbano scende da 21,88 a 21,79 nel periodo 2024.	20.22040476|20.08860426|20.02379387|19.97914481|19.98325826|19.84086587|19.80366977|19.85007017|20.50259615|21.86248516|21.88370276|21.78706704				Pilastro GREEN: Tutela della biodiversità.¦Serie ufficiale acquisita automaticamente da ISTAT - Ambiente urbano.¦Ultima variazione: -0.09664; intensità robusta z=1.17.¦PULSE Score: 78.7/100.¦Unità di misura dichiarata: m²/abitante.	ISTAT - Ambiente urbano	https://www.istat.it/comunicato-stampa/ambiente-urbano-anno-2024/
8e90e0f0b1a50815		Campobasso		Italia	GREEN · Tutela della biodiversità · Disponibilità di verde urbano	INVERSIONE|ANOMALIA	GREEN	78.7	SEGNALE PULSE — GREEN	2024	Campobasso: Disponibilità di verde urbano scende da 12,15 a 12,12 nel periodo 2024.	11.7259828|11.73006575|11.74967943|11.75028211|11.75293466|11.75715708|11.86857296|12.00970043|12.10439225|12.13270811|12.15435285|12.12440373				Pilastro GREEN: Tutela della biodiversità.¦Serie ufficiale acquisita automaticamente da ISTAT - Ambiente urbano.¦Ultima variazione: -0.02995; intensità robusta z=1.17.¦PULSE Score: 78.7/100.¦Unità di misura dichiarata: m²/abitante.	ISTAT - Ambiente urbano	https://www.istat.it/comunicato-stampa/ambiente-urbano-anno-2024/
d3fe931f04d6364e		Grosseto		Italia	GREEN · Economia circolare · Produzione di rifiuti urbani	RECORD_MIN|INVERSIONE	GREEN	78.6	SEGNALE PULSE — GREEN	2024	Grosseto: Produzione di rifiuti urbani scende da 585,2 a 564,56 nel periodo 2024.	570.8866276|572.4609653|585.4720161|599.3593119|604.4167712|612.8883276|596.2386985|588.2690593|596.3235752|583.4202476|585.204611|564.5626928				Pilastro GREEN: Economia circolare.¦Serie ufficiale acquisita automaticamente da ISTAT - Ambiente urbano.¦Ultima variazione: -20.64; intensità robusta z=1.90.¦PULSE Score: 78.6/100.¦Unità di misura dichiarata: kg/abitante.	ISTAT - Ambiente urbano	https://www.istat.it/comunicato-stampa/ambiente-urbano-anno-2024/
f70a42b256e6479e		Imperia		Italia	GREEN · Tutela della biodiversità · Disponibilità di verde urbano	INVERSIONE|ANOMALIA	GREEN	78.5	SEGNALE PULSE — GREEN	2024	Imperia: Disponibilità di verde urbano scende da 6,43 a 6,41 nel periodo 2024.	6.047167254|6.057590819|6.092065487|6.110610367|6.107923075|6.11728329|6.124202305|6.134954118|6.13561221|6.114768313|6.428272956|6.413353709				Pilastro GREEN: Tutela della biodiversità.¦Serie ufficiale acquisita automaticamente da ISTAT - Ambiente urbano.¦Ultima variazione: -0.01492; intensità robusta z=1.13.¦PULSE Score: 78.5/100.¦Unità di misura dichiarata: m²/abitante.	ISTAT - Ambiente urbano	https://www.istat.it/comunicato-stampa/ambiente-urbano-anno-2024/
11a831c5a4ab2725		Lodi		Italia	GREEN · Tutela della biodiversità · Disponibilità di verde urbano	RECORD_MIN|ANOMALIA	GREEN	78.3	SEGNALE PULSE — GREEN	2024	Lodi: Disponibilità di verde urbano scende da 56,83 a 56,5 nel periodo 2024.	57.35740515|57.34958111|57.42808161|57.29018813|57.89187721|57.58357071|57.07080288|56.98940307|57.12434799|57.10648846|56.82603527|56.50334199				Pilastro GREEN: Tutela della biodiversità.¦Serie ufficiale acquisita automaticamente da ISTAT - Ambiente urbano.¦Ultima variazione: -0.3227; intensità robusta z=1.39.¦PULSE Score: 78.3/100.¦Unità di misura dichiarata: m²/abitante.	ISTAT - Ambiente urbano	https://www.istat.it/comunicato-stampa/ambiente-urbano-anno-2024/
ab7e52620a98e272		Trieste		Italia	GREEN · Tutela della biodiversità · Disponibilità di verde urbano	RECORD_MAX|ANOMALIA	GREEN	78.2	SEGNALE PULSE — GREEN	2024	Trieste: Disponibilità di verde urbano sale da 62,69 a 62,8 nel periodo 2024.	61.5146555|61.57773502|61.74105865|61.83416255|61.74289351|61.63375616|61.71568754|61.99323259|62.39651272|62.65773137|62.68555702|62.80203207				Pilastro GREEN: Tutela della biodiversità.¦Serie ufficiale acquisita automaticamente da ISTAT - Ambiente urbano.¦Ultima variazione: +0.1165; intensità robusta z=0.63.¦PULSE Score: 78.2/100.¦Unità di misura dichiarata: m²/abitante.	ISTAT - Ambiente urbano	https://www.istat.it/comunicato-stampa/ambiente-urbano-anno-2024/
1bcc64bbee2d2821		Italia (*)		Italia	GREEN · Economia circolare · Produzione di rifiuti urbani	INVERSIONE|ANOMALIA	GREEN	78.1	SEGNALE PULSE — GREEN	2024	Italia (*): Produzione di rifiuti urbani sale da 533,56 a 546,19 nel periodo 2024.	559.2589428|555.5118774|551.8037001|558.4716826|551.6456767|559.8062857|556.7722156|520.4854074|537.9837784|536.3827989|533.5608554|546.1861042				Pilastro GREEN: Economia circolare.¦Serie ufficiale acquisita automaticamente da ISTAT - Ambiente urbano.¦Ultima variazione: +12.63; intensità robusta z=3.26.¦PULSE Score: 78.1/100.¦Unità di misura dichiarata: kg/abitante.	ISTAT - Ambiente urbano	https://www.istat.it/comunicato-stampa/ambiente-urbano-anno-2024/
2f71207e2fab8fd1		Pescara		Italia	GREEN · Economia circolare · Produzione di rifiuti urbani	RECORD_MIN|ANOMALIA	GREEN	78.0	SEGNALE PULSE — GREEN	2024	Pescara: Produzione di rifiuti urbani scende da 510,61 a 502,75 nel periodo 2024.	555.2665205|566.7131739|566.6182976|568.0816523|578.2844966|578.6823953|578.1731738|549.2502472|551.2094735|524.6238978|510.6095495|502.7492884				Pilastro GREEN: Economia circolare.¦Serie ufficiale acquisita automaticamente da ISTAT - Ambiente urbano.¦Ultima variazione: -7.86; intensità robusta z=0.89.¦PULSE Score: 78.0/100.¦Unità di misura dichiarata: kg/abitante.	ISTAT - Ambiente urbano	https://www.istat.it/comunicato-stampa/ambiente-urbano-anno-2024/
264572c0a9f2f1ea		Molise		Molise	GREEN · Risorse idriche e suolo · Prelievi di acque minerali naturali per produzione	RECORD_MIN|ACCELERAZIONE|ANOMALIA	GREEN	77.9	SEGNALE PULSE — GREEN	2023	Molise: Prelievi di acque minerali naturali per produzione scende da 70 a 31 nel periodo 2023.	53|83|103|82|70|31				Pilastro GREEN: Risorse idriche e suolo.¦Serie ufficiale acquisita automaticamente da ISTAT - Statistiche sull'acqua.¦Ultima variazione: -39; intensità robusta z=1.28.¦PULSE Score: 77.9/100.¦Unità di misura dichiarata: migliaia m³.	ISTAT - Statistiche sull'acqua	https://www.istat.it/wp-content/uploads/2026/03/Istat-GMA2026-Tavole-1.xlsx
3114d602a363f28e	008065	Ventimiglia	Imperia	Liguria	Immigrati dall'estero	RECORD_MAX|ANOMALIA	GENERAL	77.8	VALIDATO — FEED TERRITORIALE	2026-06	Ventimiglia: immigrati dall'estero raggiunge un nuovo massimo dei 60 mesi precedenti su base mobile 12 mesi (397).	297|192|269|299|331|331|325	297|301|306|287|268|259|262|258|236|228|204|204|192|189|179|200|217|212|199|210|219|224|245|253|269|291|288|295|296|303|323|313|327|332|316|304|299|294|296|305|300|314|304|313|296|300|311|336|331|337|347|331|338|329|325|328|339|339|341|326|331|322|319|324|327|318|323|319|313|313|329|332|325|329|332|348|352|363|397	12.407|8.03|11.629|12.99|14.44|14.433|14.116	9.53|8.686|10.956|13.342|14.284|14.946|13.954	Record: il rolling 12 mesi di 2026-06 (397) supera il massimo precedente (363).¦Anomalia: l'ultimo valore rolling 12 mesi si discosta in modo robusto dal trend recente oltre la soglia tecnica PULSE.¦PULSE Score: 77.8/100. Stato: VALIDATO — FEED TERRITORIALE.	DEMO ISTAT — Bilancio demografico mensile	https://demo.istat.it/app/?i=D7B
8023cf3e7b6fd456		Vicenza		Italia	GREEN · Economia circolare · Produzione di rifiuti urbani	RECORD_MAX|INVERSIONE	GREEN	77.8	SEGNALE PULSE — GREEN	2024	Vicenza: Produzione di rifiuti urbani sale da 607,41 a 654,66 nel periodo 2024.	589.1947921|609.4482615|588.031259|614.1069353|602.3440698|627.9255915|643.6144785|628.8689312|645.4517222|613.2453213|607.4050466|654.6627893				Pilastro GREEN: Economia circolare.¦Serie ufficiale acquisita automaticamente da ISTAT - Ambiente urbano.¦Ultima variazione: +47.26; intensità robusta z=1.75.¦PULSE Score: 77.8/100.¦Unità di misura dichiarata: kg/abitante.	ISTAT - Ambiente urbano	https://www.istat.it/comunicato-stampa/ambiente-urbano-anno-2024/
cdf3e27d2f69ceee		Treviso		Italia	GREEN · Mobilità sostenibile · Densità di piste ciclabili	RECORD_MAX|RALLENTAMENTO|ANOMALIA	GREEN	77.8	SEGNALE PULSE — GREEN	2024	Treviso: Densità di piste ciclabili sale da 149,8 a 153,3 nel periodo 2024.	109.6|109.6|109.6|113.2|149.8|153.3				Pilastro GREEN: Mobilità sostenibile.¦Serie ufficiale acquisita automaticamente da ISTAT - Ambiente urbano.¦Ultima variazione: +3.5; intensità robusta z=1.31.¦PULSE Score: 77.8/100.¦Unità di misura dichiarata: km per 100 km².	ISTAT - Ambiente urbano	https://www.istat.it/comunicato-stampa/ambiente-urbano-anno-2024/
f53b0cd7584a7bc3		Siena		Italia	GREEN · Economia circolare · Raccolta differenziata dei rifiuti urbani	INVERSIONE|ANOMALIA	GREEN	77.5	SEGNALE PULSE — GREEN	2024	Siena: Raccolta differenziata dei rifiuti urbani scende da 62,28 a 60,98 nel periodo 2024.	38.46740834|38.01474781|38.45700269|39.54631885|40.25261547|40.64090251|43.57464216|49.92537859|57.77166909|62.01762282|62.28400332|60.98331733				Pilastro GREEN: Economia circolare.¦Serie ufficiale acquisita automaticamente da ISTAT - Ambiente urbano.¦Ultima variazione: -1.301; intensità robusta z=0.89.¦PULSE Score: 77.5/100.¦Unità di misura dichiarata: %.	ISTAT - Ambiente urbano	https://www.istat.it/comunicato-stampa/ambiente-urbano-anno-2024/
7210c5a0e77638bc	081004	Campobello di Mazara	Trapani	Sicilia	Nati vivi	DIVERGENZA	TERRITORIALE	77.4	VALIDATO — FEED TERRITORIALE	2026-06	Campobello di Mazara: rilevato divergenza su nati vivi.	97|77|92|73|82|89|70	97|98|98|91|89|86|89|83|87|86|81|74|77|77|75|81|87|93|88|87|86|84|87|88|92|90|87|86|82|79|79|80|78|82|80|78|73|72|75|77|75|78|78|79|77|76|76|78|82|84|85|83|83|86|86|81|84|85|86|91|89|88|85|85|84|76|77|88|84|83|82|76|70|71|72|71|75|80|81	8.428|6.759|8.062|6.368|7.19|7.848|6.232	7.402|7.372|7.306|7.354|7.154|6.606|6.744	Divergenza territoriale: il tasso locale varia del -20.6% contro +2.1% nel resto della provincia.¦PULSE Score: 77.4/100. Stato: VALIDATO — FEED TERRITORIALE.	DEMO ISTAT — Bilancio demografico mensile	https://demo.istat.it/app/?i=D7B
0ae65598c4c800c6	058114	Zagarolo	Roma	Lazio	Immigrati dall'estero	RECORD_MIN	TERRITORIALE	77.4	VALIDATO — FEED TERRITORIALE	2026-06	Zagarolo: immigrati dall'estero raggiunge un nuovo minimo dei 60 mesi precedenti su base mobile 12 mesi (69).	127|106|101|103|106|121|115	127|145|145|132|119|113|109|111|111|114|111|101|106|87|92|99|107|110|105|105|104|107|95|98|101|96|93|96|92|94|97|97|98|96|99|107|103|107|109|107|105|105|118|115|111|107|109|111|106|108|117|123|127|127|117|119|123|125|119|113|121|124|111|103|105|111|125|122|125|121|131|124|115|105|102|106|99|90|69	7.17|5.918|5.608|5.615|5.746|6.49|6.092	6.193|4.485|5.306|6.528|7.004|7.185|6.143	Record: il rolling 12 mesi di 2026-06 (69) scende sotto il minimo precedente (87).¦PULSE Score: 77.4/100. Stato: VALIDATO — FEED TERRITORIALE.	DEMO ISTAT — Bilancio demografico mensile	https://demo.istat.it/app/?i=D7B
a8c2848cc85b910f	061078	San Nicola la Strada	Caserta	Campania	Emigrati per l'estero	RECORD_MIN	TERRITORIALE	77.4	VALIDATO — FEED TERRITORIALE	2026-06	San Nicola la Strada: emigrati per l'estero raggiunge un nuovo minimo dei 60 mesi precedenti su base mobile 12 mesi (18).	76|30|52|47|53|67|39	76|65|66|54|48|45|41|40|38|36|33|31|30|33|28|32|35|38|41|39|46|44|47|49|52|54|57|57|53|52|51|53|49|54|49|49|47|45|49|47|53|53|56|54|49|44|49|53|53|63|61|63|59|60|60|62|62|67|68|66|67|55|53|48|47|47|53|49|50|51|46|42|39|38|35|34|34|30|18	3.384|1.347|2.347|2.114|2.392|3.036|1.783	2.52|2.128|2.119|1.689|1.606|1.762|1.319	Record: il rolling 12 mesi di 2026-06 (18) scende sotto il minimo precedente (28).¦PULSE Score: 77.4/100. Stato: VALIDATO — FEED TERRITORIALE.	DEMO ISTAT — Bilancio demografico mensile	https://demo.istat.it/app/?i=D7B
70e1a9c6fbc29da2	063089	Volla	Napoli	Campania	Nati vivi	DIVERGENZA|RECORD_MIN	GENERAL	77.3	VALIDATO — FEED TERRITORIALE	2026-06	Volla: nati vivi raggiunge un nuovo minimo dei 60 mesi precedenti su base mobile 12 mesi (218).	281|295|300|303|289|305|227	281|274|277|276|280|285|291|291|293|298|299|295|295|289|285|287|284|282|286|293|311|315|307|309|300|317|317|306|318|323|321|317|306|300|295|289|303|300|304|311|304|300|301|305|299|304|300|300|289|289|290|293|295|293|287|278|292|291|296|305|305|297|295|283|273|272|279|276|254|244|235|228|227|227|224|227|228|229|218	11.465|11.806|12.046|11.944|11.3|11.884|8.752	8.559|8.261|8.082|8.237|7.883|7.683|7.38	Divergenza territoriale: il tasso locale varia del -26.4% contro -3.9% nel resto della provincia.¦Record: il rolling 12 mesi di 2026-06 (218) scende sotto il minimo precedente (224).¦PULSE Score: 77.3/100. Stato: VALIDATO — FEED TERRITORIALE.	DEMO ISTAT — Bilancio demografico mensile	https://demo.istat.it/app/?i=D7B
cafd7e88e90150df		Ravenna		Italia	GREEN · Economia circolare · Produzione di rifiuti urbani	INVERSIONE|ANOMALIA	GREEN	77.3	SEGNALE PULSE — GREEN	2024	Ravenna: Produzione di rifiuti urbani sale da 692,64 a 721,55 nel periodo 2024.	699.3290947|705.2060624|710.2597924|708.1412292|725.5921258|730.8976431|730.876634|686.4329383|697.792007|715.1019924|692.6431549|721.5512852				Pilastro GREEN: Economia circolare.¦Serie ufficiale acquisita automaticamente da ISTAT - Ambiente urbano.¦Ultima variazione: +28.91; intensità robusta z=2.89.¦PULSE Score: 77.3/100.¦Unità di misura dichiarata: kg/abitante.	ISTAT - Ambiente urbano	https://www.istat.it/comunicato-stampa/ambiente-urbano-anno-2024/
a3ea8742a0d91ab1		Italia		Italia	GREEN · Economia circolare · Rifiuti urbani prodotti	RECORD_MAX|ACCELERAZIONE|ANOMALIA	GREEN	77.3	SEGNALE PULSE — GREEN	2024	Italia: Rifiuti urbani prodotti sale da 496 a 508 nel periodo 2024.	490|492|490|501|493|504|503|487|501|492|496|508				Pilastro GREEN: Economia circolare.¦Serie ufficiale acquisita automaticamente da ISTAT - Indicatori SDGs.¦Ultima variazione: +12; intensità robusta z=0.90.¦PULSE Score: 77.3/100.¦Unità di misura dichiarata: Kg per abitante.¦SDG Goal 12 · codice misura 10AMB024.	ISTAT - Indicatori SDGs	https://www.istat.it/wp-content/uploads/2026/07/Misure-statistiche-2004-2026.xlsx
ca39ee5caee754b2		Italia		Italia	GREEN · Crisi climatica e decarbonizzazione · Emissioni nazionali di NH3	INVERSIONE|ANOMALIA	GREEN	77.3	SEGNALE PULSE — GREEN	2023	Italia: Emissioni nazionali di NH3 sale da 347,6 a 382,2 nel periodo 2023.	443.3|420.4|406|407.5|427.4|407.2|390.3|383.9|399.9|387.8|347.6|382.2				Pilastro GREEN: Crisi climatica e decarbonizzazione.¦Serie ufficiale acquisita automaticamente da ISTAT - Indicatori SDGs.¦Ultima variazione: +34.6; intensità robusta z=2.81.¦PULSE Score: 77.3/100.¦Unità di misura dichiarata: Migliaia di tonnellate.¦SDG Goal 13 · codice misura SDG-486.	ISTAT - Indicatori SDGs	https://www.istat.it/wp-content/uploads/2026/07/Misure-statistiche-2004-2026.xlsx
547f75184db1b799		Centro		Centro	GREEN · Risorse idriche e suolo · Prelievi di acque minerali naturali per produzione	INVERSIONE|ANOMALIA	GREEN	77.3	SEGNALE PULSE — GREEN	2023	Centro: Prelievi di acque minerali naturali per produzione scende da 3.312 a 3.087 nel periodo 2023.	2897|3021|3146|3216|3172|3268|3261|3312|3087				Pilastro GREEN: Risorse idriche e suolo.¦Serie ufficiale acquisita automaticamente da ISTAT - Statistiche sull'acqua.¦Ultima variazione: -225; intensità robusta z=2.81.¦PULSE Score: 77.3/100.¦Unità di misura dichiarata: migliaia m³.	ISTAT - Statistiche sull'acqua	https://www.istat.it/wp-content/uploads/2026/03/Istat-GMA2026-Tavole-1.xlsx
1893adbd8fb28548	108044	Usmate Velate	Monza e della Brianza	Lombardia	Nati vivi	DIVERGENZA	TERRITORIALE	77.2	VALIDATO — FEED TERRITORIALE	2026-06	Usmate Velate: rilevato divergenza su nati vivi.	88|67|87|84|81|78|53	88|86|87|87|82|77|83|82|82|78|68|71|67|66|65|64|76|76|72|72|69|75|77|76|87|86|86|86|76|80|82|91|94|89|92|91|84|87|88|89|87|90|89|89|84|87|87|82|81|78|79|75|77|73|71|70|75|72|71|75|78|75|72|72|71|70|68|61|55|57|54|52|53|59|62|59|62|62|68	8.549|6.46|8.345|8.013|7.673|7.351|4.956	7.34|6.975|6.971|6.892|6.589|6.367|6.181	Divergenza territoriale: il tasso locale varia del -32.6% contro -2.9% nel resto della provincia.¦PULSE Score: 77.2/100. Stato: VALIDATO — FEED TERRITORIALE.	DEMO ISTAT — Bilancio demografico mensile	https://demo.istat.it/app/?i=D7B
0bb6256595638404		Latina		Italia	GREEN · Economia circolare · Produzione di rifiuti urbani	INVERSIONE|ANOMALIA	GREEN	77.2	SEGNALE PULSE — GREEN	2024	Latina: Produzione di rifiuti urbani sale da 480,49 a 508,93 nel periodo 2024.	583.3797107|574.1765118|539.5844819|546.5573731|537.0418039|543.1301567|545.2374079|537.4173301|544.7849315|519.1297441|480.4908091|508.9289081				Pilastro GREEN: Economia circolare.¦Serie ufficiale acquisita automaticamente da ISTAT - Ambiente urbano.¦Ultima variazione: +28.44; intensità robusta z=1.28.¦PULSE Score: 77.2/100.¦Unità di misura dichiarata: kg/abitante.	ISTAT - Ambiente urbano	https://www.istat.it/comunicato-stampa/ambiente-urbano-anno-2024/
927a864e765f193c	041069	Colli al Metauro	Pesaro e Urbino	Marche	Morti	DIVERGENZA	TERRITORIALE	77.1	VALIDATO — FEED TERRITORIALE	2026-06	Colli al Metauro: rilevato divergenza su morti.	109|121|87|136|103|79|119	109|109|105|105|116|117|114|110|115|121|119|111|121|122|123|120|105|107|109|108|104|99|101|97|87|90|90|96|105|106|110|120|122|127|125|127|136|133|140|133|126|123|123|115|108|105|105|109|103|94|86|87|90|93|87|88|92|94|91|82|79|86|91|91|95|93|102|102|107|103|105|116|119|127|124|126|122|123|115	8.885|9.869|7.13|11.116|8.422|6.413|9.603	11.187|14.122|12.331|12.791|11.5|11.299|11.632	Divergenza territoriale: il tasso locale varia del +49.7% contro +2.9% nel resto della provincia.¦PULSE Score: 77.1/100. Stato: VALIDATO — FEED TERRITORIALE.	DEMO ISTAT — Bilancio demografico mensile	https://demo.istat.it/app/?i=D7B
b017cfb557302cf5		Udine		Italia	GREEN · Tutela della biodiversità · Disponibilità di verde urbano	RECORD_MAX|ANOMALIA	GREEN	77.0	SEGNALE PULSE — GREEN	2024	Udine: Disponibilità di verde urbano sale da 22,12 a 22,17 nel periodo 2024.	21.41238456|21.37420653|21.52879791|21.49332078|21.4171562|21.36953805|21.4243634|21.69418029|22.07095747|22.09345374|22.11612272|22.17298546				Pilastro GREEN: Tutela della biodiversità.¦Serie ufficiale acquisita automaticamente da ISTAT - Ambiente urbano.¦Ultima variazione: +0.05686; intensità robusta z=0.59.¦PULSE Score: 77.0/100.¦Unità di misura dichiarata: m²/abitante.	ISTAT - Ambiente urbano	https://www.istat.it/comunicato-stampa/ambiente-urbano-anno-2024/
efec83e9284b1659	019098	Soresina	Cremona	Lombardia	Morti	DIVERGENZA	TERRITORIALE	76.9	VALIDATO — FEED TERRITORIALE	2026-06	Soresina: rilevato divergenza su morti.	121|182|114|135|121|122|158	121|127|125|167|196|203|198|197|200|202|194|195|182|181|188|145|120|110|108|110|102|104|105|110|114|109|106|111|112|113|118|118|124|122|127|124|135|139|138|138|136|131|127|131|125|124|119|118|121|122|119|115|114|118|121|116|119|126|130|130|122|131|143|149|154|156|156|157|163|159|158|162|158|147|144|142|137|136|139	13.868|20.999|13.087|15.439|13.677|13.461|17.174	11.096|17.492|11.897|12.458|11.679|11.809|11.902	Divergenza territoriale: il tasso locale varia del +27.6% contro +0.8% nel resto della provincia.¦PULSE Score: 76.9/100. Stato: VALIDATO — FEED TERRITORIALE.	DEMO ISTAT — Bilancio demografico mensile	https://demo.istat.it/app/?i=D7B
52046c48604424ba	SDMX-IT-114_191_DF_DCSC_ORDFATT_9	Italia		Italia	Fatturato industriale	RECORD_MAX|INVERSIONE	GENERAL	76.8	SEGNALE PULSE — ISTATDATA	2026-07	Italia: Fatturato industriale sale da 115,1 a 117 nel periodo 2026-07.		115.2|112.6|112|112.3|111.5|110.7|111.4|109.9|111|112.8|109.6|113.8|113|111.1|112.7|110.4|111.6|111.7|111|113.4|112.6|112.5|113.1|113|113.7|115.7|115.6|116.2|115.1|117			Record: l'ultimo valore supera i dodici periodi precedenti disponibili.¦Inversione: l'ultima variazione cambia segno rispetto alla precedente.¦Valore del fatturato industriale, base 2021; serie nazionale più aggregata disponibile.¦PULSE Score: 76.8/100. Fonte: IstatData SDMX, ISTAT.	IstatData SDMX — ISTAT	https://esploradati.istat.it/SDMXWS/rest/v1/data/114_191_DF_DCSC_ORDFATT_9/all/IT1?startPeriod=2022&endPeriod=2026
cae5ed323a4e1e9f	087003	Aci Catena	Catania	Sicilia	Nati vivi	DIVERGENZA	GENERAL	76.8	VALIDATO — FEED TERRITORIALE	2026-06	Aci Catena: rilevato divergenza su nati vivi.	234|225|208|218|215|215|157	234|248|257|257|256|247|246|242|240|241|232|236|225|212|200|197|198|204|204|208|214|196|204|206|208|227|232|231|232|235|239|235|231|235|230|224|218|204|205|202|201|194|192|188|191|204|213|213|215|214|220|227|229|233|233|242|239|223|215|211|215|218|209|206|198|200|195|180|176|176|165|166|157|151|156|154|152|151|152	8.397|8.098|7.386|7.751|7.707|7.751|5.708	8.621|8.392|8.328|8.214|7.873|7.559|7.2	Divergenza territoriale: il tasso locale varia del -26.4% contro -4.7% nel resto della provincia.¦PULSE Score: 76.8/100. Stato: VALIDATO — FEED TERRITORIALE.	DEMO ISTAT — Bilancio demografico mensile	https://demo.istat.it/app/?i=D7B
4baeff5ffa1e41ae		Italia		Italia	GREEN · Crisi climatica e decarbonizzazione · Emissioni nette domestiche di gas serra (incl. LULUCF)	RECORD_MIN|RALLENTAMENTO|ANOMALIA	GREEN	76.8	SEGNALE PULSE — GREEN	2024	Italia: Emissioni nette domestiche di gas serra (incl. LULUCF) scende da 319.575 a 299.422 nel periodo 2024.	405154.5906|382974.2433|391070.2835|386814.9752|394389.0883|371226.1287|360670.6226|330352.3576|361976.3148|360666.5208|319574.6054|299421.6787				Pilastro GREEN: Crisi climatica e decarbonizzazione.¦Serie ufficiale acquisita automaticamente da EEA - Dati ambientali europei.¦Ultima variazione: -2.015e+04; intensità robusta z=0.89.¦PULSE Score: 76.8/100.¦Unità di misura dichiarata: Gg CO2e.	EEA - Dati ambientali europei	https://www.eea.europa.eu/en/datahub/datahubitem-view/d22b842a-53f7-4c63-aa94-74d5fa1f4d40
21a1a8005ca0e01f		Italia		Italia	GREEN · Crisi climatica e decarbonizzazione · Emissioni di gas serra	RECORD_MIN|RALLENTAMENTO|ANOMALIA	GREEN	76.8	SEGNALE PULSE — GREEN	2024	Italia: Emissioni di gas serra scende da 319.575 a 299.422 nel periodo 2024.	405154.59|382974.24|391070.28|386814.98|394389.09|371226.13|360670.62|330352.36|361976.31|360666.52|319574.61|299421.68				Pilastro GREEN: Crisi climatica e decarbonizzazione.¦Serie ufficiale acquisita automaticamente da Eurostat - Statistiche ambientali ed energia.¦Ultima variazione: -2.015e+04; intensità robusta z=0.89.¦PULSE Score: 76.8/100.¦Unità di misura dichiarata: THS_T.	Eurostat - Statistiche ambientali ed energia	https://ec.europa.eu/eurostat/api/dissemination/statistics/1.0/data/env_air_gge?lang=en&geo=IT
9d912306137db9e5		Italia		Italia	GREEN · Crisi climatica e decarbonizzazione · Emissioni nette di gas serra	RECORD_MIN|RALLENTAMENTO|ANOMALIA	GREEN	76.8	SEGNALE PULSE — GREEN	2024	Italia: Emissioni nette di gas serra scende da 318.731 a 298.550 nel periodo 2024.	404222.7406|382107.1533|390254.8535|386048.6652|393567.5183|370378.3987|359803.8126|329476.0376|361118.5448|359876.5008|318731.4454|298550.1987				Pilastro GREEN: Crisi climatica e decarbonizzazione.¦Serie ufficiale acquisita automaticamente da ISPRA - Inventario nazionale delle emissioni.¦Ultima variazione: -2.018e+04; intensità robusta z=0.89.¦PULSE Score: 76.8/100.¦Unità di misura dichiarata: kt CO₂e.	ISPRA - Inventario nazionale delle emissioni	https://emissioni.sina.isprambiente.it/wp-content/uploads/2026/04/Emissioni-GHG-Sintesi-2026.xlsx
a39bc2ab683d31e1		Bari		Italia	GREEN · Mobilità sostenibile · Densità di piste ciclabili	RECORD_MAX|RALLENTAMENTO|ANOMALIA	GREEN	76.8	SEGNALE PULSE — GREEN	2024	Bari: Densità di piste ciclabili sale da 33,7 a 35,1 nel periodo 2024.	26.4|28.1|28.1|30.2|33.7|35.1				Pilastro GREEN: Mobilità sostenibile.¦Serie ufficiale acquisita automaticamente da ISTAT - Ambiente urbano.¦Ultima variazione: +1.4; intensità robusta z=1.05.¦PULSE Score: 76.8/100.¦Unità di misura dichiarata: km per 100 km².	ISTAT - Ambiente urbano	https://www.istat.it/comunicato-stampa/ambiente-urbano-anno-2024/
9a7630e68f377c9d	061095	Vairano Patenora	Caserta	Campania	Emigrati per altro comune	RECORD_MAX|ANOMALIA	TERRITORIALE	76.7	VALIDATO — FEED TERRITORIALE	2026-06	Vairano Patenora: emigrati per altro comune raggiunge un nuovo massimo dei 60 mesi precedenti su base mobile 12 mesi (205).	134|128|130|150|171|165|163	134|134|139|116|114|120|123|124|125|119|117|117|128|127|119|127|133|127|120|118|129|138|138|135|130|138|136|144|143|147|149|152|153|151|155|154|150|149|154|154|159|166|173|183|170|165|162|169|171|182|186|183|185|182|176|163|168|172|173|166|165|158|160|159|149|143|144|145|155|155|157|163|163|158|159|171|180|184|205	20.536|19.668|20.424|23.783|26.976|26.095|25.597	27.967|23.871|26.672|27.524|27.029|26.072|26.514	Record: il rolling 12 mesi di 2026-06 (205) supera il massimo precedente (186).¦Anomalia: l'ultimo valore rolling 12 mesi si discosta in modo robusto dal trend recente oltre la soglia tecnica PULSE.¦PULSE Score: 76.7/100. Stato: VALIDATO — FEED TERRITORIALE.	DEMO ISTAT — Bilancio demografico mensile	https://demo.istat.it/app/?i=D7B
61d2994e5a146a6f	063026	Cercola	Napoli	Campania	Nati vivi	DIVERGENZA	TERRITORIALE	76.6	VALIDATO — FEED TERRITORIALE	2026-06	Cercola: rilevato divergenza su nati vivi.	145|133|136|146|149|145|109	145|143|139|132|137|140|141|146|143|149|143|140|133|137|137|144|140|139|140|135|138|139|135|133|136|127|133|128|129|135|136|135|132|135|134|139|146|149|144|153|160|156|164|167|166|152|160|154|149|152|161|152|143|145|134|135|136|140|138|141|145|144|140|138|138|136|139|132|127|127|123|122|109|108|108|110|108|102|98	8.3|7.742|7.964|8.526|8.766|8.592|6.491	8.584|8.293|8.116|8.267|7.908|7.714|7.397	Divergenza territoriale: il tasso locale varia del -24.5% contro -4.1% nel resto della provincia.¦PULSE Score: 76.6/100. Stato: VALIDATO — FEED TERRITORIALE.	DEMO ISTAT — Bilancio demografico mensile	https://demo.istat.it/app/?i=D7B
36506e8a9941afa2		Terni		Italia	GREEN · Economia circolare · Produzione di rifiuti urbani	INVERSIONE|ANOMALIA	GREEN	76.5	SEGNALE PULSE — GREEN	2024	Terni: Produzione di rifiuti urbani sale da 440,37 a 486,42 nel periodo 2024.	574.2195045|555.024988|539.2045807|563.9155498|484.1957912|480.7850776|454.4762488|439.5959172|461.4638085|455.3114163|440.3688992|486.4198622				Pilastro GREEN: Economia circolare.¦Serie ufficiale acquisita automaticamente da ISTAT - Ambiente urbano.¦Ultima variazione: +46.05; intensità robusta z=3.08.¦PULSE Score: 76.5/100.¦Unità di misura dichiarata: kg/abitante.	ISTAT - Ambiente urbano	https://www.istat.it/comunicato-stampa/ambiente-urbano-anno-2024/
7bc76c3452e8c0b1	051012	Castiglion Fiorentino	Arezzo	Toscana	Morti	DIVERGENZA|ANOMALIA	GENERAL	76.4	VALIDATO — FEED TERRITORIALE	2026-06	Castiglion Fiorentino: rilevato divergenza + anomalia su morti.	122|157|169|173|143|144|133	122|126|128|142|136|132|134|140|142|147|148|152|157|156|161|163|167|172|172|174|173|172|175|168|169|173|166|161|162|161|165|160|158|161|162|167|173|171|168|157|153|151|146|147|154|145|145|149|143|135|137|147|147|143|150|155|148|156|151|143|144|143|147|145|144|141|134|134|140|136|141|138|133|141|132|131|137|148|155	9.348|11.993|12.988|13.255|11.055|11.193|10.372	11.907|13.024|13.432|13.471|12.453|12.332|12.337	Divergenza territoriale: il tasso locale varia del -7.3% contro +0.0% nel resto della provincia.¦Anomalia: l'ultimo valore rolling 12 mesi si discosta in modo robusto dal trend recente oltre la soglia tecnica PULSE.¦PULSE Score: 76.4/100. Stato: VALIDATO — FEED TERRITORIALE.	DEMO ISTAT — Bilancio demografico mensile	https://demo.istat.it/app/?i=D7B
ba5e153061b0ee96	065073	Montecorvino Rovella	Salerno	Campania	Morti	DIVERGENZA	TERRITORIALE	76.3	VALIDATO — FEED TERRITORIALE	2026-06	Montecorvino Rovella: rilevato divergenza su morti.	115|123|128|128|115|117|141	115|117|118|114|116|116|112|109|109|102|111|122|123|122|119|125|125|125|124|131|134|139|132|126|128|130|132|132|131|126|133|131|136|132|128|124|128|128|126|121|121|125|123|123|117|118|121|122|115|112|117|118|115|113|115|114|117|119|118|117|117|121|123|128|134|134|130|134|133|130|137|143|141|140|127|123|114|114|119	9.419|10.075|10.424|10.391|9.378|9.521|11.469	10.329|10.61|11.605|11.839|11.372|10.826|10.887	Divergenza territoriale: il tasso locale varia del +20.5% contro +0.6% nel resto della provincia.¦PULSE Score: 76.3/100. Stato: VALIDATO — FEED TERRITORIALE.	DEMO ISTAT — Bilancio demografico mensile	https://demo.istat.it/app/?i=D7B
225c86d446cd0af3	097016	Casatenovo	Lecco	Lombardia	Morti	DIVERGENZA	TERRITORIALE	76.3	VALIDATO — FEED TERRITORIALE	2026-06	Casatenovo: rilevato divergenza su morti.	137|153|145|152|137|138|116	137|130|129|141|149|147|150|147|147|147|144|146|153|161|165|152|145|152|149|151|155|157|156|152|145|142|145|147|145|144|147|148|148|148|150|150|152|154|146|144|139|137|136|132|134|140|135|135|137|136|140|143|146|147|145|142|141|134|136|138|138|136|132|128|130|128|127|128|121|118|121|123|116|112|111|111|109|112|117	10.614|11.8|11.045|11.53|10.339|10.387|8.781	10.001|13.683|11.147|11.567|10.419|10.329|11.06	Divergenza territoriale: il tasso locale varia del -15.5% contro +7.1% nel resto della provincia.¦PULSE Score: 76.3/100. Stato: VALIDATO — FEED TERRITORIALE.	DEMO ISTAT — Bilancio demografico mensile	https://demo.istat.it/app/?i=D7B
13d6923b86661e4e	042027	Montemarciano	Ancona	Marche	Morti	DIVERGENZA	TERRITORIALE	76.2	VALIDATO — FEED TERRITORIALE	2026-06	Montemarciano: rilevato divergenza su morti.	96|106|109|108|100|97|118	96|94|92|102|102|104|100|104|107|106|98|100|106|111|111|107|108|110|115|114|115|114|116|111|109|105|100|101|108|107|108|107|103|106|112|113|108|110|113|114|102|103|97|99|100|102|98|96|100|102|98|93|98|99|99|98|98|95|94|100|97|98|106|107|107|99|109|118|115|116|119|114|118|122|116|115|114|122|119	9.729|10.746|11.015|11.072|10.225|9.91|12.027	11.476|12.841|13.476|12.975|11.906|11.604|11.415	Divergenza territoriale: il tasso locale varia del +21.4% contro -1.6% nel resto della provincia.¦PULSE Score: 76.2/100. Stato: VALIDATO — FEED TERRITORIALE.	DEMO ISTAT — Bilancio demografico mensile	https://demo.istat.it/app/?i=D7B
8749b3782762c6ac	027028	Pianiga	Venezia	Veneto	Morti	DIVERGENZA	TERRITORIALE	76.2	VALIDATO — FEED TERRITORIALE	2026-06	Pianiga: rilevato divergenza su morti.	100|113|102|109|101|101|127	100|104|98|105|105|107|107|103|103|105|103|114|113|113|115|113|106|118|122|122|119|115|113|103|102|105|102|95|98|90|86|89|92|94|100|111|109|102|105|106|105|106|111|109|110|108|101|96|101|105|102|102|103|102|101|102|98|101|107|105|101|103|108|116|119|119|114|112|118|118|117|125|127|123|119|115|109|109|117	8.065|9.144|8.321|8.907|8.28|8.275|10.367	10.95|12.687|12.179|12.651|11.442|11.432|11.55	Divergenza territoriale: il tasso locale varia del +25.3% contro +1.0% nel resto della provincia.¦PULSE Score: 76.2/100. Stato: VALIDATO — FEED TERRITORIALE.	DEMO ISTAT — Bilancio demografico mensile	https://demo.istat.it/app/?i=D7B
a131e4891e3e6949	087041	San Giovanni la Punta	Catania	Sicilia	Morti	DIVERGENZA	GENERAL	76.1	VALIDATO — FEED TERRITORIALE	2026-06	San Giovanni la Punta: rilevato divergenza su morti.	175|209|217|224|215|177|226	175|177|178|185|192|197|197|199|188|190|198|204|209|218|218|209|201|204|206|205|213|223|217|214|217|221|233|245|253|246|241|243|238|232|235|230|224|215|221|213|199|208|210|209|217|220|215|211|215|209|195|194|199|191|185|184|174|170|171|178|177|190|185|192|196|199|204|206|212|216|224|221|226|226|221|225|219|214|220	7.706|9.169|9.299|9.472|9.048|7.368|9.327	9.899|10.673|11.232|11.306|10.925|10.067|10.16	Divergenza territoriale: il tasso locale varia del +26.6% contro +0.9% nel resto della provincia.¦PULSE Score: 76.1/100. Stato: VALIDATO — FEED TERRITORIALE.	DEMO ISTAT — Bilancio demografico mensile	https://demo.istat.it/app/?i=D7B
ce8ff8e761635f3d	108040	Seveso	Monza e della Brianza	Lombardia	Immigrati dall'estero	RECORD_MAX|ACCELERAZIONE|ANOMALIA	TERRITORIALE	76.0	VALIDATO — FEED TERRITORIALE	2026-06	Seveso: immigrati dall'estero raggiunge un nuovo massimo dei 60 mesi precedenti su base mobile 12 mesi (183).	116|88|113|130|134|119|132	116|118|110|103|96|91|88|91|92|98|93|93|88|80|91|97|103|106|111|102|101|106|107|112|113|118|108|99|97|104|105|115|113|105|117|113|130|132|137|146|147|143|147|137|137|139|127|140|134|140|136|136|134|133|126|133|140|141|141|127|119|117|124|123|127|129|129|132|124|126|128|130|132|133|141|155|162|168|183	5.02|3.781|4.762|5.461|5.597|4.954|5.523	5.178|3.44|4.076|5.744|6.277|6.301|7.091	Record: il rolling 12 mesi di 2026-06 (183) supera il massimo precedente (168).¦Accelerazione: il fenomeno prosegue nella stessa direzione ma la pendenza recente aumenta rispetto alla finestra precedente.¦Anomalia: l'ultimo valore rolling 12 mesi si discosta in modo robusto dal trend recente oltre la soglia tecnica PULSE.¦PULSE Score: 76.0/100. Stato: VALIDATO — FEED TERRITORIALE.	DEMO ISTAT — Bilancio demografico mensile	https://demo.istat.it/app/?i=D7B
653a1ff5d8ca3430		Napoli		Italia	GREEN · Tutela della biodiversità · Disponibilità di verde urbano	RECORD_MAX|ANOMALIA	GREEN	76.0	SEGNALE PULSE — GREEN	2024	Napoli: Disponibilità di verde urbano sale da 14,1 a 14,16 nel periodo 2024.	12.72612402|12.71904842|12.74619596|12.88375292|12.94161723|12.97624078|13.19373802|13.59053398|13.87954771|14.03964644|14.0989857|14.16471125				Pilastro GREEN: Tutela della biodiversità.¦Serie ufficiale acquisita automaticamente da ISTAT - Ambiente urbano.¦Ultima variazione: +0.06573; intensità robusta z=0.66.¦PULSE Score: 76.0/100.¦Unità di misura dichiarata: m²/abitante.	ISTAT - Ambiente urbano	https://www.istat.it/comunicato-stampa/ambiente-urbano-anno-2024/
d1658220f41b3793	108034	Muggiò	Monza e della Brianza	Lombardia	Nati vivi	DIVERGENZA	GENERAL	75.9	VALIDATO — FEED TERRITORIALE	2026-06	Muggiò: rilevato divergenza su nati vivi.	181|144|155|163|162|124|153	181|174|174|168|161|159|165|166|170|166|162|152|144|144|141|141|138|135|134|137|137|143|144|154|155|155|166|161|171|166|165|160|161|152|155|149|163|163|151|155|157|161|156|164|169|172|167|172|162|159|162|164|157|160|158|153|145|144|143|134|124|129|141|142|150|146|148|153|156|155|149|152|153|156|144|137|130|129|128	7.71|6.087|6.567|6.932|6.88|5.236|6.514	7.344|6.993|6.999|6.905|6.595|6.411|6.157	Divergenza territoriale: il tasso locale varia del +24.4% contro -4.0% nel resto della provincia.¦PULSE Score: 75.9/100. Stato: VALIDATO — FEED TERRITORIALE.	DEMO ISTAT — Bilancio demografico mensile	https://demo.istat.it/app/?i=D7B
41597ecf17ff8f96	083041	Lipari	Messina	Sicilia	Morti	DIVERGENZA	TERRITORIALE	75.9	VALIDATO — FEED TERRITORIALE	2026-06	Lipari: rilevato divergenza su morti.	103|117|129|138|135|106|133	103|102|103|104|99|98|96|95|94|99|102|107|117|122|122|115|114|119|125|123|128|126|129|131|129|126|127|136|141|145|139|143|140|146|149|145|138|142|143|143|141|135|140|144|140|133|130|126|135|133|134|126|129|132|122|117|118|115|115|112|106|107|106|114|111|110|115|111|111|121|123|128|133|132|129|132|132|128|133	8.255|9.379|10.517|11.033|10.727|8.362|10.418	11.89|12.334|13.569|14.11|12.961|12.269|12.069	Divergenza territoriale: il tasso locale varia del +24.6% contro -1.6% nel resto della provincia.¦PULSE Score: 75.9/100. Stato: VALIDATO — FEED TERRITORIALE.	DEMO ISTAT — Bilancio demografico mensile	https://demo.istat.it/app/?i=D7B
d89af43b1333af1c		Italia		Italia	GREEN · Crisi climatica e decarbonizzazione · PM2.5 Concentrazione media annuale nei comuni capoluogo di provincia/città metropolitana	ACCELERAZIONE|ANOMALIA	GREEN	75.9	SEGNALE PULSE — GREEN	2024	Italia: PM2.5 Concentrazione media annuale nei comuni capoluogo di provincia/città metropolitana scende da 80 a 74 nel periodo 2024.	67|72|77|76|77|78|78|78|83|83|80|74				Pilastro GREEN: Crisi climatica e decarbonizzazione.¦Serie ufficiale acquisita automaticamente da ISTAT - Indicatori SDGs.¦Ultima variazione: -6; intensità robusta z=4.05.¦PULSE Score: 75.9/100.¦Unità di misura dichiarata: Microgrammi per m3.¦SDG Goal 11 · codice misura SDG-294.	ISTAT - Indicatori SDGs	https://www.istat.it/wp-content/uploads/2026/07/Misure-statistiche-2004-2026.xlsx
f2726d8b622bab37	078015	Belvedere Marittimo	Cosenza	Calabria	Morti	DIVERGENZA	TERRITORIALE	75.8	VALIDATO — FEED TERRITORIALE	2026-06	Belvedere Marittimo: rilevato divergenza su morti.	94|128|114|99|118|96|123	94|90|86|90|101|108|113|115|113|112|114|120|128|138|147|142|138|133|128|132|132|141|136|126|114|115|107|115|115|114|112|107|106|100|101|100|99|96|103|98|100|100|100|100|109|111|114|112|118|113|112|113|111|107|108|106|100|97|92|97|96|90|91|92|89|98|101|109|112|111|120|124|123|123|115|114|120|114|113	10.277|13.956|12.604|11.12|13.218|10.629|13.653	10.92|11.372|12.495|12.444|12.22|11.664|11.373	Divergenza territoriale: il tasso locale varia del +28.5% contro -2.5% nel resto della provincia.¦PULSE Score: 75.8/100. Stato: VALIDATO — FEED TERRITORIALE.	DEMO ISTAT — Bilancio demografico mensile	https://demo.istat.it/app/?i=D7B
1a1a49de5acf15da	063084	Torre del Greco	Napoli	Campania	Emigrati per l'estero	RECORD_MIN	GENERAL	75.8	VALIDATO — FEED TERRITORIALE	2026-06	Torre del Greco: emigrati per l'estero raggiunge un nuovo minimo dei 60 mesi precedenti su base mobile 12 mesi (52).	121|85|96|97|116|148|90	121|116|117|120|112|98|85|85|79|77|77|79|85|89|84|89|95|105|114|108|106|107|107|104|96|103|104|96|94|84|82|79|83|87|90|94|97|91|88|88|89|91|91|104|107|105|114|116|116|140|151|154|157|163|166|158|157|160|151|150|148|125|117|113|113|110|108|106|99|90|86|85|90|85|83|79|69|62|52	1.445|1.024|1.176|1.193|1.437|1.848|1.134	1.932|1.731|1.825|1.625|1.58|2.042|1.395	Record: il rolling 12 mesi di 2026-06 (52) scende sotto il minimo precedente (62).¦PULSE Score: 75.8/100. Stato: VALIDATO — FEED TERRITORIALE.	DEMO ISTAT — Bilancio demografico mensile	https://demo.istat.it/app/?i=D7B
8300de66dd4992ca		Valle d'Aosta		Valle d'Aosta	GREEN · Economia circolare · Raccolta differenziata dei rifiuti urbani	RECORD_MAX|ANOMALIA	GREEN	75.8	SEGNALE PULSE — GREEN	2024	Valle d'Aosta: Raccolta differenziata dei rifiuti urbani sale da 69,42 a 71,71 nel periodo 2024.	47.80932618|55.60114824|61.13865044|62.26985504|64.53441833|64.47429875|64.04848688|66.05091614|69.42316393|71.70731898				Pilastro GREEN: Economia circolare.¦Serie ufficiale acquisita automaticamente da ISPRA - Catasto nazionale rifiuti.¦Ultima variazione: +2.284; intensità robusta z=0.90.¦PULSE Score: 75.8/100.¦Unità di misura dichiarata: %.	ISPRA - Catasto nazionale rifiuti	https://www.catasto-rifiuti.isprambiente.it/index.php?advice=si&pg=downloadComune
277b618e1a5384b6		Aosta		Italia	GREEN · Economia circolare · Produzione di rifiuti urbani	RECORD_MAX|ANOMALIA	GREEN	75.8	SEGNALE PULSE — GREEN	2024	Aosta: Produzione di rifiuti urbani sale da 492,72 a 500,88 nel periodo 2024.	466.2160625|458.0059308|453.5681332|449.2135494|452.5492824|469.6864047|479.2617757|437.6386364|458.1543164|490.0965696|492.7205216|500.8816509				Pilastro GREEN: Economia circolare.¦Serie ufficiale acquisita automaticamente da ISTAT - Ambiente urbano.¦Ultima variazione: +8.161; intensità robusta z=0.59.¦PULSE Score: 75.8/100.¦Unità di misura dichiarata: kg/abitante.	ISTAT - Ambiente urbano	https://www.istat.it/comunicato-stampa/ambiente-urbano-anno-2024/
c61f77f901c60118	041029	Mondolfo	Pesaro e Urbino	Marche	Morti	DIVERGENZA|ANOMALIA	GENERAL	75.7	VALIDATO — FEED TERRITORIALE	2026-06	Mondolfo: rilevato divergenza + anomalia su morti.	144|206|170|181|173|168|210	144|148|147|163|177|191|195|197|200|195|199|202|206|212|211|204|187|180|184|182|181|181|179|177|170|167|166|158|163|167|159|166|171|174|174|178|181|182|183|186|189|178|179|172|168|170|175|175|173|165|161|159|157|160|170|172|175|174|166|164|168|178|183|191|191|200|197|194|198|199|212|210|210|212|211|213|212|205|200	10.027|14.36|11.882|12.624|12.112|11.728|14.567	11.153|13.958|12.162|12.737|11.362|11.101|11.431	Divergenza territoriale: il tasso locale varia del +24.2% contro +3.0% nel resto della provincia.¦Anomalia: l'ultimo valore rolling 12 mesi si discosta in modo robusto dal trend recente oltre la soglia tecnica PULSE.¦PULSE Score: 75.7/100. Stato: VALIDATO — FEED TERRITORIALE.	DEMO ISTAT — Bilancio demografico mensile	https://demo.istat.it/app/?i=D7B
6af8bbffa330f3dd	058086	Rocca di Papa	Roma	Lazio	Nati vivi	DIVERGENZA	TERRITORIALE	75.7	VALIDATO — FEED TERRITORIALE	2026-06	Rocca di Papa: rilevato divergenza su nati vivi.	135|128|102|137|97|80|92	135|141|133|140|144|138|138|133|137|135|134|134|128|119|119|112|106|105|107|103|101|102|101|95|102|104|108|110|111|114|115|121|127|131|135|140|137|140|142|139|139|139|131|125|117|107|100|97|97|92|89|87|85|83|81|83|83|88|85|84|80|74|73|74|74|74|79|88|89|89|91|89|92|99|97|91|88|88|83	8.002|7.553|6.0|7.878|5.528|4.533|5.153	6.716|6.608|6.512|6.32|5.964|5.97|5.64	Divergenza territoriale: il tasso locale varia del +13.7% contro -5.5% nel resto della provincia.¦PULSE Score: 75.7/100. Stato: VALIDATO — FEED TERRITORIALE.	DEMO ISTAT — Bilancio demografico mensile	https://demo.istat.it/app/?i=D7B
3c35a5af3a824aac		Ragusa		Italia	GREEN · Tutela della biodiversità · Disponibilità di verde urbano	RECORD_MIN|RALLENTAMENTO|ANOMALIA	GREEN	75.7	SEGNALE PULSE — GREEN	2024	Ragusa: Disponibilità di verde urbano scende da 22,62 a 22,56 nel periodo 2024.	22.92409514|22.97763834|23.04927428|23.08362563|23.1346218|23.24556566|23.31799849|23.12289521|22.90957498|22.76906772|22.62104991|22.55944558				Pilastro GREEN: Tutela della biodiversità.¦Serie ufficiale acquisita automaticamente da ISTAT - Ambiente urbano.¦Ultima variazione: -0.0616; intensità robusta z=0.85.¦PULSE Score: 75.7/100.¦Unità di misura dichiarata: m²/abitante.	ISTAT - Ambiente urbano	https://www.istat.it/comunicato-stampa/ambiente-urbano-anno-2024/
33ff32420bbad0cd	075029	Galatina	Lecce	Puglia	Nati vivi	DIVERGENZA	GENERAL	75.6	VALIDATO — FEED TERRITORIALE	2026-06	Galatina: rilevato divergenza su nati vivi.	133|149|152|162|161|123|150	133|128|135|132|140|145|144|145|148|150|146|142|149|152|145|145|142|148|147|152|156|158|158|153|152|151|157|155|152|144|145|141|146|156|162|157|162|159|160|167|169|166|176|180|176|157|154|161|161|160|157|154|153|159|150|149|143|148|137|131|123|124|126|121|123|116|116|109|117|121|130|144|150|152|148|155|152|150|146	5.031|5.687|5.859|6.258|6.264|4.826|5.924	6.488|6.195|6.264|6.276|5.985|5.928|5.591	Divergenza territoriale: il tasso locale varia del +22.8% contro -5.7% nel resto della provincia.¦PULSE Score: 75.6/100. Stato: VALIDATO — FEED TERRITORIALE.	DEMO ISTAT — Bilancio demografico mensile	https://demo.istat.it/app/?i=D7B
6ebc3e5b9dce3848	035026	Luzzara	Reggio nell'Emilia	Emilia-Romagna	Morti	DIVERGENZA	TERRITORIALE	75.6	VALIDATO — FEED TERRITORIALE	2026-06	Luzzara: rilevato divergenza su morti.	99|110|111|99|106|112|84	99|100|102|111|116|110|106|105|103|102|102|103|110|119|119|108|94|101|108|109|108|106|107|113|111|102|101|101|106|106|97|102|105|100|102|102|99|106|106|111|112|109|112|109|109|112|108|103|106|101|99|98|96|101|101|103|105|105|109|111|112|107|108|107|111|100|97|97|96|96|94|91|84|96|90|91|93|97|102	11.223|12.619|13.028|11.783|12.422|13.092|9.826	10.278|11.899|11.041|11.261|10.354|10.211|10.444	Divergenza territoriale: il tasso locale varia del -24.9% contro +2.3% nel resto della provincia.¦PULSE Score: 75.6/100. Stato: VALIDATO — FEED TERRITORIALE.	DEMO ISTAT — Bilancio demografico mensile	https://demo.istat.it/app/?i=D7B
acdec8723d05b05e		Italia		Italia	GREEN · Crisi climatica e decarbonizzazione · Gas serra totali secondo l'inventario nazionale delle emissioni (UNFCCC)	RECORD_MIN|RALLENTAMENTO|ANOMALIA	GREEN	75.6	SEGNALE PULSE — GREEN	2024	Italia: Gas serra totali secondo l'inventario nazionale delle emissioni (UNFCCC) scende da 384,74 mln a 371,64 mln nel periodo 2024.	454163992|432861457|443414219|439998189|433207753|429155014|417361679|379963359|412152016|412927683|384741779|371636498				Pilastro GREEN: Crisi climatica e decarbonizzazione.¦Serie ufficiale acquisita automaticamente da ISTAT - Indicatori SDGs.¦Ultima variazione: -1.311e+07; intensità robusta z=0.79.¦PULSE Score: 75.6/100.¦Unità di misura dichiarata: Tonnellate CO2 equivalente.¦SDG Goal 13 · codice misura SDG-73.	ISTAT - Indicatori SDGs	https://www.istat.it/wp-content/uploads/2026/07/Misure-statistiche-2004-2026.xlsx
052e188255bbd7ee		Italia		Italia	GREEN · Crisi climatica e decarbonizzazione · Emissioni GHG del settore energia	RECORD_MIN|RALLENTAMENTO|ANOMALIA	GREEN	75.4	SEGNALE PULSE — GREEN	2024	Italia: Emissioni GHG del settore energia scende da 305.141 a 294.526 nel periodo 2024.	366757.472|346253.9723|358353.7125|354503.305|349143.9012|344572.7212|334389.5523|298120.1908|330181.4772|333376.5565|305141.1732|294525.7267				Pilastro GREEN: Crisi climatica e decarbonizzazione.¦Serie ufficiale acquisita automaticamente da ISPRA - Inventario nazionale delle emissioni.¦Ultima variazione: -1.062e+04; intensità robusta z=0.60.¦PULSE Score: 75.4/100.¦Unità di misura dichiarata: kt CO₂e.	ISPRA - Inventario nazionale delle emissioni	https://emissioni.sina.isprambiente.it/wp-content/uploads/2026/04/Emissioni-GHG-Sintesi-2026.xlsx
827d259f49a6ae2c	052033	Sinalunga	Siena	Toscana	Nati vivi	DIVERGENZA	TERRITORIALE	75.2	VALIDATO — FEED TERRITORIALE	2026-06	Sinalunga: rilevato divergenza su nati vivi.	77|75|84|83|74|82|63	77|76|81|80|80|77|77|77|79|82|83|80|75|74|74|77|79|81|76|76|76|76|74|78|84|81|78|77|74|76|80|77|75|76|82|82|83|83|82|80|83|82|86|85|87|84|82|82|74|76|78|78|78|77|73|80|80|78|80|79|82|84|82|79|77|74|70|63|63|65|64|62|63|65|62|65|67|70|70	6.144|6.031|6.888|6.844|6.111|6.817|5.214	6.635|5.97|6.367|5.986|5.808|5.912|5.639	Divergenza territoriale: il tasso locale varia del -23.5% contro -4.6% nel resto della provincia.¦PULSE Score: 75.2/100. Stato: VALIDATO — FEED TERRITORIALE.	DEMO ISTAT — Bilancio demografico mensile	https://demo.istat.it/app/?i=D7B
880412f71990c97d		Pescara		Italia	GREEN · Mobilità sostenibile · Densità di piste ciclabili	INVERSIONE|ANOMALIA	GREEN	75.1	SEGNALE PULSE — GREEN	2024	Pescara: Densità di piste ciclabili scende da 130,9 a 110,4 nel periodo 2024.	96|107.1|110.6|111.7|130.9|110.4				Pilastro GREEN: Mobilità sostenibile.¦Serie ufficiale acquisita automaticamente da ISTAT - Ambiente urbano.¦Ultima variazione: -20.5; intensità robusta z=2.77.¦PULSE Score: 75.1/100.¦Unità di misura dichiarata: km per 100 km².	ISTAT - Ambiente urbano	https://www.istat.it/comunicato-stampa/ambiente-urbano-anno-2024/
806d38aaaba748d8	016198	Seriate	Bergamo	Lombardia	Morti	DIVERGENZA	GENERAL	75.0	VALIDATO — FEED TERRITORIALE	2026-06	Seriate: rilevato divergenza su morti.	179|345|226|267|238|243|204	179|191|192|312|349|352|351|348|349|346|351|350|345|335|335|217|195|193|193|191|195|205|214|224|226|237|239|240|234|243|245|256|257|254|264|257|267|265|260|259|263|255|258|251|243|240|238|245|238|236|232|223|218|226|228|234|242|248|242|244|243|248|247|250|258|255|244|235|232|221|207|210|204|206|210|214|204|203|206	7.174|13.84|9.0|10.608|9.399|9.505|7.97	9.245|14.651|9.305|10.554|9.771|9.628|9.932	Divergenza territoriale: il tasso locale varia del -16.1% contro +3.2% nel resto della provincia.¦PULSE Score: 75.0/100. Stato: VALIDATO — FEED TERRITORIALE.	DEMO ISTAT — Bilancio demografico mensile	https://demo.istat.it/app/?i=D7B
6e5ec6d4de4b84e9	026057	Pieve di Soligo	Treviso	Veneto	Nati vivi	DIVERGENZA	TERRITORIALE	75.0	VALIDATO — FEED TERRITORIALE	2026-06	Pieve di Soligo: rilevato divergenza su nati vivi.	85|87|77|79|86|93|60	85|83|86|84|86|84|82|88|83|85|81|88|87|92|86|92|93|91|92|85|87|81|81|78|77|69|68|67|66|71|73|76|76|75|77|79|79|84|88|83|83|83|81|82|84|83|86|84|86|83|85|90|90|90|92|94|89|95|90|94|93|91|85|83|78|77|76|72|74|70|69|62|60|64|72|70|78|75|78	7.111|7.337|6.523|6.764|7.431|8.043|5.217	7.053|6.983|6.935|6.821|6.514|6.272|6.244	Divergenza territoriale: il tasso locale varia del -35.1% contro -0.4% nel resto della provincia.¦PULSE Score: 75.0/100. Stato: VALIDATO — FEED TERRITORIALE.	DEMO ISTAT — Bilancio demografico mensile	https://demo.istat.it/app/?i=D7B
e977ffa9ce0bef18		Rovigo		Italia	GREEN · Economia circolare · Raccolta differenziata dei rifiuti urbani	RECORD_MAX|RALLENTAMENTO|ANOMALIA	GREEN	74.8	SEGNALE PULSE — GREEN	2024	Rovigo: Raccolta differenziata dei rifiuti urbani sale da 83,05 a 84,98 nel periodo 2024.	57.54571783|57.05027414|56.16277238|58.76850726|57.16944444|63.04360197|64.54835925|66.6682677|66.5444171|68.63578095|83.04951455|84.9752586				Pilastro GREEN: Economia circolare.¦Serie ufficiale acquisita automaticamente da ISTAT - Ambiente urbano.¦Ultima variazione: +1.926; intensità robusta z=0.62.¦PULSE Score: 74.8/100.¦Unità di misura dichiarata: %.	ISTAT - Ambiente urbano	https://www.istat.it/comunicato-stampa/ambiente-urbano-anno-2024/
8fbdb38ac4820d9e		Vibo Valentia		Italia	GREEN · Economia circolare · Raccolta differenziata dei rifiuti urbani	RECORD_MAX|INVERSIONE	GREEN	74.8	SEGNALE PULSE — GREEN	2024	Vibo Valentia: Raccolta differenziata dei rifiuti urbani sale da 57,82 a 70,22 nel periodo 2024.	9.396060787|8.085408258|5.437773211|11.21249028|26.54556089|50.22237627|51.49713384|58.63073596|67.66516425|69.89284426|57.82009506|70.22367376				Pilastro GREEN: Economia circolare.¦Serie ufficiale acquisita automaticamente da ISTAT - Ambiente urbano.¦Ultima variazione: +12.4; intensità robusta z=1.62.¦PULSE Score: 74.8/100.¦Unità di misura dichiarata: %.	ISTAT - Ambiente urbano	https://www.istat.it/comunicato-stampa/ambiente-urbano-anno-2024/
5d94dffd880344d6	015209	Sesto San Giovanni	Milano	Lombardia	Nati vivi	DIVERGENZA	GENERAL	74.7	VALIDATO — FEED TERRITORIALE	2026-06	Sesto San Giovanni: rilevato divergenza su nati vivi.	593|540|548|547|530|443|531	593|597|585|582|570|567|558|554|549|565|559|541|540|530|531|535|541|536|537|531|543|545|540|552|548|558|550|543|539|531|535|529|529|533|535|539|547|546|552|553|546|553|564|570|555|539|545|537|530|532|536|524|533|527|502|492|483|476|454|449|443|441|442|454|446|450|462|469|471|490|509|515|531|520|517|516|505|490|489	7.261|6.609|6.833|6.886|6.697|5.644|6.739	7.468|7.135|7.152|7.058|6.792|6.63|6.55	Divergenza territoriale: il tasso locale varia del +19.4% contro -1.2% nel resto della provincia.¦PULSE Score: 74.7/100. Stato: VALIDATO — FEED TERRITORIALE.	DEMO ISTAT — Bilancio demografico mensile	https://demo.istat.it/app/?i=D7B
71b9007c8cf13c21	078150	Trebisacce	Cosenza	Calabria	Morti	DIVERGENZA	TERRITORIALE	74.7	VALIDATO — FEED TERRITORIALE	2026-06	Trebisacce: rilevato divergenza su morti.	101|100|106|112|105|93|110	101|97|97|96|95|90|96|90|101|97|94|96|100|99|100|99|95|97|99|102|94|102|106|105|106|106|102|105|111|113|109|107|107|104|104|107|112|114|115|112|112|112|109|113|111|108|117|114|105|104|101|97|98|98|98|95|96|98|88|89|93|105|109|116|109|104|106|104|104|108|108|111|110|95|99|92|96|101|101	11.284|11.299|12.259|13.034|12.151|10.78|12.712	10.907|11.408|12.499|12.418|12.234|11.662|11.386	Divergenza territoriale: il tasso locale varia del +17.9% contro -2.4% nel resto della provincia.¦PULSE Score: 74.7/100. Stato: VALIDATO — FEED TERRITORIALE.	DEMO ISTAT — Bilancio demografico mensile	https://demo.istat.it/app/?i=D7B
12cb1ca5dd6ed820	012086	Lavena Ponte Tresa	Varese	Lombardia	Immigrati da altro comune	ANOMALIA	TERRITORIALE	74.6	VALIDATO — FEED TERRITORIALE	2026-06	Lavena Ponte Tresa: rilevato anomalia su immigrati da altro comune.	238|220|254|241|216|202|192	238|228|243|233|224|218|212|230|221|219|224|221|220|222|203|219|235|239|249|242|231|238|242|238|254|247|258|260|256|263|260|254|257|269|264|266|241|246|242|239|235|230|230|231|232|221|217|213|216|217|216|206|208|209|211|209|206|197|206|204|202|196|194|197|190|186|177|182|175|183|186|183|192|189|189|185|198|207|237	41.579|37.543|43.703|42.799|37.855|35.526|33.928	36.639|32.566|36.179|38.256|37.222|34.726|37.25	Anomalia: l'ultimo valore rolling 12 mesi si discosta in modo robusto dal trend recente oltre la soglia tecnica PULSE.¦PULSE Score: 74.6/100. Stato: VALIDATO — FEED TERRITORIALE.	DEMO ISTAT — Bilancio demografico mensile	https://demo.istat.it/app/?i=D7B
0bd70b83073dc6a0	084029	Racalmuto	Agrigento	Sicilia	Morti	DIVERGENZA	TERRITORIALE	74.6	VALIDATO — FEED TERRITORIALE	2026-06	Racalmuto: rilevato divergenza su morti.	103|105|115|103|103|87|107	103|100|92|88|89|91|98|98|101|101|99|107|105|106|110|109|106|107|109|112|113|116|119|111|115|119|116|120|122|125|118|118|110|106|105|102|103|90|91|89|85|79|82|90|97|98|98|101|103|105|107|105|110|112|108|96|97|94|91|89|87|86|82|81|80|78|86|91|87|90|99|103|107|113|113|114|115|113|107	13.005|13.453|15.126|13.473|13.512|11.625|14.343	11.975|12.248|13.562|13.121|13.159|12.004|11.617	Divergenza territoriale: il tasso locale varia del +23.4% contro -3.2% nel resto della provincia.¦PULSE Score: 74.6/100. Stato: VALIDATO — FEED TERRITORIALE.	DEMO ISTAT — Bilancio demografico mensile	https://demo.istat.it/app/?i=D7B
0144cbbc45fa3a56	100003	Montemurlo	Prato	Toscana	Nati vivi	DIVERGENZA	TERRITORIALE	74.6	VALIDATO — FEED TERRITORIALE	2026-06	Montemurlo: rilevato divergenza su nati vivi.	109|151|125|131|117|80|112	109|110|114|115|119|122|123|135|135|136|141|146|151|145|148|152|149|143|134|120|122|122|124|126|125|129|125|124|125|119|128|131|134|134|133|130|131|125|126|125|119|131|128|129|122|120|115|116|117|119|114|108|108|101|100|99|95|94|90|84|80|77|82|87|88|90|90|87|95|98|110|116|112|124|122|118|114|115|116	5.795|7.984|6.418|6.859|6.101|4.181|5.897	6.911|6.441|6.046|5.673|5.778|5.436|5.227	Divergenza territoriale: il tasso locale varia del +41.0% contro -3.8% nel resto della provincia.¦PULSE Score: 74.6/100. Stato: VALIDATO — FEED TERRITORIALE.	DEMO ISTAT — Bilancio demografico mensile	https://demo.istat.it/app/?i=D7B
2949a914acb729e2		Como		Italia	GREEN · Tutela della biodiversità · Disponibilità di verde urbano	RECORD_MAX|ANOMALIA	GREEN	74.6	SEGNALE PULSE — GREEN	2024	Como: Disponibilità di verde urbano sale da 20,71 a 20,78 nel periodo 2024.	20.08606881|19.9535644|19.85608013|19.74774305|19.7292112|19.78985474|19.85654318|20.38692997|20.66552911|20.73468142|20.70679173|20.77584707				Pilastro GREEN: Tutela della biodiversità.¦Serie ufficiale acquisita automaticamente da ISTAT - Ambiente urbano.¦Ultima variazione: +0.06906; intensità robusta z=0.56.¦PULSE Score: 74.6/100.¦Unità di misura dichiarata: m²/abitante.	ISTAT - Ambiente urbano	https://www.istat.it/comunicato-stampa/ambiente-urbano-anno-2024/
a991e3a98e43e3ff	061018	Casagiove	Caserta	Campania	Morti	DIVERGENZA	GENERAL	74.4	VALIDATO — FEED TERRITORIALE	2026-06	Casagiove: rilevato divergenza su morti.	113|146|153|151|157|154|122	113|114|116|116|116|115|113|120|119|122|129|142|146|146|151|154|166|161|169|167|161|163|160|148|153|157|152|156|150|158|149|149|150|150|150|153|151|145|147|138|141|140|147|148|152|152|154|153|157|162|155|161|158|158|158|162|164|158|158|166|154|150|152|145|144|138|139|134|128|129|127|119|122|126|131|133|139|139|128	8.388|10.813|11.785|11.513|12.096|11.947|9.502	8.671|9.745|9.966|10.116|10.167|9.573|9.337	Divergenza territoriale: il tasso locale varia del -20.5% contro -2.5% nel resto della provincia.¦PULSE Score: 74.4/100. Stato: VALIDATO — FEED TERRITORIALE.	DEMO ISTAT — Bilancio demografico mensile	https://demo.istat.it/app/?i=D7B
415f0130abc1b134	018034	Casorate Primo	Pavia	Lombardia	Morti	DIVERGENZA	TERRITORIALE	74.4	VALIDATO — FEED TERRITORIALE	2026-06	Casorate Primo: rilevato divergenza su morti.	74|111|100|110|71|77|95	74|78|76|78|96|103|107|107|110|108|110|111|111|113|115|114|106|104|108|111|111|108|107|100|100|102|101|96|95|92|90|96|96|105|103|106|110|105|106|105|97|101|96|86|89|79|78|76|71|70|72|73|71|68|68|73|69|72|75|77|77|82|81|86|91|91|96|95|93|90|89|91|95|88|90|87|88|86|87	8.48|12.627|11.361|12.548|8.005|8.519|10.376	12.895|17.118|13.732|14.319|13.523|13.278|13.008	Divergenza territoriale: il tasso locale varia del +21.8% contro -2.0% nel resto della provincia.¦PULSE Score: 74.4/100. Stato: VALIDATO — FEED TERRITORIALE.	DEMO ISTAT — Bilancio demografico mensile	https://demo.istat.it/app/?i=D7B
6ae3f8e69a2c7754		Italia		Italia	GREEN · Risorse idriche e suolo · Razionamento dell'erogazione dell'acqua per uso domestico per parte o tutto il territorio comunale	RECORD_MAX|INVERSIONE	GREEN	74.4	SEGNALE PULSE — GREEN	2024	Italia: Razionamento dell'erogazione dell'acqua per uso domestico per parte o tutto il territorio comunale sale da 14 a 17 nel periodo 2024.	9|12|14|11|12|9|11|15|14|17				Pilastro GREEN: Risorse idriche e suolo.¦Serie ufficiale acquisita automaticamente da ISTAT - Indicatori SDGs.¦Ultima variazione: +3; intensità robusta z=1.01.¦PULSE Score: 74.4/100.¦Unità di misura dichiarata: Numero di giorni.¦SDG Goal 6 · codice misura SDG-351.	ISTAT - Indicatori SDGs	https://www.istat.it/wp-content/uploads/2026/07/Misure-statistiche-2004-2026.xlsx
3d5002c703a58a82	048038	San Casciano in Val di Pesa	Firenze	Toscana	Nati vivi	DIVERGENZA	TERRITORIALE	74.3	VALIDATO — FEED TERRITORIALE	2026-06	San Casciano in Val di Pesa: rilevato divergenza su nati vivi.	108|98|98|100|86|71|101	108|112|110|108|108|106|102|100|99|96|94|90|98|96|95|100|100|103|105|107|102|105|105|104|98|96|96|97|98|94|96|95|101|101|100|103|100|103|105|100|99|100|96|93|86|84|84|84|86|81|83|82|82|79|79|75|77|75|73|74|71|81|79|84|83|84|82|86|86|86|96|99|101|93|87|82|86|84|88	6.358|5.824|5.872|6.009|5.215|4.322|6.191	6.621|6.371|6.414|6.314|5.963|6.016|5.818	Divergenza territoriale: il tasso locale varia del +43.2% contro -3.3% nel resto della provincia.¦PULSE Score: 74.3/100. Stato: VALIDATO — FEED TERRITORIALE.	DEMO ISTAT — Bilancio demografico mensile	https://demo.istat.it/app/?i=D7B
4df9305e93063c08	015213	Solaro	Milano	Lombardia	Nati vivi	DIVERGENZA	TERRITORIALE	74.2	VALIDATO — FEED TERRITORIALE	2026-06	Solaro: rilevato divergenza su nati vivi.	113|91|102|111|89|95|79	113|113|113|109|108|108|103|100|97|99|95|94|91|87|93|95|100|99|98|106|106|104|101|101|102|101|95|89|91|97|105|100|94|96|102|109|111|112|110|116|110|101|94|97|102|98|99|92|89|86|86|84|87|95|94|89|90|91|87|95|95|100|101|96|101|98|98|96|88|88|87|77|79|75|76|78|74|76|80	8.054|6.505|7.29|7.972|6.396|6.751|5.599	7.46|7.124|7.144|7.049|6.791|6.606|6.559	Divergenza territoriale: il tasso locale varia del -17.1% contro -0.7% nel resto della provincia.¦PULSE Score: 74.2/100. Stato: VALIDATO — FEED TERRITORIALE.	DEMO ISTAT — Bilancio demografico mensile	https://demo.istat.it/app/?i=D7B
b8ccde91161095e6		Taranto		Italia	GREEN · Tutela della biodiversità · Disponibilità di verde urbano	RECORD_MAX|RALLENTAMENTO	GREEN	74.2	SEGNALE PULSE — GREEN	2024	Taranto: Disponibilità di verde urbano sale da 19,77 a 19,89 nel periodo 2024.	17.93655876|18.01725331|18.10404897|18.20101046|18.31714548|18.46966682|18.92085716|19.02311619|19.32357475|19.44669654|19.7674291|19.88925466				Pilastro GREEN: Tutela della biodiversità.¦Serie ufficiale acquisita automaticamente da ISTAT - Ambiente urbano.¦Ultima variazione: +0.1218; intensità robusta z=2.50.¦PULSE Score: 74.2/100.¦Unità di misura dichiarata: m²/abitante.	ISTAT - Ambiente urbano	https://www.istat.it/comunicato-stampa/ambiente-urbano-anno-2024/
b01b4b211a6e6430	001164	Nichelino	Torino	Piemonte	Nati vivi	RECORD_MIN|ANOMALIA	GENERAL	74.1	VALIDATO — FEED TERRITORIALE	2026-06	Nichelino: nati vivi raggiunge un nuovo minimo dei 60 mesi precedenti su base mobile 12 mesi (216).	313|268|288|294|260|236|266	313|297|300|296|295|286|284|272|285|268|267|265|268|269|258|265|267|257|252|248|247|266|272|274|288|296|308|312|312|316|316|326|323|308|300|303|294|290|291|281|275|275|278|268|265|256|254|263|260|258|246|242|243|246|253|255|255|259|254|233|236|236|243|248|253|248|252|259|263|268|269|271|266|259|255|244|233|231|216	6.633|5.707|6.192|6.328|5.619|5.13|5.804	6.53|6.425|6.285|6.137|5.884|5.819|5.541	Record: il rolling 12 mesi di 2026-06 (216) scende sotto il minimo precedente (231).¦Anomalia: l'ultimo valore rolling 12 mesi si discosta in modo robusto dal trend recente oltre la soglia tecnica PULSE.¦PULSE Score: 74.1/100. Stato: VALIDATO — FEED TERRITORIALE.	DEMO ISTAT — Bilancio demografico mensile	https://demo.istat.it/app/?i=D7B
9f3da4b9d0b7df25		Emilia-Romagna		Emilia-Romagna	GREEN · Risorse idriche e suolo · Consumo netto annuale di suolo	RECORD_MAX|INVERSIONE	GREEN	74.1	SEGNALE PULSE — GREEN	2024	Emilia-Romagna: Consumo netto annuale di suolo sale da 732,24 a 869,6 nel periodo 2024.	606.41|442.4|565.11|658.28|553.41|793.8|745.54|732.24|869.6				Pilastro GREEN: Risorse idriche e suolo.¦Serie ufficiale acquisita automaticamente da ISPRA - Consumo di suolo e indicatori territoriali.¦Ultima variazione: +137.4; intensità robusta z=0.87.¦PULSE Score: 74.1/100.¦Unità di misura dichiarata: ettari.	ISPRA - Consumo di suolo e indicatori territoriali	https://www.isprambiente.gov.it/it/attivita/suolo-e-territorio/suolo/il-consumo-di-suolo/consumo_di_suolo_estratto_dati_2025_anni_2006_2024.xlsx
de67c4bb2e1fdec6	063062	Qualiano	Napoli	Campania	Nati vivi	DIVERGENZA	GENERAL	74.0	VALIDATO — FEED TERRITORIALE	2026-06	Qualiano: rilevato divergenza su nati vivi.	239|258|233|228|234|211|240	239|249|248|251|246|243|243|247|272|260|261|261|258|241|246|246|240|240|237|230|207|225|220|221|233|238|241|243|250|257|261|258|262|255|248|239|228|227|217|211|205|200|206|209|215|210|228|238|234|235|234|237|238|242|234|230|221|223|209|198|211|222|223|227|225|222|221|218|226|230|231|245|240|228|230|225|226|224|231	9.455|10.231|9.394|9.222|9.489|8.559|9.685	8.575|8.274|8.105|8.261|7.899|7.712|7.373	Divergenza territoriale: il tasso locale varia del +13.2% contro -4.4% nel resto della provincia.¦PULSE Score: 74.0/100. Stato: VALIDATO — FEED TERRITORIALE.	DEMO ISTAT — Bilancio demografico mensile	https://demo.istat.it/app/?i=D7B
cffe6d2cc0300b18	093017	Cordenons	Pordenone	Friuli-Venezia Giulia	Morti	DIVERGENZA	GENERAL	74.0	VALIDATO — FEED TERRITORIALE	2026-06	Cordenons: rilevato divergenza su morti.	157|193|209|191|184|202|158	157|162|164|171|174|175|176|186|180|178|176|191|193|202|193|192|193|194|202|199|204|209|216|207|209|193|198|194|192|192|183|188|184|179|182|189|191|200|196|192|187|194|193|188|192|193|184|182|184|178|185|179|191|187|187|189|194|199|196|199|202|205|198|202|199|196|194|183|178|177|173|167|158|165|178|180|179|177|183	8.826|10.818|11.568|10.679|10.312|11.337|8.917	10.039|12.007|11.802|11.626|10.798|10.688|10.914	Divergenza territoriale: il tasso locale varia del -21.3% contro +2.1% nel resto della provincia.¦PULSE Score: 74.0/100. Stato: VALIDATO — FEED TERRITORIALE.	DEMO ISTAT — Bilancio demografico mensile	https://demo.istat.it/app/?i=D7B
bf03d5d3fb0b5295	087039	Riposto	Catania	Sicilia	Morti	DIVERGENZA|RECORD_MIN	GENERAL	74.0	VALIDATO — FEED TERRITORIALE	2026-06	Riposto: morti raggiunge un nuovo minimo dei 60 mesi precedenti su base mobile 12 mesi (123).	164|158|167|160|167|152|130	164|161|155|149|149|148|142|143|146|141|141|147|158|157|164|170|171|172|180|179|179|180|181|175|167|173|170|167|170|173|171|178|169|166|160|160|160|151|156|151|145|145|141|144|149|155|159|155|167|173|163|170|173|167|162|159|159|155|158|163|152|146|149|148|147|148|155|144|142|147|140|136|130|131|134|131|129|131|123	11.567|11.176|11.955|11.365|11.894|10.87|9.321	9.83|10.634|11.18|11.264|10.87|9.995|10.152	Divergenza territoriale: il tasso locale varia del -14.3% contro +1.6% nel resto della provincia.¦Record: il rolling 12 mesi di 2026-06 (123) scende sotto il minimo precedente (129).¦PULSE Score: 74.0/100. Stato: VALIDATO — FEED TERRITORIALE.	DEMO ISTAT — Bilancio demografico mensile	https://demo.istat.it/app/?i=D7B
0ef02cd7f142c53e		Salerno		Italia	GREEN · Tutela della biodiversità · Disponibilità di verde urbano	RECORD_MAX	GREEN	73.9	SEGNALE PULSE — GREEN	2024	Salerno: Disponibilità di verde urbano sale da 19,45 a 19,57 nel periodo 2024.	18.06460365|18.31100891|18.3785855|18.43277334|18.52384627|18.63392154|18.73721582|18.96413588|19.2161637|19.3455389|19.45368214|19.56799557				Pilastro GREEN: Tutela della biodiversità.¦Serie ufficiale acquisita automaticamente da ISTAT - Ambiente urbano.¦Ultima variazione: +0.1143; intensità robusta z=2.50.¦PULSE Score: 73.9/100.¦Unità di misura dichiarata: m²/abitante.	ISTAT - Ambiente urbano	https://www.istat.it/comunicato-stampa/ambiente-urbano-anno-2024/
be03a3af4df3d89f	035034	Rio Saliceto	Reggio nell'Emilia	Emilia-Romagna	Immigrati da altro comune	RECORD_MIN|RALLENTAMENTO	TERRITORIALE	73.8	VALIDATO — FEED TERRITORIALE	2026-06	Rio Saliceto: immigrati da altro comune raggiunge un nuovo minimo dei 60 mesi precedenti su base mobile 12 mesi (132).	191|167|216|185|178|206|150	191|193|190|191|182|181|175|168|173|175|174|168|167|167|159|164|168|174|184|189|190|206|215|217|216|212|207|194|197|205|187|173|175|150|154|162|185|180|188|202|194|186|197|205|206|214|208|204|178|177|187|180|182|184|185|182|183|184|195|208|206|204|202|202|200|199|192|190|189|180|171|149|150|154|150|148|145|142|132	31.466|27.722|36.229|30.823|29.607|34.05|24.574	29.912|26.414|27.229|28.758|27.752|26.15|26.881	Record: il rolling 12 mesi di 2026-06 (132) scende sotto il minimo precedente (142).¦Rallentamento: il fenomeno prosegue nella stessa direzione ma la pendenza recente si riduce rispetto alla finestra precedente.¦PULSE Score: 73.8/100. Stato: VALIDATO — FEED TERRITORIALE.	DEMO ISTAT — Bilancio demografico mensile	https://demo.istat.it/app/?i=D7B
331b8f0d3af20454	082031	Cinisi	Palermo	Sicilia	Morti	DIVERGENZA	TERRITORIALE	73.8	VALIDATO — FEED TERRITORIALE	2026-06	Cinisi: rilevato divergenza su morti.	101|128|113|107|115|90|117	101|99|107|109|109|108|114|116|119|117|117|121|128|132|122|123|128|125|120|118|113|115|119|116|113|106|114|121|119|113|115|115|119|120|113|109|107|107|101|88|89|97|99|99|100|101|100|112|115|113|109|114|107|99|93|97|95|97|100|91|90|99|105|105|108|117|120|112|116|108|112|113|117|105|107|107|108|105|107	8.46|10.709|9.554|8.961|9.625|7.533|9.625	10.21|11.285|11.743|11.657|11.589|10.692|10.731	Divergenza territoriale: il tasso locale varia del +27.8% contro +0.4% nel resto della provincia.¦PULSE Score: 73.8/100. Stato: VALIDATO — FEED TERRITORIALE.	DEMO ISTAT — Bilancio demografico mensile	https://demo.istat.it/app/?i=D7B
282b241e3d32ffbd	081012	Mazara del Vallo	Trapani	Sicilia	Emigrati per l'estero	RECORD_MIN	GENERAL	73.8	VALIDATO — FEED TERRITORIALE	2026-06	Mazara del Vallo: emigrati per l'estero raggiunge un nuovo minimo dei 60 mesi precedenti su base mobile 12 mesi (76).	133|146|109|112|98|140|95	133|137|162|158|158|153|149|154|151|146|142|144|146|148|123|120|120|117|124|117|119|121|124|118|109|99|96|99|99|105|99|98|98|103|99|111|112|115|119|116|112|110|119|117|107|100|109|95|98|113|121|125|133|128|131|129|133|136|131|135|140|127|115|110|102|106|106|110|114|111|106|103|95|89|96|94|99|91|76	2.629|2.9|2.166|2.226|1.948|2.798|1.9	1.996|1.75|2.029|1.803|1.755|2.209|1.483	Record: il rolling 12 mesi di 2026-06 (76) scende sotto il minimo precedente (89).¦PULSE Score: 73.8/100. Stato: VALIDATO — FEED TERRITORIALE.	DEMO ISTAT — Bilancio demografico mensile	https://demo.istat.it/app/?i=D7B
bd04f3a12859dd68		Sassari		Italia	GREEN · Economia circolare · Raccolta differenziata dei rifiuti urbani	RECORD_MAX|INVERSIONE	GREEN	73.7	SEGNALE PULSE — GREEN	2024	Sassari: Raccolta differenziata dei rifiuti urbani sale da 60,32 a 62,56 nel periodo 2024.	39.087368|42.92334127|43.76149573|48.97111885|50.63007247|53.99451151|57.09361148|57.90631778|60.0139054|62.55869324|60.32470601|62.56078028				Pilastro GREEN: Economia circolare.¦Serie ufficiale acquisita automaticamente da ISTAT - Ambiente urbano.¦Ultima variazione: +2.236; intensità robusta z=1.19.¦PULSE Score: 73.7/100.¦Unità di misura dichiarata: %.	ISTAT - Ambiente urbano	https://www.istat.it/comunicato-stampa/ambiente-urbano-anno-2024/
5cada4c3e289dd14	012090	Lonate Pozzolo	Varese	Lombardia	Nati vivi	DIVERGENZA	TERRITORIALE	73.5	VALIDATO — FEED TERRITORIALE	2026-06	Lonate Pozzolo: rilevato divergenza su nati vivi.	89|77|76|70|79|78|61	89|88|89|84|84|84|87|90|85|83|86|82|77|69|73|80|80|86|81|78|79|78|79|80|76|80|77|73|69|64|63|64|63|65|60|65|70|73|71|74|84|89|87|85|89|89|90|83|79|84|85|78|71|73|75|77|75|73|76|77|78|70|66|66|62|57|58|59|60|59|56|60|61|66|67|71|82|85|83	7.673|6.692|6.618|6.159|6.947|6.884|5.384	7.12|6.601|6.789|6.551|6.242|6.206|6.05	Divergenza territoriale: il tasso locale varia del -21.8% contro -2.5% nel resto della provincia.¦PULSE Score: 73.5/100. Stato: VALIDATO — FEED TERRITORIALE.	DEMO ISTAT — Bilancio demografico mensile	https://demo.istat.it/app/?i=D7B
65589e3e4867962a	010047	Recco	Genova	Liguria	Morti	DIVERGENZA	TERRITORIALE	73.5	VALIDATO — FEED TERRITORIALE	2026-06	Recco: rilevato divergenza su morti.	120|171|135|136|116|119|137	120|120|126|136|147|151|151|146|150|154|158|167|171|173|178|165|157|151|152|153|150|149|144|141|135|135|123|124|119|122|119|122|122|127|134|125|136|141|153|151|150|148|145|140|136|126|118|126|116|110|106|105|102|101|107|110|118|119|122|121|119|121|121|125|125|132|131|132|137|140|140|138|137|141|137|135|148|148|146	12.421|17.673|14.298|14.37|12.325|12.734|14.765	14.143|17.521|14.703|15.838|14.246|13.994|13.787	Divergenza territoriale: il tasso locale varia del +15.9% contro -1.5% nel resto della provincia.¦PULSE Score: 73.5/100. Stato: VALIDATO — FEED TERRITORIALE.	DEMO ISTAT — Bilancio demografico mensile	https://demo.istat.it/app/?i=D7B
a724c623fbcac8f8		Crotone		Italia	GREEN · Economia circolare · Raccolta differenziata dei rifiuti urbani	RECORD_MAX	GREEN	73.5	SEGNALE PULSE — GREEN	2024	Crotone: Raccolta differenziata dei rifiuti urbani sale da 26,59 a 30,59 nel periodo 2024.	17.36317967|18.29432235|18.55082711|6.586080252|7.092989828|7.735119925|10.98492894|11.98167433|19.06662415|21.43293953|26.58629053|30.58675842				Pilastro GREEN: Economia circolare.¦Serie ufficiale acquisita automaticamente da ISTAT - Ambiente urbano.¦Ultima variazione: +4; intensità robusta z=2.56.¦PULSE Score: 73.5/100.¦Unità di misura dichiarata: %.	ISTAT - Ambiente urbano	https://www.istat.it/comunicato-stampa/ambiente-urbano-anno-2024/
e15d69f35aa62bde	028099	Vigodarzere	Padova	Veneto	Morti	DIVERGENZA	TERRITORIALE	73.2	VALIDATO — FEED TERRITORIALE	2026-06	Vigodarzere: rilevato divergenza su morti.	116|135|123|124|114|118|141	116|114|114|117|115|111|110|125|125|126|122|126|135|137|136|132|137|138|138|124|126|130|131|123|123|122|124|125|120|125|118|124|127|124|127|127|124|127|121|126|128|120|123|122|117|115|112|114|114|108|115|106|98|101|104|103|107|109|114|113|118|124|130|133|137|141|138|137|140|142|145|149|141|134|130|134|133|125|125	8.913|10.358|9.436|9.463|8.663|8.956|10.673	9.608|10.805|10.853|11.031|10.308|10.262|10.149	Divergenza territoriale: il tasso locale varia del +19.2% contro -1.1% nel resto della provincia.¦PULSE Score: 73.2/100. Stato: VALIDATO — FEED TERRITORIALE.	DEMO ISTAT — Bilancio demografico mensile	https://demo.istat.it/app/?i=D7B
f5b985267561743c	063047	Monte di Procida	Napoli	Campania	Morti	DIVERGENZA	TERRITORIALE	73.2	VALIDATO — FEED TERRITORIALE	2026-06	Monte di Procida: rilevato divergenza su morti.	151|122|141|151|115|130|103	151|140|133|135|142|133|130|131|124|124|128|124|122|123|129|130|122|132|136|135|141|143|139|142|141|140|145|154|151|151|153|151|153|152|151|148|151|145|138|131|128|132|122|121|117|117|122|124|115|125|126|119|118|115|121|123|132|133|129|128|130|121|114|115|117|110|105|103|98|98|97|97|103|108|118|130|130|131|130	12.021|9.817|11.797|12.658|9.665|10.96|8.694	8.785|9.883|10.375|10.362|9.874|9.645|9.619	Divergenza territoriale: il tasso locale varia del -20.7% contro -0.3% nel resto della provincia.¦PULSE Score: 73.2/100. Stato: VALIDATO — FEED TERRITORIALE.	DEMO ISTAT — Bilancio demografico mensile	https://demo.istat.it/app/?i=D7B
683a85cdb6f6b509		Piemonte		Piemonte	GREEN · Risorse idriche e suolo · Prelievi di acque minerali naturali per produzione	RECORD_MAX|INVERSIONE	GREEN	73.2	SEGNALE PULSE — GREEN	2023	Piemonte: Prelievi di acque minerali naturali per produzione sale da 3.142 a 3.299 nel periodo 2023.	2373|2555|2792|3067|3266|3268|3269|3142|3299				Pilastro GREEN: Risorse idriche e suolo.¦Serie ufficiale acquisita automaticamente da ISTAT - Statistiche sull'acqua.¦Ultima variazione: +157; intensità robusta z=1.14.¦PULSE Score: 73.2/100.¦Unità di misura dichiarata: migliaia m³.	ISTAT - Statistiche sull'acqua	https://www.istat.it/wp-content/uploads/2026/03/Istat-GMA2026-Tavole-1.xlsx
05c2e633b9abc545	020071	Borgo Virgilio	Mantova	Lombardia	Emigrati per l'estero	ANOMALIA	TERRITORIALE	73.1	VALIDATO — FEED TERRITORIALE	2026-06	Borgo Virgilio: rilevato anomalia su emigrati per l'estero.	63|53|36|52|44|54|145	63|51|52|57|57|56|60|65|61|58|53|55|53|51|49|52|53|54|49|49|47|46|37|37|36|43|44|38|38|39|45|43|44|48|52|52|52|48|48|51|53|56|54|53|53|49|46|46|44|46|47|44|41|39|39|35|39|41|46|52|54|61|65|71|80|81|85|92|112|121|128|139|145|137|133|133|125|121|114	4.342|3.66|2.453|3.519|2.946|3.582|9.579	4.2|4.332|4.185|3.487|3.699|4.128|4.577	Anomalia: l'ultimo valore rolling 12 mesi si discosta in modo robusto dal trend recente oltre la soglia tecnica PULSE.¦PULSE Score: 73.1/100. Stato: VALIDATO — FEED TERRITORIALE.	DEMO ISTAT — Bilancio demografico mensile	https://demo.istat.it/app/?i=D7B
aef0e115a050f340		Italia		Italia	GREEN · Tutela della biodiversità · Aree marine comprese nella rete Natura 2000	RECORD_MAX	GREEN	73.1	SEGNALE PULSE — GREEN	2025	Italia: Aree marine comprese nella rete Natura 2000 sale da 23.217 a 23.450 nel periodo 2025.	5738|5811|5825|5878|5878|11041|20716|20717|20717|22840|23217|23450				Pilastro GREEN: Tutela della biodiversità.¦Serie ufficiale acquisita automaticamente da ISTAT - Indicatori SDGs.¦Ultima variazione: +233; intensità robusta z=2.49.¦PULSE Score: 73.1/100.¦Unità di misura dichiarata: Km2.¦SDG Goal 14 · codice misura SDG-306.	ISTAT - Indicatori SDGs	https://www.istat.it/wp-content/uploads/2026/07/Misure-statistiche-2004-2026.xlsx
d00027c36b87b240	028056	Montagnana	Padova	Veneto	Morti	DIVERGENZA	TERRITORIALE	73.0	VALIDATO — FEED TERRITORIALE	2026-06	Montagnana: rilevato divergenza su morti.	134|144|148|147|140|112|134	134|128|129|128|136|139|143|142|141|145|144|153|144|141|141|134|127|125|133|136|140|144|146|141|148|150|150|154|154|155|153|155|151|141|147|149|147|147|146|144|144|144|139|133|138|144|134|135|140|138|133|134|129|131|124|124|116|117|120|118|112|113|111|112|114|116|129|130|133|136|137|131|134|149|152|146|152|146|141	14.897|16.14|16.64|16.521|15.649|12.41|14.709	9.547|10.748|10.777|10.955|10.232|10.222|10.111	Divergenza territoriale: il tasso locale varia del +18.5% contro -1.1% nel resto della provincia.¦PULSE Score: 73.0/100. Stato: VALIDATO — FEED TERRITORIALE.	DEMO ISTAT — Bilancio demografico mensile	https://demo.istat.it/app/?i=D7B
1e3bda7e05f41337	078102	Rende	Cosenza	Calabria	Emigrati per l'estero	ACCELERAZIONE	GENERAL	73.0	VALIDATO — FEED TERRITORIALE	2026-06	Rende: rilevato accelerazione su emigrati per l'estero.	24|5|65|57|71|83|83	24|25|25|23|24|23|22|10|10|10|9|9|5|6|8|13|11|13|20|27|31|40|49|58|65|66|70|74|77|82|83|80|78|72|66|60|57|61|57|57|60|59|63|60|62|66|66|69|71|71|80|75|76|77|69|78|78|78|83|83|83|86|85|89|87|85|87|86|88|90|89|87|83|74|64|56|54|52|51	0.682|0.14|1.819|1.578|1.943|2.264|2.257	4.252|3.095|2.751|2.65|3.326|3.997|3.704	Accelerazione: il fenomeno prosegue nella stessa direzione ma la pendenza recente aumenta rispetto alla finestra precedente.¦PULSE Score: 73.0/100. Stato: VALIDATO — FEED TERRITORIALE.	DEMO ISTAT — Bilancio demografico mensile	https://demo.istat.it/app/?i=D7B
0a9ed885145d428e	064005	Ariano Irpino	Avellino	Campania	Emigrati per altro comune	ANOMALIA	TERRITORIALE	73.0	VALIDATO — FEED TERRITORIALE	2026-06	Ariano Irpino: rilevato anomalia su emigrati per altro comune.	218|258|223|248|286|236|203	218|220|227|216|196|196|206|210|207|222|241|252|258|245|238|249|260|258|256|253|262|255|237|227|223|230|233|237|233|243|242|240|241|235|226|244|248|254|261|264|270|272|278|283|284|299|300|285|286|280|280|273|273|277|261|255|250|239|240|240|236|239|230|225|224|218|215|218|213|210|204|209|203|201|218|231|227|222|234	10.02|12.002|10.41|11.676|13.582|11.298|9.787	22.543|20.31|21.921|23.366|22.724|23.782|24.366	Anomalia: l'ultimo valore rolling 12 mesi si discosta in modo robusto dal trend recente oltre la soglia tecnica PULSE.¦PULSE Score: 73.0/100. Stato: VALIDATO — FEED TERRITORIALE.	DEMO ISTAT — Bilancio demografico mensile	https://demo.istat.it/app/?i=D7B
859ae79b601dc639		Nuoro		Italia	GREEN · Economia circolare · Raccolta differenziata dei rifiuti urbani	RECORD_MAX|INVERSIONE	GREEN	72.9	SEGNALE PULSE — GREEN	2024	Nuoro: Raccolta differenziata dei rifiuti urbani sale da 83,44 a 85,74 nel periodo 2024.	57.17322764|58.43042032|57.30603415|58.08518243|66.53892282|70.08667276|74.38271587|76.25911791|80.33181853|83.83089485|83.4377888|85.74140873				Pilastro GREEN: Economia circolare.¦Serie ufficiale acquisita automaticamente da ISTAT - Ambiente urbano.¦Ultima variazione: +2.304; intensità robusta z=1.02.¦PULSE Score: 72.9/100.¦Unità di misura dichiarata: %.	ISTAT - Ambiente urbano	https://www.istat.it/comunicato-stampa/ambiente-urbano-anno-2024/
13c36637ba9a851e		Terni		Italia	GREEN · Mobilità sostenibile · Densità di piste ciclabili	RECORD_MAX|ACCELERAZIONE	GREEN	72.9	SEGNALE PULSE — GREEN	2024	Terni: Densità di piste ciclabili sale da 12 a 14,4 nel periodo 2024.	8.6|8.6|10.6|10.6|12|14.4				Pilastro GREEN: Mobilità sostenibile.¦Serie ufficiale acquisita automaticamente da ISTAT - Ambiente urbano.¦Ultima variazione: +2.4; intensità robusta z=2.31.¦PULSE Score: 72.9/100.¦Unità di misura dichiarata: km per 100 km².	ISTAT - Ambiente urbano	https://www.istat.it/comunicato-stampa/ambiente-urbano-anno-2024/
0deff9e25dc95201		Italia		Italia	GREEN · Economia circolare · APS bilaterale erogazioni lorde per la ricerca nei diversi settori di intervento	ACCELERAZIONE|ANOMALIA	GREEN	72.6	SEGNALE PULSE — GREEN	2025	Italia: APS bilaterale erogazioni lorde per la ricerca nei diversi settori di intervento sale da 10,15 a 18,12 nel periodo 2025.	1.34|4.5|8|6.33|12.28|10.64|9.55|8.76|18.87|8.7|10.15|18.12				Pilastro GREEN: Economia circolare.¦Serie ufficiale acquisita automaticamente da ISTAT - Indicatori SDGs.¦Ultima variazione: +7.97; intensità robusta z=2.23.¦PULSE Score: 72.6/100.¦Unità di misura dichiarata: Milioni di euro (prezzi correnti).¦SDG Goal 12 · codice misura SDG-215.	ISTAT - Indicatori SDGs	https://www.istat.it/wp-content/uploads/2026/07/Misure-statistiche-2004-2026.xlsx
c60088223af2ee52		Centro (*)		Italia	GREEN · Mobilità sostenibile · Densità di piste ciclabili	RECORD_MAX|RALLENTAMENTO	GREEN	72.6	SEGNALE PULSE — GREEN	2024	Centro (*): Densità di piste ciclabili sale da 19,2 a 19,4 nel periodo 2024.	15.2|16.1|17.5|18.3|19.2|19.4				Pilastro GREEN: Mobilità sostenibile.¦Serie ufficiale acquisita automaticamente da ISTAT - Ambiente urbano.¦Ultima variazione: +0.2; intensità robusta z=2.70.¦PULSE Score: 72.6/100.¦Unità di misura dichiarata: km per 100 km².	ISTAT - Ambiente urbano	https://www.istat.it/comunicato-stampa/ambiente-urbano-anno-2024/
1c24515c705655eb		Mantova		Italia	GREEN · Tutela della biodiversità · Disponibilità di verde urbano	INVERSIONE|ANOMALIA	GREEN	72.5	SEGNALE PULSE — GREEN	2024	Mantova: Disponibilità di verde urbano scende da 40,76 a 40,49 nel periodo 2024.	38.25437086|38.23114634|38.20922596|37.96857033|37.67130633|37.83045011|38.97333729|39.36835741|39.5564015|39.5283401|40.75718314|40.49045625				Pilastro GREEN: Tutela della biodiversità.¦Serie ufficiale acquisita automaticamente da ISTAT - Ambiente urbano.¦Ultima variazione: -0.2667; intensità robusta z=0.84.¦PULSE Score: 72.5/100.¦Unità di misura dichiarata: m²/abitante.	ISTAT - Ambiente urbano	https://www.istat.it/comunicato-stampa/ambiente-urbano-anno-2024/
8bbe15ca483ed5bb		Trento		Italia	GREEN · Economia circolare · Raccolta differenziata dei rifiuti urbani	RECORD_MAX|INVERSIONE	GREEN	72.5	SEGNALE PULSE — GREEN	2024	Trento: Raccolta differenziata dei rifiuti urbani sale da 82,38 a 83,26 nel periodo 2024.	72.67800699|75.99897208|77.00467795|78.85443593|79.32995795|81.48785698|82.53816141|81.24819397|82.00922772|82.40780055|82.38142619|83.25683231				Pilastro GREEN: Economia circolare.¦Serie ufficiale acquisita automaticamente da ISTAT - Ambiente urbano.¦Ultima variazione: +0.8754; intensità robusta z=0.85.¦PULSE Score: 72.5/100.¦Unità di misura dichiarata: %.	ISTAT - Ambiente urbano	https://www.istat.it/comunicato-stampa/ambiente-urbano-anno-2024/
8483bb03c7fce0a7	058060	Monte Compatri	Roma	Lazio	Morti	DIVERGENZA	TERRITORIALE	72.4	VALIDATO — FEED TERRITORIALE	2026-06	Monte Compatri: rilevato divergenza su morti.	107|108|101|100|107|103|130	107|110|107|104|104|102|99|96|93|93|99|108|108|105|106|107|105|105|103|104|108|110|107|99|101|98|100|97|98|97|97|99|99|103|102|102|100|106|108|117|115|114|115|106|104|103|103|104|107|109|103|91|94|93|89|96|93|99|101|109|103|96|101|116|117|119|127|130|134|126|128|127|130|140|144|138|137|137|134	9.002|9.151|8.528|8.404|9.033|8.761|11.111	9.535|10.528|10.824|10.804|10.961|10.373|10.265	Divergenza territoriale: il tasso locale varia del +26.8% contro -1.0% nel resto della provincia.¦PULSE Score: 72.4/100. Stato: VALIDATO — FEED TERRITORIALE.	DEMO ISTAT — Bilancio demografico mensile	https://demo.istat.it/app/?i=D7B
6ef3d27482926296	023038	Grezzana	Verona	Veneto	Morti	DIVERGENZA	TERRITORIALE	72.3	VALIDATO — FEED TERRITORIALE	2026-06	Grezzana: rilevato divergenza su morti.	86|103|81|115|104|84|118	86|91|90|82|86|81|83|86|87|85|91|97|103|99|101|97|91|101|94|92|90|96|91|87|81|88|89|99|107|100|107|111|111|110|107|103|115|116|120|113|109|112|100|98|102|104|109|116|104|96|92|90|84|83|85|87|89|87|92|87|84|90|83|95|98|98|102|107|108|113|109|110|118|116|121|113|119|119|116	7.943|9.593|7.559|10.731|9.701|7.855|10.934	9.707|12.101|10.368|10.8|10.167|9.742|10.027	Divergenza territoriale: il tasso locale varia del +39.2% contro +2.9% nel resto della provincia.¦PULSE Score: 72.3/100. Stato: VALIDATO — FEED TERRITORIALE.	DEMO ISTAT — Bilancio demografico mensile	https://demo.istat.it/app/?i=D7B
81ecf7895803f9ed		Italia		Italia	GREEN · Transizione energetica · Quota di energia da fonti rinnovabili	RECORD_MAX|ACCELERAZIONE	GREEN	72.3	SEGNALE PULSE — GREEN	2025	Italia: Quota di energia da fonti rinnovabili sale da 19,39 a 20,5 nel periodo 2025.	17.082|17.525|17.415|18.267|17.796|18.181|20.359|18.888|18.826|19.179|19.385|20.5				Pilastro GREEN: Transizione energetica.¦Serie ufficiale acquisita automaticamente da Eurostat - Statistiche ambientali ed energia.¦Ultima variazione: +1.115; intensità robusta z=2.06.¦PULSE Score: 72.3/100.¦Unità di misura dichiarata: PC.	Eurostat - Statistiche ambientali ed energia	https://ec.europa.eu/eurostat/api/dissemination/statistics/1.0/data/nrg_ind_ren?lang=en&geo=IT
122d458c3d9d137f	SDMX-IT-149_577_DF_DCSC_OROS_1_3	Italia		Italia	Posizioni lavorative dipendenti	RECORD_MAX|INVERSIONE	GENERAL	72.2	SEGNALE PULSE — ISTATDATA	2026-Q2	Italia: Posizioni lavorative dipendenti sale da 109,6 a 110,1 nel periodo 2026-Q2.		103.1|104.5|104.9|105.4|105.7|106.8|107.4|108.1|107.8|108.6|108.6|108.8|108.6|109.5|109.8|109.9|109.6|110.1			Record: l'ultimo valore supera i dodici periodi precedenti disponibili.¦Inversione: l'ultima variazione cambia segno rispetto alla precedente.¦Posizioni lavorative alle dipendenze, base 2021; viene scelta la branca più aggregata disponibile.¦PULSE Score: 72.2/100. Fonte: IstatData SDMX, ISTAT.	IstatData SDMX — ISTAT	https://esploradati.istat.it/SDMXWS/rest/v1/data/149_577_DF_DCSC_OROS_1_3/all/IT1?startPeriod=2022&endPeriod=2026
e1cffc0b10d983ca	062008	Benevento	Benevento	Campania	Nati vivi	DIVERGENZA	GENERAL	72.2	VALIDATO — FEED TERRITORIALE	2026-06	Benevento: rilevato divergenza su nati vivi.	407|402|342|382|367|363|291	407|408|405|403|398|397|417|426|414|414|409|401|402|390|384|389|388|383|363|348|348|339|331|334|342|340|347|342|340|343|348|372|380|379|378|390|382|380|382|383|389|389|392|371|366|359|363|360|367|375|362|367|360|357|360|360|350|357|365|363|363|358|356|343|341|339|326|320|319|318|302|295|291|299|299|302|303|319|324	6.928|6.891|5.948|6.712|6.514|6.477|5.223	7.067|6.547|6.357|6.774|6.383|6.194|6.017	Divergenza territoriale: il tasso locale varia del -19.4% contro -2.9% nel resto della provincia.¦PULSE Score: 72.2/100. Stato: VALIDATO — FEED TERRITORIALE.	DEMO ISTAT — Bilancio demografico mensile	https://demo.istat.it/app/?i=D7B
60f2533322acea7a		Siena		Italia	GREEN · Economia circolare · Produzione di rifiuti urbani	ACCELERAZIONE|ANOMALIA	GREEN	72.2	SEGNALE PULSE — GREEN	2024	Siena: Produzione di rifiuti urbani sale da 601,25 a 622,17 nel periodo 2024.	673.2454646|679.5635576|685.1209186|676.1238174|657.6512913|669.5214061|673.0168896|591.9833811|584.7910995|592.5979856|601.2524691|622.1670147				Pilastro GREEN: Economia circolare.¦Serie ufficiale acquisita automaticamente da ISTAT - Ambiente urbano.¦Ultima variazione: +20.91; intensità robusta z=2.46.¦PULSE Score: 72.2/100.¦Unità di misura dichiarata: kg/abitante.	ISTAT - Ambiente urbano	https://www.istat.it/comunicato-stampa/ambiente-urbano-anno-2024/
12958ac444fbc8b3		Pescara		Italia	GREEN · Economia circolare · Raccolta differenziata dei rifiuti urbani	RECORD_MAX|ACCELERAZIONE	GREEN	72.2	SEGNALE PULSE — GREEN	2024	Pescara: Raccolta differenziata dei rifiuti urbani sale da 48,07 a 51,92 nel periodo 2024.	28.96497746|31.77978533|32.60053798|35.01426919|36.23249103|42.20749399|46.95769544|47.68441953|46.55675287|46.87699222|48.07112825|51.92074864				Pilastro GREEN: Economia circolare.¦Serie ufficiale acquisita automaticamente da ISTAT - Ambiente urbano.¦Ultima variazione: +3.85; intensità robusta z=2.48.¦PULSE Score: 72.2/100.¦Unità di misura dichiarata: %.	ISTAT - Ambiente urbano	https://www.istat.it/comunicato-stampa/ambiente-urbano-anno-2024/
5c954423044385cd		Italia		Italia	GREEN · Economia circolare · Ammontare di rifiuti urbani oggetto di raccolta differenziata	RECORD_MAX	GREEN	72.2	SEGNALE PULSE — GREEN	2024	Italia: Ammontare di rifiuti urbani oggetto di raccolta differenziata sale da 19,51 mln a 20,26 mln nel periodo 2024.	12498968|13401416|14020865|15822776|16425196|17539123|18397319|18233935|18952787|18930274|19505182|20260483				Pilastro GREEN: Economia circolare.¦Serie ufficiale acquisita automaticamente da ISTAT - Indicatori SDGs.¦Ultima variazione: +7.553e+05; intensità robusta z=2.41.¦PULSE Score: 72.2/100.¦Unità di misura dichiarata: Tonnellate.¦SDG Goal 12 · codice misura SDG-90.	ISTAT - Indicatori SDGs	https://www.istat.it/wp-content/uploads/2026/07/Misure-statistiche-2004-2026.xlsx
661f2dd13252eae8		Italia		Italia	GREEN · Economia circolare · Incidenza del turismo sui rifiuti	ANOMALIA	GREEN	72.2	SEGNALE PULSE — GREEN	2024	Italia: Incidenza del turismo sui rifiuti sale da 15,72 a 16,25 nel periodo 2024.	8.13|8.16|8.48|8.89|9.14|9.54|16.34|9.07|11.71|15.31|15.72|16.25				Pilastro GREEN: Economia circolare.¦Serie ufficiale acquisita automaticamente da ISTAT - Indicatori SDGs.¦Ultima variazione: +0.53; intensità robusta z=1.35.¦PULSE Score: 72.2/100.¦Unità di misura dichiarata: Kg per abitante equivalente.¦SDG Goal 12 · codice misura SDG-176.	ISTAT - Indicatori SDGs	https://www.istat.it/wp-content/uploads/2026/07/Misure-statistiche-2004-2026.xlsx
9a04293c552fa7f4		Nord-est (*)		Italia	GREEN · Economia circolare · Produzione di rifiuti urbani	ACCELERAZIONE|ANOMALIA	GREEN	72.0	SEGNALE PULSE — GREEN	2024	Nord-est (*): Produzione di rifiuti urbani sale da 573,02 a 598,77 nel periodo 2024.	587.2983563|586.8589141|580.9008981|601.8885097|596.1415598|604.3412036|603.1523945|566.5080118|573.2884048|571.58795|573.015364|598.7692742				Pilastro GREEN: Economia circolare.¦Serie ufficiale acquisita automaticamente da ISTAT - Ambiente urbano.¦Ultima variazione: +25.75; intensità robusta z=3.45.¦PULSE Score: 72.0/100.¦Unità di misura dichiarata: kg/abitante.	ISTAT - Ambiente urbano	https://www.istat.it/comunicato-stampa/ambiente-urbano-anno-2024/
ec0ab603ae7a594d		Prato		Italia	GREEN · Mobilità sostenibile · Densità di piste ciclabili	RECORD_MAX	GREEN	72.0	SEGNALE PULSE — GREEN	2024	Prato: Densità di piste ciclabili sale da 122,9 a 124,2 nel periodo 2024.	78.6|78.6|78.6|122|122.9|124.2				Pilastro GREEN: Mobilità sostenibile.¦Serie ufficiale acquisita automaticamente da ISTAT - Ambiente urbano.¦Ultima variazione: +1.3; intensità robusta z=1.95.¦PULSE Score: 72.0/100.¦Unità di misura dichiarata: km per 100 km².	ISTAT - Ambiente urbano	https://www.istat.it/comunicato-stampa/ambiente-urbano-anno-2024/
3220e58a59ff366f	SDMX-IT-122_54_DF_DCSC_TUR_3	Italia		Italia	Presenze turistiche	ANOMALIA	GENERAL	71.8	SEGNALE PULSE — ISTATDATA	2026-07	Italia: Presenze turistiche sale da 65,20 mln a 89,38 mln nel periodo 2026-07.		2.05816e+07|2.41573e+07|2.80255e+07|4.00023e+07|5.37952e+07|7.67108e+07|8.41889e+07|5.05858e+07|3.1417e+07|1.77002e+07|1.97096e+07|2.24308e+07|2.27165e+07|2.53274e+07|3.47852e+07|4.27707e+07|6.47898e+07|8.78834e+07|9.563e+07|5.82672e+07|3.65341e+07|1.99516e+07|2.43765e+07|2.14435e+07|2.32514e+07|2.69393e+07|3.61634e+07|4.65133e+07|6.51969e+07|8.93795e+07			Anomalia: l'ultimo livello o la sua variazione supera la soglia robusta PULSE.¦Presenze mensili complessive negli esercizi ricettivi, ospiti residenti e non residenti.¦PULSE Score: 71.8/100. Fonte: IstatData SDMX, ISTAT.	IstatData SDMX — ISTAT	https://esploradati.istat.it/SDMXWS/rest/v1/data/122_54_DF_DCSC_TUR_3/all/IT1?startPeriod=2022&endPeriod=2026
99db3d550c7dc1f7		Massa		Italia	GREEN · Tutela della biodiversità · Disponibilità di verde urbano	RECORD_MAX	GREEN	71.8	SEGNALE PULSE — GREEN	2024	Massa: Disponibilità di verde urbano sale da 17,75 a 17,81 nel periodo 2024.	16.79386354|16.87157268|16.98605304|17.0936317|17.17263925|17.23541156|17.31982534|17.45086061|17.59219329|17.68347567|17.75111884|17.81495531				Pilastro GREEN: Tutela della biodiversità.¦Serie ufficiale acquisita automaticamente da ISTAT - Ambiente urbano.¦Ultima variazione: +0.06384; intensità robusta z=2.16.¦PULSE Score: 71.8/100.¦Unità di misura dichiarata: m²/abitante.	ISTAT - Ambiente urbano	https://www.istat.it/comunicato-stampa/ambiente-urbano-anno-2024/
525f10c6429d7503		Perugia		Italia	GREEN · Economia circolare · Raccolta differenziata dei rifiuti urbani	RECORD_MAX|INVERSIONE	GREEN	71.7	SEGNALE PULSE — GREEN	2024	Perugia: Raccolta differenziata dei rifiuti urbani sale da 71,3 a 72,45 nel periodo 2024.	57.6988486|59.525873|57.73446208|62.19136985|62.20916719|64.42040915|71.07972673|71.08319736|70.98300782|71.51801219|71.3022221|72.44868096				Pilastro GREEN: Economia circolare.¦Serie ufficiale acquisita automaticamente da ISTAT - Ambiente urbano.¦Ultima variazione: +1.146; intensità robusta z=0.76.¦PULSE Score: 71.7/100.¦Unità di misura dichiarata: %.	ISTAT - Ambiente urbano	https://www.istat.it/comunicato-stampa/ambiente-urbano-anno-2024/
2a4afa150561d504		Italia		Italia	GREEN · Risorse idriche e suolo · Prelievo di acqua per uso potabile	RECORD_MIN|ACCELERAZIONE	GREEN	71.6	SEGNALE PULSE — GREEN	2024	Italia: Prelievo di acqua per uso potabile scende da 9.132 a 8.863 nel periodo 2024.	8942.2|9094.7|9450.7|9476.5|9219.8|9189.1|9132.5|8863.4				Pilastro GREEN: Risorse idriche e suolo.¦Serie ufficiale acquisita automaticamente da ISTAT - Indicatori SDGs.¦Ultima variazione: -269.1; intensità robusta z=1.74.¦PULSE Score: 71.6/100.¦Unità di misura dichiarata: Milioni di m3.¦SDG Goal 6 · codice misura SDG-378.	ISTAT - Indicatori SDGs	https://www.istat.it/wp-content/uploads/2026/07/Misure-statistiche-2004-2026.xlsx
207074075590b7d5		Nord (*)		Italia	GREEN · Economia circolare · Raccolta differenziata dei rifiuti urbani	RECORD_MAX	GREEN	71.4	SEGNALE PULSE — GREEN	2024	Nord (*): Raccolta differenziata dei rifiuti urbani sale da 66,34 a 67,62 nel periodo 2024.	45.87473205|49.73032541|51.73799604|55.88204836|57.65209474|59.61716437|61.73554839|63.10493698|63.53890438|64.37240879|66.34367247|67.61775292				Pilastro GREEN: Economia circolare.¦Serie ufficiale acquisita automaticamente da ISTAT - Ambiente urbano.¦Ultima variazione: +1.274; intensità robusta z=2.16.¦PULSE Score: 71.4/100.¦Unità di misura dichiarata: %.	ISTAT - Ambiente urbano	https://www.istat.it/comunicato-stampa/ambiente-urbano-anno-2024/
8cd4d15917dfe830	010015	Chiavari	Genova	Liguria	Nati vivi	DIVERGENZA	GENERAL	71.3	PROMETTENTE — RIVEDERE	2026-06	Chiavari: rilevato divergenza su nati vivi.	171|185|146|146|152|156|130	171|175|180|178|176|170|176|176|182|179|193|193|185|174|167|164|175|175|172|162|156|155|139|135|146|152|154|154|148|145|154|156|151|153|154|153|146|152|154|151|148|158|153|154|157|152|152|150|152|148|144|157|155|149|150|153|152|155|157|162|156|151|154|145|141|141|129|124|126|127|129|122|130|132|130|132|141|142|148	6.243|6.736|5.359|5.362|5.555|5.694|4.736	5.735|5.709|5.695|5.675|5.659|5.684|5.647	Divergenza territoriale: il tasso locale varia del -16.8% contro -0.7% nel resto della provincia.¦PULSE Score: 71.3/100. Stato: PROMETTENTE — RIVEDERE.	DEMO ISTAT — Bilancio demografico mensile	https://demo.istat.it/app/?i=D7B
461e54bd68182e1f	072031	Noci	Bari	Puglia	Emigrati per altro comune	ANOMALIA	TERRITORIALE	71.2	PROMETTENTE — RIVEDERE	2026-06	Noci: rilevato anomalia su emigrati per altro comune.	207|202|209|168|196|203|187	207|207|210|199|181|180|185|202|204|200|197|203|202|201|197|206|227|224|224|217|217|218|206|206|209|209|210|212|200|196|183|176|176|166|178|177|168|167|179|176|168|175|177|181|192|202|197|196|196|207|205|208|218|213|210|207|199|202|197|197|203|191|182|183|183|182|180|190|185|187|191|194|187|185|181|178|181|192|223	11.029|10.831|11.272|9.109|10.671|11.141|10.319	15.964|14.174|15.092|16.179|15.642|14.722|15.671	Anomalia: l'ultimo valore rolling 12 mesi si discosta in modo robusto dal trend recente oltre la soglia tecnica PULSE.¦PULSE Score: 71.2/100. Stato: PROMETTENTE — RIVEDERE.	DEMO ISTAT — Bilancio demografico mensile	https://demo.istat.it/app/?i=D7B
0e448e7e09210265	078029	Cassano all'Ionio	Cosenza	Calabria	Emigrati per l'estero	ANOMALIA	TERRITORIALE	71.2	PROMETTENTE — RIVEDERE	2026-06	Cassano all'Ionio: rilevato anomalia su emigrati per l'estero.	82|74|35|41|77|74|35	82|76|69|64|67|64|74|79|76|77|73|73|74|71|69|67|65|63|47|38|35|35|31|34|35|41|39|39|42|44|49|49|48|45|47|43|41|42|45|46|42|40|41|44|51|59|60|73|77|78|82|84|90|88|87|88|88|87|87|76|74|72|68|64|58|57|56|52|47|42|39|38|35|34|34|35|41|40|43	4.741|4.34|2.103|2.473|4.653|4.503|2.146	4.054|2.907|2.717|2.596|3.216|3.887|3.662	Anomalia: l'ultimo valore rolling 12 mesi si discosta in modo robusto dal trend recente oltre la soglia tecnica PULSE.¦PULSE Score: 71.2/100. Stato: PROMETTENTE — RIVEDERE.	DEMO ISTAT — Bilancio demografico mensile	https://demo.istat.it/app/?i=D7B
9c9b02a875dae0ec		Siena		Italia	GREEN · Mobilità sostenibile · Densità di piste ciclabili	ANOMALIA	GREEN	71.2	SEGNALE PULSE — GREEN	2024	Siena: Densità di piste ciclabili sale da 4,9 a 6,5 nel periodo 2024.	6.5|4.9|4.9|4.9|4.9|6.5				Pilastro GREEN: Mobilità sostenibile.¦Serie ufficiale acquisita automaticamente da ISTAT - Ambiente urbano.¦Ultima variazione: +1.6; intensità robusta z=2.31.¦PULSE Score: 71.2/100.¦Unità di misura dichiarata: km per 100 km².	ISTAT - Ambiente urbano	https://www.istat.it/comunicato-stampa/ambiente-urbano-anno-2024/
aaa3568f86ee974e	015209	Sesto San Giovanni	Milano	Lombardia	Emigrati per l'estero	RECORD_MIN	GENERAL	71.1	PROMETTENTE — RIVEDERE	2026-06	Sesto San Giovanni: emigrati per l'estero raggiunge un nuovo minimo dei 60 mesi precedenti su base mobile 12 mesi (89).	214|150|192|165|198|211|139	214|226|213|197|185|186|175|179|176|177|174|153|150|145|150|144|156|155|166|169|165|164|177|183|192|186|182|186|173|171|164|167|178|184|177|171|165|170|178|183|196|198|204|196|190|195|195|203|198|208|212|214|212|212|208|213|206|194|207|202|211|191|175|173|168|161|162|158|159|168|154|152|139|133|127|111|105|103|89	2.62|1.836|2.394|2.077|2.502|2.688|1.764	3.256|2.914|3.009|2.683|3.473|3.679|3.107	Record: il rolling 12 mesi di 2026-06 (89) scende sotto il minimo precedente (103).¦PULSE Score: 71.1/100. Stato: PROMETTENTE — RIVEDERE.	DEMO ISTAT — Bilancio demografico mensile	https://demo.istat.it/app/?i=D7B
0a47663993a8f3e2	001078	Chieri	Torino	Piemonte	Morti	DIVERGENZA	GENERAL	71.0	PROMETTENTE — RIVEDERE	2026-06	Chieri: rilevato divergenza su morti.	354|525|407|485|416|352|409	354|347|348|362|400|412|427|420|441|437|466|496|525|545|546|545|519|500|485|485|467|460|434|422|407|402|397|406|407|417|421|442|453|476|487|488|485|487|491|472|474|469|469|456|447|430|431|422|416|394|379|377|366|362|363|361|356|363|368|367|352|359|381|385|390|397|399|401|414|407|402|391|409|422|412|400|403|392|401	9.702|14.418|11.305|13.504|11.585|9.824|11.419	11.647|14.416|12.752|13.273|12.293|11.988|12.053	Divergenza territoriale: il tasso locale varia del +16.2% contro +0.5% nel resto della provincia.¦PULSE Score: 71.0/100. Stato: PROMETTENTE — RIVEDERE.	DEMO ISTAT — Bilancio demografico mensile	https://demo.istat.it/app/?i=D7B
d98de1a396f70879		Avellino		Italia	GREEN · Tutela della biodiversità · Disponibilità di verde urbano	RECORD_MAX|RALLENTAMENTO	GREEN	71.0	SEGNALE PULSE — GREEN	2024	Avellino: Disponibilità di verde urbano sale da 31,38 a 31,46 nel periodo 2024.	29.11742995|29.24039185|29.42920988|29.60173208|30.13548696|30.30170664|30.51813123|30.78920548|31.03711651|31.20571276|31.3759186|31.45880725				Pilastro GREEN: Tutela della biodiversità.¦Serie ufficiale acquisita automaticamente da ISTAT - Ambiente urbano.¦Ultima variazione: +0.08289; intensità robusta z=2.23.¦PULSE Score: 71.0/100.¦Unità di misura dichiarata: m²/abitante.	ISTAT - Ambiente urbano	https://www.istat.it/comunicato-stampa/ambiente-urbano-anno-2024/
4a012ea82b5688a3		Nuoro		Italia	GREEN · Tutela della biodiversità · Disponibilità di verde urbano	RECORD_MAX	GREEN	71.0	SEGNALE PULSE — GREEN	2024	Nuoro: Disponibilità di verde urbano sale da 34,79 a 35,25 nel periodo 2024.	31.21253649|31.27425268|31.40101747|31.53972914|31.72114595|32.28794266|32.80123306|33.37845986|33.97019305|34.43176813|34.79176845|35.24521567				Pilastro GREEN: Tutela della biodiversità.¦Serie ufficiale acquisita automaticamente da ISTAT - Ambiente urbano.¦Ultima variazione: +0.4534; intensità robusta z=1.76.¦PULSE Score: 71.0/100.¦Unità di misura dichiarata: m²/abitante.	ISTAT - Ambiente urbano	https://www.istat.it/comunicato-stampa/ambiente-urbano-anno-2024/
c48753cbd18a4b26	061048	Maddaloni	Caserta	Campania	Immigrati da altro comune	RECORD_MAX|ANOMALIA	GENERAL	70.9	PROMETTENTE — RIVEDERE	2026-06	Maddaloni: immigrati da altro comune raggiunge un nuovo massimo dei 60 mesi precedenti su base mobile 12 mesi (521).	414|457|429|365|451|459|473	414|411|412|388|382|388|414|423|415|418|425|421|457|447|443|454|462|450|436|448|454|451|440|441|429|434|418|422|410|410|391|366|365|366|379|382|365|381|375|376|392|409|437|429|465|463|448|450|451|468|476|481|461|465|448|472|444|442|452|453|459|452|457|459|466|441|443|437|435|449|469|469|473|471|471|461|481|487|521	10.828|12.055|11.526|9.826|12.225|12.484|12.89	26.009|23.367|26.025|25.312|25.182|24.869|25.516	Record: il rolling 12 mesi di 2026-06 (521) supera il massimo precedente (487).¦Anomalia: l'ultimo valore rolling 12 mesi si discosta in modo robusto dal trend recente oltre la soglia tecnica PULSE.¦PULSE Score: 70.9/100. Stato: PROMETTENTE — RIVEDERE.	DEMO ISTAT — Bilancio demografico mensile	https://demo.istat.it/app/?i=D7B
080e60c50c93b329	080088	Siderno	Reggio Calabria	Calabria	Immigrati dall'estero	RECORD_MAX	TERRITORIALE	70.9	PROMETTENTE — RIVEDERE	2026-06	Siderno: immigrati dall'estero raggiunge un nuovo massimo dei 60 mesi precedenti su base mobile 12 mesi (119).	85|32|77|71|85|80|100	85|73|66|62|55|53|49|43|40|37|35|34|32|31|33|45|44|44|50|52|52|53|61|69|77|77|76|69|73|75|73|75|77|75|71|74|71|77|78|81|87|88|88|87|83|85|92|82|85|81|83|82|84|84|86|85|85|85|78|86|80|85|99|97|92|89|88|90|88|90|102|98|100|95|105|103|101|108|119	4.901|1.839|4.402|4.032|4.824|4.556|5.692	5.149|3.704|5.927|6.874|7.322|7.339|6.486	Record: il rolling 12 mesi di 2026-06 (119) supera il massimo precedente (108).¦PULSE Score: 70.9/100. Stato: PROMETTENTE — RIVEDERE.	DEMO ISTAT — Bilancio demografico mensile	https://demo.istat.it/app/?i=D7B
084a8d37bddc6570		Capoluoghi di provincia (*)		Italia	GREEN · Mobilità sostenibile · Densità di piste ciclabili	RECORD_MAX	GREEN	70.9	SEGNALE PULSE — GREEN	2024	Capoluoghi di provincia (*): Densità di piste ciclabili sale da 26,1 a 27,4 nel periodo 2024.	21.9|22.5|24|24.6|26.1|27.4				Pilastro GREEN: Mobilità sostenibile.¦Serie ufficiale acquisita automaticamente da ISTAT - Ambiente urbano.¦Ultima variazione: +1.3; intensità robusta z=1.95.¦PULSE Score: 70.9/100.¦Unità di misura dichiarata: km per 100 km².	ISTAT - Ambiente urbano	https://www.istat.it/comunicato-stampa/ambiente-urbano-anno-2024/
d43b9eca1af39538	SDMX-IT-30_264	Italia		Italia	Fiducia dei consumatori	INVERSIONE	GENERAL	70.8	SEGNALE PULSE — ISTATDATA	2026-09	Italia: Fiducia dei consumatori sale da 0,1 a 0,5 nel periodo 2026-09.		0.2|0.5|0.6|0.5|0.4|0.5|0.3|0.5|0.4|0.4|0.6|0.4|0.4|0.4|0.1|0.2|0.1|0.2|0.2|0.1|0.1|0.4|0.4|0.2|0|0.1|0.2|0.5|0.1|0.5			Inversione: l'ultima variazione cambia segno rispetto alla precedente.¦Clima di fiducia dei consumatori; serie nazionale sintetica più aggregata disponibile.¦PULSE Score: 70.8/100. Fonte: IstatData SDMX, ISTAT.	IstatData SDMX — ISTAT	https://esploradati.istat.it/SDMXWS/rest/v1/data/30_264/all/IT1?startPeriod=2022&endPeriod=2026
94cef0bd6b8e743b	030118	Tavagnacco	Udine	Friuli-Venezia Giulia	Nati vivi	DIVERGENZA	TERRITORIALE	70.8	PROMETTENTE — RIVEDERE	2026-06	Tavagnacco: rilevato divergenza su nati vivi.	105|108|99|87|86|88|107	105|105|106|103|103|100|102|100|99|104|102|110|108|110|110|112|109|113|112|109|110|100|100|98|99|96|88|87|88|86|93|92|88|93|89|86|87|88|87|88|90|95|87|90|91|92|94|91|86|81|88|85|86|82|81|80|75|74|79|80|88|94|89|94|91|95|94|99|103|106|105|111|107|105|105|101|97|97|101	7.037|7.279|6.698|5.906|5.854|6.017|7.314	5.831|5.842|5.682|5.684|5.403|5.498|5.037	Divergenza territoriale: il tasso locale varia del +21.6% contro -8.4% nel resto della provincia.¦PULSE Score: 70.8/100. Stato: PROMETTENTE — RIVEDERE.	DEMO ISTAT — Bilancio demografico mensile	https://demo.istat.it/app/?i=D7B
a9ae2ab2f681bbf8	015189	Rozzano	Milano	Lombardia	Morti	DIVERGENZA|ANOMALIA	GENERAL	70.7	PROMETTENTE — RIVEDERE	2026-06	Rozzano: rilevato divergenza + anomalia su morti.	401|508|423|458|417|421|390	401|411|412|440|468|474|491|480|473|470|480|511|508|514|514|487|471|471|464|466|472|462|457|420|423|433|430|424|425|423|422|432|436|446|446|458|458|444|449|450|446|438|434|429|426|424|427|419|417|425|428|421|423|432|432|430|425|432|423|421|421|415|418|417|403|395|399|401|394|389|395|390|390|400|399|398|420|428|437	9.646|12.198|10.109|11.053|10.08|10.185|9.384	9.633|12.642|10.381|11.008|10.161|9.814|10.011	Divergenza territoriale: il tasso locale varia del -7.9% contro +2.0% nel resto della provincia.¦Anomalia: l'ultimo valore rolling 12 mesi si discosta in modo robusto dal trend recente oltre la soglia tecnica PULSE.¦PULSE Score: 70.7/100. Stato: PROMETTENTE — RIVEDERE.	DEMO ISTAT — Bilancio demografico mensile	https://demo.istat.it/app/?i=D7B
86234ec19856568f	006114	Novi Ligure	Alessandria	Piemonte	Immigrati da altro comune	RECORD_MAX|ACCELERAZIONE	GENERAL	70.7	PROMETTENTE — RIVEDERE	2026-06	Novi Ligure: immigrati da altro comune raggiunge un nuovo massimo dei 60 mesi precedenti su base mobile 12 mesi (956).	922|808|798|873|764|827|862	922|904|930|910|852|840|839|820|818|812|800|806|808|817|780|816|852|849|828|816|819|819|789|789|798|800|795|779|805|829|842|855|850|861|891|864|873|878|877|866|853|832|814|804|806|790|763|757|764|777|784|779|789|769|775|797|782|774|811|846|827|803|818|835|816|841|848|856|890|907|885|858|862|843|851|862|915|928|956	32.616|28.652|28.826|31.804|27.889|30.279|31.466	30.869|27.763|31.046|32.639|31.951|32.138|33.554	Record: il rolling 12 mesi di 2026-06 (956) supera il massimo precedente (930).¦Accelerazione: il fenomeno prosegue nella stessa direzione ma la pendenza recente aumenta rispetto alla finestra precedente.¦PULSE Score: 70.7/100. Stato: PROMETTENTE — RIVEDERE.	DEMO ISTAT — Bilancio demografico mensile	https://demo.istat.it/app/?i=D7B
c2bc104977c2bd69	108019	Cesano Maderno	Monza e della Brianza	Lombardia	Morti	DIVERGENZA	GENERAL	70.7	PROMETTENTE — RIVEDERE	2026-06	Cesano Maderno: rilevato divergenza su morti.	365|448|403|403|404|417|369	365|359|369|378|391|394|390|393|396|397|399|438|448|455|447|440|438|435|440|442|445|440|444|406|403|397|417|405|385|383|392|394|407|410|394|398|403|398|380|379|389|389|381|392|384|388|402|407|404|415|416|412|415|423|422|406|405|410|423|416|417|400|396|389|383|385|383|393|398|400|373|376|369|387|388|392|387|378|379	9.661|11.771|10.338|10.322|10.254|10.546|9.28	9.191|11.967|10.14|10.577|9.764|9.787|10.103	Divergenza territoriale: il tasso locale varia del -12.0% contro +3.2% nel resto della provincia.¦PULSE Score: 70.7/100. Stato: PROMETTENTE — RIVEDERE.	DEMO ISTAT — Bilancio demografico mensile	https://demo.istat.it/app/?i=D7B
38c98ad45c34e686		Napoli		Italia	GREEN · Economia circolare · Raccolta differenziata dei rifiuti urbani	RECORD_MAX	GREEN	70.7	SEGNALE PULSE — GREEN	2024	Napoli: Raccolta differenziata dei rifiuti urbani sale da 41,91 a 44,38 nel periodo 2024.	20.32427038|22.0172725|24.19678874|31.31351326|34.34420754|35.98740743|36.22898871|34.44788102|37.5004761|40.41618822|41.91002584|44.37903188				Pilastro GREEN: Economia circolare.¦Serie ufficiale acquisita automaticamente da ISTAT - Ambiente urbano.¦Ultima variazione: +2.469; intensità robusta z=1.61.¦PULSE Score: 70.7/100.¦Unità di misura dichiarata: %.	ISTAT - Ambiente urbano	https://www.istat.it/comunicato-stampa/ambiente-urbano-anno-2024/
f08671cd9289c055		Italia		Italia	GREEN · Risorse idriche e suolo · Frammentazione del territorio naturale e agricolo	RECORD_MAX	GREEN	70.7	SEGNALE PULSE — GREEN	2024	Italia: Frammentazione del territorio naturale e agricolo sale da 42,3 a 42,4 nel periodo 2024.	41.9|42|42.1|42.2|42.2|42.2|42.3|42.3|42.3|42.3|42.4				Pilastro GREEN: Risorse idriche e suolo.¦Serie ufficiale acquisita automaticamente da ISTAT - Indicatori SDGs.¦Ultima variazione: +0.1; intensità robusta z=2.01.¦PULSE Score: 70.7/100.¦Unità di misura dichiarata: Valori percentuali.¦SDG Goal 15 · codice misura SDG-292.	ISTAT - Indicatori SDGs	https://www.istat.it/wp-content/uploads/2026/07/Misure-statistiche-2004-2026.xlsx
0e918b0778581248	SDMX-IT-167_745_DF_DCSP_NIC1B2025_1	Italia		Italia	Prezzi al consumo NIC	RECORD_MAX	GENERAL	70.5	SEGNALE PULSE — ISTATDATA	2026-09	Italia: Prezzi al consumo NIC sale da 103,9 a 104,6 nel periodo 2026-09.		100.4|101.1|101.6|102.7|103.1|103.1|103.4|103.9|104.6			Record: l'ultimo valore supera i dodici periodi precedenti disponibili.¦Indice generale NIC, base 2025.¦PULSE Score: 70.5/100. Fonte: IstatData SDMX, ISTAT.	IstatData SDMX — ISTAT	https://esploradati.istat.it/SDMXWS/rest/v1/data/167_745_DF_DCSP_NIC1B2025_1/all/IT1?startPeriod=2026&endPeriod=2026
f6c317b661344151	058034	Colleferro	Roma	Lazio	Nati vivi	DIVERGENZA	TERRITORIALE	70.5	PROMETTENTE — RIVEDERE	2026-06	Colleferro: rilevato divergenza su nati vivi.	105|119|124|134|139|121|98	105|110|115|116|109|108|112|118|129|119|122|120|119|112|104|108|114|114|108|105|103|114|114|120|124|135|142|139|140|142|141|148|148|142|137|137|134|128|127|124|125|131|133|132|140|144|140|134|139|134|132|133|126|127|129|125|116|111|115|122|121|124|119|116|117|112|108|104|99|97|98|94|98|97|97|103|109|106|109	4.997|5.687|5.991|6.485|6.765|5.916|4.798	6.729|6.617|6.512|6.326|5.958|5.964|5.642	Divergenza territoriale: il tasso locale varia del -18.9% contro -5.4% nel resto della provincia.¦PULSE Score: 70.5/100. Stato: PROMETTENTE — RIVEDERE.	DEMO ISTAT — Bilancio demografico mensile	https://demo.istat.it/app/?i=D7B
c4b827f8b6a28d36		Cosenza		Italia	GREEN · Tutela della biodiversità · Disponibilità di verde urbano	RECORD_MAX|ACCELERAZIONE	GREEN	70.5	SEGNALE PULSE — GREEN	2024	Cosenza: Disponibilità di verde urbano sale da 38,73 a 38,93 nel periodo 2024.	35.56757906|35.88605779|36.11141369|36.54590663|36.74179116|36.95680145|37.15599924|37.81525603|38.27266413|38.61310184|38.72566413|38.92975477				Pilastro GREEN: Tutela della biodiversità.¦Serie ufficiale acquisita automaticamente da ISTAT - Ambiente urbano.¦Ultima variazione: +0.2041; intensità robusta z=1.85.¦PULSE Score: 70.5/100.¦Unità di misura dichiarata: m²/abitante.	ISTAT - Ambiente urbano	https://www.istat.it/comunicato-stampa/ambiente-urbano-anno-2024/
9451ec4e5259198c	012040	Cassano Magnago	Varese	Lombardia	Morti	DIVERGENZA	GENERAL	70.4	PROMETTENTE — RIVEDERE	2026-06	Cassano Magnago: rilevato divergenza su morti.	207|261|226|280|253|248|209	207|208|214|226|236|233|232|231|229|215|223|243|261|260|257|249|245|247|247|254|252|253|244|234|226|234|237|230|229|236|242|248|260|268|273|273|280|285|276|277|278|270|269|259|249|249|248|254|253|243|245|243|249|250|246|249|252|250|262|256|248|250|253|254|247|246|242|243|238|234|229|217|209|203|206|206|201|208|215	9.68|12.187|10.568|13.107|11.798|11.644|9.8	10.487|13.196|11.761|11.802|10.913|10.808|10.904	Divergenza territoriale: il tasso locale varia del -15.8% contro +0.9% nel resto della provincia.¦PULSE Score: 70.4/100. Stato: PROMETTENTE — RIVEDERE.	DEMO ISTAT — Bilancio demografico mensile	https://demo.istat.it/app/?i=D7B
cdb5ce1b8163bb85	058118	Ciampino	Roma	Lazio	Nati vivi	DIVERGENZA	GENERAL	70.4	PROMETTENTE — RIVEDERE	2026-06	Ciampino: rilevato divergenza su nati vivi.	203|204|236|193|213|251|210	203|212|218|222|217|218|205|198|194|203|203|204|204|204|196|190|183|183|190|191|203|202|219|221|236|235|235|238|240|233|228|231|222|220|198|203|193|194|201|193|190|193|206|207|211|211|215|211|213|209|199|202|219|224|217|218|216|222|235|249|251|246|253|260|257|253|252|246|253|244|230|214|210|209|204|199|195|197|188	5.359|5.333|6.102|5.011|5.501|6.491|5.41	6.733|6.624|6.513|6.339|5.966|5.959|5.64	Divergenza territoriale: il tasso locale varia del -16.7% contro -5.4% nel resto della provincia.¦PULSE Score: 70.4/100. Stato: PROMETTENTE — RIVEDERE.	DEMO ISTAT — Bilancio demografico mensile	https://demo.istat.it/app/?i=D7B
fb74ff61e92b4f84		Bari		Italia	GREEN · Tutela della biodiversità · Disponibilità di verde urbano	RECORD_MAX	GREEN	70.3	SEGNALE PULSE — GREEN	2024	Bari: Disponibilità di verde urbano sale da 9,58 a 9,75 nel periodo 2024.	8.462559912|8.641118289|8.676054788|8.728348818|8.853775974|9.037629748|9.119867041|9.207530882|9.401029451|9.435658243|9.577472265|9.75447784				Pilastro GREEN: Tutela della biodiversità.¦Serie ufficiale acquisita automaticamente da ISTAT - Ambiente urbano.¦Ultima variazione: +0.177; intensità robusta z=1.90.¦PULSE Score: 70.3/100.¦Unità di misura dichiarata: m²/abitante.	ISTAT - Ambiente urbano	https://www.istat.it/comunicato-stampa/ambiente-urbano-anno-2024/
f9b0e2e13d3fe535		Padova		Italia	GREEN · Economia circolare · Produzione di rifiuti urbani	RECORD_MAX|ACCELERAZIONE	GREEN	70.3	SEGNALE PULSE — GREEN	2024	Padova: Produzione di rifiuti urbani sale da 604,66 a 633,8 nel periodo 2024.	619.7688463|614.1808429|578.1826548|596.3396643|591.789822|606.8405369|600.1652955|558.757167|579.1714656|596.3561266|604.6581157|633.8023301				Pilastro GREEN: Economia circolare.¦Serie ufficiale acquisita automaticamente da ISTAT - Ambiente urbano.¦Ultima variazione: +29.14; intensità robusta z=1.38.¦PULSE Score: 70.3/100.¦Unità di misura dichiarata: kg/abitante.	ISTAT - Ambiente urbano	https://www.istat.it/comunicato-stampa/ambiente-urbano-anno-2024/
08d2fb4e6f742a27		Mezzogiorno (*)		Italia	GREEN · Mobilità sostenibile · Densità di piste ciclabili	RECORD_MAX	GREEN	70.3	SEGNALE PULSE — GREEN	2024	Mezzogiorno (*): Densità di piste ciclabili sale da 7 a 7,7 nel periodo 2024.	5.4|5.6|6.3|6.3|7|7.7				Pilastro GREEN: Mobilità sostenibile.¦Serie ufficiale acquisita automaticamente da ISTAT - Ambiente urbano.¦Ultima variazione: +0.7; intensità robusta z=1.89.¦PULSE Score: 70.3/100.¦Unità di misura dichiarata: km per 100 km².	ISTAT - Ambiente urbano	https://www.istat.it/comunicato-stampa/ambiente-urbano-anno-2024/
94ac9469dbcd0c29	087011	Caltagirone	Catania	Sicilia	Immigrati dall'estero	RECORD_MAX	GENERAL	70.2	PROMETTENTE — RIVEDERE	2026-06	Caltagirone: immigrati dall'estero raggiunge un nuovo massimo dei 60 mesi precedenti su base mobile 12 mesi (284).	152|132|169|201|245|231|227	152|151|147|145|127|108|102|107|103|113|114|118|132|138|146|152|165|171|187|174|171|172|168|166|169|160|156|154|156|171|161|172|192|188|189|204|201|217|220|233|234|231|245|250|250|243|241|244|245|240|249|243|249|253|242|231|237|239|245|246|231|225|220|230|228|226|223|238|212|228|240|225|227|255|245|241|244|258|284	4.147|3.651|4.663|5.574|6.838|6.487|6.399	3.432|2.728|3.322|3.699|3.601|3.97|3.661	Record: il rolling 12 mesi di 2026-06 (284) supera il massimo precedente (258).¦PULSE Score: 70.2/100. Stato: PROMETTENTE — RIVEDERE.	DEMO ISTAT — Bilancio demografico mensile	https://demo.istat.it/app/?i=D7B
8d7e974572a28b56	003068	Galliate	Novara	Piemonte	Morti	DIVERGENZA	GENERAL	70.2	PROMETTENTE — RIVEDERE	2026-06	Galliate: rilevato divergenza su morti.	168|229|188|197|169|183|153	168|170|172|182|196|200|190|194|200|201|193|220|229|231|224|217|204|207|213|217|210|212|221|196|188|193|200|201|203|197|196|194|195|195|202|200|197|197|195|191|188|185|175|173|170|167|157|159|169|163|154|158|157|173|184|184|188|194|200|199|183|187|188|181|181|167|165|160|158|153|145|142|153|150|148|152|152|155|155	10.842|14.712|12.117|12.668|10.816|11.67|9.745	11.505|14.135|12.081|12.853|11.448|11.521|11.635	Divergenza territoriale: il tasso locale varia del -16.5% contro +1.0% nel resto della provincia.¦PULSE Score: 70.2/100. Stato: PROMETTENTE — RIVEDERE.	DEMO ISTAT — Bilancio demografico mensile	https://demo.istat.it/app/?i=D7B
7e471fcef657e560	026055	Paese	Treviso	Veneto	Morti	DIVERGENZA	GENERAL	70.2	PROMETTENTE — RIVEDERE	2026-06	Paese: rilevato divergenza su morti.	115|172|187|162|166|179|161	115|123|115|127|125|129|137|142|144|153|163|164|172|173|184|180|188|185|184|186|187|187|187|194|187|190|177|178|176|181|180|188|185|174|170|163|162|155|162|156|156|152|152|150|152|157|152|165|166|174|172|177|176|177|183|177|179|185|187|179|179|177|174|171|174|173|168|165|160|159|157|159|161|158|159|161|154|157|154	5.296|7.917|8.49|7.36|7.531|8.086|7.261	9.466|10.809|10.28|10.62|9.987|9.757|10.003	Divergenza territoriale: il tasso locale varia del -10.2% contro +2.5% nel resto della provincia.¦PULSE Score: 70.2/100. Stato: PROMETTENTE — RIVEDERE.	DEMO ISTAT — Bilancio demografico mensile	https://demo.istat.it/app/?i=D7B
a8998f5494500b2a	075088	Tricase	Lecce	Puglia	Morti	RECORD_MAX|ANOMALIA	GENERAL	70.1	PROMETTENTE — RIVEDERE	2026-06	Tricase: morti raggiunge un nuovo massimo dei 60 mesi precedenti su base mobile 12 mesi (205).	150|183|194|179|186|185|185	150|146|149|151|164|170|160|167|174|167|174|173|183|185|179|184|175|173|180|181|185|196|191|196|194|195|195|198|195|196|196|198|194|189|184|184|179|180|183|183|182|188|177|174|175|174|182|184|186|180|182|177|179|176|188|184|187|189|189|184|185|197|191|189|185|179|169|177|175|180|182|185|185|183|180|180|193|199|205	8.692|10.607|11.326|10.442|10.887|10.889|10.897	10.512|11.362|12.266|12.752|12.256|12.091|11.81	Record: il rolling 12 mesi di 2026-06 (205) supera il massimo precedente (199).¦Anomalia: l'ultimo valore rolling 12 mesi si discosta in modo robusto dal trend recente oltre la soglia tecnica PULSE.¦PULSE Score: 70.1/100. Stato: PROMETTENTE — RIVEDERE.	DEMO ISTAT — Bilancio demografico mensile	https://demo.istat.it/app/?i=D7B
137b828c46483e3f		Asti		Italia	GREEN · Mobilità sostenibile · Densità di piste ciclabili	RECORD_MIN	GREEN	70.1	SEGNALE PULSE — GREEN	2024	Asti: Densità di piste ciclabili scende da 8,6 a 6,8 nel periodo 2024.	7.3|9.8|9.8|8.6|8.6|6.8				Pilastro GREEN: Mobilità sostenibile.¦Serie ufficiale acquisita automaticamente da ISTAT - Ambiente urbano.¦Ultima variazione: -1.8; intensità robusta z=2.02.¦PULSE Score: 70.1/100.¦Unità di misura dichiarata: km per 100 km².	ISTAT - Ambiente urbano	https://www.istat.it/comunicato-stampa/ambiente-urbano-anno-2024/
d21da1411fd3e9be		Basilicata		Basilicata	GREEN · Risorse idriche e suolo · Prelievi di acque minerali naturali per produzione	INVERSIONE	GREEN	70.0	SEGNALE PULSE — GREEN	2023	Basilicata: Prelievi di acque minerali naturali per produzione sale da 488 a 631 nel periodo 2023.	822|876|957|993|1031|951|563|488|631				Pilastro GREEN: Risorse idriche e suolo.¦Serie ufficiale acquisita automaticamente da ISTAT - Statistiche sull'acqua.¦Ultima variazione: +143; intensità robusta z=2.14.¦PULSE Score: 70.0/100.¦Unità di misura dichiarata: migliaia m³.	ISTAT - Statistiche sull'acqua	https://www.istat.it/wp-content/uploads/2026/03/Istat-GMA2026-Tavole-1.xlsx
58f91ca2bce9ecce	097048	Merate	Lecco	Lombardia	Nati vivi	DIVERGENZA	TERRITORIALE	69.8	PROMETTENTE — RIVEDERE	2026-06	Merate: rilevato divergenza su nati vivi.	92|89|87|93|79|72|96	92|100|97|97|91|95|94|94|99|97|97|90|89|82|84|87|86|84|85|81|81|80|80|86|87|86|88|84|87|87|89|98|94|96|97|93|93|90|90|97|97|99|97|89|91|86|83|82|79|78|78|73|73|72|71|69|65|72|72|72|72|78|82|80|84|80|81|82|83|78|84|91|96|99|93|90|83|86|83	6.333|6.141|5.918|6.343|5.328|4.838|6.42	6.884|6.437|6.194|6.325|6.136|6.213|5.841	Divergenza territoriale: il tasso locale varia del +32.7% contro -6.0% nel resto della provincia.¦PULSE Score: 69.8/100. Stato: PROMETTENTE — RIVEDERE.	DEMO ISTAT — Bilancio demografico mensile	https://demo.istat.it/app/?i=D7B
8ee3d9e84bb5a3ba	007003	Aosta	Valle d'Aosta/Vallée d'Aoste	Valle d'Aosta/Vallée d'Aoste	Nati vivi	DIVERGENZA	GENERAL	69.8	PROMETTENTE — RIVEDERE	2026-06	Aosta: rilevato divergenza su nati vivi.	223|186|174|199|185|165|157	223|219|208|201|194|185|199|196|193|196|198|197|186|185|192|195|201|199|184|181|181|170|172|175|174|176|182|180|187|191|193|198|198|204|197|195|199|204|190|190|178|170|169|173|175|183|179|188|185|184|190|185|193|196|197|187|184|174|179|169|165|163|161|160|160|152|152|153|155|157|158|155|157|159|162|169|165|171|170	6.526|5.484|5.19|5.99|5.58|4.985|4.744	6.755|6.475|6.294|6.457|5.924|5.28|5.814	Divergenza territoriale: il tasso locale varia del -4.8% contro +10.1% nel resto della provincia.¦PULSE Score: 69.8/100. Stato: PROMETTENTE — RIVEDERE.	DEMO ISTAT — Bilancio demografico mensile	https://demo.istat.it/app/?i=D7B
d49f27ed9cb790fd	073004	Crispiano	Taranto	Puglia	Emigrati per altro comune	RECORD_MIN	TERRITORIALE	69.8	PROMETTENTE — RIVEDERE	2026-06	Crispiano: emigrati per altro comune raggiunge un nuovo minimo dei 60 mesi precedenti su base mobile 12 mesi (188).	273|213|239|258|233|226|223	273|248|248|249|241|242|250|248|239|226|222|220|213|208|214|226|237|237|239|234|233|248|236|232|239|245|235|227|218|219|225|231|235|232|229|256|258|268|266|266|262|262|257|255|254|265|272|251|233|233|237|241|243|241|242|233|236|215|205|217|226|208|208|208|205|210|226|231|225|247|245|225|223|222|222|215|218|208|188	20.387|16.061|18.009|19.5|17.727|17.343|17.235	17.087|14.464|15.185|16.363|16.216|15.153|15.568	Record: il rolling 12 mesi di 2026-06 (188) scende sotto il minimo precedente (205).¦PULSE Score: 69.8/100. Stato: PROMETTENTE — RIVEDERE.	DEMO ISTAT — Bilancio demografico mensile	https://demo.istat.it/app/?i=D7B
75d17d37f286b6ef	015140	Melegnano	Milano	Lombardia	Morti	DIVERGENZA	GENERAL	69.7	PROMETTENTE — RIVEDERE	2026-06	Melegnano: rilevato divergenza su morti.	228|313|234|233|241|220|255	228|219|214|236|271|276|272|275|279|284|293|304|313|333|334|323|288|271|258|263|260|256|244|232|234|220|217|204|198|209|221|224|223|227|233|228|233|230|232|228|232|235|242|232|240|236|237|241|241|250|245|248|239|231|224|229|226|232|231|227|220|216|223|223|234|242|241|242|238|229|234|247|255|247|242|243|237|238|238	12.555|17.136|12.992|12.965|13.376|12.263|14.059	9.617|12.611|10.363|10.998|10.142|9.805|9.98	Divergenza territoriale: il tasso locale varia del +14.6% contro +1.8% nel resto della provincia.¦PULSE Score: 69.7/100. Stato: PROMETTENTE — RIVEDERE.	DEMO ISTAT — Bilancio demografico mensile	https://demo.istat.it/app/?i=D7B
aa129bb2b079b85d		Roma		Italia	GREEN · Economia circolare · Raccolta differenziata dei rifiuti urbani	RECORD_MAX|ACCELERAZIONE	GREEN	69.7	SEGNALE PULSE — GREEN	2024	Roma: Raccolta differenziata dei rifiuti urbani sale da 46,64 a 48,03 nel periodo 2024.	29.69092268|35.18394845|38.82545018|41.99760397|43.21534497|43.69174494|45.22346674|43.74620128|44.97550029|45.86885455|46.64147151|48.03394302				Pilastro GREEN: Economia circolare.¦Serie ufficiale acquisita automaticamente da ISTAT - Ambiente urbano.¦Ultima variazione: +1.392; intensità robusta z=1.57.¦PULSE Score: 69.7/100.¦Unità di misura dichiarata: %.	ISTAT - Ambiente urbano	https://www.istat.it/comunicato-stampa/ambiente-urbano-anno-2024/
3ac0a65fe59da00d	067035	Pineto	Teramo	Abruzzo	Emigrati per altro comune	RECORD_MAX	GENERAL	69.6	PROMETTENTE — RIVEDERE	2026-06	Pineto: emigrati per altro comune raggiunge un nuovo massimo dei 60 mesi precedenti su base mobile 12 mesi (377).	302|274|319|228|296|311|336	302|312|309|297|273|269|271|267|251|272|263|266|274|256|267|280|303|318|322|316|331|311|321|320|319|328|319|318|309|301|282|288|282|266|252|237|228|235|238|234|226|226|249|234|235|253|274|292|296|286|287|290|305|307|301|327|322|312|302|299|311|309|313|311|298|297|297|288|297|312|326|324|336|346|342|339|346|346|377	20.189|18.403|21.876|15.683|20.298|21.175|22.698	24.072|20.778|22.864|24.542|24.483|23.244|25.445	Record: il rolling 12 mesi di 2026-06 (377) supera il massimo precedente (346).¦PULSE Score: 69.6/100. Stato: PROMETTENTE — RIVEDERE.	DEMO ISTAT — Bilancio demografico mensile	https://demo.istat.it/app/?i=D7B
373cdc530064b47a	001058	Carignano	Torino	Piemonte	Morti	DIVERGENZA	TERRITORIALE	69.6	PROMETTENTE — RIVEDERE	2026-06	Carignano: rilevato divergenza su morti.	123|157|117|142|119|97|115	123|124|125|132|142|143|140|138|136|134|134|145|157|165|160|159|153|155|155|153|150|149|144|130|117|104|112|108|106|107|114|135|136|142|139|142|142|146|152|151|149|144|140|119|120|112|119|120|119|126|112|113|111|113|108|106|103|104|101|95|97|88|88|90|91|92|91|97|102|103|107|112|115|119|134|126|121|118|120	13.29|17.021|12.927|15.687|13.109|10.63|12.457	11.608|14.405|12.728|13.267|12.278|11.958|12.041	Divergenza territoriale: il tasso locale varia del +17.2% contro +0.7% nel resto della provincia.¦PULSE Score: 69.6/100. Stato: PROMETTENTE — RIVEDERE.	DEMO ISTAT — Bilancio demografico mensile	https://demo.istat.it/app/?i=D7B
86e0431ac7b9e48b	108030	Meda	Monza e della Brianza	Lombardia	Immigrati dall'estero	RECORD_MAX	TERRITORIALE	69.6	PROMETTENTE — RIVEDERE	2026-06	Meda: immigrati dall'estero raggiunge un nuovo massimo dei 60 mesi precedenti su base mobile 12 mesi (199).	103|56|76|94|131|126|177	103|102|101|95|87|79|72|69|65|64|56|63|56|53|52|56|61|61|70|69|76|75|69|67|76|78|77|78|80|81|78|83|84|92|102|101|94|101|112|123|121|131|132|133|129|128|126|125|131|119|106|91|97|90|89|105|113|128|128|130|126|135|156|163|161|168|169|152|150|139|153|169|177|176|160|167|174|181|199	4.485|2.431|3.258|4.026|5.592|5.354|7.497	5.193|3.476|4.118|5.784|6.276|6.289|7.036	Record: il rolling 12 mesi di 2026-06 (199) supera il massimo precedente (181).¦PULSE Score: 69.6/100. Stato: PROMETTENTE — RIVEDERE.	DEMO ISTAT — Bilancio demografico mensile	https://demo.istat.it/app/?i=D7B
ed820b8f9af12558		Italia		Italia	GREEN · Economia circolare · Indice di densità turistica	RECORD_MAX	GREEN	69.5	SEGNALE PULSE — GREEN	2024	Italia: Indice di densità turistica sale da 1.480 a 1.543 nel periodo 2024.	1247|1251|1301|1334|1393|1420|1446|690|957|1364|1480|1543				Pilastro GREEN: Economia circolare.¦Serie ufficiale acquisita automaticamente da ISTAT - Indicatori SDGs.¦Ultima variazione: +63; intensità robusta z=1.55.¦PULSE Score: 69.5/100.¦Unità di misura dichiarata: Per km2.¦SDG Goal 12 · codice misura SDG-338A.	ISTAT - Indicatori SDGs	https://www.istat.it/wp-content/uploads/2026/07/Misure-statistiche-2004-2026.xlsx
3aedc118e7b67c9f	083048	Messina	Messina	Sicilia	Emigrati per l'estero	RECORD_MIN	GENERAL	69.4	PROMETTENTE — RIVEDERE	2026-06	Messina: emigrati per l'estero raggiunge un nuovo minimo dei 60 mesi precedenti su base mobile 12 mesi (109).	416|493|434|359|370|274|166	416|441|472|468|444|431|436|457|481|496|488|491|493|489|475|479|509|532|532|505|482|457|442|429|434|427|415|422|411|420|410|402|393|394|386|381|359|357|356|349|336|319|324|320|331|334|330|340|370|414|431|409|411|403|387|373|361|340|334|313|274|223|192|180|171|174|184|181|171|173|167|162|166|168|157|148|142|126|109	1.814|2.168|1.952|1.623|1.687|1.257|0.765	2.766|2.456|2.193|2.264|3.22|4.522|3.479	Record: il rolling 12 mesi di 2026-06 (109) scende sotto il minimo precedente (126).¦PULSE Score: 69.4/100. Stato: PROMETTENTE — RIVEDERE.	DEMO ISTAT — Bilancio demografico mensile	https://demo.istat.it/app/?i=D7B
bd27231987c7b6dd	028058	Noventa Padovana	Padova	Veneto	Morti	DIVERGENZA	TERRITORIALE	69.4	PROMETTENTE — RIVEDERE	2026-06	Noventa Padovana: rilevato divergenza su morti.	104|100|89|121|109|106|138	104|98|101|100|98|101|93|91|89|88|93|95|100|107|102|100|105|101|103|102|111|110|101|100|89|81|86|93|97|97|101|103|100|104|107|113|121|126|132|126|117|120|117|114|114|112|111|107|109|107|99|102|107|101|103|105|107|107|107|110|106|114|120|117|118|123|127|131|129|132|134|131|138|136|133|137|140|136|127	9.087|8.701|7.734|10.5|9.481|9.306|12.188	9.605|10.825|10.872|11.015|10.294|10.255|10.131	Divergenza territoriale: il tasso locale varia del +31.0% contro -1.2% nel resto della provincia.¦PULSE Score: 69.4/100. Stato: PROMETTENTE — RIVEDERE.	DEMO ISTAT — Bilancio demografico mensile	https://demo.istat.it/app/?i=D7B
42b4aaca1943cf53	023059	Peschiera del Garda	Verona	Veneto	Morti	DIVERGENZA	TERRITORIALE	69.4	PROMETTENTE — RIVEDERE	2026-06	Peschiera del Garda: rilevato divergenza su morti.	117|128|117|120|116|114|101	117|116|111|111|113|113|115|116|116|118|123|127|128|142|141|145|140|136|130|123|121|121|123|120|117|109|111|113|119|125|128|133|136|135|125|120|120|122|120|114|108|108|106|111|109|108|115|117|116|116|115|114|112|109|110|105|105|105|108|109|114|110|110|113|114|119|117|111|110|110|105|104|101|109|107|108|113|112|114	10.824|11.817|10.753|10.998|10.555|10.376|9.267	9.673|12.074|10.33|10.797|10.157|9.712|10.047	Divergenza territoriale: il tasso locale varia del -10.7% contro +3.4% nel resto della provincia.¦PULSE Score: 69.4/100. Stato: PROMETTENTE — RIVEDERE.	DEMO ISTAT — Bilancio demografico mensile	https://demo.istat.it/app/?i=D7B
3dcb4561811b8511	059028	Sezze	Latina	Lazio	Immigrati da altro comune	ANOMALIA	GENERAL	69.4	PROMETTENTE — RIVEDERE	2026-06	Sezze: rilevato anomalia su immigrati da altro comune.	357|249|459|358|357|328|302	357|366|360|318|304|305|291|290|284|275|246|251|249|279|284|313|338|353|379|372|389|395|416|422|459|441|444|429|414|431|411|417|405|406|406|402|358|351|352|336|336|318|309|298|316|337|349|351|357|349|349|359|364|348|348|361|348|324|322|316|328|331|314|325|315|313|319|317|309|308|301|307|302|311|324|330|359|359|383	15.119|10.574|19.469|15.089|15.033|13.809|12.744	19.829|18.032|19.16|19.545|17.9|17.547|19.081	Anomalia: l'ultimo valore rolling 12 mesi si discosta in modo robusto dal trend recente oltre la soglia tecnica PULSE.¦PULSE Score: 69.4/100. Stato: PROMETTENTE — RIVEDERE.	DEMO ISTAT — Bilancio demografico mensile	https://demo.istat.it/app/?i=D7B
cefe6c8de27919b5	054051	Spoleto	Perugia	Umbria	Nati vivi	DIVERGENZA	GENERAL	69.3	PROMETTENTE — RIVEDERE	2026-06	Spoleto: rilevato divergenza su nati vivi.	215|202|201|193|196|212|169	215|217|214|206|196|187|194|203|202|210|208|202|202|201|210|210|215|222|213|213|210|204|211|206|201|196|187|183|181|186|182|181|179|184|176|183|193|191|194|200|200|188|195|196|197|193|202|202|196|207|205|201|210|221|221|224|223|225|221|211|212|209|209|211|204|191|189|173|173|167|164|170|169|161|157|160|162|165|168	5.714|5.403|5.445|5.292|5.391|5.865|4.697	6.679|6.261|6.26|5.952|5.734|5.647|5.34	Divergenza territoriale: il tasso locale varia del -19.9% contro -5.4% nel resto della provincia.¦PULSE Score: 69.3/100. Stato: PROMETTENTE — RIVEDERE.	DEMO ISTAT — Bilancio demografico mensile	https://demo.istat.it/app/?i=D7B
7adf3df39af321dc		Italia		Italia	GREEN · Risorse idriche e suolo · Famiglie che non si fidano di bere l'acqua del rubinetto	INVERSIONE	GREEN	69.3	SEGNALE PULSE — GREEN	2025	Italia: Famiglie che non si fidano di bere l'acqua del rubinetto sale da 28,7 a 29,9 nel periodo 2025.	28|30|29.9|29.1|29|29|28.4|28.5|29.4|28.8|28.7|29.9				Pilastro GREEN: Risorse idriche e suolo.¦Serie ufficiale acquisita automaticamente da ISTAT - Indicatori SDGs.¦Ultima variazione: +1.2; intensità robusta z=2.31.¦PULSE Score: 69.3/100.¦Unità di misura dichiarata: Valori percentuali.¦SDG Goal 6 · codice misura SDG-36.	ISTAT - Indicatori SDGs	https://www.istat.it/wp-content/uploads/2026/07/Misure-statistiche-2004-2026.xlsx
0f7bea7033982082		Lecco		Italia	GREEN · Tutela della biodiversità · Disponibilità di verde urbano	ANOMALIA	GREEN	69.3	SEGNALE PULSE — GREEN	2024	Lecco: Disponibilità di verde urbano scende da 15,8 a 15,76 nel periodo 2024.	15.50990689|15.45670826|15.4612216|15.44543646|15.4553976|15.43038264|15.44015448|15.57125806|15.77389829|15.84886881|15.79936898|15.76169482				Pilastro GREEN: Tutela della biodiversità.¦Serie ufficiale acquisita automaticamente da ISTAT - Ambiente urbano.¦Ultima variazione: -0.03767; intensità robusta z=0.57.¦PULSE Score: 69.3/100.¦Unità di misura dichiarata: m²/abitante.	ISTAT - Ambiente urbano	https://www.istat.it/comunicato-stampa/ambiente-urbano-anno-2024/
13dee9a63c8b0da0	001024	Beinasco	Torino	Piemonte	Nati vivi	DIVERGENZA	TERRITORIALE	69.2	PROMETTENTE — RIVEDERE	2026-06	Beinasco: rilevato divergenza su nati vivi.	104|107|97|100|100|107|88	104|104|112|110|109|105|103|102|102|110|107|105|107|105|101|104|100|105|107|106|103|101|98|96|97|109|105|107|111|110|114|110|110|102|101|104|100|96|103|101|102|100|95|93|95|94|97|94|100|95|97|93|89|95|94|100|96|97|100|106|107|101|93|95|96|92|96|92|102|101|99|89|88|97|102|106|113|116|114	5.805|6.016|5.533|5.726|5.742|6.144|5.072	6.538|6.414|6.289|6.144|5.88|5.802|5.55	Divergenza territoriale: il tasso locale varia del -17.4% contro -4.3% nel resto della provincia.¦PULSE Score: 69.2/100. Stato: PROMETTENTE — RIVEDERE.	DEMO ISTAT — Bilancio demografico mensile	https://demo.istat.it/app/?i=D7B
7cff46acdaca8e2a		Como		Italia	GREEN · Economia circolare · Raccolta differenziata dei rifiuti urbani	RECORD_MAX|ACCELERAZIONE	GREEN	69.2	SEGNALE PULSE — GREEN	2024	Como: Raccolta differenziata dei rifiuti urbani sale da 70,38 a 73,94 nel periodo 2024.	33.81746635|52.1511656|66.63482592|71.55079857|73.06497951|72.53967893|72.28695708|71.28717427|70.6190931|68.89361023|70.37632153|73.94256239				Pilastro GREEN: Economia circolare.¦Serie ufficiale acquisita automaticamente da ISTAT - Ambiente urbano.¦Ultima variazione: +3.566; intensità robusta z=1.66.¦PULSE Score: 69.2/100.¦Unità di misura dichiarata: %.	ISTAT - Ambiente urbano	https://www.istat.it/comunicato-stampa/ambiente-urbano-anno-2024/
2f5950b1e3b3cbe9	015175	Pioltello	Milano	Lombardia	Morti	DIVERGENZA	GENERAL	69.1	PROMETTENTE — RIVEDERE	2026-06	Pioltello: rilevato divergenza su morti.	279|404|287|338|288|266|313	279|279|288|333|359|359|346|346|345|355|366|403|404|399|395|364|339|337|335|338|330|328|320|281|287|289|286|277|275|277|298|305|309|318|335|343|338|330|325|320|327|323|321|308|298|290|274|278|288|295|296|298|291|282|266|268|280|279|281|272|266|265|271|281|283|303|313|311|304|316|316|318|313|311|305|294|291|276|283	7.659|11.088|7.94|9.337|7.94|7.253|8.418	9.655|12.654|10.405|11.028|10.185|9.848|10.021	Divergenza territoriale: il tasso locale varia del +16.1% contro +1.8% nel resto della provincia.¦PULSE Score: 69.1/100. Stato: PROMETTENTE — RIVEDERE.	DEMO ISTAT — Bilancio demografico mensile	https://demo.istat.it/app/?i=D7B
679c0e4e53cd97e9		Italia (*)		Italia	GREEN · Economia circolare · Raccolta differenziata dei rifiuti urbani	RECORD_MAX	GREEN	69.1	SEGNALE PULSE — GREEN	2024	Italia (*): Raccolta differenziata dei rifiuti urbani sale da 56,89 a 58,38 nel periodo 2024.	35.18974516|38.54656583|40.81373528|44.62038177|46.58944969|48.96801121|51.71325989|52.42186449|53.60270219|55.07803511|56.89092038|58.38371884				Pilastro GREEN: Economia circolare.¦Serie ufficiale acquisita automaticamente da ISTAT - Ambiente urbano.¦Ultima variazione: +1.493; intensità robusta z=1.59.¦PULSE Score: 69.1/100.¦Unità di misura dichiarata: %.	ISTAT - Ambiente urbano	https://www.istat.it/comunicato-stampa/ambiente-urbano-anno-2024/
c8213d5678c5f89b		Torino		Italia	GREEN · Mobilità sostenibile · Densità di piste ciclabili	RALLENTAMENTO|ANOMALIA	GREEN	69.1	SEGNALE PULSE — GREEN	2024	Torino: Densità di piste ciclabili sale da 193,6 a 200,8 nel periodo 2024.	166.1|150|169.2|172.3|193.6|200.8				Pilastro GREEN: Mobilità sostenibile.¦Serie ufficiale acquisita automaticamente da ISTAT - Ambiente urbano.¦Ultima variazione: +7.2; intensità robusta z=0.53.¦PULSE Score: 69.1/100.¦Unità di misura dichiarata: km per 100 km².	ISTAT - Ambiente urbano	https://www.istat.it/comunicato-stampa/ambiente-urbano-anno-2024/
8d132840576d4a3f	099023	Novafeltria	Rimini	Emilia-Romagna	Immigrati da altro comune	RECORD_MAX	TERRITORIALE	69.0	PROMETTENTE — RIVEDERE	2026-06	Novafeltria: immigrati da altro comune raggiunge un nuovo massimo dei 60 mesi precedenti su base mobile 12 mesi (241).	163|190|152|207|187|161|189	163|172|172|166|166|164|171|181|192|195|200|192|190|183|184|190|196|198|188|181|172|163|143|144|152|156|156|159|168|174|182|197|204|206|224|216|207|204|202|206|197|202|191|181|173|174|175|177|187|192|196|195|200|192|194|186|185|190|179|176|161|164|171|173|167|171|173|188|190|180|178|185|189|188|188|202|211|219|241	22.813|26.821|21.518|29.733|26.91|23.033|26.992	28.818|26.341|25.584|28.127|26.435|24.976|26.661	Record: il rolling 12 mesi di 2026-06 (241) supera il massimo precedente (224).¦PULSE Score: 69.0/100. Stato: PROMETTENTE — RIVEDERE.	DEMO ISTAT — Bilancio demografico mensile	https://demo.istat.it/app/?i=D7B
68cc7cc4b4c7cebb		Palermo		Italia	GREEN · Tutela della biodiversità · Disponibilità di verde urbano	RECORD_MAX	GREEN	69.0	SEGNALE PULSE — GREEN	2024	Palermo: Disponibilità di verde urbano sale da 12,09 a 12,13 nel periodo 2024.	11.34515373|11.52545192|11.55657823|11.5862316|11.61852755|11.6705255|11.74333265|11.87887407|11.99066381|12.04159825|12.08938608|12.12592922				Pilastro GREEN: Tutela della biodiversità.¦Serie ufficiale acquisita automaticamente da ISTAT - Ambiente urbano.¦Ultima variazione: +0.03654; intensità robusta z=1.18.¦PULSE Score: 69.0/100.¦Unità di misura dichiarata: m²/abitante.	ISTAT - Ambiente urbano	https://www.istat.it/comunicato-stampa/ambiente-urbano-anno-2024/
9ed7b31901bf87a7		Catania		Italia	GREEN · Economia circolare · Raccolta differenziata dei rifiuti urbani	ANOMALIA	GREEN	69.0	SEGNALE PULSE — GREEN	2024	Catania: Raccolta differenziata dei rifiuti urbani scende da 34,67 a 33,36 nel periodo 2024.	10.06139354|9.289110701|8.639111135|10.33532962|8.695267244|7.719896967|14.5183365|9.662735592|11.2883315|21.99327516|34.67022885|33.35866975				Pilastro GREEN: Economia circolare.¦Serie ufficiale acquisita automaticamente da ISTAT - Ambiente urbano.¦Ultima variazione: -1.312; intensità robusta z=0.49.¦PULSE Score: 69.0/100.¦Unità di misura dichiarata: %.	ISTAT - Ambiente urbano	https://www.istat.it/comunicato-stampa/ambiente-urbano-anno-2024/
b127716346476b0b	072014	Capurso	Bari	Puglia	Nati vivi	RECORD_MIN	TERRITORIALE	68.9	PROMETTENTE — RIVEDERE	2026-06	Capurso: nati vivi raggiunge un nuovo minimo dei 60 mesi precedenti su base mobile 12 mesi (72).	111|103|123|106|110|92|96	111|116|115|117|113|114|110|106|105|101|101|106|103|98|90|93|99|99|103|110|110|117|119|121|123|123|125|116|116|115|112|107|110|102|100|101|106|104|101|103|100|103|102|105|110|112|109|109|110|107|109|114|121|118|114|113|103|101|99|96|92|96|100|96|84|84|91|92|97|97|99|94|96|92|84|81|81|77|72	7.283|6.722|8.009|6.939|7.218|6.063|6.369	7.221|6.836|6.901|6.983|6.788|6.473|6.066	Record: il rolling 12 mesi di 2026-06 (72) scende sotto il minimo precedente (77).¦PULSE Score: 68.9/100. Stato: PROMETTENTE — RIVEDERE.	DEMO ISTAT — Bilancio demografico mensile	https://demo.istat.it/app/?i=D7B
198c2cd210b51df5		Savona		Italia	GREEN · Economia circolare · Raccolta differenziata dei rifiuti urbani	RECORD_MAX|ACCELERAZIONE	GREEN	68.9	SEGNALE PULSE — GREEN	2024	Savona: Raccolta differenziata dei rifiuti urbani sale da 42,01 a 44,7 nel periodo 2024.	24.13615567|24.87015244|30.54878367|42.79267222|43.47817291|42.38800456|43.78185933|42.22027893|41.29935987|40.96783795|42.01039915|44.70373212				Pilastro GREEN: Economia circolare.¦Serie ufficiale acquisita automaticamente da ISTAT - Ambiente urbano.¦Ultima variazione: +2.693; intensità robusta z=1.36.¦PULSE Score: 68.9/100.¦Unità di misura dichiarata: %.	ISTAT - Ambiente urbano	https://www.istat.it/comunicato-stampa/ambiente-urbano-anno-2024/
a72eb403ea07bc4f		Centro (*)		Italia	GREEN · Economia circolare · Raccolta differenziata dei rifiuti urbani	RECORD_MAX|ACCELERAZIONE	GREEN	68.9	SEGNALE PULSE — GREEN	2024	Centro (*): Raccolta differenziata dei rifiuti urbani sale da 53,99 a 55,51 nel periodo 2024.	34.36929146|38.22289674|40.76776753|44.49800637|46.69393032|48.46962022|50.83107631|50.29499531|51.95216634|53.22770849|53.99197979|55.51290558				Pilastro GREEN: Economia circolare.¦Serie ufficiale acquisita automaticamente da ISTAT - Ambiente urbano.¦Ultima variazione: +1.521; intensità robusta z=1.62.¦PULSE Score: 68.9/100.¦Unità di misura dichiarata: %.	ISTAT - Ambiente urbano	https://www.istat.it/comunicato-stampa/ambiente-urbano-anno-2024/
d4c8b9d3bd1baef2	075084	Taurisano	Lecce	Puglia	Morti	DIVERGENZA	TERRITORIALE	68.8	PROMETTENTE — RIVEDERE	2026-06	Taurisano: rilevato divergenza su morti.	90|125|125|123|108|132|103	90|86|91|97|100|100|107|112|109|112|116|126|125|129|125|130|128|129|128|128|137|138|136|126|125|127|129|128|128|129|126|125|112|109|112|116|123|123|120|113|115|111|108|108|116|112|110|112|108|101|104|108|111|111|127|131|129|135|135|127|132|136|137|134|127|127|116|111|105|106|110|112|103|102|99|104|110|110|109	7.749|10.826|11.035|10.842|9.559|11.742|9.207	10.512|11.353|12.263|12.729|12.266|12.069|11.828	Divergenza territoriale: il tasso locale varia del -21.6% contro -2.0% nel resto della provincia.¦PULSE Score: 68.8/100. Stato: PROMETTENTE — RIVEDERE.	DEMO ISTAT — Bilancio demografico mensile	https://demo.istat.it/app/?i=D7B
fce55e8dac19c9d5	087017	Giarre	Catania	Sicilia	Nati vivi	DIVERGENZA|RECORD_MIN	GENERAL	68.8	PROMETTENTE — RIVEDERE	2026-06	Giarre: nati vivi raggiunge un nuovo minimo dei 60 mesi precedenti su base mobile 12 mesi (142).	219|196|183|193|199|194|164	219|230|228|229|225|216|217|214|220|213|213|208|196|187|184|185|187|192|192|191|188|191|181|182|183|182|179|174|180|189|184|184|184|175|185|189|193|188|199|202|191|185|191|195|196|202|201|200|199|204|204|204|206|202|199|200|189|191|182|192|194|192|186|183|184|186|194|182|187|186|184|166|164|159|151|149|148|152|142	8.19|7.332|6.91|7.233|7.489|7.319|6.175	8.626|8.411|8.338|8.227|7.878|7.57|7.187	Divergenza territoriale: il tasso locale varia del -15.6% contro -5.1% nel resto della provincia.¦Record: il rolling 12 mesi di 2026-06 (142) scende sotto il minimo precedente (148).¦PULSE Score: 68.8/100. Stato: PROMETTENTE — RIVEDERE.	DEMO ISTAT — Bilancio demografico mensile	https://demo.istat.it/app/?i=D7B
376988436ffc94be		Perugia		Italia	GREEN · Tutela della biodiversità · Disponibilità di verde urbano	ANOMALIA	GREEN	68.8	SEGNALE PULSE — GREEN	2024	Perugia: Disponibilità di verde urbano sale da 63,61 a 63,67 nel periodo 2024.	62.26067238|62.45782592|62.63146628|62.47362914|62.52330815|62.66814932|62.57138524|62.58030771|63.06207293|63.51921756|63.61038137|63.67258884				Pilastro GREEN: Tutela della biodiversità.¦Serie ufficiale acquisita automaticamente da ISTAT - Ambiente urbano.¦Ultima variazione: +0.06221; intensità robusta z=0.45.¦PULSE Score: 68.8/100.¦Unità di misura dichiarata: m²/abitante.	ISTAT - Ambiente urbano	https://www.istat.it/comunicato-stampa/ambiente-urbano-anno-2024/
79256a8699292ad9		Genova		Italia	GREEN · Economia circolare · Produzione di rifiuti urbani	INVERSIONE	GREEN	68.8	SEGNALE PULSE — GREEN	2024	Genova: Produzione di rifiuti urbani sale da 498,9 a 515,14 nel periodo 2024.	516.3953818|519.9450442|518.6093466|496.696445|494.2857449|494.2511266|499.2269344|491.0053385|513.0451742|501.0417198|498.895011|515.1448466				Pilastro GREEN: Economia circolare.¦Serie ufficiale acquisita automaticamente da ISTAT - Ambiente urbano.¦Ultima variazione: +16.25; intensità robusta z=1.86.¦PULSE Score: 68.8/100.¦Unità di misura dichiarata: kg/abitante.	ISTAT - Ambiente urbano	https://www.istat.it/comunicato-stampa/ambiente-urbano-anno-2024/
3cf03e3460cff950		Pistoia		Italia	GREEN · Economia circolare · Produzione di rifiuti urbani	ACCELERAZIONE|ANOMALIA	GREEN	68.8	SEGNALE PULSE — GREEN	2024	Pistoia: Produzione di rifiuti urbani sale da 521,19 a 545,09 nel periodo 2024.	592.4425182|608.8169707|616.2532749|649.1598845|600.5273273|592.3289623|602.4181555|620.0011404|619.1063374|515.3376495|521.1858124|545.0870222				Pilastro GREEN: Economia circolare.¦Serie ufficiale acquisita automaticamente da ISTAT - Ambiente urbano.¦Ultima variazione: +23.9; intensità robusta z=1.56.¦PULSE Score: 68.8/100.¦Unità di misura dichiarata: kg/abitante.	ISTAT - Ambiente urbano	https://www.istat.it/comunicato-stampa/ambiente-urbano-anno-2024/
2825fd4fd294c985		Bolzano/Bozen		Italia	GREEN · Mobilità sostenibile · Densità di piste ciclabili	RECORD_MAX|ACCELERAZIONE	GREEN	68.8	SEGNALE PULSE — GREEN	2024	Bolzano/Bozen: Densità di piste ciclabili sale da 136 a 139,2 nel periodo 2024.	103.8|107.3|133.4|135.5|136|139.2				Pilastro GREEN: Mobilità sostenibile.¦Serie ufficiale acquisita automaticamente da ISTAT - Ambiente urbano.¦Ultima variazione: +3.2; intensità robusta z=1.44.¦PULSE Score: 68.8/100.¦Unità di misura dichiarata: km per 100 km².	ISTAT - Ambiente urbano	https://www.istat.it/comunicato-stampa/ambiente-urbano-anno-2024/
3681365f92ee81f7		Crotone		Italia	GREEN · Mobilità sostenibile · Densità di piste ciclabili	ANOMALIA	GREEN	68.8	SEGNALE PULSE — GREEN	2024	Crotone: Densità di piste ciclabili scende da 2,8 a 2,7 nel periodo 2024.	6.6|6.6|6.9|2.7|2.8|2.7				Pilastro GREEN: Mobilità sostenibile.¦Serie ufficiale acquisita automaticamente da ISTAT - Ambiente urbano.¦Ultima variazione: -0.1; intensità robusta z=0.45.¦PULSE Score: 68.8/100.¦Unità di misura dichiarata: km per 100 km².	ISTAT - Ambiente urbano	https://www.istat.it/comunicato-stampa/ambiente-urbano-anno-2024/
5b949490544ff1f6		Italia		Italia	GREEN · Economia circolare · Conferimento dei rifiuti urbani in discarica	RECORD_MIN|RALLENTAMENTO	GREEN	68.8	SEGNALE PULSE — GREEN	2024	Italia: Conferimento dei rifiuti urbani in discarica scende da 15,8 a 14,8 nel periodo 2024.	36.9|31.5|26.5|24.7|23.4|21.5|20.9|20.1|19|17.8|15.8|14.8				Pilastro GREEN: Economia circolare.¦Serie ufficiale acquisita automaticamente da ISTAT - Indicatori SDGs.¦Ultima variazione: -1; intensità robusta z=1.50.¦PULSE Score: 68.8/100.¦Unità di misura dichiarata: Valori percentuali.¦SDG Goal 11 · codice misura 10AMB004.	ISTAT - Indicatori SDGs	https://www.istat.it/wp-content/uploads/2026/07/Misure-statistiche-2004-2026.xlsx
2076d054108bde03	SDMX-IT-143_222_DF_DCSC_PREIMPIND_2	Italia		Italia	Prezzi all'importazione	ANOMALIA	GENERAL	68.7	SEGNALE PULSE — ISTATDATA	2026-07	Italia: Prezzi all'importazione sale da 111,9 a 112,3 nel periodo 2026-07.		108|108.7|109.6|109.8|109.7|110.3|109.7|108.9|108.8|109|109.3|109.7|110.4|109.3|108|106.5|106.7|107|106.4|106.2|105.9|106|105.9|106.2|106.7|109.4|113|113.4|111.9|112.3			Anomalia: l'ultimo livello o la sua variazione supera la soglia robusta PULSE.¦Prezzi all'importazione, base 2021; aggregato nazionale più ampio disponibile.¦PULSE Score: 68.7/100. Fonte: IstatData SDMX, ISTAT.	IstatData SDMX — ISTAT	https://esploradati.istat.it/SDMXWS/rest/v1/data/143_222_DF_DCSC_PREIMPIND_2/all/IT1?startPeriod=2022&endPeriod=2026
6dceba47d9d1f0c3	023040	Isola della Scala	Verona	Veneto	Morti	DIVERGENZA	TERRITORIALE	68.7	PROMETTENTE — RIVEDERE	2026-06	Isola della Scala: rilevato divergenza su morti.	116|128|130|131|120|109|128	116|118|118|116|120|120|113|123|119|116|114|126|128|131|135|143|139|141|143|135|138|141|141|129|130|125|122|118|117|123|126|127|131|136|132|133|131|124|124|121|120|115|110|115|111|105|114|115|120|127|128|127|125|124|129|123|130|131|123|120|109|106|110|118|121|120|119|121|118|117|121|123|128|129|121|114|112|112|113	10.09|11.137|11.053|11.364|10.325|9.3|10.842	9.681|12.083|10.326|10.792|10.159|9.725|10.027	Divergenza territoriale: il tasso locale varia del +16.6% contro +3.1% nel resto della provincia.¦PULSE Score: 68.7/100. Stato: PROMETTENTE — RIVEDERE.	DEMO ISTAT — Bilancio demografico mensile	https://demo.istat.it/app/?i=D7B
dfea277ab4acedee	013053	Casnate con Bernate	Como	Lombardia	Immigrati da altro comune	RECORD_MIN	TERRITORIALE	68.7	PROMETTENTE — RIVEDERE	2026-06	Casnate con Bernate: immigrati da altro comune raggiunge un nuovo minimo dei 60 mesi precedenti su base mobile 12 mesi (152).	202|207|192|207|209|199|175	202|207|203|185|166|166|170|172|176|187|179|182|207|212|221|240|253|254|239|230|224|217|216|208|192|181|175|171|166|165|191|193|204|213|212|210|207|203|205|200|203|201|187|191|196|185|184|193|209|216|216|228|224|215|216|215|204|196|195|207|199|191|192|179|177|194|200|188|197|205|205|187|175|171|164|168|176|166|152	40.579|41.65|38.477|41.309|41.675|39.468|34.805	36.451|33.277|36.747|38.624|36.617|34.117|36.816	Record: il rolling 12 mesi di 2026-06 (152) scende sotto il minimo precedente (164).¦PULSE Score: 68.7/100. Stato: PROMETTENTE — RIVEDERE.	DEMO ISTAT — Bilancio demografico mensile	https://demo.istat.it/app/?i=D7B
4497307edcbb3dd8		Arezzo		Italia	GREEN · Economia circolare · Raccolta differenziata dei rifiuti urbani	RECORD_MAX	GREEN	68.7	SEGNALE PULSE — GREEN	2024	Arezzo: Raccolta differenziata dei rifiuti urbani sale da 57,37 a 60,32 nel periodo 2024.	34.30303705|33.90814457|37.06509914|39.68045333|39.84715118|40.30692004|45.998202|50.67692293|51.55096424|54.23373531|57.3667157|60.3173288				Pilastro GREEN: Economia circolare.¦Serie ufficiale acquisita automaticamente da ISTAT - Ambiente urbano.¦Ultima variazione: +2.951; intensità robusta z=1.05.¦PULSE Score: 68.7/100.¦Unità di misura dichiarata: %.	ISTAT - Ambiente urbano	https://www.istat.it/comunicato-stampa/ambiente-urbano-anno-2024/
234db53c4193f9e8		Italia		Italia	GREEN · Transizione energetica · Intensità energetica	RALLENTAMENTO|ANOMALIA	GREEN	68.6	SEGNALE PULSE — GREEN	2024	Italia: Intensità energetica scende da 74,51 a 73,3 nel periodo 2024.	92.07|87.02|89.59|87.86|89.41|87.53|86.27|86.25|85.99|78.62|74.51|73.3				Pilastro GREEN: Transizione energetica.¦Serie ufficiale acquisita automaticamente da ISTAT - Indicatori SDGs.¦Ultima variazione: -1.21; intensità robusta z=0.40.¦PULSE Score: 68.6/100.¦Unità di misura dichiarata: Tonnellate equivalenti petrolio (TEP) per milione di euro.¦SDG Goal 7 · codice misura SDG-79.	ISTAT - Indicatori SDGs	https://www.istat.it/wp-content/uploads/2026/07/Misure-statistiche-2004-2026.xlsx
b6cd06ce98348583		Italia		Italia	GREEN · Economia circolare · Indice di intensità turistica	RECORD_MAX	GREEN	68.6	SEGNALE PULSE — GREEN	2024	Italia: Indice di intensità turistica sale da 7.580 a 7.905 nel periodo 2024.	6316|6260|6514|6698|7003|7155|7301|3495|4882|6980|7580|7905				Pilastro GREEN: Economia circolare.¦Serie ufficiale acquisita automaticamente da ISTAT - Indicatori SDGs.¦Ultima variazione: +325; intensità robusta z=1.21.¦PULSE Score: 68.6/100.¦Unità di misura dichiarata: Per 1.000 abitanti.¦SDG Goal 12 · codice misura SDG-338.	ISTAT - Indicatori SDGs	https://www.istat.it/wp-content/uploads/2026/07/Misure-statistiche-2004-2026.xlsx
e896747d99407847	051018	Foiano della Chiana	Arezzo	Toscana	Morti	DIVERGENZA	TERRITORIALE	68.5	PROMETTENTE — RIVEDERE	2026-06	Foiano della Chiana: rilevato divergenza su morti.	104|110|112|121|112|112|96	104|107|111|105|105|106|109|106|102|98|98|105|110|113|109|112|114|115|111|113|112|120|121|121|112|112|121|124|119|122|118|121|124|112|120|117|121|125|121|117|124|122|124|120|116|118|111|111|112|104|99|101|103|99|96|105|105|111|108|108|112|113|113|115|108|109|112|103|103|99|109|105|96|100|99|97|95|98|98	11.073|11.747|12.142|13.177|12.344|12.385|10.67	11.829|13.02|13.45|13.471|12.401|12.285|12.306	Divergenza territoriale: il tasso locale varia del -13.8% contro +0.2% nel resto della provincia.¦PULSE Score: 68.5/100. Stato: PROMETTENTE — RIVEDERE.	DEMO ISTAT — Bilancio demografico mensile	https://demo.istat.it/app/?i=D7B
a47615dc5e3d2ac0		Italia		Italia	GREEN · Transizione energetica · Famiglie molto o abbastanza soddisfatte per la continuità del servizio elettrico	RECORD_MIN|ACCELERAZIONE	GREEN	68.5	SEGNALE PULSE — GREEN	2025	Italia: Famiglie molto o abbastanza soddisfatte per la continuità del servizio elettrico scende da 91,4 a 90,3 nel periodo 2025.	93.2|92.2|93.4|92.5|93|93.5|94.2|93.9|92.2|91.8|91.4|90.3				Pilastro GREEN: Transizione energetica.¦Serie ufficiale acquisita automaticamente da ISTAT - Indicatori SDGs.¦Ultima variazione: -1.1; intensità robusta z=0.99.¦PULSE Score: 68.5/100.¦Unità di misura dichiarata: Valori percentuali.¦SDG Goal 7 · codice misura SDG-93.	ISTAT - Indicatori SDGs	https://www.istat.it/wp-content/uploads/2026/07/Misure-statistiche-2004-2026.xlsx
a0b24ee73d58d5ee		Bari		Italia	GREEN · Economia circolare · Produzione di rifiuti urbani	RECORD_MIN|ACCELERAZIONE	GREEN	68.5	SEGNALE PULSE — GREEN	2024	Bari: Produzione di rifiuti urbani scende da 542,5 a 520,2 nel periodo 2024.	586.7429873|580.9384017|575.7484759|602.4877513|621.9056547|623.2816222|599.4489494|573.9959493|551.5059551|554.8207004|542.5006241|520.2035259				Pilastro GREEN: Economia circolare.¦Serie ufficiale acquisita automaticamente da ISTAT - Ambiente urbano.¦Ultima variazione: -22.3; intensità robusta z=1.17.¦PULSE Score: 68.5/100.¦Unità di misura dichiarata: kg/abitante.	ISTAT - Ambiente urbano	https://www.istat.it/comunicato-stampa/ambiente-urbano-anno-2024/
0d764499c6017190		Trani		Italia	GREEN · Economia circolare · Raccolta differenziata dei rifiuti urbani	ANOMALIA	GREEN	68.5	SEGNALE PULSE — GREEN	2024	Trani: Raccolta differenziata dei rifiuti urbani scende da 72,89 a 71,38 nel periodo 2024.	23.88753446|27.00983889|25.83455592|20.39960086|20.32330536|20.27893702|24.37040528|36.31152901|76.484523|73.9880752|72.88780114|71.37649221				Pilastro GREEN: Economia circolare.¦Serie ufficiale acquisita automaticamente da ISTAT - Ambiente urbano.¦Ultima variazione: -1.511; intensità robusta z=0.36.¦PULSE Score: 68.5/100.¦Unità di misura dichiarata: %.	ISTAT - Ambiente urbano	https://www.istat.it/comunicato-stampa/ambiente-urbano-anno-2024/
dbfd30d4b854f5e0		Lecce		Italia	GREEN · Tutela della biodiversità · Disponibilità di verde urbano	RALLENTAMENTO|ANOMALIA	GREEN	68.4	SEGNALE PULSE — GREEN	2024	Lecce: Disponibilità di verde urbano sale da 10,68 a 10,71 nel periodo 2024.	9.398238015|9.419963308|9.409793937|9.485927458|9.518321835|9.570921287|9.59574911|9.516860594|9.660488884|9.876670592|10.68346695|10.70665527				Pilastro GREEN: Tutela della biodiversità.¦Serie ufficiale acquisita automaticamente da ISTAT - Ambiente urbano.¦Ultima variazione: +0.02319; intensità robusta z=0.36.¦PULSE Score: 68.4/100.¦Unità di misura dichiarata: m²/abitante.	ISTAT - Ambiente urbano	https://www.istat.it/comunicato-stampa/ambiente-urbano-anno-2024/
f37e484b5a7965c8	051018	Foiano della Chiana	Arezzo	Toscana	Emigrati per altro comune	ANOMALIA	TERRITORIALE	68.2	PROMETTENTE — RIVEDERE	2026-06	Foiano della Chiana: rilevato anomalia su emigrati per altro comune.	258|242|209|266|245|241|275	258|254|257|231|216|220|217|215|221|239|245|250|242|241|234|249|255|251|253|249|242|226|220|210|209|205|220|225|232|238|249|248|247|244|248|256|266|283|269|262|256|266|249|248|253|250|249|249|245|235|233|229|225|205|217|227|226|235|236|235|241|236|234|235|235|264|275|261|268|267|273|274|275|286|295|293|301|266|252	27.47|25.844|22.658|28.967|27.003|26.65|30.566	22.03|20.855|20.973|22.944|21.217|20.644|21.872	Anomalia: l'ultimo valore rolling 12 mesi si discosta in modo robusto dal trend recente oltre la soglia tecnica PULSE.¦PULSE Score: 68.2/100. Stato: PROMETTENTE — RIVEDERE.	DEMO ISTAT — Bilancio demografico mensile	https://demo.istat.it/app/?i=D7B
c7ef4e2bff6d1fe3		Trapani		Italia	GREEN · Economia circolare · Produzione di rifiuti urbani	RECORD_MIN|ACCELERAZIONE	GREEN	68.2	SEGNALE PULSE — GREEN	2024	Trapani: Produzione di rifiuti urbani scende da 508,4 a 438,88 nel periodo 2024.	645.7610829|647.8012702|672.5295278|646.2852702|578.2547995|541.7281513|468.741936|449.032762|468.577418|526.4233915|508.4014589|438.8828986				Pilastro GREEN: Economia circolare.¦Serie ufficiale acquisita automaticamente da ISTAT - Ambiente urbano.¦Ultima variazione: -69.52; intensità robusta z=1.58.¦PULSE Score: 68.2/100.¦Unità di misura dichiarata: kg/abitante.	ISTAT - Ambiente urbano	https://www.istat.it/comunicato-stampa/ambiente-urbano-anno-2024/
8d6feaa72e44ce9c	065079	Nocera Superiore	Salerno	Campania	Morti	DIVERGENZA	GENERAL	68.1	PROMETTENTE — RIVEDERE	2026-06	Nocera Superiore: rilevato divergenza su morti.	183|205|217|222|211|220|253	183|180|183|179|182|188|183|185|178|189|196|208|205|203|199|196|208|212|226|223|234|231|229|213|217|222|225|227|221|221|210|217|210|208|209|220|222|210|209|209|213|213|217|215|217|215|215|209|211|214|219|226|218|221|224|217|217|214|216|215|220|228|228|233|236|234|231|239|244|250|260|258|253|248|249|242|245|252|244	7.599|8.536|9.073|9.311|8.878|9.325|10.761	10.38|10.651|11.649|11.88|11.406|10.845|10.897	Divergenza territoriale: il tasso locale varia del +15.4% contro +0.5% nel resto della provincia.¦PULSE Score: 68.1/100. Stato: PROMETTENTE — RIVEDERE.	DEMO ISTAT — Bilancio demografico mensile	https://demo.istat.it/app/?i=D7B
820fe6c5d5867c22		Caltanissetta		Italia	GREEN · Tutela della biodiversità · Disponibilità di verde urbano	ANOMALIA	GREEN	68.1	SEGNALE PULSE — GREEN	2024	Caltanissetta: Disponibilità di verde urbano sale da 10,6 a 10,66 nel periodo 2024.	7.316165164|7.345818534|7.36618631|7.36446885|7.522681045|7.739082366|8.161519096|10.25316666|10.34346691|10.49904323|10.59690796|10.65865694				Pilastro GREEN: Tutela della biodiversità.¦Serie ufficiale acquisita automaticamente da ISTAT - Ambiente urbano.¦Ultima variazione: +0.06175; intensità robusta z=0.45.¦PULSE Score: 68.1/100.¦Unità di misura dichiarata: m²/abitante.	ISTAT - Ambiente urbano	https://www.istat.it/comunicato-stampa/ambiente-urbano-anno-2024/
032337564f7a7de5	058074	Palestrina	Roma	Lazio	Morti	DIVERGENZA	GENERAL	68.0	PROMETTENTE — RIVEDERE	2026-06	Palestrina: rilevato divergenza su morti.	189|208|233|213|235|233|198	189|185|182|179|195|194|192|199|198|193|192|196|208|221|228|245|231|238|239|231|235|237|237|236|233|232|236|227|230|228|232|240|242|239|232|218|213|214|212|201|202|203|209|206|209|212|220|227|235|231|226|234|242|239|229|230|231|232|231|230|233|228|227|234|226|223|229|225|222|212|207|208|198|196|201|193|196|197|190	8.564|9.457|10.629|9.646|10.647|10.525|8.963	9.539|10.53|10.819|10.804|10.957|10.368|10.275	Divergenza territoriale: il tasso locale varia del -14.8% contro -0.9% nel resto della provincia.¦PULSE Score: 68.0/100. Stato: PROMETTENTE — RIVEDERE.	DEMO ISTAT — Bilancio demografico mensile	https://demo.istat.it/app/?i=D7B
8de8e25721b07823	022062	Cles	Trento	Trentino-Alto Adige/Südtirol	Morti	DIVERGENZA	TERRITORIALE	68.0	PROMETTENTE — RIVEDERE	2026-06	Cles: rilevato divergenza su morti.	112|107|102|105|99|132|91	112|117|114|119|127|128|117|112|109|109|105|100|107|106|113|109|101|100|102|107|108|108|111|111|102|101|99|101|98|98|108|104|107|106|104|105|105|106|102|98|101|99|95|99|93|92|92|92|99|99|104|112|113|112|110|110|121|127|134|137|132|126|121|120|119|123|121|119|113|107|96|91|91|99|98|96|103|101|99	15.993|15.268|14.256|14.679|13.718|18.06|12.304	9.214|11.925|9.877|9.989|9.432|9.464|9.465	Divergenza territoriale: il tasso locale varia del -31.9% contro +0.0% nel resto della provincia.¦PULSE Score: 68.0/100. Stato: PROMETTENTE — RIVEDERE.	DEMO ISTAT — Bilancio demografico mensile	https://demo.istat.it/app/?i=D7B
ce05ced525151b1d		Toscana		Toscana	GREEN · Economia circolare · Raccolta differenziata dei rifiuti urbani	RECORD_MAX	GREEN	68.0	SEGNALE PULSE — GREEN	2024	Toscana: Raccolta differenziata dei rifiuti urbani sale da 66,63 a 68,07 nel periodo 2024.	46.09871947|51.08417482|53.88017708|56.09682651|60.20241495|62.14764194|64.12526882|65.63124024|66.63204632|68.06818822				Pilastro GREEN: Economia circolare.¦Serie ufficiale acquisita automaticamente da ISPRA - Catasto nazionale rifiuti.¦Ultima variazione: +1.436; intensità robusta z=1.50.¦PULSE Score: 68.0/100.¦Unità di misura dichiarata: %.	ISPRA - Catasto nazionale rifiuti	https://www.catasto-rifiuti.isprambiente.it/index.php?advice=si&pg=downloadComune
9ed629f8fd28ef0c		Carrara		Italia	GREEN · Economia circolare · Raccolta differenziata dei rifiuti urbani	RALLENTAMENTO|ANOMALIA	GREEN	68.0	SEGNALE PULSE — GREEN	2024	Carrara: Raccolta differenziata dei rifiuti urbani sale da 62,98 a 63,59 nel periodo 2024.	34.09212609|37.8115069|36.64327144|37.79111349|39.9399558|39.2238975|40.23195571|43.44766576|56.36655216|59.74470595|62.98383042|63.59137747				Pilastro GREEN: Economia circolare.¦Serie ufficiale acquisita automaticamente da ISTAT - Ambiente urbano.¦Ultima variazione: +0.6075; intensità robusta z=0.32.¦PULSE Score: 68.0/100.¦Unità di misura dichiarata: %.	ISTAT - Ambiente urbano	https://www.istat.it/comunicato-stampa/ambiente-urbano-anno-2024/
3df0fafbc3c96062	004028	Boves	Cuneo	Piemonte	Morti	DIVERGENZA	TERRITORIALE	67.9	PROMETTENTE — RIVEDERE	2026-06	Boves: rilevato divergenza su morti.	99|142|122|128|115|113|96	99|107|102|100|102|109|114|119|116|114|121|135|142|138|141|154|156|150|147|144|148|147|147|132|122|121|124|113|109|115|113|114|117|127|124|123|128|126|125|130|127|127|130|130|123|115|109|116|115|118|119|111|117|115|111|104|108|111|118|114|113|108|106|109|105|102|102|104|106|102|94|94|96|97|96|93|94|91|90	10.121|14.66|12.661|13.277|11.954|11.706|9.994	12.097|14.527|12.748|13.085|11.97|11.778|11.893	Divergenza territoriale: il tasso locale varia del -14.6% contro +1.0% nel resto della provincia.¦PULSE Score: 67.9/100. Stato: PROMETTENTE — RIVEDERE.	DEMO ISTAT — Bilancio demografico mensile	https://demo.istat.it/app/?i=D7B
1d348b63fd5c7ed7	067037	Roseto degli Abruzzi	Teramo	Abruzzo	Immigrati da altro comune	RECORD_MAX	GENERAL	67.9	PROMETTENTE — RIVEDERE	2026-06	Roseto degli Abruzzi: immigrati da altro comune raggiunge un nuovo massimo dei 60 mesi precedenti su base mobile 12 mesi (649).	501|535|504|560|580|493|575	501|519|520|504|479|482|489|499|499|515|508|513|535|501|523|548|578|575|545|539|535|521|529|512|504|524|504|500|502|524|543|538|548|561|574|577|560|551|541|536|528|510|522|550|549|552|548|560|580|596|605|603|604|593|560|556|540|527|526|506|493|472|467|477|476|495|523|511|520|528|545|557|575|597|591|602|600|593|649	19.629|20.913|19.82|21.984|22.699|19.245|22.216	22.458|20.207|22.294|23.602|24.477|24.352|25.616	Record: il rolling 12 mesi di 2026-06 (649) supera il massimo precedente (605).¦PULSE Score: 67.9/100. Stato: PROMETTENTE — RIVEDERE.	DEMO ISTAT — Bilancio demografico mensile	https://demo.istat.it/app/?i=D7B
eafc84d10532c96d	019035	Crema	Cremona	Lombardia	Nati vivi	DIVERGENZA	GENERAL	67.9	PROMETTENTE — RIVEDERE	2026-06	Crema: rilevato divergenza su nati vivi.	270|207|227|223|201|211|185	270|277|271|270|272|273|267|251|244|232|233|221|207|199|199|202|194|193|202|202|206|205|202|218|227|227|231|227|234|229|221|222|231|231|235|224|223|226|226|223|217|216|214|210|200|194|199|203|201|200|203|205|209|211|212|209|208|215|212|211|211|211|205|208|209|211|208|209|216|208|194|189|185|174|180|176|177|177|177	7.856|5.999|6.635|6.565|5.928|6.218|5.439	6.887|6.577|6.723|6.302|6.381|6.36|6.324	Divergenza territoriale: il tasso locale varia del -12.5% contro -0.6% nel resto della provincia.¦PULSE Score: 67.9/100. Stato: PROMETTENTE — RIVEDERE.	DEMO ISTAT — Bilancio demografico mensile	https://demo.istat.it/app/?i=D7B
8f010a9d27c8c09e	015213	Solaro	Milano	Lombardia	Immigrati dall'estero	RECORD_MAX	TERRITORIALE	67.8	PROMETTENTE — RIVEDERE	2026-06	Solaro: immigrati dall'estero raggiunge un nuovo massimo dei 60 mesi precedenti su base mobile 12 mesi (176).	80|50|75|93|105|133|135	80|82|83|76|72|63|53|61|60|55|47|49|50|52|56|57|71|79|79|68|70|73|80|77|75|74|74|80|68|65|74|71|72|86|82|86|93|96|94|92|94|100|98|103|109|100|111|111|105|109|116|116|122|119|125|141|138|137|131|131|133|125|124|129|131|129|121|116|116|121|113|118|135|141|135|143|150|161|176	5.702|3.574|5.361|6.679|7.546|9.452|9.568	8.325|5.996|7.225|9.762|12.541|10.477|10.84	Record: il rolling 12 mesi di 2026-06 (176) supera il massimo precedente (161).¦PULSE Score: 67.8/100. Stato: PROMETTENTE — RIVEDERE.	DEMO ISTAT — Bilancio demografico mensile	https://demo.istat.it/app/?i=D7B
c73a7950fded8bb0		Piemonte		Piemonte	GREEN · Economia circolare · Raccolta differenziata dei rifiuti urbani	RECORD_MAX	GREEN	67.8	SEGNALE PULSE — GREEN	2024	Piemonte: Raccolta differenziata dei rifiuti urbani sale da 67,92 a 68,88 nel periodo 2024.	55.13069807|56.63214087|59.25494452|61.20288217|63.24049893|64.29045948|65.78221995|67.04736234|67.91836648|68.88164205				Pilastro GREEN: Economia circolare.¦Serie ufficiale acquisita automaticamente da ISPRA - Catasto nazionale rifiuti.¦Ultima variazione: +0.9633; intensità robusta z=1.45.¦PULSE Score: 67.8/100.¦Unità di misura dichiarata: %.	ISPRA - Catasto nazionale rifiuti	https://www.catasto-rifiuti.isprambiente.it/index.php?advice=si&pg=downloadComune
af06072d2bd6972d	013188	Ponte Lambro	Como	Lombardia	Emigrati per altro comune	RECORD_MAX	TERRITORIALE	67.7	PROMETTENTE — RIVEDERE	2026-06	Ponte Lambro: emigrati per altro comune raggiunge un nuovo massimo dei 60 mesi precedenti su base mobile 12 mesi (227).	179|145|164|186|148|162|181	179|169|167|156|154|134|129|122|131|136|134|139|145|152|151|158|165|169|174|179|160|169|168|169|164|161|170|189|191|190|190|181|200|183|181|181|186|186|179|167|164|167|170|161|152|151|152|150|148|164|160|148|150|146|142|145|149|149|157|153|162|147|157|161|156|166|162|177|191|194|184|188|181|186|180|190|206|210|227	41.618|33.487|38.407|43.847|34.947|38.136|42.658	33.722|30.954|34.412|34.431|34.118|32.618|35.267	Record: il rolling 12 mesi di 2026-06 (227) supera il massimo precedente (210).¦PULSE Score: 67.7/100. Stato: PROMETTENTE — RIVEDERE.	DEMO ISTAT — Bilancio demografico mensile	https://demo.istat.it/app/?i=D7B
7629ad5d2f8c6ce6		Isernia		Italia	GREEN · Economia circolare · Produzione di rifiuti urbani	RECORD_MAX|ACCELERAZIONE	GREEN	67.7	SEGNALE PULSE — GREEN	2024	Isernia: Produzione di rifiuti urbani sale da 453,29 a 473,47 nel periodo 2024.	457.3805257|462.5536397|368.5449434|390.6996986|389.2757784|420.6205331|433.6828931|431.0866992|450.4218701|442.7456375|453.2853103|473.4666246				Pilastro GREEN: Economia circolare.¦Serie ufficiale acquisita automaticamente da ISTAT - Ambiente urbano.¦Ultima variazione: +20.18; intensità robusta z=1.24.¦PULSE Score: 67.7/100.¦Unità di misura dichiarata: kg/abitante.	ISTAT - Ambiente urbano	https://www.istat.it/comunicato-stampa/ambiente-urbano-anno-2024/
63d29334b156784e		Cagliari		Italia	GREEN · Economia circolare · Produzione di rifiuti urbani	ANOMALIA	GREEN	67.7	SEGNALE PULSE — GREEN	2024	Cagliari: Produzione di rifiuti urbani sale da 462,51 a 472,98 nel periodo 2024.	585.3612931|582.3595952|590.6587432|598.3900441|600.9450058|583.9387462|480.3135246|450.0382731|469.7081403|468.4916675|462.5070763|472.9830026				Pilastro GREEN: Economia circolare.¦Serie ufficiale acquisita automaticamente da ISTAT - Ambiente urbano.¦Ultima variazione: +10.48; intensità robusta z=0.70.¦PULSE Score: 67.7/100.¦Unità di misura dichiarata: kg/abitante.	ISTAT - Ambiente urbano	https://www.istat.it/comunicato-stampa/ambiente-urbano-anno-2024/
e2b85811e13afec5		Campobasso		Italia	GREEN · Economia circolare · Raccolta differenziata dei rifiuti urbani	RECORD_MAX|RALLENTAMENTO	GREEN	67.7	SEGNALE PULSE — GREEN	2024	Campobasso: Raccolta differenziata dei rifiuti urbani sale da 52,47 a 55,88 nel periodo 2024.	12.88158281|14.20926508|12.92398453|13.91858756|13.55936884|22.0575555|28.57104868|34.85058613|38.41269349|44.31130121|52.46640967|55.87787319				Pilastro GREEN: Economia circolare.¦Serie ufficiale acquisita automaticamente da ISTAT - Ambiente urbano.¦Ultima variazione: +3.411; intensità robusta z=0.67.¦PULSE Score: 67.7/100.¦Unità di misura dichiarata: %.	ISTAT - Ambiente urbano	https://www.istat.it/comunicato-stampa/ambiente-urbano-anno-2024/
e69b2742a3c5e28f		Matera		Italia	GREEN · Economia circolare · Raccolta differenziata dei rifiuti urbani	ANOMALIA	GREEN	67.7	SEGNALE PULSE — GREEN	2024	Matera: Raccolta differenziata dei rifiuti urbani sale da 71,07 a 71,56 nel periodo 2024.	22.85683769|23.5663225|23.5469793|25.67437431|26.03149872|28.22480173|24.28351248|40.46167095|75.00275491|72.76305009|71.06942651|71.56291225				Pilastro GREEN: Economia circolare.¦Serie ufficiale acquisita automaticamente da ISTAT - Ambiente urbano.¦Ultima variazione: +0.4935; intensità robusta z=0.17.¦PULSE Score: 67.7/100.¦Unità di misura dichiarata: %.	ISTAT - Ambiente urbano	https://www.istat.it/comunicato-stampa/ambiente-urbano-anno-2024/
d8b52b9220bedd43		Verona		Italia	GREEN · Mobilità sostenibile · Densità di piste ciclabili	RECORD_MAX|RALLENTAMENTO	GREEN	67.7	SEGNALE PULSE — GREEN	2024	Verona: Densità di piste ciclabili sale da 57,3 a 58,3 nel periodo 2024.	48.9|50.9|53.6|54.3|57.3|58.3				Pilastro GREEN: Mobilità sostenibile.¦Serie ufficiale acquisita automaticamente da ISTAT - Ambiente urbano.¦Ultima variazione: +1; intensità robusta z=1.35.¦PULSE Score: 67.7/100.¦Unità di misura dichiarata: km per 100 km².	ISTAT - Ambiente urbano	https://www.istat.it/comunicato-stampa/ambiente-urbano-anno-2024/
503aad1018b444b2	063055	Poggiomarino	Napoli	Campania	Morti	DIVERGENZA	GENERAL	67.6	PROMETTENTE — RIVEDERE	2026-06	Poggiomarino: rilevato divergenza su morti.	142|193|174|182|187|195|174	142|136|134|145|153|157|156|168|168|168|177|194|193|196|203|206|200|199|195|188|187|191|188|176|174|181|183|176|177|181|187|184|188|183|185|182|182|182|181|175|174|175|178|183|175|173|172|179|187|183|182|187|186|182|180|180|191|197|198|201|195|198|202|204|204|204|206|203|196|197|192|179|174|170|169|165|169|166|158	6.556|8.821|7.925|8.269|8.392|8.702|7.693	8.815|9.89|10.398|10.387|9.884|9.657|9.63	Divergenza territoriale: il tasso locale varia del -11.6% contro -0.3% nel resto della provincia.¦PULSE Score: 67.6/100. Stato: PROMETTENTE — RIVEDERE.	DEMO ISTAT — Bilancio demografico mensile	https://demo.istat.it/app/?i=D7B
2f8e10cf1f144f6e	108049	Villasanta	Monza e della Brianza	Lombardia	Morti	DIVERGENZA	GENERAL	67.6	PROMETTENTE — RIVEDERE	2026-06	Villasanta: rilevato divergenza su morti.	154|195|148|162|157|171|155	154|160|156|182|195|194|185|188|187|190|189|192|195|181|179|150|142|140|151|148|144|142|150|146|148|160|161|157|149|149|158|162|170|174|167|164|162|159|159|158|164|167|157|159|159|158|157|158|157|163|172|178|175|174|173|169|164|164|167|176|171|160|151|149|152|161|155|152|154|157|152|149|155|160|159|163|158|151|156	11.034|13.919|10.612|11.515|11.096|12.006|10.862	9.182|11.926|10.142|10.55|9.764|9.785|10.053	Divergenza territoriale: il tasso locale varia del -9.5% contro +2.7% nel resto della provincia.¦PULSE Score: 67.6/100. Stato: PROMETTENTE — RIVEDERE.	DEMO ISTAT — Bilancio demografico mensile	https://demo.istat.it/app/?i=D7B
e0f71252a3ec2afd	015157	Novate Milanese	Milano	Lombardia	Immigrati dall'estero	RECORD_MAX|ANOMALIA	TERRITORIALE	67.6	PROMETTENTE — RIVEDERE	2026-06	Novate Milanese: immigrati dall'estero raggiunge un nuovo massimo dei 60 mesi precedenti su base mobile 12 mesi (250).	153|94|96|140|136|141|185	153|153|147|143|131|132|125|122|131|117|114|102|94|92|94|95|105|118|121|121|112|102|91|94|96|95|96|102|102|96|94|97|97|97|111|130|140|155|156|155|151|151|161|163|163|173|170|149|136|123|126|128|125|128|121|124|128|129|129|131|141|149|144|138|147|153|162|170|165|166|175|182|185|187|202|224|234|229|250	7.624|4.668|4.787|7.043|6.81|7.016|9.115	8.318|5.994|7.232|9.765|12.555|10.494|10.846	Record: il rolling 12 mesi di 2026-06 (250) supera il massimo precedente (234).¦Anomalia: l'ultimo valore rolling 12 mesi si discosta in modo robusto dal trend recente oltre la soglia tecnica PULSE.¦PULSE Score: 67.6/100. Stato: PROMETTENTE — RIVEDERE.	DEMO ISTAT — Bilancio demografico mensile	https://demo.istat.it/app/?i=D7B
54770a602e7f4349		Cuneo		Italia	GREEN · Tutela della biodiversità · Disponibilità di verde urbano	ANOMALIA	GREEN	67.6	SEGNALE PULSE — GREEN	2024	Cuneo: Disponibilità di verde urbano sale da 32,55 a 32,62 nel periodo 2024.	30.87276217|30.80920499|32.1121168|32.08774687|32.00545008|32.08322659|32.06896306|32.16419787|32.52629311|32.65363866|32.5493298|32.61627188				Pilastro GREEN: Tutela della biodiversità.¦Serie ufficiale acquisita automaticamente da ISTAT - Ambiente urbano.¦Ultima variazione: +0.06694; intensità robusta z=0.47.¦PULSE Score: 67.6/100.¦Unità di misura dichiarata: m²/abitante.	ISTAT - Ambiente urbano	https://www.istat.it/comunicato-stampa/ambiente-urbano-anno-2024/
15f191fe09dfa55d		Genova		Italia	GREEN · Tutela della biodiversità · Disponibilità di verde urbano	INVERSIONE	GREEN	67.6	SEGNALE PULSE — GREEN	2024	Genova: Disponibilità di verde urbano scende da 24,48 a 24,42 nel periodo 2024.	22.5662411|22.74838379|23.00784525|23.16166951|23.31484335|23.47274648|23.60858586|23.76513255|23.8610055|23.97199201|24.47997665|24.41719589				Pilastro GREEN: Tutela della biodiversità.¦Serie ufficiale acquisita automaticamente da ISTAT - Ambiente urbano.¦Ultima variazione: -0.06278; intensità robusta z=1.83.¦PULSE Score: 67.6/100.¦Unità di misura dichiarata: m²/abitante.	ISTAT - Ambiente urbano	https://www.istat.it/comunicato-stampa/ambiente-urbano-anno-2024/
12616ef507f25478		Alessandria		Italia	GREEN · Economia circolare · Raccolta differenziata dei rifiuti urbani	RECORD_MAX	GREEN	67.6	SEGNALE PULSE — GREEN	2024	Alessandria: Raccolta differenziata dei rifiuti urbani sale da 47,61 a 49,71 nel periodo 2024.	46.94962161|45.49056795|44.66164911|44.4669929|47.48876783|47.64034279|48.3043552|45.41651627|46.67682008|44.88418541|47.61043016|49.70814406				Pilastro GREEN: Economia circolare.¦Serie ufficiale acquisita automaticamente da ISTAT - Ambiente urbano.¦Ultima variazione: +2.098; intensità robusta z=1.04.¦PULSE Score: 67.6/100.¦Unità di misura dichiarata: %.	ISTAT - Ambiente urbano	https://www.istat.it/comunicato-stampa/ambiente-urbano-anno-2024/
147ed33e8f08f4c5		Mezzogiorno (*)		Italia	GREEN · Economia circolare · Raccolta differenziata dei rifiuti urbani	RECORD_MAX	GREEN	67.6	SEGNALE PULSE — GREEN	2024	Mezzogiorno (*): Raccolta differenziata dei rifiuti urbani sale da 45,44 a 46,68 nel periodo 2024.	20.75611089|22.03646247|24.29666927|27.50831475|29.91698665|33.36090327|37.31169959|38.57169662|40.54836601|43.31768766|45.43661531|46.67946129				Pilastro GREEN: Economia circolare.¦Serie ufficiale acquisita automaticamente da ISTAT - Ambiente urbano.¦Ultima variazione: +1.243; intensità robusta z=1.28.¦PULSE Score: 67.6/100.¦Unità di misura dichiarata: %.	ISTAT - Ambiente urbano	https://www.istat.it/comunicato-stampa/ambiente-urbano-anno-2024/
70607a0967cbe5c3		Nord-est (*)		Italia	GREEN · Economia circolare · Raccolta differenziata dei rifiuti urbani	RECORD_MAX|RALLENTAMENTO	GREEN	67.5	SEGNALE PULSE — GREEN	2024	Nord-est (*): Raccolta differenziata dei rifiuti urbani sale da 71,45 a 72,86 nel periodo 2024.	50.51014338|54.18272909|56.05520167|59.30669858|60.56079896|63.41867781|65.80652386|67.73582854|67.60404528|68.5234406|71.44937665|72.8635325				Pilastro GREEN: Economia circolare.¦Serie ufficiale acquisita automaticamente da ISTAT - Ambiente urbano.¦Ultima variazione: +1.414; intensità robusta z=1.14.¦PULSE Score: 67.5/100.¦Unità di misura dichiarata: %.	ISTAT - Ambiente urbano	https://www.istat.it/comunicato-stampa/ambiente-urbano-anno-2024/
f2c05d35759fe604	065056	Giffoni Valle Piana	Salerno	Campania	Nati vivi	DIVERGENZA	TERRITORIALE	67.4	PROMETTENTE — RIVEDERE	2026-06	Giffoni Valle Piana: rilevato divergenza su nati vivi.	87|101|81|66|94|55|76	87|81|74|82|76|81|79|87|92|96|98|101|101|105|104|107|112|109|108|97|96|94|86|84|81|81|83|82|83|79|74|76|70|67|67|67|66|66|67|65|65|67|76|77|79|84|91|89|94|90|89|85|82|80|76|77|72|63|55|53|55|59|58|58|56|58|67|66|70|76|80|85|76|76|80|82|83|84|75	7.37|8.587|7.007|5.689|8.141|4.776|6.632	7.741|7.362|7.304|7.35|7.211|6.945|6.629	Divergenza territoriale: il tasso locale varia del +38.9% contro -4.6% nel resto della provincia.¦PULSE Score: 67.4/100. Stato: PROMETTENTE — RIVEDERE.	DEMO ISTAT — Bilancio demografico mensile	https://demo.istat.it/app/?i=D7B
972b84c8b72004b8		Massa		Italia	GREEN · Economia circolare · Raccolta differenziata dei rifiuti urbani	ANOMALIA	GREEN	67.4	SEGNALE PULSE — GREEN	2024	Massa: Raccolta differenziata dei rifiuti urbani scende da 69,75 a 69,34 nel periodo 2024.	25.78778621|24.34525059|27.21335528|29.0982347|32.62824264|31.97802443|30.07588373|35.45964077|51.0721715|65.30781902|69.74533809|69.33717926				Pilastro GREEN: Economia circolare.¦Serie ufficiale acquisita automaticamente da ISTAT - Ambiente urbano.¦Ultima variazione: -0.4082; intensità robusta z=0.09.¦PULSE Score: 67.4/100.¦Unità di misura dichiarata: %.	ISTAT - Ambiente urbano	https://www.istat.it/comunicato-stampa/ambiente-urbano-anno-2024/
0273866074ea11e0		Latina		Italia	GREEN · Economia circolare · Raccolta differenziata dei rifiuti urbani	RALLENTAMENTO|ANOMALIA	GREEN	67.4	SEGNALE PULSE — GREEN	2024	Latina: Raccolta differenziata dei rifiuti urbani sale da 52,53 a 52,95 nel periodo 2024.	29.7048266|30.01682245|29.40723752|30.83509369|23.79579796|23.46262817|28.61131757|29.9090136|34.99294485|44.04092639|52.53127614|52.94998348				Pilastro GREEN: Economia circolare.¦Serie ufficiale acquisita automaticamente da ISTAT - Ambiente urbano.¦Ultima variazione: +0.4187; intensità robusta z=0.10.¦PULSE Score: 67.4/100.¦Unità di misura dichiarata: %.	ISTAT - Ambiente urbano	https://www.istat.it/comunicato-stampa/ambiente-urbano-anno-2024/
cf742ac97fe0da6f		Italia		Italia	GREEN · Economia circolare · Tasso di utilizzo circolare dei materiali	RECORD_MAX	GREEN	67.3	SEGNALE PULSE — GREEN	2024	Italia: Tasso di utilizzo circolare dei materiali sale da 21,1 a 21,6 nel periodo 2024.	15.6|15.7|16.7|17.3|17.9|18.3|18.7|20.1|19.3|20.2|21.1|21.6				Pilastro GREEN: Economia circolare.¦Serie ufficiale acquisita automaticamente da Eurostat - Statistiche ambientali ed energia.¦Ultima variazione: +0.5; intensità robusta z=1.12.¦PULSE Score: 67.3/100.¦Unità di misura dichiarata: PC.	Eurostat - Statistiche ambientali ed energia	https://ec.europa.eu/eurostat/api/dissemination/statistics/1.0/data/env_ac_cur?lang=en&geo=IT
b7fe897405ad0780		Isernia		Italia	GREEN · Tutela della biodiversità · Disponibilità di verde urbano	RECORD_MAX|ACCELERAZIONE	GREEN	67.3	SEGNALE PULSE — GREEN	2024	Isernia: Disponibilità di verde urbano sale da 1.022 a 1.026 nel periodo 2024.	962.9249709|967.1584805|973.2200742|979.290007|985.7811231|988.4341111|989.9167507|999.9710687|1013.487955|1020.483769|1022.062511|1025.931235				Pilastro GREEN: Tutela della biodiversità.¦Serie ufficiale acquisita automaticamente da ISTAT - Ambiente urbano.¦Ultima variazione: +3.869; intensità robusta z=1.00.¦PULSE Score: 67.3/100.¦Unità di misura dichiarata: m²/abitante.	ISTAT - Ambiente urbano	https://www.istat.it/comunicato-stampa/ambiente-urbano-anno-2024/
7364fdd4a0c7f5d3		Forlì		Italia	GREEN · Economia circolare · Produzione di rifiuti urbani	RALLENTAMENTO|ANOMALIA	GREEN	67.3	SEGNALE PULSE — GREEN	2024	Forlì: Produzione di rifiuti urbani sale da 481,07 a 494,03 nel periodo 2024.	709.4658484|723.0837341|699.9453194|722.971302|719.1813192|692.9556376|546.4552338|490.6977204|470.103836|445.3781657|481.071453|494.0319287				Pilastro GREEN: Economia circolare.¦Serie ufficiale acquisita automaticamente da ISTAT - Ambiente urbano.¦Ultima variazione: +12.96; intensità robusta z=0.34.¦PULSE Score: 67.3/100.¦Unità di misura dichiarata: kg/abitante.	ISTAT - Ambiente urbano	https://www.istat.it/comunicato-stampa/ambiente-urbano-anno-2024/
2d1be68f1bccd47a		Italia		Italia	GREEN · Economia circolare · Tasso di utilizzo circolare dei materiali	RECORD_MAX	GREEN	67.3	SEGNALE PULSE — GREEN	2024	Italia: Tasso di utilizzo circolare dei materiali sale da 21,1 a 21,6 nel periodo 2024.	15.6|15.7|16.7|17.3|17.9|18.3|18.7|20.1|19.3|20.2|21.1|21.6				Pilastro GREEN: Economia circolare.¦Serie ufficiale acquisita automaticamente da ISTAT - Indicatori SDGs.¦Ultima variazione: +0.5; intensità robusta z=1.12.¦PULSE Score: 67.3/100.¦Unità di misura dichiarata: Valori percentuali.¦SDG Goal 12 · codice misura SDG-450.	ISTAT - Indicatori SDGs	https://www.istat.it/wp-content/uploads/2026/07/Misure-statistiche-2004-2026.xlsx
d913852ed1bd633f	012026	Busto Arsizio	Varese	Lombardia	Emigrati per altro comune	ACCELERAZIONE	GENERAL	67.2	PROMETTENTE — RIVEDERE	2026-06	Busto Arsizio: rilevato accelerazione su emigrati per altro comune.	1938|1911|2004|2139|2209|1976|2104	1938|1873|1897|1859|1790|1747|1772|1782|1789|1836|1852|1903|1911|1936|1917|1985|2113|2111|2107|2103|2098|2073|2038|2003|2004|2004|2044|2022|1978|1994|2007|2027|2046|2024|2092|2125|2139|2176|2156|2219|2240|2266|2273|2248|2235|2249|2224|2218|2209|2186|2166|2111|2101|2084|2011|2000|2017|2012|2008|1964|1976|1986|2011|2028|2036|2024|2042|2058|2036|2060|2058|2090|2104|2157|2196|2237|2279|2296|2312	23.196|22.837|24.131|25.848|26.597|23.701|25.046	34.951|31.988|34.942|36.162|35.738|32.576|35.325	Accelerazione: il fenomeno prosegue nella stessa direzione ma la pendenza recente aumenta rispetto alla finestra precedente.¦PULSE Score: 67.2/100. Stato: PROMETTENTE — RIVEDERE.	DEMO ISTAT — Bilancio demografico mensile	https://demo.istat.it/app/?i=D7B
2650e577a1406a12		Vibo Valentia		Italia	GREEN · Tutela della biodiversità · Disponibilità di verde urbano	RECORD_MAX	GREEN	67.2	SEGNALE PULSE — GREEN	2024	Vibo Valentia: Disponibilità di verde urbano sale da 13,15 a 13,21 nel periodo 2024.	12.15965382|12.23536934|12.29301273|12.36146061|12.68731879|12.79343985|12.93602289|12.94687045|12.94093274|13.05989754|13.15268022|13.21022214				Pilastro GREEN: Tutela della biodiversità.¦Serie ufficiale acquisita automaticamente da ISTAT - Ambiente urbano.¦Ultima variazione: +0.05754; intensità robusta z=1.27.¦PULSE Score: 67.2/100.¦Unità di misura dichiarata: m²/abitante.	ISTAT - Ambiente urbano	https://www.istat.it/comunicato-stampa/ambiente-urbano-anno-2024/
b2161025a5b34b79		Ferrara		Italia	GREEN · Mobilità sostenibile · Densità di piste ciclabili	RECORD_MAX	GREEN	67.2	SEGNALE PULSE — GREEN	2024	Ferrara: Densità di piste ciclabili sale da 54 a 55 nel periodo 2024.	43.7|44.1|51.3|52.6|54|55				Pilastro GREEN: Mobilità sostenibile.¦Serie ufficiale acquisita automaticamente da ISTAT - Ambiente urbano.¦Ultima variazione: +1; intensità robusta z=1.35.¦PULSE Score: 67.2/100.¦Unità di misura dichiarata: km per 100 km².	ISTAT - Ambiente urbano	https://www.istat.it/comunicato-stampa/ambiente-urbano-anno-2024/
30555421003fb685	075016	Casarano	Lecce	Puglia	Morti	DIVERGENZA	GENERAL	67.1	PROMETTENTE — RIVEDERE	2026-06	Casarano: rilevato divergenza su morti.	215|201|215|222|214|193|216	215|215|210|205|205|195|200|195|196|199|190|197|201|201|207|202|200|208|214|212|206|206|216|220|215|215|210|215|216|219|215|229|234|230|227|218|222|224|224|225|228|218|212|206|212|218|216|216|214|211|208|199|194|194|200|204|193|192|193|194|193|192|185|193|194|197|199|191|196|195|202|213|216|230|240|238|239|235|224	10.803|10.186|11.08|11.46|11.12|10.078|11.313	10.463|11.375|12.275|12.733|12.254|12.115|11.802	Divergenza territoriale: il tasso locale varia del +12.3% contro -2.6% nel resto della provincia.¦PULSE Score: 67.1/100. Stato: PROMETTENTE — RIVEDERE.	DEMO ISTAT — Bilancio demografico mensile	https://demo.istat.it/app/?i=D7B
70366ca1491ddf84		Como		Italia	GREEN · Economia circolare · Produzione di rifiuti urbani	INVERSIONE	GREEN	67.1	SEGNALE PULSE — GREEN	2024	Como: Produzione di rifiuti urbani sale da 457,02 a 486,71 nel periodo 2024.	471.2161687|459.0354799|434.2383779|454.3177419|462.0817823|473.3747937|489.2021898|438.2827089|463.1631098|463.6546704|457.0234999|486.7097726				Pilastro GREEN: Economia circolare.¦Serie ufficiale acquisita automaticamente da ISTAT - Ambiente urbano.¦Ultima variazione: +29.69; intensità robusta z=1.45.¦PULSE Score: 67.1/100.¦Unità di misura dichiarata: kg/abitante.	ISTAT - Ambiente urbano	https://www.istat.it/comunicato-stampa/ambiente-urbano-anno-2024/
602eb09627de45f1		Frosinone		Italia	GREEN · Tutela della biodiversità · Disponibilità di verde urbano	RECORD_MAX|ACCELERAZIONE	GREEN	67.0	SEGNALE PULSE — GREEN	2024	Frosinone: Disponibilità di verde urbano sale da 32,33 a 32,55 nel periodo 2024.	28.66471528|28.96821727|29.19314201|29.61573009|30.14891554|30.60377484|30.80610429|31.53301538|31.89039979|32.22092318|32.33389343|32.547405				Pilastro GREEN: Tutela della biodiversità.¦Serie ufficiale acquisita automaticamente da ISTAT - Ambiente urbano.¦Ultima variazione: +0.2135; intensità robusta z=1.25.¦PULSE Score: 67.0/100.¦Unità di misura dichiarata: m²/abitante.	ISTAT - Ambiente urbano	https://www.istat.it/comunicato-stampa/ambiente-urbano-anno-2024/
4891babb4948c34a	065154	Vallo della Lucania	Salerno	Campania	Immigrati da altro comune	RECORD_MAX	TERRITORIALE	66.9	PROMETTENTE — RIVEDERE	2026-06	Vallo della Lucania: immigrati da altro comune raggiunge un nuovo massimo dei 60 mesi precedenti su base mobile 12 mesi (198).	170|158|159|152|166|138|143	170|162|180|174|152|150|153|154|157|166|160|162|158|153|140|137|145|151|149|147|149|159|152|154|159|162|163|171|172|161|166|162|159|146|161|158|152|157|161|164|160|160|152|149|155|153|153|170|166|167|174|159|159|157|154|163|150|147|139|124|138|127|122|132|133|135|137|141|153|156|153|154|143|153|160|176|177|185|198	20.462|19.152|19.656|18.803|20.724|17.356|18.244	19.628|17.963|19.372|19.603|19.446|19.836|20.089	Record: il rolling 12 mesi di 2026-06 (198) supera il massimo precedente (185).¦PULSE Score: 66.9/100. Stato: PROMETTENTE — RIVEDERE.	DEMO ISTAT — Bilancio demografico mensile	https://demo.istat.it/app/?i=D7B
0988bc7e2e902773		Umbria		Umbria	GREEN · Risorse idriche e suolo · Prelievi di acque minerali naturali per produzione	INVERSIONE	GREEN	66.9	SEGNALE PULSE — GREEN	2023	Umbria: Prelievi di acque minerali naturali per produzione scende da 1.310 a 1.245 nel periodo 2023.	1211|1132|1260|1282|1281|1255|1285|1310|1245				Pilastro GREEN: Risorse idriche e suolo.¦Serie ufficiale acquisita automaticamente da ISTAT - Statistiche sull'acqua.¦Ultima variazione: -65; intensità robusta z=1.91.¦PULSE Score: 66.9/100.¦Unità di misura dichiarata: migliaia m³.	ISTAT - Statistiche sull'acqua	https://www.istat.it/wp-content/uploads/2026/03/Istat-GMA2026-Tavole-1.xlsx
d1f27bb105986441	082022	Castelbuono	Palermo	Sicilia	Morti	DIVERGENZA	TERRITORIALE	66.8	PROMETTENTE — RIVEDERE	2026-06	Castelbuono: rilevato divergenza su morti.	116|116|118|116|109|89|101	116|114|110|113|110|110|107|104|102|108|103|110|116|108|104|109|110|109|114|119|121|125|126|126|118|124|128|131|123|130|128|129|121|118|118|108|116|113|117|113|116|117|119|114|118|113|109|114|109|110|107|103|100|92|88|86|83|91|90|90|89|85|82|76|80|82|89|89|95|87|96|95|101|103|107|110|107|106|103	13.506|13.725|14.293|14.114|13.419|11.1|12.743	10.17|11.262|11.704|11.613|11.557|10.657|10.706	Divergenza territoriale: il tasso locale varia del +14.8% contro +0.5% nel resto della provincia.¦PULSE Score: 66.8/100. Stato: PROMETTENTE — RIVEDERE.	DEMO ISTAT — Bilancio demografico mensile	https://demo.istat.it/app/?i=D7B
c47631087d43150a	048019	Fucecchio	Firenze	Toscana	Emigrati per l'estero	ANOMALIA	TERRITORIALE	66.8	PROMETTENTE — RIVEDERE	2026-06	Fucecchio: rilevato anomalia su emigrati per l'estero.	79|38|69|61|42|52|35	79|80|79|60|55|52|48|48|41|40|41|37|38|39|37|45|49|62|59|61|63|63|64|60|69|67|72|69|64|53|62|63|66|71|68|68|61|60|58|59|64|61|50|54|53|47|47|43|42|50|50|45|43|49|56|49|47|48|51|54|52|44|45|49|49|43|38|36|39|39|36|37|35|35|36|33|48|52|50	3.43|1.652|3.001|2.68|1.846|2.274|1.532	1.905|2.263|2.464|2.46|2.499|3.294|2.39	Anomalia: l'ultimo valore rolling 12 mesi si discosta in modo robusto dal trend recente oltre la soglia tecnica PULSE.¦PULSE Score: 66.8/100. Stato: PROMETTENTE — RIVEDERE.	DEMO ISTAT — Bilancio demografico mensile	https://demo.istat.it/app/?i=D7B
a510444467ae49f8	023082	Sommacampagna	Verona	Veneto	Nati vivi	DIVERGENZA	TERRITORIALE	66.8	PROMETTENTE — RIVEDERE	2026-06	Sommacampagna: rilevato divergenza su nati vivi.	109|88|88|83|86|97|69	109|109|106|114|111|111|104|99|94|95|93|94|88|83|86|79|79|76|75|76|82|86|82|87|88|89|92|92|92|94|92|94|90|89|89|83|83|82|81|76|77|77|79|79|86|83|82|86|86|88|83|92|95|93|92|96|90|89|92|94|97|97|93|87|83|84|86|83|79|81|78|74|69|71|72|72|73|72|72	7.401|5.947|5.951|5.696|5.936|6.713|4.755	7.737|7.398|7.243|7.054|6.754|6.632|6.405	Divergenza territoriale: il tasso locale varia del -29.2% contro -3.4% nel resto della provincia.¦PULSE Score: 66.8/100. Stato: PROMETTENTE — RIVEDERE.	DEMO ISTAT — Bilancio demografico mensile	https://demo.istat.it/app/?i=D7B
be9bb4d2ac7e44cb	059017	Pontinia	Latina	Lazio	Nati vivi	DIVERGENZA	TERRITORIALE	66.8	PROMETTENTE — RIVEDERE	2026-06	Pontinia: rilevato divergenza su nati vivi.	119|125|120|139|118|94|107	119|114|115|119|118|119|110|117|123|129|131|128|125|128|131|131|131|128|135|128|120|118|112|114|120|122|123|119|131|136|130|131|139|138|136|143|139|145|139|140|126|125|125|127|125|123|124|115|118|103|101|98|105|102|99|103|95|93|98|100|94|94|95|99|101|105|105|97|102|102|100|101|107|108|109|106|105|108|110	8.105|8.467|8.081|9.321|7.838|6.233|7.081	7.45|7.024|7.133|6.655|6.559|6.086|5.859	Divergenza territoriale: il tasso locale varia del +13.6% contro -3.7% nel resto della provincia.¦PULSE Score: 66.8/100. Stato: PROMETTENTE — RIVEDERE.	DEMO ISTAT — Bilancio demografico mensile	https://demo.istat.it/app/?i=D7B
a31cd351ce800f32		Siracusa		Italia	GREEN · Tutela della biodiversità · Disponibilità di verde urbano	RECORD_MAX	GREEN	66.8	SEGNALE PULSE — GREEN	2024	Siracusa: Disponibilità di verde urbano sale da 8,42 a 8,45 nel periodo 2024.	7.843561954|7.959291217|8.041548577|8.072472898|8.113797385|8.163663164|8.211462268|8.303868129|8.374844089|8.389824126|8.418933194|8.45010193				Pilastro GREEN: Tutela della biodiversità.¦Serie ufficiale acquisita automaticamente da ISTAT - Ambiente urbano.¦Ultima variazione: +0.03117; intensità robusta z=1.00.¦PULSE Score: 66.8/100.¦Unità di misura dichiarata: m²/abitante.	ISTAT - Ambiente urbano	https://www.istat.it/comunicato-stampa/ambiente-urbano-anno-2024/
315cb76eef7ca25a	049012	Piombino	Livorno	Toscana	Nati vivi	DIVERGENZA	GENERAL	66.7	PROMETTENTE — RIVEDERE	2026-06	Piombino: rilevato divergenza su nati vivi.	162|141|151|164|162|136|159	162|167|175|168|163|164|159|158|142|137|139|141|141|141|139|147|151|150|150|150|156|155|151|147|151|151|143|140|142|142|153|160|162|168|174|174|164|173|180|180|174|176|170|171|168|162|153|156|162|158|155|147|146|140|136|127|133|144|150|143|136|140|139|149|151|158|154|158|151|144|145|150|159|151|147|145|143|134|139	4.856|4.25|4.625|5.077|5.01|4.183|4.912	5.966|5.638|5.733|5.618|5.264|5.364|4.857	Divergenza territoriale: il tasso locale varia del +17.4% contro -9.5% nel resto della provincia.¦PULSE Score: 66.7/100. Stato: PROMETTENTE — RIVEDERE.	DEMO ISTAT — Bilancio demografico mensile	https://demo.istat.it/app/?i=D7B
01ddeb762e502b0a	036012	Finale Emilia	Modena	Emilia-Romagna	Nati vivi	DIVERGENZA	TERRITORIALE	66.7	PROMETTENTE — RIVEDERE	2026-06	Finale Emilia: rilevato divergenza su nati vivi.	100|102|98|84|95|89|103	100|102|99|101|112|108|104|104|98|94|100|101|102|98|104|102|100|109|103|102|104|102|100|98|98|100|96|98|94|91|91|85|84|88|85|85|84|82|82|79|80|84|89|94|96|95|93|95|95|96|99|98|101|94|90|85|89|91|96|92|89|93|92|90|87|90|96|101|98|95|96|100|103|102|105|105|110|105|108	6.513|6.73|6.513|5.608|6.342|5.878|6.713	7.209|7.026|7.29|7.328|6.722|6.828|6.667	Divergenza territoriale: il tasso locale varia del +14.2% contro -2.4% nel resto della provincia.¦PULSE Score: 66.7/100. Stato: PROMETTENTE — RIVEDERE.	DEMO ISTAT — Bilancio demografico mensile	https://demo.istat.it/app/?i=D7B
89e7c94bc1b6d762		Rovigo		Italia	GREEN · Tutela della biodiversità · Disponibilità di verde urbano	RECORD_MAX|RALLENTAMENTO	GREEN	66.7	SEGNALE PULSE — GREEN	2024	Rovigo: Disponibilità di verde urbano sale da 33,62 a 33,73 nel periodo 2024.	31.22942439|31.19567462|31.50922679|31.69780652|31.92685051|32.10065785|32.46351494|32.37230402|32.77363117|33.3034035|33.62131784|33.72535296				Pilastro GREEN: Tutela della biodiversità.¦Serie ufficiale acquisita automaticamente da ISTAT - Ambiente urbano.¦Ultima variazione: +0.104; intensità robusta z=0.74.¦PULSE Score: 66.7/100.¦Unità di misura dichiarata: m²/abitante.	ISTAT - Ambiente urbano	https://www.istat.it/comunicato-stampa/ambiente-urbano-anno-2024/
b82cbf24cb92eec8		Cesena		Italia	GREEN · Economia circolare · Raccolta differenziata dei rifiuti urbani	RECORD_MAX|RALLENTAMENTO	GREEN	66.7	SEGNALE PULSE — GREEN	2024	Cesena: Raccolta differenziata dei rifiuti urbani sale da 83,6 a 85,96 nel periodo 2024.	48.47360149|50.80154889|53.41059785|59.09538384|63.7886304|68.29828935|68.51796689|72.72482836|78.65409522|78.7292466|83.59701325|85.96134688				Pilastro GREEN: Economia circolare.¦Serie ufficiale acquisita automaticamente da ISTAT - Ambiente urbano.¦Ultima variazione: +2.364; intensità robusta z=1.10.¦PULSE Score: 66.7/100.¦Unità di misura dichiarata: %.	ISTAT - Ambiente urbano	https://www.istat.it/comunicato-stampa/ambiente-urbano-anno-2024/
686da9921d7150a0		Bari		Italia	GREEN · Economia circolare · Raccolta differenziata dei rifiuti urbani	RECORD_MAX	GREEN	66.7	SEGNALE PULSE — GREEN	2024	Bari: Raccolta differenziata dei rifiuti urbani sale da 43,23 a 45,98 nel periodo 2024.	21.35376629|27.01907647|33.65801705|36.66995911|39.93378454|42.62844552|43.18547107|41.61464068|38.34988208|39.99597409|43.22559102|45.97892665				Pilastro GREEN: Economia circolare.¦Serie ufficiale acquisita automaticamente da ISTAT - Ambiente urbano.¦Ultima variazione: +2.753; intensità robusta z=1.06.¦PULSE Score: 66.7/100.¦Unità di misura dichiarata: %.	ISTAT - Ambiente urbano	https://www.istat.it/comunicato-stampa/ambiente-urbano-anno-2024/
b1b57e51e3be22f8	085015	Riesi	Caltanissetta	Sicilia	Nati vivi	DIVERGENZA	TERRITORIALE	66.6	PROMETTENTE — RIVEDERE	2026-06	Riesi: rilevato divergenza su nati vivi.	93|97|89|85|84|74|77	93|95|99|100|96|93|93|94|90|92|95|96|97|94|92|85|84|84|85|86|90|83|81|85|89|87|86|91|96|94|91|94|90|90|89|90|85|87|87|84|78|82|83|78|84|87|84|86|84|80|80|84|86|83|83|83|79|74|77|70|74|77|77|75|74|71|72|71|74|81|80|78|77|77|77|81|80|83|79	8.321|8.83|8.32|7.995|8.005|7.109|7.505	6.944|7.046|7.046|6.952|6.968|6.616|6.234	Divergenza territoriale: il tasso locale varia del +5.6% contro -5.8% nel resto della provincia.¦PULSE Score: 66.6/100. Stato: PROMETTENTE — RIVEDERE.	DEMO ISTAT — Bilancio demografico mensile	https://demo.istat.it/app/?i=D7B
8cfb9bb2eae29608	001314	Volpiano	Torino	Piemonte	Morti	DIVERGENZA	GENERAL	66.6	PROMETTENTE — RIVEDERE	2026-06	Volpiano: rilevato divergenza su morti.	160|217|166|165|182|152|180	160|156|163|171|186|182|183|184|194|195|193|212|217|225|223|210|191|191|199|196|190|190|191|174|166|163|164|167|159|158|145|151|156|157|156|163|165|156|164|157|167|169|175|180|181|179|178|179|182|189|174|169|164|164|165|159|158|162|168|158|152|162|165|174|176|174|172|176|175|175|177|183|180|173|171|168|168|172|171	10.375|14.104|10.945|10.856|11.942|10.039|11.991	11.624|14.418|12.741|13.294|12.284|11.966|12.043	Divergenza territoriale: il tasso locale varia del +19.4% contro +0.6% nel resto della provincia.¦PULSE Score: 66.6/100. Stato: PROMETTENTE — RIVEDERE.	DEMO ISTAT — Bilancio demografico mensile	https://demo.istat.it/app/?i=D7B
96752efabdaefa5d	082054	Partinico	Palermo	Sicilia	Nati vivi	DIVERGENZA	GENERAL	66.6	PROMETTENTE — RIVEDERE	2026-06	Partinico: rilevato divergenza su nati vivi.	278|245|249|262|270|222|252	278|281|282|286|282|286|283|281|274|264|258|256|245|249|239|239|241|238|233|234|236|238|243|250|249|244|248|237|241|246|253|258|260|255|256|250|262|264|264|267|263|264|271|268|264|265|260|268|270|265|273|267|270|266|255|249|241|238|241|226|222|227|231|235|235|233|239|250|248|248|238|248|252|252|241|238|239|231|237	8.926|7.924|8.132|8.494|8.798|7.236|8.206	8.428|8.16|8.015|8.008|7.741|7.302|7.008	Divergenza territoriale: il tasso locale varia del +13.4% contro -4.0% nel resto della provincia.¦PULSE Score: 66.6/100. Stato: PROMETTENTE — RIVEDERE.	DEMO ISTAT — Bilancio demografico mensile	https://demo.istat.it/app/?i=D7B
38f88cabc175f8db	077020	Pisticci	Matera	Basilicata	Immigrati dall'estero	ANOMALIA	TERRITORIALE	66.6	PROMETTENTE — RIVEDERE	2026-06	Pisticci: rilevato anomalia su immigrati dall'estero.	58|48|93|154|270|147|98	58|53|53|48|52|50|51|49|44|47|56|49|48|52|56|63|63|67|72|76|85|87|86|90|93|91|94|90|104|100|114|115|116|123|153|151|154|226|241|254|268|279|261|269|262|272|256|261|270|200|186|199|172|169|170|173|173|155|147|153|147|161|158|133|131|131|131|115|111|111|115|104|98|91|84|105|116|135|137	3.396|2.827|5.507|9.147|16.129|8.717|5.904	5.356|4.486|7.715|10.257|8.832|8.624|6.864	Anomalia: l'ultimo valore rolling 12 mesi si discosta in modo robusto dal trend recente oltre la soglia tecnica PULSE.¦PULSE Score: 66.6/100. Stato: PROMETTENTE — RIVEDERE.	DEMO ISTAT — Bilancio demografico mensile	https://demo.istat.it/app/?i=D7B
0c2fd1eb1b764755		Trentino-Alto Adige		Trentino-Alto Adige	GREEN · Economia circolare · Raccolta differenziata dei rifiuti urbani	RECORD_MAX	GREEN	66.6	SEGNALE PULSE — GREEN	2024	Trentino-Alto Adige: Raccolta differenziata dei rifiuti urbani sale da 75,3 a 75,78 nel periodo 2024.	67.44405207|70.47499755|71.57551958|72.54494081|73.11487424|73.079484|72.57870449|74.72097382|75.3047557|75.78328942				Pilastro GREEN: Economia circolare.¦Serie ufficiale acquisita automaticamente da ISPRA - Catasto nazionale rifiuti.¦Ultima variazione: +0.4785; intensità robusta z=0.57.¦PULSE Score: 66.6/100.¦Unità di misura dichiarata: %.	ISPRA - Catasto nazionale rifiuti	https://www.catasto-rifiuti.isprambiente.it/index.php?advice=si&pg=downloadComune
97be39f14799acc0		Varese		Italia	GREEN · Tutela della biodiversità · Disponibilità di verde urbano	ANOMALIA	GREEN	66.6	SEGNALE PULSE — GREEN	2024	Varese: Disponibilità di verde urbano scende da 20,27 a 20,25 nel periodo 2024.	19.12098003|19.09950063|19.07840826|19.05700811|19.23446126|19.21362697|19.25904703|19.44264528|19.68664685|19.75449866|20.26933545|20.24557379				Pilastro GREEN: Tutela della biodiversità.¦Serie ufficiale acquisita automaticamente da ISTAT - Ambiente urbano.¦Ultima variazione: -0.02376; intensità robusta z=0.21.¦PULSE Score: 66.6/100.¦Unità di misura dichiarata: m²/abitante.	ISTAT - Ambiente urbano	https://www.istat.it/comunicato-stampa/ambiente-urbano-anno-2024/
1a5097fb97ddcc4a		Terni		Italia	GREEN · Economia circolare · Raccolta differenziata dei rifiuti urbani	RECORD_MAX	GREEN	66.5	SEGNALE PULSE — GREEN	2024	Terni: Raccolta differenziata dei rifiuti urbani sale da 76,23 a 78,31 nel periodo 2024.	40.23119449|39.4960065|37.52048092|48.36346713|71.78483634|74.26634516|73.10753601|72.0456398|74.4683925|73.58442301|76.22839417|78.31061224				Pilastro GREEN: Economia circolare.¦Serie ufficiale acquisita automaticamente da ISTAT - Ambiente urbano.¦Ultima variazione: +2.082; intensità robusta z=0.76.¦PULSE Score: 66.5/100.¦Unità di misura dichiarata: %.	ISTAT - Ambiente urbano	https://www.istat.it/comunicato-stampa/ambiente-urbano-anno-2024/
5973103daeb76011	103028	Domodossola	Verbano-Cusio-Ossola	Piemonte	Nati vivi	DIVERGENZA	TERRITORIALE	66.4	PROMETTENTE — RIVEDERE	2026-06	Domodossola: rilevato divergenza su nati vivi.	105|101|103|86|91|89|99	105|106|111|113|112|104|110|104|102|108|108|108|101|105|100|96|95|99|92|91|95|93|92|96|103|100|104|102|102|101|104|102|96|95|90|87|86|83|77|81|77|77|71|77|83|85|90|91|91|95|96|96|96|93|96|93|91|91|89|90|89|89|93|89|92|95|99|101|99|94|100|99|99|99|97|101|102|100|90	5.782|5.59|5.792|4.863|5.121|5.022|5.605	5.075|5.483|5.68|5.009|4.931|4.918|4.808	Divergenza territoriale: il tasso locale varia del +11.6% contro -2.2% nel resto della provincia.¦PULSE Score: 66.4/100. Stato: PROMETTENTE — RIVEDERE.	DEMO ISTAT — Bilancio demografico mensile	https://demo.istat.it/app/?i=D7B
5badddbe41070fcc	001156	Moncalieri	Torino	Piemonte	Nati vivi	DIVERGENZA	GENERAL	66.4	PROMETTENTE — RIVEDERE	2026-06	Moncalieri: rilevato divergenza su nati vivi.	389|378|371|370|353|364|301	389|388|389|385|394|397|392|398|401|399|407|383|378|364|375|370|364|356|356|349|361|363|362|363|371|376|371|372|373|377|386|400|388|377|372|370|370|366|370|367|357|360|350|333|343|355|348|354|353|362|357|368|373|365|362|370|362|360|376|377|364|357|355|344|339|346|344|326|323|319|307|298|301|300|302|309|308|309|319	6.829|6.662|6.587|6.584|6.295|6.529|5.429	6.525|6.404|6.276|6.129|5.868|5.785|5.549	Divergenza territoriale: il tasso locale varia del -16.8% contro -4.1% nel resto della provincia.¦PULSE Score: 66.4/100. Stato: PROMETTENTE — RIVEDERE.	DEMO ISTAT — Bilancio demografico mensile	https://demo.istat.it/app/?i=D7B
885ae21d86742e92		Nord-ovest (*)		Italia	GREEN · Economia circolare · Raccolta differenziata dei rifiuti urbani	RECORD_MAX	GREEN	66.4	SEGNALE PULSE — GREEN	2024	Nord-ovest (*): Raccolta differenziata dei rifiuti urbani sale da 61,97 a 62,9 nel periodo 2024.	41.63251684|45.99091434|48.14855505|52.91936238|55.11588004|56.31429051|58.20397585|59.0233983|60.03799697|60.76688526|61.96987812|62.90232446				Pilastro GREEN: Economia circolare.¦Serie ufficiale acquisita automaticamente da ISTAT - Ambiente urbano.¦Ultima variazione: +0.9324; intensità robusta z=1.00.¦PULSE Score: 66.4/100.¦Unità di misura dichiarata: %.	ISTAT - Ambiente urbano	https://www.istat.it/comunicato-stampa/ambiente-urbano-anno-2024/
71372546dee8b398		Oristano		Italia	GREEN · Mobilità sostenibile · Densità di piste ciclabili	INVERSIONE	GREEN	66.4	SEGNALE PULSE — GREEN	2024	Oristano: Densità di piste ciclabili scende da 13,4 a 13 nel periodo 2024.	4.5|4.5|4.5|13|13.4|13				Pilastro GREEN: Mobilità sostenibile.¦Serie ufficiale acquisita automaticamente da ISTAT - Ambiente urbano.¦Ultima variazione: -0.4; intensità robusta z=1.35.¦PULSE Score: 66.4/100.¦Unità di misura dichiarata: km per 100 km².	ISTAT - Ambiente urbano	https://www.istat.it/comunicato-stampa/ambiente-urbano-anno-2024/
cb82cb8908e04ff1		Italia		Italia	GREEN · Economia circolare · Raccolta differenziata dei rifiuti urbani	RECORD_MAX	GREEN	66.4	SEGNALE PULSE — GREEN	2024	Italia: Raccolta differenziata dei rifiuti urbani sale da 66,6 a 67,7 nel periodo 2024.	42.3|45.2|47.5|52.6|55.5|58.2|61.3|63|64|65.2|66.6|67.7				Pilastro GREEN: Economia circolare.¦Serie ufficiale acquisita automaticamente da ISTAT - Indicatori SDGs.¦Ultima variazione: +1.1; intensità robusta z=1.06.¦PULSE Score: 66.4/100.¦Unità di misura dichiarata: Valori percentuali.¦SDG Goal 11 · codice misura 10AMB017.	ISTAT - Indicatori SDGs	https://www.istat.it/wp-content/uploads/2026/07/Misure-statistiche-2004-2026.xlsx
6ac8619d5c54315a		Italia		Italia	GREEN · Crisi climatica e decarbonizzazione · Emissioni nazionali di NOx	RECORD_MIN|ACCELERAZIONE	GREEN	66.4	SEGNALE PULSE — GREEN	2023	Italia: Emissioni nazionali di NOx scende da 590,3 a 557,4 nel periodo 2023.	855.9|786.2|767.5|727.1|708.5|666.8|667.7|650.4|584.9|596|590.3|557.4				Pilastro GREEN: Crisi climatica e decarbonizzazione.¦Serie ufficiale acquisita automaticamente da ISTAT - Indicatori SDGs.¦Ultima variazione: -32.9; intensità robusta z=1.07.¦PULSE Score: 66.4/100.¦Unità di misura dichiarata: Migliaia di tonnellate.¦SDG Goal 13 · codice misura SDG-485.	ISTAT - Indicatori SDGs	https://www.istat.it/wp-content/uploads/2026/07/Misure-statistiche-2004-2026.xlsx
f9cce78b895472d6	085013	Niscemi	Caltanissetta	Sicilia	Nati vivi	RECORD_MIN|ANOMALIA	GENERAL	66.3	PROMETTENTE — RIVEDERE	2026-06	Niscemi: nati vivi raggiunge un nuovo minimo dei 60 mesi precedenti su base mobile 12 mesi (148).	225|207|207|176|168|175|160	225|229|227|226|221|225|223|219|215|214|215|207|207|212|216|213|213|208|205|206|200|200|198|207|207|197|181|184|183|181|185|181|190|183|186|175|176|181|190|186|187|187|185|186|177|177|167|168|168|170|167|170|168|168|172|169|168|169|171|175|175|168|166|165|165|164|164|167|176|179|174|166|160|161|162|154|160|155|148	8.572|8.007|8.221|6.99|6.714|7.032|6.459	6.827|7.024|6.976|6.997|7.045|6.592|6.268	Record: il rolling 12 mesi di 2026-06 (148) scende sotto il minimo precedente (154).¦Anomalia: l'ultimo valore rolling 12 mesi si discosta in modo robusto dal trend recente oltre la soglia tecnica PULSE.¦PULSE Score: 66.3/100. Stato: PROMETTENTE — RIVEDERE.	DEMO ISTAT — Bilancio demografico mensile	https://demo.istat.it/app/?i=D7B
711432831874cd23	078119	San Giovanni in Fiore	Cosenza	Calabria	Morti	DIVERGENZA	GENERAL	66.3	PROMETTENTE — RIVEDERE	2026-06	San Giovanni in Fiore: rilevato divergenza su morti.	165|194|196|184|173|191|152	165|169|167|170|162|166|167|168|180|182|185|186|194|194|191|201|218|209|209|210|207|206|205|201|196|193|210|198|185|186|185|181|184|192|192|186|184|184|173|171|173|178|175|175|172|163|161|173|173|174|176|180|180|175|176|180|184|187|198|188|191|190|188|181|179|178|176|180|173|169|156|160|152|157|161|162|162|164|168	9.841|11.69|12.082|11.424|10.867|12.158|9.815	10.938|11.399|12.506|12.451|12.266|11.638|11.441	Divergenza territoriale: il tasso locale varia del -19.3% contro -1.7% nel resto della provincia.¦PULSE Score: 66.3/100. Stato: PROMETTENTE — RIVEDERE.	DEMO ISTAT — Bilancio demografico mensile	https://demo.istat.it/app/?i=D7B
27bcc2c9d82ae52f		Teramo		Italia	GREEN · Tutela della biodiversità · Disponibilità di verde urbano	ANOMALIA	GREEN	66.3	SEGNALE PULSE — GREEN	2024	Teramo: Disponibilità di verde urbano sale da 19,12 a 19,13 nel periodo 2024.	18.03916554|17.98724954|17.95748395|17.9857753|18.06606233|18.13690378|18.21266864|18.54912936|18.93122454|19.08230997|19.12277304|19.13203526				Pilastro GREEN: Tutela della biodiversità.¦Serie ufficiale acquisita automaticamente da ISTAT - Ambiente urbano.¦Ultima variazione: +0.009262; intensità robusta z=0.10.¦PULSE Score: 66.3/100.¦Unità di misura dichiarata: m²/abitante.	ISTAT - Ambiente urbano	https://www.istat.it/comunicato-stampa/ambiente-urbano-anno-2024/
3a7f94b2d025fdce		Sud (*)		Italia	GREEN · Economia circolare · Raccolta differenziata dei rifiuti urbani	RECORD_MAX|ACCELERAZIONE	GREEN	66.3	SEGNALE PULSE — GREEN	2024	Sud (*): Raccolta differenziata dei rifiuti urbani sale da 47,7 a 49,57 nel periodo 2024.	24.22744966|26.55646599|29.89467725|34.75941426|38.09605363|41.56023804|42.29242031|42.76958256|44.66710014|46.60799563|47.7037161|49.56945196				Pilastro GREEN: Economia circolare.¦Serie ufficiale acquisita automaticamente da ISTAT - Ambiente urbano.¦Ultima variazione: +1.866; intensità robusta z=1.05.¦PULSE Score: 66.3/100.¦Unità di misura dichiarata: %.	ISTAT - Ambiente urbano	https://www.istat.it/comunicato-stampa/ambiente-urbano-anno-2024/
77e9f21304e8eb94		Bergamo		Italia	GREEN · Mobilità sostenibile · Densità di piste ciclabili	RECORD_MAX|RALLENTAMENTO	GREEN	66.3	SEGNALE PULSE — GREEN	2024	Bergamo: Densità di piste ciclabili sale da 231,1 a 241 nel periodo 2024.	131.2|138.4|175.8|199.5|231.1|241				Pilastro GREEN: Mobilità sostenibile.¦Serie ufficiale acquisita automaticamente da ISTAT - Ambiente urbano.¦Ultima variazione: +9.9; intensità robusta z=0.97.¦PULSE Score: 66.3/100.¦Unità di misura dichiarata: km per 100 km².	ISTAT - Ambiente urbano	https://www.istat.it/comunicato-stampa/ambiente-urbano-anno-2024/
d5a52727d16bb7cb		Biella		Italia	GREEN · Mobilità sostenibile · Densità di piste ciclabili	INVERSIONE	GREEN	66.2	SEGNALE PULSE — GREEN	2024	Biella: Densità di piste ciclabili scende da 17,4 a 17,1 nel periodo 2024.	17.1|17.1|17.1|17.1|17.4|17.1				Pilastro GREEN: Mobilità sostenibile.¦Serie ufficiale acquisita automaticamente da ISTAT - Ambiente urbano.¦Ultima variazione: -0.3; intensità robusta z=2.31.¦PULSE Score: 66.2/100.¦Unità di misura dichiarata: km per 100 km².	ISTAT - Ambiente urbano	https://www.istat.it/comunicato-stampa/ambiente-urbano-anno-2024/
25a36d97dfbe9a4c		Macerata		Italia	GREEN · Mobilità sostenibile · Densità di piste ciclabili	INVERSIONE	GREEN	66.2	SEGNALE PULSE — GREEN	2024	Macerata: Densità di piste ciclabili scende da 5,8 a 5,7 nel periodo 2024.	5.7|5.7|5.7|5.7|5.8|5.7				Pilastro GREEN: Mobilità sostenibile.¦Serie ufficiale acquisita automaticamente da ISTAT - Ambiente urbano.¦Ultima variazione: -0.1; intensità robusta z=2.31.¦PULSE Score: 66.2/100.¦Unità di misura dichiarata: km per 100 km².	ISTAT - Ambiente urbano	https://www.istat.it/comunicato-stampa/ambiente-urbano-anno-2024/
5d279663fd7ec7e3		Catanzaro		Italia	GREEN · Mobilità sostenibile · Densità di piste ciclabili	INVERSIONE	GREEN	66.2	SEGNALE PULSE — GREEN	2024	Catanzaro: Densità di piste ciclabili sale da 13,3 a 13,7 nel periodo 2024.	13.7|13.7|13.7|13.7|13.3|13.7				Pilastro GREEN: Mobilità sostenibile.¦Serie ufficiale acquisita automaticamente da ISTAT - Ambiente urbano.¦Ultima variazione: +0.4; intensità robusta z=2.31.¦PULSE Score: 66.2/100.¦Unità di misura dichiarata: km per 100 km².	ISTAT - Ambiente urbano	https://www.istat.it/comunicato-stampa/ambiente-urbano-anno-2024/
d2ff622b9bd9841d	060025	Ceprano	Frosinone	Lazio	Morti	DIVERGENZA	TERRITORIALE	66.1	PROMETTENTE — RIVEDERE	2026-06	Ceprano: rilevato divergenza su morti.	78|110|117|111|117|93|125	78|82|88|98|98|94|101|97|97|99|104|106|110|110|112|110|111|111|108|111|112|114|112|112|117|122|123|123|118|120|123|124|126|126|128|127|111|105|102|95|95|97|97|101|103|104|102|105|117|115|115|117|121|114|112|102|97|97|103|100|93|93|99|103|104|107|112|118|120|119|114|118|125|122|111|111|109|112|107	9.181|13.013|13.915|13.438|14.379|11.553|15.59	11.313|12.171|13.144|12.882|12.544|11.781|11.972	Divergenza territoriale: il tasso locale varia del +34.9% contro +1.6% nel resto della provincia.¦PULSE Score: 66.1/100. Stato: PROMETTENTE — RIVEDERE.	DEMO ISTAT — Bilancio demografico mensile	https://demo.istat.it/app/?i=D7B
811355dbd7c8d403	035020	Correggio	Reggio nell'Emilia	Emilia-Romagna	Nati vivi	DIVERGENZA	GENERAL	66.1	PROMETTENTE — RIVEDERE	2026-06	Correggio: rilevato divergenza su nati vivi.	176|180|177|160|162|162|137	176|171|179|178|185|191|190|194|199|194|194|192|180|179|176|175|175|166|163|160|168|174|173|175|177|175|171|172|167|174|173|176|167|168|160|158|160|157|159|153|155|152|153|151|156|151|159|165|162|166|161|170|169|168|176|179|176|169|161|157|162|154|151|148|144|137|129|135|131|137|134|133|137|152|157|168|169|175|173	6.902|7.117|7.09|6.398|6.45|6.439|5.435	7.456|7.198|7.155|6.976|6.793|6.655|6.486	Divergenza territoriale: il tasso locale varia del -15.6% contro -2.5% nel resto della provincia.¦PULSE Score: 66.1/100. Stato: PROMETTENTE — RIVEDERE.	DEMO ISTAT — Bilancio demografico mensile	https://demo.istat.it/app/?i=D7B
e481e4358b1c09f8		Friuli-Venezia Giulia		Friuli-Venezia Giulia	GREEN · Economia circolare · Raccolta differenziata dei rifiuti urbani	RALLENTAMENTO|ANOMALIA	GREEN	66.1	SEGNALE PULSE — GREEN	2024	Friuli-Venezia Giulia: Raccolta differenziata dei rifiuti urbani sale da 72,48 a 72,69 nel periodo 2024.	62.89305988|67.12027491|65.47571283|66.29821368|67.16709238|68.03996193|67.94160487|67.52961407|72.47926054|72.68632974				Pilastro GREEN: Economia circolare.¦Serie ufficiale acquisita automaticamente da ISPRA - Catasto nazionale rifiuti.¦Ultima variazione: +0.2071; intensità robusta z=0.13.¦PULSE Score: 66.1/100.¦Unità di misura dichiarata: %.	ISPRA - Catasto nazionale rifiuti	https://www.catasto-rifiuti.isprambiente.it/index.php?advice=si&pg=downloadComune
060742dc2cfc6f67		Fermo		Italia	GREEN · Tutela della biodiversità · Disponibilità di verde urbano	RECORD_MAX|ACCELERAZIONE	GREEN	66.1	SEGNALE PULSE — GREEN	2024	Fermo: Disponibilità di verde urbano sale da 26,16 a 26,23 nel periodo 2024.	24.35478242|24.3405173|24.4061453|24.50229816|24.60914389|25.04193701|25.13993987|25.72167717|26.03886754|26.13129907|26.16079716|26.22878621				Pilastro GREEN: Tutela della biodiversità.¦Serie ufficiale acquisita automaticamente da ISTAT - Ambiente urbano.¦Ultima variazione: +0.06799; intensità robusta z=0.93.¦PULSE Score: 66.1/100.¦Unità di misura dichiarata: m²/abitante.	ISTAT - Ambiente urbano	https://www.istat.it/comunicato-stampa/ambiente-urbano-anno-2024/
f74c959b5e72184d		Italia		Italia	GREEN · Crisi climatica e decarbonizzazione · Temperatura media mensile ERA5 · area Italia	INVERSIONE	GREEN	66.0	SEGNALE PULSE — GREEN	2026-09	Italia: Temperatura media mensile ERA5 · area Italia scende da 26,54 a 22,54 nel periodo 2026-09.	16.47927246|12.48223267|10.29033813|8.368707275|10.33706055|10.78423462|14.29491577|17.31395874|22.97884521|25.49416504|26.54100952|22.53981934				Pilastro GREEN: Crisi climatica e decarbonizzazione.¦Serie ufficiale acquisita automaticamente da Copernicus - Climate Data Store.¦Ultima variazione: -4.001; intensità robusta z=1.54.¦PULSE Score: 66.0/100.¦Unità di misura dichiarata: °C.	Copernicus - Climate Data Store	https://cds.climate.copernicus.eu/
0996810ff7c99008	076066	Rionero in Vulture	Potenza	Basilicata	Morti	ACCELERAZIONE	GENERAL	66.0	PROMETTENTE — RIVEDERE	2026-06	Rionero in Vulture: rilevato accelerazione su morti.	137|165|147|152|150|139|142	137|147|146|146|150|153|155|154|156|155|161|163|165|157|155|159|160|162|165|164|159|161|154|152|147|149|152|150|148|140|135|143|146|148|152|148|152|156|153|148|153|152|151|154|153|151|147|152|150|146|144|147|142|146|153|149|146|145|145|139|139|140|144|145|154|150|146|144|146|146|146|144|142|142|135|128|117|118|117	10.684|12.991|11.619|12.029|11.979|11.168|11.468	12.276|12.56|13.115|13.793|12.918|12.131|12.711	Accelerazione: il fenomeno prosegue nella stessa direzione ma la pendenza recente aumenta rispetto alla finestra precedente.¦PULSE Score: 66.0/100. Stato: PROMETTENTE — RIVEDERE.	DEMO ISTAT — Bilancio demografico mensile	https://demo.istat.it/app/?i=D7B
d8bd47f4646d4743	017067	Desenzano del Garda	Brescia	Lombardia	Nati vivi	RECORD_MIN	GENERAL	66.0	PROMETTENTE — RIVEDERE	2026-06	Desenzano del Garda: nati vivi raggiunge un nuovo minimo dei 60 mesi precedenti su base mobile 12 mesi (140).	201|199|167|177|162|153|160	201|194|198|200|204|197|195|200|203|207|221|211|199|198|195|195|194|191|193|187|183|180|171|168|167|170|170|164|161|164|168|171|174|165|161|167|177|174|169|167|164|165|161|161|160|166|166|165|162|158|156|165|169|160|158|154|151|155|154|158|153|153|162|164|163|169|173|174|170|167|164|165|160|163|155|149|150|148|140	6.931|6.803|5.718|6.084|5.549|5.23|5.458	7.475|7.218|7.053|6.964|6.89|6.626|6.453	Record: il rolling 12 mesi di 2026-06 (140) scende sotto il minimo precedente (148).¦PULSE Score: 66.0/100. Stato: PROMETTENTE — RIVEDERE.	DEMO ISTAT — Bilancio demografico mensile	https://demo.istat.it/app/?i=D7B
5f6e08623249a3b6	016222	Urgnano	Bergamo	Lombardia	Nati vivi	DIVERGENZA	TERRITORIALE	66.0	PROMETTENTE — RIVEDERE	2026-06	Urgnano: rilevato divergenza su nati vivi.	72|88|75|77|75|76|55	72|74|77|81|86|84|84|83|83|89|87|83|88|85|80|77|72|78|82|75|71|65|70|74|75|79|80|76|78|76|80|85|86|83|80|78|77|71|68|71|68|68|66|62|63|68|69|74|75|79|79|80|84|79|79|80|84|81|76|74|76|75|74|73|69|70|66|66|57|52|51|53|55|59|64|69|69|75|79	7.261|8.934|7.611|7.84|7.51|7.556|5.412	7.476|6.906|6.968|6.767|6.642|6.626|6.44	Divergenza territoriale: il tasso locale varia del -28.4% contro -2.8% nel resto della provincia.¦PULSE Score: 66.0/100. Stato: PROMETTENTE — RIVEDERE.	DEMO ISTAT — Bilancio demografico mensile	https://demo.istat.it/app/?i=D7B
9143758a126f5978		Abruzzo		Abruzzo	GREEN · Risorse idriche e suolo · Consumo netto annuale di suolo	INVERSIONE	GREEN	66.0	SEGNALE PULSE — GREEN	2024	Abruzzo: Consumo netto annuale di suolo sale da 156,29 a 299,29 nel periodo 2024.	60.06|136.74|251.3|201.22|210.36|337.84|179.95|156.29|299.29				Pilastro GREEN: Risorse idriche e suolo.¦Serie ufficiale acquisita automaticamente da ISPRA - Consumo di suolo e indicatori territoriali.¦Ultima variazione: +143; intensità robusta z=1.43.¦PULSE Score: 66.0/100.¦Unità di misura dichiarata: ettari.	ISPRA - Consumo di suolo e indicatori territoriali	https://www.isprambiente.gov.it/it/attivita/suolo-e-territorio/suolo/il-consumo-di-suolo/consumo_di_suolo_estratto_dati_2025_anni_2006_2024.xlsx
8a885c96655cb1b1		Pescara		Italia	GREEN · Tutela della biodiversità · Disponibilità di verde urbano	RECORD_MAX	GREEN	66.0	SEGNALE PULSE — GREEN	2024	Pescara: Disponibilità di verde urbano sale da 39,35 a 39,44 nel periodo 2024.	38.39640937|38.35175871|38.40968258|38.48522984|38.70821483|38.81442433|38.84882555|39.12509848|39.27667628|39.26627169|39.3541405|39.43990472				Pilastro GREEN: Tutela della biodiversità.¦Serie ufficiale acquisita automaticamente da ISTAT - Ambiente urbano.¦Ultima variazione: +0.08576; intensità robusta z=0.99.¦PULSE Score: 66.0/100.¦Unità di misura dichiarata: m²/abitante.	ISTAT - Ambiente urbano	https://www.istat.it/comunicato-stampa/ambiente-urbano-anno-2024/
a22777920684c398		Trapani		Italia	GREEN · Economia circolare · Raccolta differenziata dei rifiuti urbani	ANOMALIA	GREEN	66.0	SEGNALE PULSE — GREEN	2024	Trapani: Raccolta differenziata dei rifiuti urbani scende da 67,25 a 66,49 nel periodo 2024.	18.49648682|21.17818077|22.13917461|19.67990596|14.31705273|15.8545627|57.55008584|63.95527415|63.64536396|65.15582004|67.245424|66.48909198				Pilastro GREEN: Economia circolare.¦Serie ufficiale acquisita automaticamente da ISTAT - Ambiente urbano.¦Ultima variazione: -0.7563; intensità robusta z=0.34.¦PULSE Score: 66.0/100.¦Unità di misura dichiarata: %.	ISTAT - Ambiente urbano	https://www.istat.it/comunicato-stampa/ambiente-urbano-anno-2024/
f8ab2b19156a10a4		Arezzo		Italia	GREEN · Mobilità sostenibile · Densità di piste ciclabili	RALLENTAMENTO|ANOMALIA	GREEN	66.0	SEGNALE PULSE — GREEN	2024	Arezzo: Densità di piste ciclabili sale da 14,3 a 14,4 nel periodo 2024.	12.5|12.5|12.8|12.8|14.3|14.4				Pilastro GREEN: Mobilità sostenibile.¦Serie ufficiale acquisita automaticamente da ISTAT - Ambiente urbano.¦Ultima variazione: +0.1; intensità robusta z=0.45.¦PULSE Score: 66.0/100.¦Unità di misura dichiarata: km per 100 km².	ISTAT - Ambiente urbano	https://www.istat.it/comunicato-stampa/ambiente-urbano-anno-2024/
852a29377de9290c		Ancona		Italia	GREEN · Economia circolare · Raccolta differenziata dei rifiuti urbani	RECORD_MAX|ACCELERAZIONE	GREEN	65.9	SEGNALE PULSE — GREEN	2024	Ancona: Raccolta differenziata dei rifiuti urbani sale da 62,91 a 63,51 nel periodo 2024.	59.72420334|52.35299922|52.63946445|53.64417992|54.09260605|57.21991993|57.55563212|58.74672165|59.96093373|62.59760882|62.90868299|63.50748079				Pilastro GREEN: Economia circolare.¦Serie ufficiale acquisita automaticamente da ISTAT - Ambiente urbano.¦Ultima variazione: +0.5988; intensità robusta z=0.89.¦PULSE Score: 65.9/100.¦Unità di misura dichiarata: %.	ISTAT - Ambiente urbano	https://www.istat.it/comunicato-stampa/ambiente-urbano-anno-2024/
04d038a0cd7437ea		Pisa		Italia	GREEN · Mobilità sostenibile · Densità di piste ciclabili	INVERSIONE	GREEN	65.9	SEGNALE PULSE — GREEN	2024	Pisa: Densità di piste ciclabili scende da 43,8 a 37,8 nel periodo 2024.	24.3|27|28.1|35.1|43.8|37.8				Pilastro GREEN: Mobilità sostenibile.¦Serie ufficiale acquisita automaticamente da ISTAT - Ambiente urbano.¦Ultima variazione: -6; intensità robusta z=1.37.¦PULSE Score: 65.9/100.¦Unità di misura dichiarata: km per 100 km².	ISTAT - Ambiente urbano	https://www.istat.it/comunicato-stampa/ambiente-urbano-anno-2024/
06c554fcd2fc0def		Italia		Italia	GREEN · Risorse idriche e suolo · Impermeabilizzazione del suolo da copertura artificiale	RECORD_MAX|RALLENTAMENTO	GREEN	65.9	SEGNALE PULSE — GREEN	2024	Italia: Impermeabilizzazione del suolo da copertura artificiale sale da 7,16 a 7,17 nel periodo 2024.	6.94|7|7.01|7.03|7.05|7.07|7.09|7.11|7.14|7.16|7.17				Pilastro GREEN: Risorse idriche e suolo.¦Serie ufficiale acquisita automaticamente da ISTAT - Indicatori SDGs.¦Ultima variazione: +0.01; intensità robusta z=0.74.¦PULSE Score: 65.9/100.¦Unità di misura dichiarata: Valori percentuali.¦SDG Goal 11 · codice misura 10AMB018.	ISTAT - Indicatori SDGs	https://www.istat.it/wp-content/uploads/2026/07/Misure-statistiche-2004-2026.xlsx
88fc607cc919e6a8		Novara		Italia	GREEN · Economia circolare · Produzione di rifiuti urbani	ANOMALIA	GREEN	65.8	SEGNALE PULSE — GREEN	2024	Novara: Produzione di rifiuti urbani sale da 486,79 a 493,7 nel periodo 2024.	448.7116891|411.6007037|420.7326671|425.6044617|410.7496249|431.6713535|439.250783|427.1468235|436.7633502|542.0197476|486.789258|493.7025115				Pilastro GREEN: Economia circolare.¦Serie ufficiale acquisita automaticamente da ISTAT - Ambiente urbano.¦Ultima variazione: +6.913; intensità robusta z=0.28.¦PULSE Score: 65.8/100.¦Unità di misura dichiarata: kg/abitante.	ISTAT - Ambiente urbano	https://www.istat.it/comunicato-stampa/ambiente-urbano-anno-2024/
00e870f724e777f9		Italia		Italia	GREEN · Crisi climatica e decarbonizzazione · Emissioni di CO2 e altri gas climalteranti	ANOMALIA	GREEN	65.8	SEGNALE PULSE — GREEN	2024	Italia: Emissioni di CO2 e altri gas climalteranti scende da 6,7 a 6,5 nel periodo 2024.	7.8|7.4|7.6|7.5|7.5|7.4|7.3|6.5|7.1|7.1|6.7|6.5				Pilastro GREEN: Crisi climatica e decarbonizzazione.¦Serie ufficiale acquisita automaticamente da ISTAT - Indicatori SDGs.¦Ultima variazione: -0.2; intensità robusta z=0.67.¦PULSE Score: 65.8/100.¦Unità di misura dichiarata: Tonnellate per abitante.¦SDG Goal 13 · codice misura 10AMB001.	ISTAT - Indicatori SDGs	https://www.istat.it/wp-content/uploads/2026/07/Misure-statistiche-2004-2026.xlsx
6340d71ea7a9ad11		Italia		Italia	GREEN · Economia circolare · Rifiuti urbani prodotti pro capite	RECORD_MAX|ACCELERAZIONE	GREEN	65.7	SEGNALE PULSE — GREEN	2024	Italia: Rifiuti urbani prodotti pro capite sale da 496,12 a 507,86 nel periodo 2024.	486.5210339|496.7799586|488.7506405|504.0818494|503.2770272|488.3422293|501.692341|493.571728|496.1244747|507.8616133				Pilastro GREEN: Economia circolare.¦Serie ufficiale acquisita automaticamente da ISPRA - Catasto nazionale rifiuti.¦Ultima variazione: +11.74; intensità robusta z=0.86.¦PULSE Score: 65.7/100.¦Unità di misura dichiarata: kg/ab.	ISPRA - Catasto nazionale rifiuti	https://www.catasto-rifiuti.isprambiente.it/index.php?advice=si&pg=downloadComune
ce5b271058075a78		Capoluoghi di provincia (*)		Italia	GREEN · Economia circolare · Raccolta differenziata dei rifiuti urbani	RECORD_MAX	GREEN	65.7	SEGNALE PULSE — GREEN	2024	Capoluoghi di provincia (*): Raccolta differenziata dei rifiuti urbani sale da 66,01 a 67,3 nel periodo 2024.	41.63491126|44.77112071|46.75741583|51.37897723|53.883875|57.77857487|60.81979501|62.47543901|63.63507733|64.7332993|66.01297915|67.29831771				Pilastro GREEN: Economia circolare.¦Serie ufficiale acquisita automaticamente da ISTAT - Ambiente urbano.¦Ultima variazione: +1.285; intensità robusta z=0.93.¦PULSE Score: 65.7/100.¦Unità di misura dichiarata: %.	ISTAT - Ambiente urbano	https://www.istat.it/comunicato-stampa/ambiente-urbano-anno-2024/
8743b4268eaeb893		Pesaro		Italia	GREEN · Mobilità sostenibile · Densità di piste ciclabili	INVERSIONE	GREEN	65.6	SEGNALE PULSE — GREEN	2024	Pesaro: Densità di piste ciclabili sale da 36,8 a 37,8 nel periodo 2024.	40.2|40.2|40.2|41.2|36.8|37.8				Pilastro GREEN: Mobilità sostenibile.¦Serie ufficiale acquisita automaticamente da ISTAT - Ambiente urbano.¦Ultima variazione: +1; intensità robusta z=1.35.¦PULSE Score: 65.6/100.¦Unità di misura dichiarata: km per 100 km².	ISTAT - Ambiente urbano	https://www.istat.it/comunicato-stampa/ambiente-urbano-anno-2024/
d9af80a265b6619c		Trentino-Alto Adige/Südtirol		Trentino-Alto Adige/Südtirol	GREEN · Risorse idriche e suolo · Prelievi di acque minerali naturali per produzione	RECORD_MAX|RALLENTAMENTO	GREEN	65.6	SEGNALE PULSE — GREEN	2023	Trentino-Alto Adige/Südtirol: Prelievi di acque minerali naturali per produzione sale da 197 a 199 nel periodo 2023.	160|166|177|186|193|171|178|197|199				Pilastro GREEN: Risorse idriche e suolo.¦Serie ufficiale acquisita automaticamente da ISTAT - Statistiche sull'acqua.¦Ultima variazione: +2; intensità robusta z=0.67.¦PULSE Score: 65.6/100.¦Unità di misura dichiarata: migliaia m³.	ISTAT - Statistiche sull'acqua	https://www.istat.it/wp-content/uploads/2026/03/Istat-GMA2026-Tavole-1.xlsx
af03bd85ad2a6db9	073008	Grottaglie	Taranto	Puglia	Nati vivi	ANOMALIA	GENERAL	65.5	PROMETTENTE — RIVEDERE	2026-06	Grottaglie: rilevato anomalia su nati vivi.	184|199|200|223|196|160|157	184|190|200|195|191|182|182|193|193|200|203|200|199|200|198|206|199|202|202|194|188|184|188|197|200|201|198|193|197|207|214|213|218|223|217|219|223|224|221|218|223|209|209|215|212|207|209|202|196|194|187|192|189|183|175|166|165|164|166|165|160|160|163|157|163|158|158|161|153|159|151|154|157|155|158|155|151|170|172	5.84|6.38|6.453|7.224|6.403|5.251|5.199	6.739|6.381|6.379|6.147|6.102|5.841|5.549	Anomalia: l'ultimo valore rolling 12 mesi si discosta in modo robusto dal trend recente oltre la soglia tecnica PULSE.¦PULSE Score: 65.5/100. Stato: PROMETTENTE — RIVEDERE.	DEMO ISTAT — Bilancio demografico mensile	https://demo.istat.it/app/?i=D7B
d346d5772e82d670	063082	Terzigno	Napoli	Campania	Nati vivi	DIVERGENZA	TERRITORIALE	65.5	PROMETTENTE — RIVEDERE	2026-06	Terzigno: rilevato divergenza su nati vivi.	147|146|143|153|124|120|141	147|147|150|150|147|147|148|151|149|149|155|150|146|139|138|133|136|140|138|131|134|141|147|148|143|146|140|144|136|135|141|149|150|141|140|145|153|156|160|159|166|165|160|149|145|146|138|128|124|120|120|127|121|126|120|120|118|120|117|124|120|122|128|116|118|119|125|129|134|134|146|141|141|140|139|145|152|147|150	8.166|8.197|8.18|8.866|7.16|6.937|8.169	8.585|8.291|8.115|8.265|7.917|7.724|7.388	Divergenza territoriale: il tasso locale varia del +17.8% contro -4.4% nel resto della provincia.¦PULSE Score: 65.5/100. Stato: PROMETTENTE — RIVEDERE.	DEMO ISTAT — Bilancio demografico mensile	https://demo.istat.it/app/?i=D7B
a9d25cb87a153b04		Padova		Italia	GREEN · Tutela della biodiversità · Disponibilità di verde urbano	ANOMALIA	GREEN	65.5	SEGNALE PULSE — GREEN	2024	Padova: Disponibilità di verde urbano sale da 44,89 a 45,07 nel periodo 2024.	43.84774348|43.68878062|44.01192668|44.15791615|44.14143608|44.04205331|43.97369499|44.33231938|44.7072609|45.0982519|44.89290762|45.06795625				Pilastro GREEN: Tutela della biodiversità.¦Serie ufficiale acquisita automaticamente da ISTAT - Ambiente urbano.¦Ultima variazione: +0.175; intensità robusta z=0.49.¦PULSE Score: 65.5/100.¦Unità di misura dichiarata: m²/abitante.	ISTAT - Ambiente urbano	https://www.istat.it/comunicato-stampa/ambiente-urbano-anno-2024/
2a184a77fb5b7c44		Udine		Italia	GREEN · Mobilità sostenibile · Densità di piste ciclabili	RECORD_MAX|ACCELERAZIONE	GREEN	65.5	SEGNALE PULSE — GREEN	2024	Udine: Densità di piste ciclabili sale da 88,9 a 92,3 nel periodo 2024.	67.5|80.6|81.9|88.2|88.9|92.3				Pilastro GREEN: Mobilità sostenibile.¦Serie ufficiale acquisita automaticamente da ISTAT - Ambiente urbano.¦Ultima variazione: +3.4; intensità robusta z=0.82.¦PULSE Score: 65.5/100.¦Unità di misura dichiarata: km per 100 km².	ISTAT - Ambiente urbano	https://www.istat.it/comunicato-stampa/ambiente-urbano-anno-2024/
1833e3eb1d484c77		Italia		Italia	GREEN · Crisi climatica e decarbonizzazione · Impatto degli incendi boschivi	INVERSIONE	GREEN	65.5	SEGNALE PULSE — GREEN	2024	Italia: Impatto degli incendi boschivi scende da 2,9 a 1,8 nel periodo 2024.	1|1.2|1.4|2.2|5.4|0.6|1.2|1.8|5|2.4|2.9|1.8				Pilastro GREEN: Crisi climatica e decarbonizzazione.¦Serie ufficiale acquisita automaticamente da ISTAT - Indicatori SDGs.¦Ultima variazione: -1.1; intensità robusta z=2.12.¦PULSE Score: 65.5/100.¦Unità di misura dichiarata: Per 1.000 km2.¦SDG Goal 13 · codice misura 09PAE007.	ISTAT - Indicatori SDGs	https://www.istat.it/wp-content/uploads/2026/07/Misure-statistiche-2004-2026.xlsx
00c8c51d3a9b9abe		Italia		Italia	GREEN · Economia circolare · Raccolta differenziata dei rifiuti urbani	RECORD_MAX	GREEN	65.4	SEGNALE PULSE — GREEN	2024	Italia: Raccolta differenziata dei rifiuti urbani sale da 66,65 a 67,69 nel periodo 2024.	47.50409374|52.56802166|55.56264445|58.16680259|61.29131736|63.01042738|64.04833807|65.1710639|66.64733077|67.69214285				Pilastro GREEN: Economia circolare.¦Serie ufficiale acquisita automaticamente da ISPRA - Catasto nazionale rifiuti.¦Ultima variazione: +1.045; intensità robusta z=0.78.¦PULSE Score: 65.4/100.¦Unità di misura dichiarata: %.	ISPRA - Catasto nazionale rifiuti	https://www.catasto-rifiuti.isprambiente.it/index.php?advice=si&pg=downloadComune
255010938c7568ca		Lazio		Lazio	GREEN · Economia circolare · Raccolta differenziata dei rifiuti urbani	RECORD_MAX	GREEN	65.4	SEGNALE PULSE — GREEN	2024	Lazio: Raccolta differenziata dei rifiuti urbani sale da 55,42 a 56,23 nel periodo 2024.	37.52311025|42.38966886|45.72042743|47.77262446|51.36230205|52.45841241|53.43038785|54.4847427|55.41695286|56.22971576				Pilastro GREEN: Economia circolare.¦Serie ufficiale acquisita automaticamente da ISPRA - Catasto nazionale rifiuti.¦Ultima variazione: +0.8128; intensità robusta z=0.88.¦PULSE Score: 65.4/100.¦Unità di misura dichiarata: %.	ISPRA - Catasto nazionale rifiuti	https://www.catasto-rifiuti.isprambiente.it/index.php?advice=si&pg=downloadComune
5a40a56d698a0d7a		Puglia		Puglia	GREEN · Economia circolare · Raccolta differenziata dei rifiuti urbani	RECORD_MAX|ACCELERAZIONE	GREEN	65.4	SEGNALE PULSE — GREEN	2024	Puglia: Raccolta differenziata dei rifiuti urbani sale da 58,98 a 60,69 nel periodo 2024.	30.13670291|34.40068694|40.43814324|45.38582453|50.58403459|54.47521424|57.1815965|58.56052396|58.98269654|60.68689927				Pilastro GREEN: Economia circolare.¦Serie ufficiale acquisita automaticamente da ISPRA - Catasto nazionale rifiuti.¦Ultima variazione: +1.704; intensità robusta z=0.92.¦PULSE Score: 65.4/100.¦Unità di misura dichiarata: %.	ISPRA - Catasto nazionale rifiuti	https://www.catasto-rifiuti.isprambiente.it/index.php?advice=si&pg=downloadComune
df3abc2f99f2b276		Salerno		Italia	GREEN · Economia circolare · Produzione di rifiuti urbani	INVERSIONE	GREEN	65.4	SEGNALE PULSE — GREEN	2024	Salerno: Produzione di rifiuti urbani sale da 454,44 a 464,49 nel periodo 2024.	453.2744309|458.1668944|459.1357565|456.3375292|460.2866122|468.8451709|473.1992877|451.3859535|486.1733335|455.5783758|454.4351692|464.4881388				Pilastro GREEN: Economia circolare.¦Serie ufficiale acquisita automaticamente da ISTAT - Ambiente urbano.¦Ultima variazione: +10.05; intensità robusta z=1.53.¦PULSE Score: 65.4/100.¦Unità di misura dichiarata: kg/abitante.	ISTAT - Ambiente urbano	https://www.istat.it/comunicato-stampa/ambiente-urbano-anno-2024/
4e33c36d4a8296e8		Caltanissetta		Italia	GREEN · Economia circolare · Produzione di rifiuti urbani	INVERSIONE	GREEN	65.4	SEGNALE PULSE — GREEN	2024	Caltanissetta: Produzione di rifiuti urbani sale da 446,64 a 476,43 nel periodo 2024.	541.662257|507.4809889|501.5047668|474.3950597|464.4198334|512.1989725|537.7884916|521.0854042|510.4919024|485.6168188|446.6391932|476.427891				Pilastro GREEN: Economia circolare.¦Serie ufficiale acquisita automaticamente da ISTAT - Ambiente urbano.¦Ultima variazione: +29.79; intensità robusta z=1.63.¦PULSE Score: 65.4/100.¦Unità di misura dichiarata: kg/abitante.	ISTAT - Ambiente urbano	https://www.istat.it/comunicato-stampa/ambiente-urbano-anno-2024/
8500f479e3b256ee		Alessandria		Italia	GREEN · Mobilità sostenibile · Densità di piste ciclabili	ANOMALIA	GREEN	65.4	SEGNALE PULSE — GREEN	2024	Alessandria: Densità di piste ciclabili scende da 20,2 a 20,1 nel periodo 2024.	11.8|11.8|13|13|20.2|20.1				Pilastro GREEN: Mobilità sostenibile.¦Serie ufficiale acquisita automaticamente da ISTAT - Ambiente urbano.¦Ultima variazione: -0.1; intensità robusta z=0.11.¦PULSE Score: 65.4/100.¦Unità di misura dichiarata: km per 100 km².	ISTAT - Ambiente urbano	https://www.istat.it/comunicato-stampa/ambiente-urbano-anno-2024/
4a44e0028d6cb11a		Abruzzo		Abruzzo	GREEN · Transizione energetica · Titoli di Efficienza Energetica emessi	RECORD_MAX|RALLENTAMENTO	GREEN	65.3	SEGNALE PULSE — GREEN	2025	Abruzzo: Titoli di Efficienza Energetica emessi sale da 1,26 mln a 1,26 mln nel periodo 2025.	751024|830822|1115631|1137021|1154626|1169731|1185700|1220750|1242753|1258681|1264053				Pilastro GREEN: Transizione energetica.¦Serie ufficiale acquisita automaticamente da ENEA - Rapporto annuale efficienza energetica.¦Ultima variazione: +5372; intensità robusta z=0.66.¦PULSE Score: 65.3/100.¦Unità di misura dichiarata: TEE.	ENEA - Rapporto annuale efficienza energetica	https://www.efficienzaenergetica.enea.it/component/jdownloads/?task=download.send&id=798&catid=40&Itemid=101
d8776fb5bf528a5d		Ascoli Piceno		Italia	GREEN · Tutela della biodiversità · Disponibilità di verde urbano	RECORD_MAX	GREEN	65.3	SEGNALE PULSE — GREEN	2024	Ascoli Piceno: Disponibilità di verde urbano sale da 13,24 a 13,29 nel periodo 2024.	11.40381992|11.44515142|11.51692348|11.58629405|11.65160708|12.1762667|12.32986537|12.52500053|12.70333229|13.14632312|13.23823426|13.29470378				Pilastro GREEN: Tutela della biodiversità.¦Serie ufficiale acquisita automaticamente da ISTAT - Ambiente urbano.¦Ultima variazione: +0.05647; intensità robusta z=0.67.¦PULSE Score: 65.3/100.¦Unità di misura dichiarata: m²/abitante.	ISTAT - Ambiente urbano	https://www.istat.it/comunicato-stampa/ambiente-urbano-anno-2024/
d7e0d7e1554318de		Calabria		Calabria	GREEN · Economia circolare · Raccolta differenziata dei rifiuti urbani	RECORD_MAX|ACCELERAZIONE	GREEN	65.2	SEGNALE PULSE — GREEN	2024	Calabria: Raccolta differenziata dei rifiuti urbani sale da 55,19 a 57,62 nel periodo 2024.	25.02700973|33.31771992|39.92572532|45.41098675|48.10019625|51.70073557|53.1364067|54.80197675|55.19116952|57.6217706				Pilastro GREEN: Economia circolare.¦Serie ufficiale acquisita automaticamente da ISPRA - Catasto nazionale rifiuti.¦Ultima variazione: +2.431; intensità robusta z=0.81.¦PULSE Score: 65.2/100.¦Unità di misura dichiarata: %.	ISPRA - Catasto nazionale rifiuti	https://www.catasto-rifiuti.isprambiente.it/index.php?advice=si&pg=downloadComune
a4dee7d1c541b7d0		Lombardia		Lombardia	GREEN · Economia circolare · Raccolta differenziata dei rifiuti urbani	RECORD_MAX	GREEN	65.2	SEGNALE PULSE — GREEN	2024	Lombardia: Raccolta differenziata dei rifiuti urbani sale da 73,9 a 74,32 nel periodo 2024.	58.68344783|68.11415721|69.61208888|70.7101371|72.0259631|73.27877226|72.99347556|73.19675292|73.90458569|74.320801				Pilastro GREEN: Economia circolare.¦Serie ufficiale acquisita automaticamente da ISPRA - Catasto nazionale rifiuti.¦Ultima variazione: +0.4162; intensità robusta z=0.71.¦PULSE Score: 65.2/100.¦Unità di misura dichiarata: %.	ISPRA - Catasto nazionale rifiuti	https://www.catasto-rifiuti.isprambiente.it/index.php?advice=si&pg=downloadComune
114e07dfd9b381b5		Savona		Italia	GREEN · Economia circolare · Produzione di rifiuti urbani	INVERSIONE	GREEN	65.2	SEGNALE PULSE — GREEN	2024	Savona: Produzione di rifiuti urbani sale da 533,03 a 546,88 nel periodo 2024.	507.8026225|508.2535442|513.4148929|527.2020641|531.1389437|547.4471077|554.3182058|533.6533432|544.3459735|533.8195781|533.0262989|546.8798772				Pilastro GREEN: Economia circolare.¦Serie ufficiale acquisita automaticamente da ISTAT - Ambiente urbano.¦Ultima variazione: +13.85; intensità robusta z=1.63.¦PULSE Score: 65.2/100.¦Unità di misura dichiarata: kg/abitante.	ISTAT - Ambiente urbano	https://www.istat.it/comunicato-stampa/ambiente-urbano-anno-2024/
7e074e4aac1d690f		Cosenza		Italia	GREEN · Economia circolare · Produzione di rifiuti urbani	INVERSIONE	GREEN	65.2	SEGNALE PULSE — GREEN	2024	Cosenza: Produzione di rifiuti urbani sale da 423,23 a 442,36 nel periodo 2024.	474.3370635|410.8282659|419.9185417|417.9051552|405.0377149|475.1699173|427.1641981|420.9989282|446.9683088|425.5568752|423.2339158|442.3607818				Pilastro GREEN: Economia circolare.¦Serie ufficiale acquisita automaticamente da ISTAT - Ambiente urbano.¦Ultima variazione: +19.13; intensità robusta z=0.85.¦PULSE Score: 65.2/100.¦Unità di misura dichiarata: kg/abitante.	ISTAT - Ambiente urbano	https://www.istat.it/comunicato-stampa/ambiente-urbano-anno-2024/
2ca284d2dddef2f3	086019	Valguarnera Caropepe	Enna	Sicilia	Morti	DIVERGENZA	TERRITORIALE	65.1	PROMETTENTE — RIVEDERE	2026-06	Valguarnera Caropepe: rilevato divergenza su morti.	96|104|102|115|105|67|90	96|91|97|90|88|88|85|84|87|88|84|91|104|111|104|111|110|109|111|117|120|120|121|110|102|101|104|101|98|101|97|100|101|100|97|112|115|117|116|118|121|117|116|120|114|115|115|106|105|98|96|96|92|91|90|80|78|73|74|71|67|70|69|68|70|71|77|77|78|86|87|89|90|92|96|93|99|101|98	12.917|14.262|14.24|16.238|15.095|9.787|13.237	11.398|12.906|13.34|14.173|13.157|11.697|12.0	Divergenza territoriale: il tasso locale varia del +35.3% contro +2.6% nel resto della provincia.¦PULSE Score: 65.1/100. Stato: PROMETTENTE — RIVEDERE.	DEMO ISTAT — Bilancio demografico mensile	https://demo.istat.it/app/?i=D7B
ca9b3833a49c505f	048017	Firenze	Firenze	Toscana	Immigrati dall'estero	ANOMALIA	GENERAL	65.1	PROMETTENTE — RIVEDERE	2026-06	Firenze: rilevato anomalia su immigrati dall'estero.	3391|2313|3075|4247|4113|4197|4336	3391|3337|3311|3116|2914|2720|2609|2566|2514|2405|2334|2341|2313|2300|2290|2527|2724|2860|2977|3042|3101|3155|3168|3203|3075|3201|3250|3307|3387|3472|3577|3629|3707|3807|3883|4006|4247|4251|4252|4240|4204|4206|4177|4121|4089|4094|4095|4110|4113|4120|4183|4179|4208|4229|4205|4287|4282|4284|4338|4232|4197|4256|4279|4305|4325|4351|4350|4345|4355|4328|4315|4324|4336|4360|4405|4410|4458|4231|4023	9.168|6.304|8.346|11.744|11.339|11.574|11.988	6.315|4.893|6.113|7.961|8.442|8.983|8.023	Anomalia: l'ultimo valore rolling 12 mesi si discosta in modo robusto dal trend recente oltre la soglia tecnica PULSE.¦PULSE Score: 65.1/100. Stato: PROMETTENTE — RIVEDERE.	DEMO ISTAT — Bilancio demografico mensile	https://demo.istat.it/app/?i=D7B
03ec2af85b199b30	017065	Darfo Boario Terme	Brescia	Lombardia	Morti	RALLENTAMENTO	GENERAL	65.1	PROMETTENTE — RIVEDERE	2026-06	Darfo Boario Terme: rilevato rallentamento su morti.	174|204|148|168|170|135|178	174|169|171|211|224|217|213|215|208|209|211|210|204|206|205|153|144|149|146|154|159|161|158|150|148|151|153|154|152|154|161|158|157|160|162|169|168|166|169|165|166|167|168|164|162|167|167|168|170|171|166|164|155|149|145|151|156|150|141|134|135|137|138|139|147|151|153|155|151|152|166|169|178|173|172|175|177|179|176	11.057|13.004|9.521|10.807|10.859|8.573|11.211	9.446|13.127|10.54|10.318|9.583|9.571|9.651	Rallentamento: il fenomeno prosegue nella stessa direzione ma la pendenza recente si riduce rispetto alla finestra precedente.¦PULSE Score: 65.1/100. Stato: PROMETTENTE — RIVEDERE.	DEMO ISTAT — Bilancio demografico mensile	https://demo.istat.it/app/?i=D7B
5a0fc44582e3bd9c		Italia		Italia	GREEN · Tutela della biodiversità · Indice specie delle praterie montane (FBIpm)	INVERSIONE	GREEN	65.1	SEGNALE PULSE — GREEN	2025	Italia: Indice specie delle praterie montane (FBIpm) sale da 64,5 a 70,1 nel periodo 2025.	66.16|68.38|68.39|73.86|74.84|72.84|67.97|69.76|72.75|73.2|64.5|70.1				Pilastro GREEN: Tutela della biodiversità.¦Serie ufficiale acquisita automaticamente da ISPRA - Indicatori ambientali e biodiversità.¦Ultima variazione: +5.6; intensità robusta z=2.00.¦PULSE Score: 65.1/100.¦Unità di misura dichiarata: indice 2000=100.	ISPRA - Indicatori ambientali e biodiversità	https://indicatoriambientali.isprambiente.it/it/biodiversita-stato-e-minacce/farmland-bird-index-fbi-monitoraggio-degli-uccelli-degli-ambienti-agricoli
1c3cc17a462120bb		Caserta		Italia	GREEN · Tutela della biodiversità · Disponibilità di verde urbano	RECORD_MAX	GREEN	65.1	SEGNALE PULSE — GREEN	2024	Caserta: Disponibilità di verde urbano sale da 18,27 a 18,3 nel periodo 2024.	17.37787817|17.45010325|17.56304927|17.64571042|17.73033423|17.79826292|17.89638365|18.13338147|18.25112101|18.22762569|18.26991078|18.29603002				Pilastro GREEN: Tutela della biodiversità.¦Serie ufficiale acquisita automaticamente da ISTAT - Ambiente urbano.¦Ultima variazione: +0.02612; intensità robusta z=0.78.¦PULSE Score: 65.1/100.¦Unità di misura dichiarata: m²/abitante.	ISTAT - Ambiente urbano	https://www.istat.it/comunicato-stampa/ambiente-urbano-anno-2024/
18c69209c1cc5681		Catania		Italia	GREEN · Economia circolare · Produzione di rifiuti urbani	RALLENTAMENTO|ANOMALIA	GREEN	65.1	SEGNALE PULSE — GREEN	2024	Catania: Produzione di rifiuti urbani scende da 591,15 a 584,16 nel periodo 2024.	689.7415506|690.3974691|698.0266916|730.8139014|745.8697768|767.499853|760.0414836|682.5221799|716.0010042|733.4217105|591.1547267|584.1617873				Pilastro GREEN: Economia circolare.¦Serie ufficiale acquisita automaticamente da ISTAT - Ambiente urbano.¦Ultima variazione: -6.993; intensità robusta z=0.32.¦PULSE Score: 65.1/100.¦Unità di misura dichiarata: kg/abitante.	ISTAT - Ambiente urbano	https://www.istat.it/comunicato-stampa/ambiente-urbano-anno-2024/
4d5a389f6f8c1b4f		Padova		Italia	GREEN · Economia circolare · Raccolta differenziata dei rifiuti urbani	RECORD_MAX	GREEN	65.1	SEGNALE PULSE — GREEN	2024	Padova: Raccolta differenziata dei rifiuti urbani sale da 64,3 a 65,1 nel periodo 2024.	45.90740144|47.87999234|50.73872782|55.20655023|55.12418429|55.19796244|57.24972706|59.96981202|61.28005012|64.27789898|64.30489831|65.09543587				Pilastro GREEN: Economia circolare.¦Serie ufficiale acquisita automaticamente da ISTAT - Ambiente urbano.¦Ultima variazione: +0.7905; intensità robusta z=0.58.¦PULSE Score: 65.1/100.¦Unità di misura dichiarata: %.	ISTAT - Ambiente urbano	https://www.istat.it/comunicato-stampa/ambiente-urbano-anno-2024/
f1bc0988eed004d6	034010	Colorno	Parma	Emilia-Romagna	Nati vivi	DIVERGENZA	TERRITORIALE	65.0	PROMETTENTE — RIVEDERE	2026-06	Colorno: rilevato divergenza su nati vivi.	68|78|82|77|76|60|74	68|66|75|73|77|75|75|76|78|77|77|78|78|79|73|76|83|83|86|80|81|84|85|85|82|79|81|82|75|74|67|71|68|64|69|69|77|85|83|80|77|77|81|84|86|87|82|82|76|70|70|72|72|75|73|67|66|61|59|59|60|62|63|60|61|61|58|57|60|65|72|75|74|71|71|69|65|61|68	7.479|8.569|9.103|8.596|8.476|6.608|8.125	7.553|7.239|7.306|7.153|7.004|6.759|6.675	Divergenza territoriale: il tasso locale varia del +23.0% contro -1.2% nel resto della provincia.¦PULSE Score: 65.0/100. Stato: PROMETTENTE — RIVEDERE.	DEMO ISTAT — Bilancio demografico mensile	https://demo.istat.it/app/?i=D7B
007c72df54a14889	028032	Cittadella	Padova	Veneto	Nati vivi	ANOMALIA	TERRITORIALE	65.0	PROMETTENTE — RIVEDERE	2026-06	Cittadella: rilevato anomalia su nati vivi.	147|143|136|134|105|130|134	147|145|144|144|147|143|144|139|142|152|155|145|143|138|138|141|137|141|140|140|134|131|128|131|136|143|139|134|137|133|130|127|136|131|133|133|134|124|121|116|112|115|118|116|107|110|108|107|105|110|116|119|125|121|128|129|133|137|134|133|130|129|134|138|134|138|132|134|134|133|133|134|134|138|133|128|125|127|122	7.324|7.128|6.776|6.675|5.237|6.488|6.693	6.781|6.432|6.669|6.441|6.095|6.091|5.689	Anomalia: l'ultimo valore rolling 12 mesi si discosta in modo robusto dal trend recente oltre la soglia tecnica PULSE.¦PULSE Score: 65.0/100. Stato: PROMETTENTE — RIVEDERE.	DEMO ISTAT — Bilancio demografico mensile	https://demo.istat.it/app/?i=D7B
40dc0a9cc9853d57		Siena		Italia	GREEN · Tutela della biodiversità · Disponibilità di verde urbano	ANOMALIA	GREEN	65.0	SEGNALE PULSE — GREEN	2024	Siena: Disponibilità di verde urbano scende da 34,41 a 34,4 nel periodo 2024.	33.26089571|33.27975722|33.58323919|33.60595643|33.56255494|33.43139442|33.50750596|33.5742546|33.96454728|34.33258516|34.40689179|34.40168961				Pilastro GREEN: Tutela della biodiversità.¦Serie ufficiale acquisita automaticamente da ISTAT - Ambiente urbano.¦Ultima variazione: -0.005202; intensità robusta z=0.04.¦PULSE Score: 65.0/100.¦Unità di misura dichiarata: m²/abitante.	ISTAT - Ambiente urbano	https://www.istat.it/comunicato-stampa/ambiente-urbano-anno-2024/
b203bc5a81c07af7		Chieti		Italia	GREEN · Tutela della biodiversità · Disponibilità di verde urbano	RECORD_MAX	GREEN	65.0	SEGNALE PULSE — GREEN	2024	Chieti: Disponibilità di verde urbano sale da 8,93 a 8,95 nel periodo 2024.	8.262116405|8.310095348|8.369767689|8.439738399|8.524358117|8.578918732|8.605821235|8.722064651|8.866622361|8.914473684|8.926770016|8.946201063				Pilastro GREEN: Tutela della biodiversità.¦Serie ufficiale acquisita automaticamente da ISTAT - Ambiente urbano.¦Ultima variazione: +0.01943; intensità robusta z=0.65.¦PULSE Score: 65.0/100.¦Unità di misura dichiarata: m²/abitante.	ISTAT - Ambiente urbano	https://www.istat.it/comunicato-stampa/ambiente-urbano-anno-2024/
ec5f4bd8e69e9780		Cagliari		Italia	GREEN · Economia circolare · Raccolta differenziata dei rifiuti urbani	ANOMALIA	GREEN	65.0	SEGNALE PULSE — GREEN	2024	Cagliari: Raccolta differenziata dei rifiuti urbani scende da 76,84 a 75,94 nel periodo 2024.	32.28428503|30.75355343|29.55665608|29.74759421|28.87253942|36.48350385|64.31245812|70.72054253|74.14689899|74.81125264|76.84156466|75.93867456				Pilastro GREEN: Economia circolare.¦Serie ufficiale acquisita automaticamente da ISTAT - Ambiente urbano.¦Ultima variazione: -0.9029; intensità robusta z=0.26.¦PULSE Score: 65.0/100.¦Unità di misura dichiarata: %.	ISTAT - Ambiente urbano	https://www.istat.it/comunicato-stampa/ambiente-urbano-anno-2024/
91debc0bb0c1f593		Campobasso		Italia	GREEN · Economia circolare · Produzione di rifiuti urbani	ANOMALIA	GREEN	64.9	SEGNALE PULSE — GREEN	2024	Campobasso: Produzione di rifiuti urbani sale da 379,1 a 382,46 nel periodo 2024.	430.6836405|435.4746124|445.3079614|439.4599807|454.826219|447.9173689|441.8929617|421.5110564|425.5160531|401.6615385|379.0957553|382.459643				Pilastro GREEN: Economia circolare.¦Serie ufficiale acquisita automaticamente da ISTAT - Ambiente urbano.¦Ultima variazione: +3.364; intensità robusta z=0.18.¦PULSE Score: 64.9/100.¦Unità di misura dichiarata: kg/abitante.	ISTAT - Ambiente urbano	https://www.istat.it/comunicato-stampa/ambiente-urbano-anno-2024/
2c88e33ce643d857		Lecco		Italia	GREEN · Economia circolare · Produzione di rifiuti urbani	RALLENTAMENTO|ANOMALIA	GREEN	64.8	SEGNALE PULSE — GREEN	2024	Lecco: Produzione di rifiuti urbani sale da 501,24 a 510,4 nel periodo 2024.	477.4339157|475.3408397|464.2373945|483.0940212|475.6738579|493.9156707|478.6289879|450.7842784|471.6818158|466.1064163|501.2431347|510.4048411				Pilastro GREEN: Economia circolare.¦Serie ufficiale acquisita automaticamente da ISTAT - Ambiente urbano.¦Ultima variazione: +9.162; intensità robusta z=0.37.¦PULSE Score: 64.8/100.¦Unità di misura dichiarata: kg/abitante.	ISTAT - Ambiente urbano	https://www.istat.it/comunicato-stampa/ambiente-urbano-anno-2024/
49e640950a779458		Massa		Italia	GREEN · Economia circolare · Produzione di rifiuti urbani	ANOMALIA	GREEN	64.8	SEGNALE PULSE — GREEN	2024	Massa: Produzione di rifiuti urbani scende da 670,67 a 663,73 nel periodo 2024.	808.7172078|776.7663821|808.2220663|816.6547376|826.7123801|837.4821415|805.065278|739.6466601|741.9873984|665.835555|670.6746296|663.7260823				Pilastro GREEN: Economia circolare.¦Serie ufficiale acquisita automaticamente da ISTAT - Ambiente urbano.¦Ultima variazione: -6.949; intensità robusta z=0.27.¦PULSE Score: 64.8/100.¦Unità di misura dichiarata: kg/abitante.	ISTAT - Ambiente urbano	https://www.istat.it/comunicato-stampa/ambiente-urbano-anno-2024/
1b2b21649a100a64		Benevento		Italia	GREEN · Economia circolare · Produzione di rifiuti urbani	RECORD_MAX	GREEN	64.8	SEGNALE PULSE — GREEN	2024	Benevento: Produzione di rifiuti urbani sale da 451,89 a 464,2 nel periodo 2024.	410.4109158|395.374344|407.1520499|444.8702711|425.5939202|416.3400341|440.8158315|434.602134|455.8038736|450.7254618|451.8890589|464.1957767				Pilastro GREEN: Economia circolare.¦Serie ufficiale acquisita automaticamente da ISTAT - Ambiente urbano.¦Ultima variazione: +12.31; intensità robusta z=0.62.¦PULSE Score: 64.8/100.¦Unità di misura dichiarata: kg/abitante.	ISTAT - Ambiente urbano	https://www.istat.it/comunicato-stampa/ambiente-urbano-anno-2024/
ba29b4e4aed3a392		Modena		Italia	GREEN · Economia circolare · Produzione di rifiuti urbani	INVERSIONE	GREEN	64.7	SEGNALE PULSE — GREEN	2024	Modena: Produzione di rifiuti urbani sale da 629,73 a 657,62 nel periodo 2024.	672.1515178|653.0252089|676.9675203|681.8692422|669.3999962|680.2008801|684.741578|654.1296497|664.2125665|657.0058436|629.7318864|657.621999				Pilastro GREEN: Economia circolare.¦Serie ufficiale acquisita automaticamente da ISTAT - Ambiente urbano.¦Ultima variazione: +27.89; intensità robusta z=1.60.¦PULSE Score: 64.7/100.¦Unità di misura dichiarata: kg/abitante.	ISTAT - Ambiente urbano	https://www.istat.it/comunicato-stampa/ambiente-urbano-anno-2024/
99033cd3614875e3		Cuneo		Italia	GREEN · Economia circolare · Raccolta differenziata dei rifiuti urbani	INVERSIONE	GREEN	64.5	SEGNALE PULSE — GREEN	2024	Cuneo: Raccolta differenziata dei rifiuti urbani sale da 67,67 a 70,69 nel periodo 2024.	43.05933321|57.2310556|70.41241174|71.61458867|70.82736939|72.42607749|71.37048171|71.39519314|69.1127349|68.49592955|67.67476019|70.69358449				Pilastro GREEN: Economia circolare.¦Serie ufficiale acquisita automaticamente da ISTAT - Ambiente urbano.¦Ultima variazione: +3.019; intensità robusta z=1.80.¦PULSE Score: 64.5/100.¦Unità di misura dichiarata: %.	ISTAT - Ambiente urbano	https://www.istat.it/comunicato-stampa/ambiente-urbano-anno-2024/
747301adda206641		Liguria		Liguria	GREEN · Economia circolare · Raccolta differenziata dei rifiuti urbani	RECORD_MAX	GREEN	64.4	SEGNALE PULSE — GREEN	2024	Liguria: Raccolta differenziata dei rifiuti urbani sale da 58,32 a 59,6 nel periodo 2024.	37.81518999|43.72759407|48.81134019|49.64676574|53.41162034|53.38703303|55.20013307|57.45822269|58.31523916|59.59621963				Pilastro GREEN: Economia circolare.¦Serie ufficiale acquisita automaticamente da ISPRA - Catasto nazionale rifiuti.¦Ultima variazione: +1.281; intensità robusta z=0.59.¦PULSE Score: 64.4/100.¦Unità di misura dichiarata: %.	ISPRA - Catasto nazionale rifiuti	https://www.catasto-rifiuti.isprambiente.it/index.php?advice=si&pg=downloadComune
84db390f22c152ed		Vercelli		Italia	GREEN · Economia circolare · Raccolta differenziata dei rifiuti urbani	INVERSIONE	GREEN	64.4	SEGNALE PULSE — GREEN	2024	Vercelli: Raccolta differenziata dei rifiuti urbani sale da 70,12 a 72,42 nel periodo 2024.	68.20582867|68.95552664|65.693808|67.71797328|67.17907777|70.33163799|71.65795038|71.54607433|73.28751059|74.95170367|70.11716584|72.41738969				Pilastro GREEN: Economia circolare.¦Serie ufficiale acquisita automaticamente da ISTAT - Ambiente urbano.¦Ultima variazione: +2.3; intensità robusta z=1.45.¦PULSE Score: 64.4/100.¦Unità di misura dichiarata: %.	ISTAT - Ambiente urbano	https://www.istat.it/comunicato-stampa/ambiente-urbano-anno-2024/
c01df61329127846		Varese		Italia	GREEN · Economia circolare · Raccolta differenziata dei rifiuti urbani	RECORD_MAX|RALLENTAMENTO	GREEN	64.4	SEGNALE PULSE — GREEN	2024	Varese: Raccolta differenziata dei rifiuti urbani sale da 71,45 a 72,1 nel periodo 2024.	55.00515728|57.01315035|58.9852927|68.33860275|64.23868861|66.88773005|69.40787334|70.75882437|69.87265603|69.7605924|71.45081536|72.09912443				Pilastro GREEN: Economia circolare.¦Serie ufficiale acquisita automaticamente da ISTAT - Ambiente urbano.¦Ultima variazione: +0.6483; intensità robusta z=0.58.¦PULSE Score: 64.4/100.¦Unità di misura dichiarata: %.	ISTAT - Ambiente urbano	https://www.istat.it/comunicato-stampa/ambiente-urbano-anno-2024/
b668aaa3805af801		Emilia-Romagna		Emilia-Romagna	GREEN · Risorse idriche e suolo · Prelievi di acque minerali naturali per produzione	RECORD_MIN	GREEN	64.4	SEGNALE PULSE — GREEN	2023	Emilia-Romagna: Prelievi di acque minerali naturali per produzione scende da 363 a 321 nel periodo 2023.	335|407|395|490|441|464|327|363|321				Pilastro GREEN: Risorse idriche e suolo.¦Serie ufficiale acquisita automaticamente da ISTAT - Statistiche sull'acqua.¦Ultima variazione: -42; intensità robusta z=0.58.¦PULSE Score: 64.4/100.¦Unità di misura dichiarata: migliaia m³.	ISTAT - Statistiche sull'acqua	https://www.istat.it/wp-content/uploads/2026/03/Istat-GMA2026-Tavole-1.xlsx
dc06dc2a5609f63b		Lodi		Italia	GREEN · Economia circolare · Produzione di rifiuti urbani	INVERSIONE	GREEN	64.3	SEGNALE PULSE — GREEN	2024	Lodi: Produzione di rifiuti urbani sale da 401,17 a 427,17 nel periodo 2024.	512.7679714|514.5256505|492.8127704|488.0658504|433.4342117|443.1840751|445.4515427|450.4899546|423.6516961|407.4853449|401.1695426|427.1667679				Pilastro GREEN: Economia circolare.¦Serie ufficiale acquisita automaticamente da ISTAT - Ambiente urbano.¦Ultima variazione: +26; intensità robusta z=1.65.¦PULSE Score: 64.3/100.¦Unità di misura dichiarata: kg/abitante.	ISTAT - Ambiente urbano	https://www.istat.it/comunicato-stampa/ambiente-urbano-anno-2024/
498762d63b89a3d2		Umbria		Umbria	GREEN · Economia circolare · Raccolta differenziata dei rifiuti urbani	RECORD_MAX	GREEN	64.2	SEGNALE PULSE — GREEN	2024	Umbria: Raccolta differenziata dei rifiuti urbani sale da 68,77 a 69,58 nel periodo 2024.	48.86133232|57.60314841|61.6990959|63.41337226|66.06569496|66.23073064|66.95074874|67.95832285|68.77358759|69.58109025				Pilastro GREEN: Economia circolare.¦Serie ufficiale acquisita automaticamente da ISPRA - Catasto nazionale rifiuti.¦Ultima variazione: +0.8075; intensità robusta z=0.59.¦PULSE Score: 64.2/100.¦Unità di misura dichiarata: %.	ISPRA - Catasto nazionale rifiuti	https://www.catasto-rifiuti.isprambiente.it/index.php?advice=si&pg=downloadComune
6d418146c61fd755		Andria		Italia	GREEN · Economia circolare · Produzione di rifiuti urbani	INVERSIONE	GREEN	64.2	SEGNALE PULSE — GREEN	2024	Andria: Produzione di rifiuti urbani sale da 428,92 a 454,66 nel periodo 2024.	391.4165449|390.3734235|408.3992748|433.2254882|423.0041293|428.8397954|435.6311192|455.835245|474.9785059|446.2069213|428.917941|454.6569536				Pilastro GREEN: Economia circolare.¦Serie ufficiale acquisita automaticamente da ISTAT - Ambiente urbano.¦Ultima variazione: +25.74; intensità robusta z=1.30.¦PULSE Score: 64.2/100.¦Unità di misura dichiarata: kg/abitante.	ISTAT - Ambiente urbano	https://www.istat.it/comunicato-stampa/ambiente-urbano-anno-2024/
0bec6554fafb9665		Capoluoghi di provincia (*)		Italia	GREEN · Economia circolare · Produzione di rifiuti urbani	INVERSIONE	GREEN	64.2	SEGNALE PULSE — GREEN	2024	Capoluoghi di provincia (*): Produzione di rifiuti urbani sale da 525,26 a 542,14 nel periodo 2024.	555.5858577|551.394622|548.5469576|558.6333672|543.9908812|550.6959302|547.1873259|523.3824291|537.6297728|530.0164503|525.2550437|542.1423153				Pilastro GREEN: Economia circolare.¦Serie ufficiale acquisita automaticamente da ISTAT - Ambiente urbano.¦Ultima variazione: +16.89; intensità robusta z=1.59.¦PULSE Score: 64.2/100.¦Unità di misura dichiarata: kg/abitante.	ISTAT - Ambiente urbano	https://www.istat.it/comunicato-stampa/ambiente-urbano-anno-2024/
96ed1cebbbb8088f		Aosta		Italia	GREEN · Tutela della biodiversità · Disponibilità di verde urbano	RALLENTAMENTO|ANOMALIA	GREEN	64.0	SEGNALE PULSE — GREEN	2024	Aosta: Disponibilità di verde urbano sale da 19,51 a 19,53 nel periodo 2024.	18.63742512|18.58674111|18.70035366|18.76069499|18.75987327|18.79582224|18.87229199|19.05307018|19.25089144|19.35791012|19.50914689|19.52624105				Pilastro GREEN: Tutela della biodiversità.¦Serie ufficiale acquisita automaticamente da ISTAT - Ambiente urbano.¦Ultima variazione: +0.01709; intensità robusta z=0.20.¦PULSE Score: 64.0/100.¦Unità di misura dichiarata: m²/abitante.	ISTAT - Ambiente urbano	https://www.istat.it/comunicato-stampa/ambiente-urbano-anno-2024/
3c67f47dac93095d		Trani		Italia	GREEN · Tutela della biodiversità · Disponibilità di verde urbano	ANOMALIA	GREEN	64.0	SEGNALE PULSE — GREEN	2024	Trani: Disponibilità di verde urbano sale da 5,4 a 5,42 nel periodo 2024.	4.984561165|4.975171195|4.966757843|4.976645776|5.050726129|5.064820631|5.084484079|5.119624863|5.227869643|5.399316972|5.403586914|5.416388006				Pilastro GREEN: Tutela della biodiversità.¦Serie ufficiale acquisita automaticamente da ISTAT - Ambiente urbano.¦Ultima variazione: +0.0128; intensità robusta z=0.40.¦PULSE Score: 64.0/100.¦Unità di misura dichiarata: m²/abitante.	ISTAT - Ambiente urbano	https://www.istat.it/comunicato-stampa/ambiente-urbano-anno-2024/
5d841acfd17bfba1		Pistoia		Italia	GREEN · Tutela della biodiversità · Disponibilità di verde urbano	RECORD_MAX	GREEN	63.9	SEGNALE PULSE — GREEN	2024	Pistoia: Disponibilità di verde urbano sale da 21,46 a 21,54 nel periodo 2024.	19.78590876|19.78032263|19.78746231|20.05630173|20.68650583|21.13301644|21.08708547|21.21596351|21.38346855|21.40795567|21.46058305|21.5371664				Pilastro GREEN: Tutela della biodiversità.¦Serie ufficiale acquisita automaticamente da ISTAT - Ambiente urbano.¦Ultima variazione: +0.07658; intensità robusta z=0.57.¦PULSE Score: 63.9/100.¦Unità di misura dichiarata: m²/abitante.	ISTAT - Ambiente urbano	https://www.istat.it/comunicato-stampa/ambiente-urbano-anno-2024/
22558411c733f48f		Cesena		Italia	GREEN · Economia circolare · Produzione di rifiuti urbani	INVERSIONE	GREEN	63.9	SEGNALE PULSE — GREEN	2024	Cesena: Produzione di rifiuti urbani sale da 641,06 a 693,16 nel periodo 2024.	677.6232881|697.6322164|672.0841556|688.6387624|696.9244251|759.0666831|750.4947303|707.1109931|672.4509985|653.2331101|641.0603481|693.1558531				Pilastro GREEN: Economia circolare.¦Serie ufficiale acquisita automaticamente da ISTAT - Ambiente urbano.¦Ultima variazione: +52.1; intensità robusta z=1.64.¦PULSE Score: 63.9/100.¦Unità di misura dichiarata: kg/abitante.	ISTAT - Ambiente urbano	https://www.istat.it/comunicato-stampa/ambiente-urbano-anno-2024/
b4c64e6603e1d545		Venezia		Italia	GREEN · Tutela della biodiversità · Disponibilità di verde urbano	ANOMALIA	GREEN	63.8	SEGNALE PULSE — GREEN	2024	Venezia: Disponibilità di verde urbano sale da 48,49 a 48,63 nel periodo 2024.	43.33189624|44.20456803|45.24381799|45.40222842|45.53424327|45.63720017|45.80438681|46.39524213|47.01085966|48.28964497|48.48890769|48.62696787				Pilastro GREEN: Tutela della biodiversità.¦Serie ufficiale acquisita automaticamente da ISTAT - Ambiente urbano.¦Ultima variazione: +0.1381; intensità robusta z=0.37.¦PULSE Score: 63.8/100.¦Unità di misura dichiarata: m²/abitante.	ISTAT - Ambiente urbano	https://www.istat.it/comunicato-stampa/ambiente-urbano-anno-2024/
8486e00b2efa0d21		Pisa		Italia	GREEN · Tutela della biodiversità · Disponibilità di verde urbano	RALLENTAMENTO|ANOMALIA	GREEN	63.7	SEGNALE PULSE — GREEN	2024	Pisa: Disponibilità di verde urbano sale da 23,31 a 23,32 nel periodo 2024.	22.24996036|22.08946933|22.16375949|22.01027254|22.15101417|22.32047281|22.43360425|22.76720091|22.89873778|23.13257816|23.30622531|23.32245616				Pilastro GREEN: Tutela della biodiversità.¦Serie ufficiale acquisita automaticamente da ISTAT - Ambiente urbano.¦Ultima variazione: +0.01623; intensità robusta z=0.22.¦PULSE Score: 63.7/100.¦Unità di misura dichiarata: m²/abitante.	ISTAT - Ambiente urbano	https://www.istat.it/comunicato-stampa/ambiente-urbano-anno-2024/
07ef0070ae9326af		Salerno		Italia	GREEN · Economia circolare · Raccolta differenziata dei rifiuti urbani	RALLENTAMENTO|ANOMALIA	GREEN	63.7	SEGNALE PULSE — GREEN	2024	Salerno: Raccolta differenziata dei rifiuti urbani sale da 74,13 a 74,16 nel periodo 2024.	65.11137492|64.53579271|63.21232167|62.35201319|61.12622627|60.1608821|59.59725305|59.76422408|58.84808541|64.80422548|74.12604956|74.16059481				Pilastro GREEN: Economia circolare.¦Serie ufficiale acquisita automaticamente da ISTAT - Ambiente urbano.¦Ultima variazione: +0.03455; intensità robusta z=0.06.¦PULSE Score: 63.7/100.¦Unità di misura dichiarata: %.	ISTAT - Ambiente urbano	https://www.istat.it/comunicato-stampa/ambiente-urbano-anno-2024/
8aa8cb2b22c17b83		Cosenza		Italia	GREEN · Mobilità sostenibile · Densità di piste ciclabili	INVERSIONE	GREEN	63.7	SEGNALE PULSE — GREEN	2024	Cosenza: Densità di piste ciclabili scende da 79,3 a 63,4 nel periodo 2024.	39.6|39.6|39.6|39.6|79.3|63.4				Pilastro GREEN: Mobilità sostenibile.¦Serie ufficiale acquisita automaticamente da ISTAT - Ambiente urbano.¦Ultima variazione: -15.9; intensità robusta z=0.92.¦PULSE Score: 63.7/100.¦Unità di misura dichiarata: km per 100 km².	ISTAT - Ambiente urbano	https://www.istat.it/comunicato-stampa/ambiente-urbano-anno-2024/
9117a0982d227f8c		Italia		Italia	GREEN · Crisi climatica e decarbonizzazione · PM2.5 - mediana nazionale delle medie annue di stazione	INVERSIONE	GREEN	63.7	SEGNALE PULSE — GREEN	2022	Italia: PM2.5 - mediana nazionale delle medie annue di stazione sale da 13 a 14 nel periodo 2022.	21|19|17|15|18|16|16|14|13|14|13|14				Pilastro GREEN: Crisi climatica e decarbonizzazione.¦Serie ufficiale acquisita automaticamente da ISPRA/SNPA - Qualità dell'aria.¦Ultima variazione: +1; intensità robusta z=1.35.¦PULSE Score: 63.7/100.¦Unità di misura dichiarata: µg/m³.	ISPRA/SNPA - Qualità dell'aria	https://www.isprambiente.gov.it/files2024/attivita/aria/2024-01-09_2004_2022_pm25__statistiche.csv
f307970e442bacf4		Potenza		Italia	GREEN · Economia circolare · Produzione di rifiuti urbani	INVERSIONE	GREEN	63.6	SEGNALE PULSE — GREEN	2024	Potenza: Produzione di rifiuti urbani sale da 389,6 a 403,95 nel periodo 2024.	416.0126859|415.4096137|421.4915308|419.531957|374.4873545|371.1934666|386.0150533|395.2708306|407.7813771|413.3819981|389.6035475|403.9500055				Pilastro GREEN: Economia circolare.¦Serie ufficiale acquisita automaticamente da ISTAT - Ambiente urbano.¦Ultima variazione: +14.35; intensità robusta z=1.54.¦PULSE Score: 63.6/100.¦Unità di misura dichiarata: kg/abitante.	ISTAT - Ambiente urbano	https://www.istat.it/comunicato-stampa/ambiente-urbano-anno-2024/
b5ca6fc062a078a4		Andria		Italia	GREEN · Economia circolare · Raccolta differenziata dei rifiuti urbani	RALLENTAMENTO|ANOMALIA	GREEN	63.6	SEGNALE PULSE — GREEN	2024	Andria: Raccolta differenziata dei rifiuti urbani sale da 72,96 a 73,64 nel periodo 2024.	67.22173159|65.46974084|65.26591945|65.90524686|63.43215072|58.28165296|58.71911267|60.9345594|59.97642152|61.74631442|72.96078225|73.64058624				Pilastro GREEN: Economia circolare.¦Serie ufficiale acquisita automaticamente da ISTAT - Ambiente urbano.¦Ultima variazione: +0.6798; intensità robusta z=0.26.¦PULSE Score: 63.6/100.¦Unità di misura dichiarata: %.	ISTAT - Ambiente urbano	https://www.istat.it/comunicato-stampa/ambiente-urbano-anno-2024/
e4455b9647f314e8		Nuoro		Italia	GREEN · Economia circolare · Produzione di rifiuti urbani	INVERSIONE	GREEN	63.5	SEGNALE PULSE — GREEN	2024	Nuoro: Produzione di rifiuti urbani sale da 407,86 a 421,35 nel periodo 2024.	381.9209823|373.1791506|370.3801028|375.8795524|367.6061336|385.2952782|387.0563969|401.0558459|420.7555452|425.6705723|407.8646828|421.3543104				Pilastro GREEN: Economia circolare.¦Serie ufficiale acquisita automaticamente da ISTAT - Ambiente urbano.¦Ultima variazione: +13.49; intensità robusta z=0.82.¦PULSE Score: 63.5/100.¦Unità di misura dichiarata: kg/abitante.	ISTAT - Ambiente urbano	https://www.istat.it/comunicato-stampa/ambiente-urbano-anno-2024/
b738ead305898f66		Trento		Trento	GREEN · Risorse idriche e suolo · Prelievi di acque minerali naturali per produzione	RALLENTAMENTO|ANOMALIA	GREEN	63.5	SEGNALE PULSE — GREEN	2023	Trento: Prelievi di acque minerali naturali per produzione sale da 136 a 138 nel periodo 2023.	101|104|114|120|122|114|123|136|138				Pilastro GREEN: Risorse idriche e suolo.¦Serie ufficiale acquisita automaticamente da ISTAT - Statistiche sull'acqua.¦Ultima variazione: +2; intensità robusta z=0.34.¦PULSE Score: 63.5/100.¦Unità di misura dichiarata: migliaia m³.	ISTAT - Statistiche sull'acqua	https://www.istat.it/wp-content/uploads/2026/03/Istat-GMA2026-Tavole-1.xlsx
51932fdfb3354817		Monza		Italia	GREEN · Economia circolare · Raccolta differenziata dei rifiuti urbani	ANOMALIA	GREEN	63.4	SEGNALE PULSE — GREEN	2024	Monza: Raccolta differenziata dei rifiuti urbani scende da 73,77 a 73,28 nel periodo 2024.	54.01762263|53.56836934|57.29349596|66.32663327|64.93058762|64.59665033|65.46047649|67.35790045|67.32847371|72.41875337|73.77231006|73.27521413				Pilastro GREEN: Economia circolare.¦Serie ufficiale acquisita automaticamente da ISTAT - Ambiente urbano.¦Ultima variazione: -0.4971; intensità robusta z=0.22.¦PULSE Score: 63.4/100.¦Unità di misura dichiarata: %.	ISTAT - Ambiente urbano	https://www.istat.it/comunicato-stampa/ambiente-urbano-anno-2024/
f1f9a059794552b8		Valle d'Aosta/Vallée d'Aoste		Valle d'Aosta/Vallée d'Aoste	GREEN · Risorse idriche e suolo · Prelievi di acque minerali naturali per produzione	INVERSIONE	GREEN	63.4	SEGNALE PULSE — GREEN	2023	Valle d'Aosta/Vallée d'Aoste: Prelievi di acque minerali naturali per produzione scende da 252 a 225 nel periodo 2023.	184|193|227|255|232|248|226|252|225				Pilastro GREEN: Risorse idriche e suolo.¦Serie ufficiale acquisita automaticamente da ISTAT - Statistiche sull'acqua.¦Ultima variazione: -27; intensità robusta z=1.52.¦PULSE Score: 63.4/100.¦Unità di misura dichiarata: migliaia m³.	ISTAT - Statistiche sull'acqua	https://www.istat.it/wp-content/uploads/2026/03/Istat-GMA2026-Tavole-1.xlsx
2d3ce28fdcab7661		Molise		Molise	GREEN · Risorse idriche e suolo · Consumo netto annuale di suolo	INVERSIONE	GREEN	63.3	SEGNALE PULSE — GREEN	2024	Molise: Consumo netto annuale di suolo sale da -2,95 a 41,46 nel periodo 2024.	25.8|41.21|49.24|37.3|83.88|56.97|69.09|-2.95|41.46				Pilastro GREEN: Risorse idriche e suolo.¦Serie ufficiale acquisita automaticamente da ISPRA - Consumo di suolo e indicatori territoriali.¦Ultima variazione: +44.41; intensità robusta z=1.50.¦PULSE Score: 63.3/100.¦Unità di misura dichiarata: ettari.	ISPRA - Consumo di suolo e indicatori territoriali	https://www.isprambiente.gov.it/it/attivita/suolo-e-territorio/suolo/il-consumo-di-suolo/consumo_di_suolo_estratto_dati_2025_anni_2006_2024.xlsx
438d772bc94fd217		Crotone		Italia	GREEN · Economia circolare · Produzione di rifiuti urbani	INVERSIONE	GREEN	63.3	SEGNALE PULSE — GREEN	2024	Crotone: Produzione di rifiuti urbani sale da 506,4 a 523,7 nel periodo 2024.	535.3268994|502.5003493|500.7122438|483.9937503|479.811789|492.4218694|502.8412774|486.3822073|540.1571785|510.1152906|506.4024816|523.7014976				Pilastro GREEN: Economia circolare.¦Serie ufficiale acquisita automaticamente da ISTAT - Ambiente urbano.¦Ultima variazione: +17.3; intensità robusta z=0.86.¦PULSE Score: 63.3/100.¦Unità di misura dichiarata: kg/abitante.	ISTAT - Ambiente urbano	https://www.istat.it/comunicato-stampa/ambiente-urbano-anno-2024/
020819aa0cc8d24e		Savona		Italia	GREEN · Mobilità sostenibile · Densità di piste ciclabili	RALLENTAMENTO|ANOMALIA	GREEN	63.3	SEGNALE PULSE — GREEN	2024	Savona: Densità di piste ciclabili sale da 15,2 a 15,6 nel periodo 2024.	9.7|12.7|12.7|12|15.2|15.6				Pilastro GREEN: Mobilità sostenibile.¦Serie ufficiale acquisita automaticamente da ISTAT - Ambiente urbano.¦Ultima variazione: +0.4; intensità robusta z=0.17.¦PULSE Score: 63.3/100.¦Unità di misura dichiarata: km per 100 km².	ISTAT - Ambiente urbano	https://www.istat.it/comunicato-stampa/ambiente-urbano-anno-2024/
c00dacd1fc198951		Vercelli		Italia	GREEN · Economia circolare · Produzione di rifiuti urbani	INVERSIONE	GREEN	63.1	SEGNALE PULSE — GREEN	2024	Vercelli: Produzione di rifiuti urbani sale da 566,49 a 610,68 nel periodo 2024.	481.28592|542.3334117|539.464513|504.8147235|492.791401|575.0571278|597.6604482|591.5969364|604.8000795|661.4560309|566.4941456|610.6764635				Pilastro GREEN: Economia circolare.¦Serie ufficiale acquisita automaticamente da ISTAT - Ambiente urbano.¦Ultima variazione: +44.18; intensità robusta z=1.04.¦PULSE Score: 63.1/100.¦Unità di misura dichiarata: kg/abitante.	ISTAT - Ambiente urbano	https://www.istat.it/comunicato-stampa/ambiente-urbano-anno-2024/
5e78d83d6d9c0b39		Liguria		Liguria	GREEN · Risorse idriche e suolo · Prelievi di acque minerali naturali per produzione	ANOMALIA	GREEN	63.0	SEGNALE PULSE — GREEN	2023	Liguria: Prelievi di acque minerali naturali per produzione scende da 119 a 116 nel periodo 2023.	96|87|102|108|105|96|96|119|116				Pilastro GREEN: Risorse idriche e suolo.¦Serie ufficiale acquisita automaticamente da ISTAT - Statistiche sull'acqua.¦Ultima variazione: -3; intensità robusta z=0.22.¦PULSE Score: 63.0/100.¦Unità di misura dichiarata: migliaia m³.	ISTAT - Statistiche sull'acqua	https://www.istat.it/wp-content/uploads/2026/03/Istat-GMA2026-Tavole-1.xlsx
4f864afb30b07635		Firenze		Italia	GREEN · Tutela della biodiversità · Disponibilità di verde urbano	ANOMALIA	GREEN	62.9	SEGNALE PULSE — GREEN	2024	Firenze: Disponibilità di verde urbano sale da 26,58 a 26,61 nel periodo 2024.	25.10047457|24.92720026|24.90524451|24.8908559|25.00363652|25.25210116|25.76756622|25.87936563|26.06753073|26.59669971|26.57679619|26.61484597				Pilastro GREEN: Tutela della biodiversità.¦Serie ufficiale acquisita automaticamente da ISTAT - Ambiente urbano.¦Ultima variazione: +0.03805; intensità robusta z=0.19.¦PULSE Score: 62.9/100.¦Unità di misura dichiarata: m²/abitante.	ISTAT - Ambiente urbano	https://www.istat.it/comunicato-stampa/ambiente-urbano-anno-2024/
f3a299d1526846f1		Parma		Italia	GREEN · Economia circolare · Produzione di rifiuti urbani	INVERSIONE	GREEN	62.9	SEGNALE PULSE — GREEN	2024	Parma: Produzione di rifiuti urbani sale da 553,4 a 571,73 nel periodo 2024.	537.3403597|508.0467998|531.5007318|551.3870178|548.3109933|568.6048744|572.8980181|561.4411847|573.2416704|563.7319533|553.399133|571.7338098				Pilastro GREEN: Economia circolare.¦Serie ufficiale acquisita automaticamente da ISTAT - Ambiente urbano.¦Ultima variazione: +18.33; intensità robusta z=1.06.¦PULSE Score: 62.9/100.¦Unità di misura dichiarata: kg/abitante.	ISTAT - Ambiente urbano	https://www.istat.it/comunicato-stampa/ambiente-urbano-anno-2024/
069521bca26cb9ef		Foggia		Italia	GREEN · Economia circolare · Raccolta differenziata dei rifiuti urbani	INVERSIONE	GREEN	62.9	SEGNALE PULSE — GREEN	2024	Foggia: Raccolta differenziata dei rifiuti urbani sale da 17,51 a 24,34 nel periodo 2024.	3.856291141|6.24930491|7.770780167|13.24980785|23.85630481|21.00297977|22.46092809|19.0375109|19.18691581|25.94821337|17.51414581|24.34314936				Pilastro GREEN: Economia circolare.¦Serie ufficiale acquisita automaticamente da ISTAT - Ambiente urbano.¦Ultima variazione: +6.829; intensità robusta z=1.11.¦PULSE Score: 62.9/100.¦Unità di misura dichiarata: %.	ISTAT - Ambiente urbano	https://www.istat.it/comunicato-stampa/ambiente-urbano-anno-2024/
b5180f72edfa84fd	SDMX-IT-152_879_DF_DCCV_INATTIVMENS1_1	Italia		Italia	Inattivi	ANOMALIA	GENERAL	62.8	SEGNALE PULSE — ISTATDATA	2026-08	Italia: Inattivi scende da 12.145 a 12.124 nel periodo 2026-08.		12356.4|12345.7|12428.9|12352.1|12386.6|12389.4|12457.3|12493.1|12458.8|12383.2|12285.2|12349|12290.2|12420.9|12300.3|12407.9|12466.9|12505.3|12409.5|12403.8|12476.2|12460.1|12466.4|12394.1|12408.9|12249.3|12277.9|12160.7|12145.1|12123.9			Anomalia: l'ultimo livello o la sua variazione supera la soglia robusta PULSE.¦Inattivi mensili destagionalizzati, 15-64 anni, totale sesso.¦PULSE Score: 62.8/100. Fonte: IstatData SDMX, ISTAT.	IstatData SDMX — ISTAT	https://esploradati.istat.it/SDMXWS/rest/v1/data/152_879_DF_DCCV_INATTIVMENS1_1/all/IT1?startPeriod=2024&endPeriod=2026
62e381c1e7dd8a5b		Cremona		Italia	GREEN · Tutela della biodiversità · Disponibilità di verde urbano	ANOMALIA	GREEN	62.7	SEGNALE PULSE — GREEN	2024	Cremona: Disponibilità di verde urbano scende da 33,29 a 33,27 nel periodo 2024.	32.61449759|32.49499748|32.30483277|32.28954872|32.547494|32.33718482|32.17043954|32.40585704|32.76124845|32.87437009|33.28667326|33.26857207				Pilastro GREEN: Tutela della biodiversità.¦Serie ufficiale acquisita automaticamente da ISTAT - Ambiente urbano.¦Ultima variazione: -0.0181; intensità robusta z=0.06.¦PULSE Score: 62.7/100.¦Unità di misura dichiarata: m²/abitante.	ISTAT - Ambiente urbano	https://www.istat.it/comunicato-stampa/ambiente-urbano-anno-2024/
2fb5c773025b3394		Frosinone		Italia	GREEN · Economia circolare · Produzione di rifiuti urbani	INVERSIONE	GREEN	62.7	SEGNALE PULSE — GREEN	2024	Frosinone: Produzione di rifiuti urbani sale da 489,09 a 501,21 nel periodo 2024.	577.2473222|582.7896852|578.0646853|603.4271881|603.0070975|505.6472464|498.861163|506.1101856|493.8815004|495.1880112|489.0905743|501.2143188				Pilastro GREEN: Economia circolare.¦Serie ufficiale acquisita automaticamente da ISTAT - Ambiente urbano.¦Ultima variazione: +12.12; intensità robusta z=1.33.¦PULSE Score: 62.7/100.¦Unità di misura dichiarata: kg/abitante.	ISTAT - Ambiente urbano	https://www.istat.it/comunicato-stampa/ambiente-urbano-anno-2024/
5e9c0144904fb39a		Messina		Italia	GREEN · Economia circolare · Produzione di rifiuti urbani	INVERSIONE	GREEN	62.7	SEGNALE PULSE — GREEN	2024	Messina: Produzione di rifiuti urbani sale da 434,84 a 450,51 nel periodo 2024.	475.4547391|465.243055|473.2911644|482.6418528|478.763138|506.5071235|506.2566476|493.3192308|443.4290436|453.2322364|434.8439451|450.5134347				Pilastro GREEN: Economia circolare.¦Serie ufficiale acquisita automaticamente da ISTAT - Ambiente urbano.¦Ultima variazione: +15.67; intensità robusta z=0.95.¦PULSE Score: 62.7/100.¦Unità di misura dichiarata: kg/abitante.	ISTAT - Ambiente urbano	https://www.istat.it/comunicato-stampa/ambiente-urbano-anno-2024/
39aae2ec15b383e9		Napoli		Italia	GREEN · Mobilità sostenibile · Densità di piste ciclabili	RALLENTAMENTO|ANOMALIA	GREEN	62.7	SEGNALE PULSE — GREEN	2024	Napoli: Densità di piste ciclabili sale da 19,9 a 20,1 nel periodo 2024.	16.1|16.1|16.1|16.1|19.9|20.1				Pilastro GREEN: Mobilità sostenibile.¦Serie ufficiale acquisita automaticamente da ISTAT - Ambiente urbano.¦Ultima variazione: +0.2; intensità robusta z=0.12.¦PULSE Score: 62.7/100.¦Unità di misura dichiarata: km per 100 km².	ISTAT - Ambiente urbano	https://www.istat.it/comunicato-stampa/ambiente-urbano-anno-2024/
b9b8826728b83227		L'Aquila		Italia	GREEN · Economia circolare · Produzione di rifiuti urbani	ACCELERAZIONE	GREEN	62.6	SEGNALE PULSE — GREEN	2024	L'Aquila: Produzione di rifiuti urbani scende da 488,44 a 477,82 nel periodo 2024.	494.8754681|475.9712429|473.307194|482.6726756|477.0430828|502.7777356|498.2793832|491.2806957|495.7010082|494.3152179|488.4364596|477.8192119				Pilastro GREEN: Economia circolare.¦Serie ufficiale acquisita automaticamente da ISTAT - Ambiente urbano.¦Ultima variazione: -10.62; intensità robusta z=2.51.¦PULSE Score: 62.6/100.¦Unità di misura dichiarata: kg/abitante.	ISTAT - Ambiente urbano	https://www.istat.it/comunicato-stampa/ambiente-urbano-anno-2024/
fa9ff43bd438bb9a		Biella		Italia	GREEN · Tutela della biodiversità · Disponibilità di verde urbano	ACCELERAZIONE	GREEN	62.4	SEGNALE PULSE — GREEN	2024	Biella: Disponibilità di verde urbano scende da 21,14 a 21,04 nel periodo 2024.	19.90635519|20.01378803|20.08694291|20.12180593|20.15385133|20.23532459|20.29955718|20.74913656|21.09404381|21.15970044|21.14312439|21.04320536				Pilastro GREEN: Tutela della biodiversità.¦Serie ufficiale acquisita automaticamente da ISTAT - Ambiente urbano.¦Ultima variazione: -0.09992; intensità robusta z=1.87.¦PULSE Score: 62.4/100.¦Unità di misura dichiarata: m²/abitante.	ISTAT - Ambiente urbano	https://www.istat.it/comunicato-stampa/ambiente-urbano-anno-2024/
f0680591de92c981		Bologna		Italia	GREEN · Economia circolare · Produzione di rifiuti urbani	INVERSIONE	GREEN	62.4	SEGNALE PULSE — GREEN	2024	Bologna: Produzione di rifiuti urbani sale da 520,73 a 528,67 nel periodo 2024.	523.7605206|551.294349|556.2718233|574.1472084|570.1735993|577.9569347|573.3773369|531.0445431|525.4689325|522.2467511|520.7324797|528.6656695				Pilastro GREEN: Economia circolare.¦Serie ufficiale acquisita automaticamente da ISTAT - Ambiente urbano.¦Ultima variazione: +7.933; intensità robusta z=1.01.¦PULSE Score: 62.4/100.¦Unità di misura dichiarata: kg/abitante.	ISTAT - Ambiente urbano	https://www.istat.it/comunicato-stampa/ambiente-urbano-anno-2024/
46aa2b7ee984ebfc		Bologna		Italia	GREEN · Economia circolare · Raccolta differenziata dei rifiuti urbani	ANOMALIA	GREEN	62.4	SEGNALE PULSE — GREEN	2024	Bologna: Raccolta differenziata dei rifiuti urbani scende da 72,91 a 72,81 nel periodo 2024.	35.70575283|38.29057386|43.57622029|45.95102034|48.20318912|51.48958333|54.15631274|55.44527207|57.23857286|63.21922558|72.91002607|72.80992359				Pilastro GREEN: Economia circolare.¦Serie ufficiale acquisita automaticamente da ISTAT - Ambiente urbano.¦Ultima variazione: -0.1001; intensità robusta z=0.09.¦PULSE Score: 62.4/100.¦Unità di misura dichiarata: %.	ISTAT - Ambiente urbano	https://www.istat.it/comunicato-stampa/ambiente-urbano-anno-2024/
d521608461d47f19		Lucca		Italia	GREEN · Mobilità sostenibile · Densità di piste ciclabili	RALLENTAMENTO|ANOMALIA	GREEN	62.4	SEGNALE PULSE — GREEN	2024	Lucca: Densità di piste ciclabili sale da 22,5 a 22,6 nel periodo 2024.	20.7|18.8|18.8|18.8|22.5|22.6				Pilastro GREEN: Mobilità sostenibile.¦Serie ufficiale acquisita automaticamente da ISTAT - Ambiente urbano.¦Ultima variazione: +0.1; intensità robusta z=0.07.¦PULSE Score: 62.4/100.¦Unità di misura dichiarata: km per 100 km².	ISTAT - Ambiente urbano	https://www.istat.it/comunicato-stampa/ambiente-urbano-anno-2024/
e4a0f548cb804d6e	SDMX-IT-150_872_DF_DCCV_TAXOCCUMENS1_1	Italia		Italia	Tasso di occupazione	INVERSIONE	GENERAL	62.3	SEGNALE PULSE — ISTATDATA	2026-08	Italia: Tasso di occupazione scende da 63,1 a 63,04 nel periodo 2026-08.		62.0967|62.1559|62.189|62.2768|62.3714|62.4222|62.4387|62.3558|62.3469|62.397|62.5747|62.6423|62.6913|62.3979|62.5253|62.6197|62.4259|62.4551|62.523|62.6298|62.5104|62.5673|62.6913|62.7563|62.7318|63.1332|63.0874|63.092|63.1019|63.0364			Inversione: l'ultima variazione cambia segno rispetto alla precedente.¦Tasso di occupazione mensile destagionalizzato, popolazione 15-64 anni, totale sesso.¦PULSE Score: 62.3/100. Fonte: IstatData SDMX, ISTAT.	IstatData SDMX — ISTAT	https://esploradati.istat.it/SDMXWS/rest/v1/data/150_872_DF_DCCV_TAXOCCUMENS1_1/all/IT1?startPeriod=2024&endPeriod=2026
8708a61b7c0e1b8d		La Spezia		Italia	GREEN · Economia circolare · Raccolta differenziata dei rifiuti urbani	INVERSIONE	GREEN	62.2	SEGNALE PULSE — GREEN	2024	La Spezia: Raccolta differenziata dei rifiuti urbani scende da 81,37 a 78,39 nel periodo 2024.	35.25465357|37.35212672|39.41159825|51.31252186|62.67213081|67.43089706|74.87830082|75.25788184|78.5221898|79.19660266|81.36673917|78.39444168				Pilastro GREEN: Economia circolare.¦Serie ufficiale acquisita automaticamente da ISTAT - Ambiente urbano.¦Ultima variazione: -2.972; intensità robusta z=0.98.¦PULSE Score: 62.2/100.¦Unità di misura dichiarata: %.	ISTAT - Ambiente urbano	https://www.istat.it/comunicato-stampa/ambiente-urbano-anno-2024/
c49ef6d0c7cbb172		Fermo		Italia	GREEN · Mobilità sostenibile · Densità di piste ciclabili	ANOMALIA	GREEN	62.2	SEGNALE PULSE — GREEN	2024	Fermo: Densità di piste ciclabili scende da 16,1 a 16 nel periodo 2024.	5.6|5.6|5.6|9.6|16.1|16				Pilastro GREEN: Mobilità sostenibile.¦Serie ufficiale acquisita automaticamente da ISTAT - Ambiente urbano.¦Ultima variazione: -0.1; intensità robusta z=0.03.¦PULSE Score: 62.2/100.¦Unità di misura dichiarata: km per 100 km².	ISTAT - Ambiente urbano	https://www.istat.it/comunicato-stampa/ambiente-urbano-anno-2024/
3391876146d60e2c		Lombardia		Lombardia	GREEN · Risorse idriche e suolo · Consumo netto annuale di suolo	INVERSIONE	GREEN	62.1	SEGNALE PULSE — GREEN	2024	Lombardia: Consumo netto annuale di suolo sale da 726,39 a 767,98 nel periodo 2024.	402.76|491.01|604.52|672.55|778.06|939.7|884.45|726.39|767.98				Pilastro GREEN: Risorse idriche e suolo.¦Serie ufficiale acquisita automaticamente da ISPRA - Consumo di suolo e indicatori territoriali.¦Ultima variazione: +41.59; intensità robusta z=1.11.¦PULSE Score: 62.1/100.¦Unità di misura dichiarata: ettari.	ISPRA - Consumo di suolo e indicatori territoriali	https://www.isprambiente.gov.it/it/attivita/suolo-e-territorio/suolo/il-consumo-di-suolo/consumo_di_suolo_estratto_dati_2025_anni_2006_2024.xlsx
55669b0aeb1ab0ff		Benevento		Italia	GREEN · Mobilità sostenibile · Densità di piste ciclabili	ANOMALIA	GREEN	62.1	SEGNALE PULSE — GREEN	2024	Benevento: Densità di piste ciclabili resta stabile da 16,9 a 16,9 nel periodo 2024.	14.5|14.5|15|16.9|16.9|16.9				Pilastro GREEN: Mobilità sostenibile.¦Serie ufficiale acquisita automaticamente da ISTAT - Ambiente urbano.¦Ultima variazione: +0; intensità robusta z=0.00.¦PULSE Score: 62.1/100.¦Unità di misura dichiarata: km per 100 km².	ISTAT - Ambiente urbano	https://www.istat.it/comunicato-stampa/ambiente-urbano-anno-2024/
600d68b0a53960be	SDMX-IT-117_266	Italia		Italia	Fiducia del commercio	INVERSIONE	GENERAL	62.0	SEGNALE PULSE — ISTATDATA	2026-09	Italia: Fiducia del commercio scende da 106,5 a 104,5 nel periodo 2026-09.		103.7|103.4|102.5|102.2|101.5|102.7|103.5|106.1|106.1|106.3|103.6|104.3|102.3|103.3|101.8|105.5|102.6|101.9|105|107.1|106.9|102.4|105|100.7|101|101.3|105.6|106.4|106.5|104.5			Inversione: l'ultima variazione cambia segno rispetto alla precedente.¦Clima di fiducia del commercio al dettaglio, aggregato totale.¦PULSE Score: 62.0/100. Fonte: IstatData SDMX, ISTAT.	IstatData SDMX — ISTAT	https://esploradati.istat.it/SDMXWS/rest/v1/data/117_266/all/IT1?startPeriod=2022&endPeriod=2026
da4aab5570008174		Como		Italia	GREEN · Mobilità sostenibile · Densità di piste ciclabili	ANOMALIA	GREEN	62.0	SEGNALE PULSE — GREEN	2024	Como: Densità di piste ciclabili resta stabile da 25,1 a 25,1 nel periodo 2024.	22.4|22.4|22.4|22.4|25.1|25.1				Pilastro GREEN: Mobilità sostenibile.¦Serie ufficiale acquisita automaticamente da ISTAT - Ambiente urbano.¦Ultima variazione: +0; intensità robusta z=0.00.¦PULSE Score: 62.0/100.¦Unità di misura dichiarata: km per 100 km².	ISTAT - Ambiente urbano	https://www.istat.it/comunicato-stampa/ambiente-urbano-anno-2024/
4b657d4eb31c3146	SDMX-IT-152_878_DF_DCCV_TAXINATTMENS1_1	Italia		Italia	Tasso di inattività	ANOMALIA	GENERAL	61.9	SEGNALE PULSE — ISTATDATA	2026-08	Italia: Tasso di inattività scende da 32,77 a 32,71 nel periodo 2026-08.		33.2292|33.18|33.3864|33.1614|33.2373|33.2472|33.4319|33.5282|33.434|33.2309|32.9878|33.1708|33.0152|33.3766|33.0549|33.349|33.5474|33.654|33.4044|33.3922|33.5881|33.5479|33.5709|33.383|33.4257|33.0011|33.0843|32.7741|32.7691|32.714			Anomalia: l'ultimo livello o la sua variazione supera la soglia robusta PULSE.¦Tasso di inattività mensile destagionalizzato, popolazione 15-64 anni, totale sesso.¦PULSE Score: 61.9/100. Fonte: IstatData SDMX, ISTAT.	IstatData SDMX — ISTAT	https://esploradati.istat.it/SDMXWS/rest/v1/data/152_878_DF_DCCV_TAXINATTMENS1_1/all/IT1?startPeriod=2024&endPeriod=2026
6f52cf8e6084f552		Toscana		Toscana	GREEN · Risorse idriche e suolo · Consumo netto annuale di suolo	INVERSIONE	GREEN	61.9	SEGNALE PULSE — GREEN	2024	Toscana: Consumo netto annuale di suolo scende da 336,83 a 264,72 nel periodo 2024.	311.88|147.09|277.62|307.96|248.44|290.65|270.7|336.83|264.72				Pilastro GREEN: Risorse idriche e suolo.¦Serie ufficiale acquisita automaticamente da ISPRA - Consumo di suolo e indicatori territoriali.¦Ultima variazione: -72.11; intensità robusta z=0.97.¦PULSE Score: 61.9/100.¦Unità di misura dichiarata: ettari.	ISPRA - Consumo di suolo e indicatori territoriali	https://www.isprambiente.gov.it/it/attivita/suolo-e-territorio/suolo/il-consumo-di-suolo/consumo_di_suolo_estratto_dati_2025_anni_2006_2024.xlsx
a5e8dbb2a3bdf8e7		Ancona		Italia	GREEN · Economia circolare · Produzione di rifiuti urbani	INVERSIONE	GREEN	61.6	SEGNALE PULSE — GREEN	2024	Ancona: Produzione di rifiuti urbani sale da 471,96 a 483,21 nel periodo 2024.	479.4282829|494.9501564|490.1448615|511.7898353|506.8579219|505.3673076|502.0417675|479.4466146|498.5688428|479.6816855|471.9604492|483.2108994				Pilastro GREEN: Economia circolare.¦Serie ufficiale acquisita automaticamente da ISTAT - Ambiente urbano.¦Ultima variazione: +11.25; intensità robusta z=0.82.¦PULSE Score: 61.6/100.¦Unità di misura dichiarata: kg/abitante.	ISTAT - Ambiente urbano	https://www.istat.it/comunicato-stampa/ambiente-urbano-anno-2024/
6a0948b17eb2b33f		Marche		Marche	GREEN · Risorse idriche e suolo · Consumo netto annuale di suolo	INVERSIONE	GREEN	61.5	SEGNALE PULSE — GREEN	2024	Marche: Consumo netto annuale di suolo scende da 215,65 a 171,52 nel periodo 2024.	155.74|134.31|190.42|261.36|109.84|141.51|199.97|215.65|171.52				Pilastro GREEN: Risorse idriche e suolo.¦Serie ufficiale acquisita automaticamente da ISPRA - Consumo di suolo e indicatori territoriali.¦Ultima variazione: -44.13; intensità robusta z=1.11.¦PULSE Score: 61.5/100.¦Unità di misura dichiarata: ettari.	ISPRA - Consumo di suolo e indicatori territoriali	https://www.isprambiente.gov.it/it/attivita/suolo-e-territorio/suolo/il-consumo-di-suolo/consumo_di_suolo_estratto_dati_2025_anni_2006_2024.xlsx
ba132070e683bfec		Trento		Italia	GREEN · Economia circolare · Produzione di rifiuti urbani	INVERSIONE	GREEN	61.5	SEGNALE PULSE — GREEN	2024	Trento: Produzione di rifiuti urbani sale da 424,96 a 442,24 nel periodo 2024.	449.977874|436.1011236|423.1583737|443.4568258|439.8670529|468.7302489|471.8523914|429.4589679|459.1766768|443.2648947|424.9604487|442.2393988				Pilastro GREEN: Economia circolare.¦Serie ufficiale acquisita automaticamente da ISTAT - Ambiente urbano.¦Ultima variazione: +17.28; intensità robusta z=1.09.¦PULSE Score: 61.5/100.¦Unità di misura dichiarata: kg/abitante.	ISTAT - Ambiente urbano	https://www.istat.it/comunicato-stampa/ambiente-urbano-anno-2024/
f7f45fd22521a2ec		Prato		Italia	GREEN · Economia circolare · Produzione di rifiuti urbani	INVERSIONE	GREEN	61.4	SEGNALE PULSE — GREEN	2024	Prato: Produzione di rifiuti urbani sale da 564,02 a 593,38 nel periodo 2024.	712.935341|733.51291|726.4186627|703.8806865|589.8781886|608.6282261|630.818186|578.17495|596.0820931|603.4733481|564.0178442|593.3765492				Pilastro GREEN: Economia circolare.¦Serie ufficiale acquisita automaticamente da ISTAT - Ambiente urbano.¦Ultima variazione: +29.36; intensità robusta z=0.93.¦PULSE Score: 61.4/100.¦Unità di misura dichiarata: kg/abitante.	ISTAT - Ambiente urbano	https://www.istat.it/comunicato-stampa/ambiente-urbano-anno-2024/
faf7d614d111cb6f		Avellino		Italia	GREEN · Economia circolare · Produzione di rifiuti urbani	INVERSIONE	GREEN	61.4	SEGNALE PULSE — GREEN	2024	Avellino: Produzione di rifiuti urbani sale da 417,06 a 427,34 nel periodo 2024.	463.3726481|470.6634405|491.8411908|496.422451|479.3482871|409.5183225|420.2155208|397.7934724|410.0012344|418.6655592|417.0562704|427.3401476				Pilastro GREEN: Economia circolare.¦Serie ufficiale acquisita automaticamente da ISTAT - Ambiente urbano.¦Ultima variazione: +10.28; intensità robusta z=1.00.¦PULSE Score: 61.4/100.¦Unità di misura dichiarata: kg/abitante.	ISTAT - Ambiente urbano	https://www.istat.it/comunicato-stampa/ambiente-urbano-anno-2024/
1c0f3d1fbd862351		Sud		Sud	GREEN · Risorse idriche e suolo · Prelievi di acque minerali naturali per produzione	INVERSIONE	GREEN	61.4	SEGNALE PULSE — GREEN	2023	Sud: Prelievi di acque minerali naturali per produzione sale da 4.025 a 4.336 nel periodo 2023.	3189|3341|3448|4065|4461|4540|4410|4025|4336				Pilastro GREEN: Risorse idriche e suolo.¦Serie ufficiale acquisita automaticamente da ISTAT - Statistiche sull'acqua.¦Ultima variazione: +311; intensità robusta z=0.89.¦PULSE Score: 61.4/100.¦Unità di misura dichiarata: migliaia m³.	ISTAT - Statistiche sull'acqua	https://www.istat.it/wp-content/uploads/2026/03/Istat-GMA2026-Tavole-1.xlsx
1cb46b06f449fab5		Reggio di Calabria		Italia	GREEN · Economia circolare · Raccolta differenziata dei rifiuti urbani	INVERSIONE	GREEN	61.3	SEGNALE PULSE — GREEN	2024	Reggio di Calabria: Raccolta differenziata dei rifiuti urbani scende da 42,1 a 36,78 nel periodo 2024.	7.839308815|8.562510133|16.74648721|28.29894267|31.52117214|40.94817181|46.65759402|37.60930467|34.79515522|41.16165556|42.10093998|36.77647328				Pilastro GREEN: Economia circolare.¦Serie ufficiale acquisita automaticamente da ISTAT - Ambiente urbano.¦Ultima variazione: -5.324; intensità robusta z=0.96.¦PULSE Score: 61.3/100.¦Unità di misura dichiarata: %.	ISTAT - Ambiente urbano	https://www.istat.it/comunicato-stampa/ambiente-urbano-anno-2024/
9520427145754f6b		Asti		Italia	GREEN · Economia circolare · Produzione di rifiuti urbani	INVERSIONE	GREEN	60.9	SEGNALE PULSE — GREEN	2024	Asti: Produzione di rifiuti urbani sale da 466,52 a 488,39 nel periodo 2024.	495.6801422|443.7008469|464.8277054|469.9714962|489.8050324|506.3400949|505.8234622|481.4376861|492.0365794|486.1486697|466.5191853|488.3949306				Pilastro GREEN: Economia circolare.¦Serie ufficiale acquisita automaticamente da ISTAT - Ambiente urbano.¦Ultima variazione: +21.88; intensità robusta z=0.93.¦PULSE Score: 60.9/100.¦Unità di misura dichiarata: kg/abitante.	ISTAT - Ambiente urbano	https://www.istat.it/comunicato-stampa/ambiente-urbano-anno-2024/
11e721e9ad5e4b8d		Italia		Italia	GREEN · Transizione energetica · Produzione lorda di energia elettrica da FER	ULTIMO_DATO	GREEN	60.7	ULTIMO DATO UFFICIALE — GSE	2024	Italia: Produzione lorda di energia elettrica da FER sale da 116.579 a 134.358 nel 2024.	116339|100466|116579|134358				Pilastro GREEN: Transizione energetica.¦Ultimo dato ufficiale GSE disponibile nel Rapporto Statistico FER pubblicato nel 2026.¦Confronto 2023-2024: variazione +1.778e+04 GWh (+15.3%).¦Il 2024 è il periodo statistico del dato; il 2026 è l'anno di pubblicazione del rapporto.¦Feed mantenuto tramite snapshot last-known-good verificato del medesimo documento ufficiale GSE.¦PULSE Score editoriale: 60.7/100.	GSE - Statistiche delle rinnovabili	https://www.gse.it/documenti_site/Documenti%20GSE/Rapporti%20statistici/Rapporto%20Statistico%20GSE%20-%20Energia%20da%20FER%20in%20Italia%20-%20anno%202024.pdf
96b8e8e061f8f01e		Macerata		Italia	GREEN · Tutela della biodiversità · Disponibilità di verde urbano	ACCELERAZIONE	GREEN	59.6	SEGNALE PULSE — GREEN	2024	Macerata: Disponibilità di verde urbano scende da 20,96 a 20,45 nel periodo 2024.	17.79970791|17.82438555|18.41334837|18.53307954|18.7100401|19.73608918|20.14825154|20.21228356|20.83736609|20.97672754|20.95681776|20.45133932				Pilastro GREEN: Tutela della biodiversità.¦Serie ufficiale acquisita automaticamente da ISTAT - Ambiente urbano.¦Ultima variazione: -0.5055; intensità robusta z=2.19.¦PULSE Score: 59.6/100.¦Unità di misura dichiarata: m²/abitante.	ISTAT - Ambiente urbano	https://www.istat.it/comunicato-stampa/ambiente-urbano-anno-2024/
dcc630e1a0f2e841	SDMX-IT-6_64_DF_DCSC_IESI_2	Italia		Italia	Clima di fiducia delle imprese	INVERSIONE	GENERAL	59.3	SEGNALE PULSE — ISTATDATA	2026-09	Italia: Clima di fiducia delle imprese scende da 97 a 95,9 nel periodo 2026-09.		96.2|95.4|94.6|94.3|94.7|95.7|93.4|92.9|95|95.3|94.5|93.2|91.8|93.4|94.1|93.8|93.6|93.8|94.4|96|96.4|97.5|97.3|97.3|95.3|94.3|95.3|95.7|97|95.9			Inversione: l'ultima variazione cambia segno rispetto alla precedente.¦Clima di fiducia delle imprese, base 2021.¦PULSE Score: 59.3/100. Fonte: IstatData SDMX, ISTAT.	IstatData SDMX — ISTAT	https://esploradati.istat.it/SDMXWS/rest/v1/data/6_64_DF_DCSC_IESI_2/all/IT1?startPeriod=2022&endPeriod=2026
b200fe714ad2c060		Imperia		Italia	GREEN · Economia circolare · Produzione di rifiuti urbani	ACCELERAZIONE	GREEN	59.2	SEGNALE PULSE — GREEN	2024	Imperia: Produzione di rifiuti urbani sale da 464,48 a 493,79 nel periodo 2024.	510.6473299|519.9906258|513.1330243|513.7744034|524.830247|536.6816749|456.9049671|447.2618281|466.6694557|463.8131778|464.484342|493.794052				Pilastro GREEN: Economia circolare.¦Serie ufficiale acquisita automaticamente da ISTAT - Ambiente urbano.¦Ultima variazione: +29.31; intensità robusta z=2.08.¦PULSE Score: 59.2/100.¦Unità di misura dichiarata: kg/abitante.	ISTAT - Ambiente urbano	https://www.istat.it/comunicato-stampa/ambiente-urbano-anno-2024/
15fee7f8f49bdf29		Nord (*)		Italia	GREEN · Economia circolare · Produzione di rifiuti urbani	ACCELERAZIONE	GREEN	59.0	SEGNALE PULSE — GREEN	2024	Nord (*): Produzione di rifiuti urbani sale da 526,33 a 544,54 nel periodo 2024.	544.9335168|542.8839723|540.3468328|547.9561022|540.6885669|549.6165993|549.3024619|512.1388389|525.6529793|521.9548019|526.3298919|544.5375278				Pilastro GREEN: Economia circolare.¦Serie ufficiale acquisita automaticamente da ISTAT - Ambiente urbano.¦Ultima variazione: +18.21; intensità robusta z=2.11.¦PULSE Score: 59.0/100.¦Unità di misura dichiarata: kg/abitante.	ISTAT - Ambiente urbano	https://www.istat.it/comunicato-stampa/ambiente-urbano-anno-2024/
1caaf9121779e43e		Italia		Italia	GREEN · Transizione energetica · Quota FER sulla produzione elettrica complessiva	ULTIMO_DATO	GREEN	58.9	ULTIMO DATO UFFICIALE — GSE	2024	Italia: Quota FER sulla produzione elettrica complessiva sale da 44 a 49,6 nel 2024.	40.2|35.4|44|49.6				Pilastro GREEN: Transizione energetica.¦Ultimo dato ufficiale GSE disponibile nel Rapporto Statistico FER pubblicato nel 2026.¦Confronto 2023-2024: variazione +5.6 % (+12.7%).¦Il 2024 è il periodo statistico del dato; il 2026 è l'anno di pubblicazione del rapporto.¦Feed mantenuto tramite snapshot last-known-good verificato del medesimo documento ufficiale GSE.¦PULSE Score editoriale: 58.9/100.	GSE - Statistiche delle rinnovabili	https://www.gse.it/documenti_site/Documenti%20GSE/Rapporti%20statistici/Rapporto%20Statistico%20GSE%20-%20Energia%20da%20FER%20in%20Italia%20-%20anno%202024.pdf
03bc5237f3a4ce52		Fermo		Italia	GREEN · Economia circolare · Produzione di rifiuti urbani	ACCELERAZIONE	GREEN	58.6	SEGNALE PULSE — GREEN	2024	Fermo: Produzione di rifiuti urbani sale da 543,87 a 568,6 nel periodo 2024.	548.2472928|477.6320337|459.0119462|612.1716851|536.4806396|521.2761584|514.9170977|519.8191285|531.5778669|532.0137535|543.8653752|568.5984155				Pilastro GREEN: Economia circolare.¦Serie ufficiale acquisita automaticamente da ISTAT - Ambiente urbano.¦Ultima variazione: +24.73; intensità robusta z=1.13.¦PULSE Score: 58.6/100.¦Unità di misura dichiarata: kg/abitante.	ISTAT - Ambiente urbano	https://www.istat.it/comunicato-stampa/ambiente-urbano-anno-2024/
f0571a4758341a7c		Cuneo		Italia	GREEN · Economia circolare · Produzione di rifiuti urbani	ACCELERAZIONE	GREEN	58.5	SEGNALE PULSE — GREEN	2024	Cuneo: Produzione di rifiuti urbani sale da 510,38 a 540,07 nel periodo 2024.	592.3216921|494.1432305|500.5543116|508.7082604|493.788391|531.3190293|527.9080611|491.2432023|518.4023559|505.7863035|510.3797491|540.0707473				Pilastro GREEN: Economia circolare.¦Serie ufficiale acquisita automaticamente da ISTAT - Ambiente urbano.¦Ultima variazione: +29.69; intensità robusta z=1.39.¦PULSE Score: 58.5/100.¦Unità di misura dichiarata: kg/abitante.	ISTAT - Ambiente urbano	https://www.istat.it/comunicato-stampa/ambiente-urbano-anno-2024/
2a36ed99983fc1d1		Lecce		Italia	GREEN · Economia circolare · Produzione di rifiuti urbani	ACCELERAZIONE	GREEN	58.5	SEGNALE PULSE — GREEN	2024	Lecce: Produzione di rifiuti urbani sale da 549,45 a 570,86 nel periodo 2024.	590.7297166|601.0937961|597.297636|518.0868308|504.298338|518.2771688|515.7297877|497.4927846|505.6111053|545.2772483|549.452358|570.861455				Pilastro GREEN: Economia circolare.¦Serie ufficiale acquisita automaticamente da ISTAT - Ambiente urbano.¦Ultima variazione: +21.41; intensità robusta z=1.27.¦PULSE Score: 58.5/100.¦Unità di misura dichiarata: kg/abitante.	ISTAT - Ambiente urbano	https://www.istat.it/comunicato-stampa/ambiente-urbano-anno-2024/
fae1157acedbf069		Italia		Italia	GREEN · Transizione energetica · Potenza efficiente lorda degli impianti elettrici FER	ULTIMO_DATO	GREEN	58.0	ULTIMO DATO UFFICIALE — GSE	2024	Italia: Potenza efficiente lorda degli impianti elettrici FER sale da 66.825 a 74.509 nel 2024.	57979|61055|66825|74509				Pilastro GREEN: Transizione energetica.¦Ultimo dato ufficiale GSE disponibile nel Rapporto Statistico FER pubblicato nel 2026.¦Confronto 2023-2024: variazione +7684 MW (+11.5%).¦Il 2024 è il periodo statistico del dato; il 2026 è l'anno di pubblicazione del rapporto.¦Feed mantenuto tramite snapshot last-known-good verificato del medesimo documento ufficiale GSE.¦PULSE Score editoriale: 58.0/100.	GSE - Statistiche delle rinnovabili	https://www.gse.it/documenti_site/Documenti%20GSE/Rapporti%20statistici/Rapporto%20Statistico%20GSE%20-%20Energia%20da%20FER%20in%20Italia%20-%20anno%202024.pdf
5f7d4488adc4888a		Nord-ovest (*)		Italia	GREEN · Economia circolare · Produzione di rifiuti urbani	ACCELERAZIONE	GREEN	57.8	SEGNALE PULSE — GREEN	2024	Nord-ovest (*): Produzione di rifiuti urbani sale da 491,99 a 503,54 nel periodo 2024.	511.1868508|510.7413527|510.7036138|508.535401|500.1246135|509.5294501|509.816591|472.1969032|490.5499084|485.3485889|491.9918072|503.5416138				Pilastro GREEN: Economia circolare.¦Serie ufficiale acquisita automaticamente da ISTAT - Ambiente urbano.¦Ultima variazione: +11.55; intensità robusta z=1.32.¦PULSE Score: 57.8/100.¦Unità di misura dichiarata: kg/abitante.	ISTAT - Ambiente urbano	https://www.istat.it/comunicato-stampa/ambiente-urbano-anno-2024/
e40b6728ad439e81		Milano		Italia	GREEN · Economia circolare · Produzione di rifiuti urbani	RALLENTAMENTO	GREEN	57.7	SEGNALE PULSE — GREEN	2024	Milano: Produzione di rifiuti urbani sale da 477,59 a 480,55 nel periodo 2024.	497.1461508|500.5969736|496.3351896|500.2278941|492.4422428|498.5484097|504.9616055|437.5772289|461.7570523|469.0866321|477.5944634|480.5459673				Pilastro GREEN: Economia circolare.¦Serie ufficiale acquisita automaticamente da ISTAT - Ambiente urbano.¦Ultima variazione: +2.952; intensità robusta z=0.68.¦PULSE Score: 57.7/100.¦Unità di misura dichiarata: kg/abitante.	ISTAT - Ambiente urbano	https://www.istat.it/comunicato-stampa/ambiente-urbano-anno-2024/
e9e9d968316f1103		Sondrio		Italia	GREEN · Tutela della biodiversità · Disponibilità di verde urbano	ACCELERAZIONE	GREEN	57.4	SEGNALE PULSE — GREEN	2024	Sondrio: Disponibilità di verde urbano scende da 303,07 a 301,64 nel periodo 2024.	291.8659021|292.627989|294.496119|296.1373643|297.564058|297.3978599|298.1574792|300.8610792|303.3083455|303.8243467|303.0724303|301.6433799				Pilastro GREEN: Tutela della biodiversità.¦Serie ufficiale acquisita automaticamente da ISTAT - Ambiente urbano.¦Ultima variazione: -1.429; intensità robusta z=1.43.¦PULSE Score: 57.4/100.¦Unità di misura dichiarata: m²/abitante.	ISTAT - Ambiente urbano	https://www.istat.it/comunicato-stampa/ambiente-urbano-anno-2024/
67bcd3154e8c4b41		Italia		Italia	GREEN · Transizione energetica · Importazioni di energia elettrica	ULTIMO_DATO	GREEN	56.7	ULTIMO DATO UFFICIALE — TERNA	2025	Italia: Importazioni di energia elettrica scende da 55,94 a 51,8 nel 2025.	55.93952484|51.8				Pilastro GREEN: Transizione energetica.¦Ultimo dato ufficiale annuale pubblicato dall'Ufficio Statistico di Terna.¦Confronto 2024-2025: variazione -7.4% dichiarata da Terna.¦Il valore 2024 è ricostruito esclusivamente dalla variazione percentuale ufficiale pubblicata insieme al valore 2025.¦PULSE Score editoriale: 56.7/100.	Terna - Portale Dati del sistema elettrico	https://www.terna.it/it/sistema-elettrico/statistiche/pubblicazioni-statistiche/r/nguarda
3d891484add31a47		Brescia		Italia	GREEN · Economia circolare · Produzione di rifiuti urbani	ACCELERAZIONE	GREEN	56.2	SEGNALE PULSE — GREEN	2024	Brescia: Produzione di rifiuti urbani sale da 519,49 a 562,03 nel periodo 2024.	685.2901057|703.3182495|730.9205554|702.8243186|595.0202949|589.5655513|582.2041613|562.4323196|573.2804456|506.9851097|519.4928381|562.0294791				Pilastro GREEN: Economia circolare.¦Serie ufficiale acquisita automaticamente da ISTAT - Ambiente urbano.¦Ultima variazione: +42.54; intensità robusta z=1.41.¦PULSE Score: 56.2/100.¦Unità di misura dichiarata: kg/abitante.	ISTAT - Ambiente urbano	https://www.istat.it/comunicato-stampa/ambiente-urbano-anno-2024/
75731e65a077ff90		Lucca		Italia	GREEN · Economia circolare · Produzione di rifiuti urbani	ACCELERAZIONE	GREEN	55.9	SEGNALE PULSE — GREEN	2024	Lucca: Produzione di rifiuti urbani scende da 642 a 625,58 nel periodo 2024.	684.7342718|662.1929648|643.2178779|613.3628869|591.2798617|672.7582276|671.7686456|639.6076064|651.091339|646.2608705|642.0008969|625.5836082				Pilastro GREEN: Economia circolare.¦Serie ufficiale acquisita automaticamente da ISTAT - Ambiente urbano.¦Ultima variazione: -16.42; intensità robusta z=1.03.¦PULSE Score: 55.9/100.¦Unità di misura dichiarata: kg/abitante.	ISTAT - Ambiente urbano	https://www.istat.it/comunicato-stampa/ambiente-urbano-anno-2024/
eda85388d03e39a1		Centro (*)		Italia	GREEN · Economia circolare · Produzione di rifiuti urbani	ACCELERAZIONE	GREEN	55.8	SEGNALE PULSE — GREEN	2024	Centro (*): Produzione di rifiuti urbani sale da 573,47 a 586,09 nel periodo 2024.	628.1283512|617.8700052|604.7697667|609.0767106|597.4078941|607.8523903|599.9773641|552.6297968|575.582388|573.0613578|573.465108|586.0868341				Pilastro GREEN: Economia circolare.¦Serie ufficiale acquisita automaticamente da ISTAT - Ambiente urbano.¦Ultima variazione: +12.62; intensità robusta z=1.18.¦PULSE Score: 55.8/100.¦Unità di misura dichiarata: kg/abitante.	ISTAT - Ambiente urbano	https://www.istat.it/comunicato-stampa/ambiente-urbano-anno-2024/
2131e0113bdd4fc4		Centro (*)		Italia	GREEN · Tutela della biodiversità · Disponibilità di verde urbano	RALLENTAMENTO	GREEN	55.6	SEGNALE PULSE — GREEN	2024	Centro (*): Disponibilità di verde urbano sale da 28,07 a 28,11 nel periodo 2024.	27.27173792|27.11788816|27.07711564|27.01272614|26.98725141|27.06606453|27.32004492|27.51674038|27.77518867|27.95293304|28.06985123|28.11423472				Pilastro GREEN: Tutela della biodiversità.¦Serie ufficiale acquisita automaticamente da ISTAT - Ambiente urbano.¦Ultima variazione: +0.04438; intensità robusta z=0.23.¦PULSE Score: 55.6/100.¦Unità di misura dichiarata: m²/abitante.	ISTAT - Ambiente urbano	https://www.istat.it/comunicato-stampa/ambiente-urbano-anno-2024/
94e6a6736648c477		Italia		Italia	GREEN · Transizione energetica · Potenza efficiente lorda del sistema elettrico	ULTIMO_DATO	GREEN	55.4	ULTIMO DATO UFFICIALE — TERNA	2025	Italia: Potenza efficiente lorda del sistema elettrico sale da 137,64 a 145,9 nel 2025.	137.6415094|145.9				Pilastro GREEN: Transizione energetica.¦Ultimo dato ufficiale annuale pubblicato dall'Ufficio Statistico di Terna.¦Confronto 2024-2025: variazione +6.0% dichiarata da Terna.¦Il valore 2024 è ricostruito esclusivamente dalla variazione percentuale ufficiale pubblicata insieme al valore 2025.¦PULSE Score editoriale: 55.4/100.	Terna - Portale Dati del sistema elettrico	https://www.terna.it/it/sistema-elettrico/statistiche/pubblicazioni-statistiche/r/nguarda
85af4fcefadb6220	SDMX-IT-122_54_DF_DCSC_TUR_3	Italia		Italia	Arrivi turistici	ULTIMO_DATO	GENERAL	55.2	ULTIMO DATO UFFICIALE — ISTATDATA	2026-07	Italia: Arrivi turistici sale da 18,24 mln a 20,76 mln nel periodo 2026-07.		6.82756e+06|8.68291e+06|1.04839e+07|1.37008e+07|1.61587e+07|1.86964e+07|1.93174e+07|1.46417e+07|1.08049e+07|6.89435e+06|7.17772e+06|6.99121e+06|7.34085e+06|8.85165e+06|1.25672e+07|1.55657e+07|1.91854e+07|2.13282e+07|2.22816e+07|1.71676e+07|1.30848e+07|7.64384e+06|8.75739e+06|6.66938e+06|7.36548e+06|8.92854e+06|1.27851e+07|1.5912e+07|1.82436e+07|2.07605e+07			Ultimo dato ufficiale: nuova osservazione disponibile nella serie ISTATData; non è necessario che scatti uno dei sei pattern PULSE per entrare nel notiziario.¦Arrivi mensili complessivi negli esercizi ricettivi, ospiti residenti e non residenti.¦PULSE Score: 55.2/100. Fonte: IstatData SDMX, ISTAT.	IstatData SDMX — ISTAT	https://esploradati.istat.it/SDMXWS/rest/v1/data/122_54_DF_DCSC_TUR_3/all/IT1?startPeriod=2022&endPeriod=2026
c854b7a577ad98c4		Veneto		Veneto	GREEN · Economia circolare · Raccolta differenziata dei rifiuti urbani	RALLENTAMENTO	GREEN	55.2	SEGNALE PULSE — GREEN	2024	Veneto: Raccolta differenziata dei rifiuti urbani sale da 77,65 a 78,16 nel periodo 2024.	68.79535463|72.90531198|73.64575874|73.75186935|74.69832279|76.11264654|76.1786441|76.22344594|77.65142482|78.15531539				Pilastro GREEN: Economia circolare.¦Serie ufficiale acquisita automaticamente da ISPRA - Catasto nazionale rifiuti.¦Ultima variazione: +0.5039; intensità robusta z=0.51.¦PULSE Score: 55.2/100.¦Unità di misura dichiarata: %.	ISPRA - Catasto nazionale rifiuti	https://www.catasto-rifiuti.isprambiente.it/index.php?advice=si&pg=downloadComune
17b700140bba5541		Isole (*)		Italia	GREEN · Economia circolare · Raccolta differenziata dei rifiuti urbani	RALLENTAMENTO	GREEN	55.1	SEGNALE PULSE — GREEN	2024	Isole (*): Raccolta differenziata dei rifiuti urbani sale da 41,77 a 42,03 nel periodo 2024.	15.3584446|14.98721414|15.40470784|15.95275991|17.76280085|21.10170653|29.82560791|32.0190062|34.12897123|38.15990314|41.77440574|42.0347642				Pilastro GREEN: Economia circolare.¦Serie ufficiale acquisita automaticamente da ISTAT - Ambiente urbano.¦Ultima variazione: +0.2604; intensità robusta z=0.11.¦PULSE Score: 55.1/100.¦Unità di misura dichiarata: %.	ISTAT - Ambiente urbano	https://www.istat.it/comunicato-stampa/ambiente-urbano-anno-2024/
28ddda4e275975c4		Milano		Italia	GREEN · Mobilità sostenibile · Densità di piste ciclabili	RALLENTAMENTO	GREEN	55.0	SEGNALE PULSE — GREEN	2024	Milano: Densità di piste ciclabili sale da 180,6 a 182,6 nel periodo 2024.	123.3|161.3|164|171.7|180.6|182.6				Pilastro GREEN: Mobilità sostenibile.¦Serie ufficiale acquisita automaticamente da ISTAT - Ambiente urbano.¦Ultima variazione: +2; intensità robusta z=0.44.¦PULSE Score: 55.0/100.¦Unità di misura dichiarata: km per 100 km².	ISTAT - Ambiente urbano	https://www.istat.it/comunicato-stampa/ambiente-urbano-anno-2024/
60ae16fef85fd15a		Ascoli Piceno		Italia	GREEN · Economia circolare · Produzione di rifiuti urbani	ACCELERAZIONE	GREEN	54.6	SEGNALE PULSE — GREEN	2024	Ascoli Piceno: Produzione di rifiuti urbani sale da 504,32 a 521,32 nel periodo 2024.	518.098086|534.0391833|531.2769048|547.9448012|536.6568137|482.5593643|485.903337|474.295515|508.7772321|499.2492561|504.3206164|521.3165059				Pilastro GREEN: Economia circolare.¦Serie ufficiale acquisita automaticamente da ISTAT - Ambiente urbano.¦Ultima variazione: +17; intensità robusta z=0.98.¦PULSE Score: 54.6/100.¦Unità di misura dichiarata: kg/abitante.	ISTAT - Ambiente urbano	https://www.istat.it/comunicato-stampa/ambiente-urbano-anno-2024/
4e1eac496d3a9799		Torino		Italia	GREEN · Economia circolare · Raccolta differenziata dei rifiuti urbani	RALLENTAMENTO	GREEN	54.0	SEGNALE PULSE — GREEN	2024	Torino: Raccolta differenziata dei rifiuti urbani sale da 57,15 a 57,35 nel periodo 2024.	43.83005772|41.56224923|42.42144456|42.05456571|44.66600962|46.58184593|47.66984976|50.77319648|53.33949664|54.41814181|57.14875111|57.35317486				Pilastro GREEN: Economia circolare.¦Serie ufficiale acquisita automaticamente da ISTAT - Ambiente urbano.¦Ultima variazione: +0.2044; intensità robusta z=0.13.¦PULSE Score: 54.0/100.¦Unità di misura dichiarata: %.	ISTAT - Ambiente urbano	https://www.istat.it/comunicato-stampa/ambiente-urbano-anno-2024/
7000422296a6f5bf		Novara		Italia	GREEN · Economia circolare · Raccolta differenziata dei rifiuti urbani	RALLENTAMENTO	GREEN	53.9	SEGNALE PULSE — GREEN	2024	Novara: Raccolta differenziata dei rifiuti urbani scende da 77,17 a 77,03 nel periodo 2024.	69.12808596|67.38057591|67.81636453|71.00737421|71.57602582|72.69344397|73.92582467|74.26541057|73.72505671|79.47983498|77.16721576|77.03119885				Pilastro GREEN: Economia circolare.¦Serie ufficiale acquisita automaticamente da ISTAT - Ambiente urbano.¦Ultima variazione: -0.136; intensità robusta z=0.10.¦PULSE Score: 53.9/100.¦Unità di misura dichiarata: %.	ISTAT - Ambiente urbano	https://www.istat.it/comunicato-stampa/ambiente-urbano-anno-2024/
b209628d5ffe6d67		Liguria		Liguria	GREEN · Risorse idriche e suolo · Consumo netto annuale di suolo	RALLENTAMENTO	GREEN	53.8	SEGNALE PULSE — GREEN	2024	Liguria: Consumo netto annuale di suolo scende da 27,86 a 23,27 nel periodo 2024.	20|22.68|40.63|54.08|34.5|39.37|41.73|27.86|23.27				Pilastro GREEN: Risorse idriche e suolo.¦Serie ufficiale acquisita automaticamente da ISPRA - Consumo di suolo e indicatori territoriali.¦Ultima variazione: -4.59; intensità robusta z=0.29.¦PULSE Score: 53.8/100.¦Unità di misura dichiarata: ettari.	ISPRA - Consumo di suolo e indicatori territoriali	https://www.isprambiente.gov.it/it/attivita/suolo-e-territorio/suolo/il-consumo-di-suolo/consumo_di_suolo_estratto_dati_2025_anni_2006_2024.xlsx
40cc1ceeefb3d483		Arezzo		Italia	GREEN · Tutela della biodiversità · Disponibilità di verde urbano	RALLENTAMENTO	GREEN	53.6	SEGNALE PULSE — GREEN	2024	Arezzo: Disponibilità di verde urbano sale da 30,06 a 30,07 nel periodo 2024.	28.64179974|28.71042564|28.8386642|29.05355648|29.12038746|29.21638198|29.29776052|29.46399362|29.8719254|30.00145923|30.06165971|30.0703909				Pilastro GREEN: Tutela della biodiversità.¦Serie ufficiale acquisita automaticamente da ISTAT - Ambiente urbano.¦Ultima variazione: +0.008731; intensità robusta z=0.13.¦PULSE Score: 53.6/100.¦Unità di misura dichiarata: m²/abitante.	ISTAT - Ambiente urbano	https://www.istat.it/comunicato-stampa/ambiente-urbano-anno-2024/
d79553c1b3a3ea37		Roma		Italia	GREEN · Economia circolare · Produzione di rifiuti urbani	ACCELERAZIONE	GREEN	53.6	SEGNALE PULSE — GREEN	2024	Roma: Produzione di rifiuti urbani sale da 581,72 a 597,5 nel periodo 2024.	639.8777575|621.204743|603.5497556|602.8066214|599.758087|613.3791801|601.1845827|548.1900834|576.0513319|578.5644237|581.7196193|597.4963471				Pilastro GREEN: Economia circolare.¦Serie ufficiale acquisita automaticamente da ISTAT - Ambiente urbano.¦Ultima variazione: +15.78; intensità robusta z=0.82.¦PULSE Score: 53.6/100.¦Unità di misura dichiarata: kg/abitante.	ISTAT - Ambiente urbano	https://www.istat.it/comunicato-stampa/ambiente-urbano-anno-2024/
bad3325f0cfa3a67		Campania		Campania	GREEN · Risorse idriche e suolo · Prelievi di acque minerali naturali per produzione	RALLENTAMENTO	GREEN	53.6	SEGNALE PULSE — GREEN	2023	Campania: Prelievi di acque minerali naturali per produzione scende da 2.049 a 1.937 nel periodo 2023.	1364|1479|1505|1827|1968|2016|2389|2049|1937				Pilastro GREEN: Risorse idriche e suolo.¦Serie ufficiale acquisita automaticamente da ISTAT - Statistiche sull'acqua.¦Ultima variazione: -112; intensità robusta z=0.85.¦PULSE Score: 53.6/100.¦Unità di misura dichiarata: migliaia m³.	ISTAT - Statistiche sull'acqua	https://www.istat.it/wp-content/uploads/2026/03/Istat-GMA2026-Tavole-1.xlsx
9c3a58a8fbaefd7c		Roma		Italia	GREEN · Tutela della biodiversità · Disponibilità di verde urbano	RALLENTAMENTO	GREEN	53.5	SEGNALE PULSE — GREEN	2024	Roma: Disponibilità di verde urbano sale da 17,18 a 17,2 nel periodo 2024.	16.55949022|16.40317037|16.33881642|16.242|16.18616023|16.23016878|16.54488433|16.74217333|16.92193931|16.98975572|17.1760545|17.20110157				Pilastro GREEN: Tutela della biodiversità.¦Serie ufficiale acquisita automaticamente da ISTAT - Ambiente urbano.¦Ultima variazione: +0.02505; intensità robusta z=0.13.¦PULSE Score: 53.5/100.¦Unità di misura dichiarata: m²/abitante.	ISTAT - Ambiente urbano	https://www.istat.it/comunicato-stampa/ambiente-urbano-anno-2024/
d2428632207f0d58		Molise		Molise	GREEN · Economia circolare · Raccolta differenziata dei rifiuti urbani	RALLENTAMENTO	GREEN	53.4	SEGNALE PULSE — GREEN	2024	Molise: Raccolta differenziata dei rifiuti urbani sale da 60,98 a 61,92 nel periodo 2024.	26.3716504|28.81347298|30.94078027|38.62700309|50.71706689|55.52288461|58.98142261|58.56717893|60.98169133|61.9150289				Pilastro GREEN: Economia circolare.¦Serie ufficiale acquisita automaticamente da ISPRA - Catasto nazionale rifiuti.¦Ultima variazione: +0.9333; intensità robusta z=0.47.¦PULSE Score: 53.4/100.¦Unità di misura dichiarata: %.	ISPRA - Catasto nazionale rifiuti	https://www.catasto-rifiuti.isprambiente.it/index.php?advice=si&pg=downloadComune
849e7183c46e8e18		Brindisi		Italia	GREEN · Economia circolare · Produzione di rifiuti urbani	RALLENTAMENTO	GREEN	53.4	SEGNALE PULSE — GREEN	2024	Brindisi: Produzione di rifiuti urbani scende da 487,59 a 485,29 nel periodo 2024.	492.9919733|491.4746341|504.0134895|508.284102|489.8499786|495.6289339|492.8992947|494.782088|519.2287748|541.7865223|487.5897349|485.2911517				Pilastro GREEN: Economia circolare.¦Serie ufficiale acquisita automaticamente da ISTAT - Ambiente urbano.¦Ultima variazione: -2.299; intensità robusta z=0.20.¦PULSE Score: 53.4/100.¦Unità di misura dichiarata: kg/abitante.	ISTAT - Ambiente urbano	https://www.istat.it/comunicato-stampa/ambiente-urbano-anno-2024/
ac03655527b1da70		Forlì		Italia	GREEN · Mobilità sostenibile · Densità di piste ciclabili	RALLENTAMENTO	GREEN	53.4	SEGNALE PULSE — GREEN	2024	Forlì: Densità di piste ciclabili sale da 62,9 a 63,3 nel periodo 2024.	53.4|54.2|57.4|58.2|62.9|63.3				Pilastro GREEN: Mobilità sostenibile.¦Serie ufficiale acquisita automaticamente da ISTAT - Ambiente urbano.¦Ultima variazione: +0.4; intensità robusta z=0.22.¦PULSE Score: 53.4/100.¦Unità di misura dichiarata: km per 100 km².	ISTAT - Ambiente urbano	https://www.istat.it/comunicato-stampa/ambiente-urbano-anno-2024/
7025480b719c224b		Pisa		Italia	GREEN · Economia circolare · Produzione di rifiuti urbani	RALLENTAMENTO	GREEN	53.3	SEGNALE PULSE — GREEN	2024	Pisa: Produzione di rifiuti urbani sale da 791,03 a 801,79 nel periodo 2024.	775.3359118|798.1749695|806.9793477|798.2629727|714.0589031|732.6178574|742.5352963|679.4736146|725.661353|753.4000146|791.0270744|801.7890769				Pilastro GREEN: Economia circolare.¦Serie ufficiale acquisita automaticamente da ISTAT - Ambiente urbano.¦Ultima variazione: +10.76; intensità robusta z=0.40.¦PULSE Score: 53.3/100.¦Unità di misura dichiarata: kg/abitante.	ISTAT - Ambiente urbano	https://www.istat.it/comunicato-stampa/ambiente-urbano-anno-2024/
4a6468764069b20a		Brindisi		Italia	GREEN · Economia circolare · Raccolta differenziata dei rifiuti urbani	RALLENTAMENTO	GREEN	53.2	SEGNALE PULSE — GREEN	2024	Brindisi: Raccolta differenziata dei rifiuti urbani scende da 39,51 a 37,11 nel periodo 2024.	29.74179258|31.51940847|27.52906822|27.29358475|27.39871895|50.97629927|48.11595982|47.68904194|44.79090315|45.30680909|39.5090871|37.10847291				Pilastro GREEN: Economia circolare.¦Serie ufficiale acquisita automaticamente da ISTAT - Ambiente urbano.¦Ultima variazione: -2.401; intensità robusta z=0.70.¦PULSE Score: 53.2/100.¦Unità di misura dichiarata: %.	ISTAT - Ambiente urbano	https://www.istat.it/comunicato-stampa/ambiente-urbano-anno-2024/
573ca09b4f2be611		Sardegna		Sardegna	GREEN · Risorse idriche e suolo · Prelievi di acque minerali naturali per produzione	RALLENTAMENTO	GREEN	53.2	SEGNALE PULSE — GREEN	2023	Sardegna: Prelievi di acque minerali naturali per produzione sale da 402 a 414 nel periodo 2023.	246|233|520|345|367|386|354|402|414				Pilastro GREEN: Risorse idriche e suolo.¦Serie ufficiale acquisita automaticamente da ISTAT - Statistiche sull'acqua.¦Ultima variazione: +12; intensità robusta z=0.25.¦PULSE Score: 53.2/100.¦Unità di misura dichiarata: migliaia m³.	ISTAT - Statistiche sull'acqua	https://www.istat.it/wp-content/uploads/2026/03/Istat-GMA2026-Tavole-1.xlsx
1e3032c3982ef735		Prato		Italia	GREEN · Tutela della biodiversità · Disponibilità di verde urbano	RALLENTAMENTO	GREEN	53.0	SEGNALE PULSE — GREEN	2024	Prato: Disponibilità di verde urbano scende da 27,71 a 27,66 nel periodo 2024.	27.97596093|27.92655772|27.92407755|27.78040009|27.70193414|27.67920405|27.89117558|27.34926055|27.46615804|27.82343626|27.71430968|27.66227657				Pilastro GREEN: Tutela della biodiversità.¦Serie ufficiale acquisita automaticamente da ISTAT - Ambiente urbano.¦Ultima variazione: -0.05203; intensità robusta z=0.39.¦PULSE Score: 53.0/100.¦Unità di misura dichiarata: m²/abitante.	ISTAT - Ambiente urbano	https://www.istat.it/comunicato-stampa/ambiente-urbano-anno-2024/
f0ffb15c59685882		Teramo		Italia	GREEN · Economia circolare · Produzione di rifiuti urbani	RALLENTAMENTO	GREEN	52.9	SEGNALE PULSE — GREEN	2024	Teramo: Produzione di rifiuti urbani sale da 431,6 a 435,27 nel periodo 2024.	425.6039239|426.9842805|435.4981906|422.9500861|401.8139973|406.8613698|392.9805885|424.283055|421.4469207|411.2515097|431.5958559|435.2719171				Pilastro GREEN: Economia circolare.¦Serie ufficiale acquisita automaticamente da ISTAT - Ambiente urbano.¦Ultima variazione: +3.676; intensità robusta z=0.23.¦PULSE Score: 52.9/100.¦Unità di misura dichiarata: kg/abitante.	ISTAT - Ambiente urbano	https://www.istat.it/comunicato-stampa/ambiente-urbano-anno-2024/
43da6c0214b90f95		Valle d'Aosta		Valle d'Aosta	GREEN · Risorse idriche e suolo · Consumo netto annuale di suolo	RALLENTAMENTO	GREEN	52.6	SEGNALE PULSE — GREEN	2024	Valle d'Aosta: Consumo netto annuale di suolo scende da 12,84 a 10,3 nel periodo 2024.	13.69|24.46|11.76|5.58|13.53|17.61|23.28|12.84|10.3				Pilastro GREEN: Risorse idriche e suolo.¦Serie ufficiale acquisita automaticamente da ISPRA - Consumo di suolo e indicatori territoriali.¦Ultima variazione: -2.54; intensità robusta z=0.26.¦PULSE Score: 52.6/100.¦Unità di misura dichiarata: ettari.	ISPRA - Consumo di suolo e indicatori territoriali	https://www.isprambiente.gov.it/it/attivita/suolo-e-territorio/suolo/il-consumo-di-suolo/consumo_di_suolo_estratto_dati_2025_anni_2006_2024.xlsx
610b596396257e78		Lodi		Italia	GREEN · Economia circolare · Raccolta differenziata dei rifiuti urbani	RALLENTAMENTO	GREEN	52.6	SEGNALE PULSE — GREEN	2024	Lodi: Raccolta differenziata dei rifiuti urbani scende da 72,09 a 71,65 nel periodo 2024.	48.05851145|48.8451492|52.25876077|73.64678616|74.96220553|74.27090097|75.420728|77.63933797|73.93998306|73.77726409|72.08504151|71.64950213				Pilastro GREEN: Economia circolare.¦Serie ufficiale acquisita automaticamente da ISTAT - Ambiente urbano.¦Ultima variazione: -0.4355; intensità robusta z=0.20.¦PULSE Score: 52.6/100.¦Unità di misura dichiarata: %.	ISTAT - Ambiente urbano	https://www.istat.it/comunicato-stampa/ambiente-urbano-anno-2024/
9b323d4cc4dc2ab1		Puglia		Puglia	GREEN · Transizione energetica · Titoli di Efficienza Energetica emessi	RALLENTAMENTO	GREEN	52.5	SEGNALE PULSE — GREEN	2025	Puglia: Titoli di Efficienza Energetica emessi sale da 5,62 mln a 5,64 mln nel periodo 2025.	3950772|4542231|4788543|4938476|5082391|5279989|5394812|5477723|5563458|5623713|5638843				Pilastro GREEN: Transizione energetica.¦Serie ufficiale acquisita automaticamente da ENEA - Rapporto annuale efficienza energetica.¦Ultima variazione: +1.513e+04; intensità robusta z=0.18.¦PULSE Score: 52.5/100.¦Unità di misura dichiarata: TEE.	ENEA - Rapporto annuale efficienza energetica	https://www.efficienzaenergetica.enea.it/component/jdownloads/?task=download.send&id=810&catid=40&Itemid=101
2513463af00e93e7		Matera		Italia	GREEN · Tutela della biodiversità · Disponibilità di verde urbano	RALLENTAMENTO	GREEN	52.5	SEGNALE PULSE — GREEN	2024	Matera: Disponibilità di verde urbano sale da 17,55 a 17,57 nel periodo 2024.	15.50689241|15.49637205|16.03397182|16.04566013|16.03835294|16.63752924|16.62337491|17.04900103|17.16052935|17.41695329|17.55491344|17.5721328				Pilastro GREEN: Tutela della biodiversità.¦Serie ufficiale acquisita automaticamente da ISTAT - Ambiente urbano.¦Ultima variazione: +0.01722; intensità robusta z=0.09.¦PULSE Score: 52.5/100.¦Unità di misura dichiarata: m²/abitante.	ISTAT - Ambiente urbano	https://www.istat.it/comunicato-stampa/ambiente-urbano-anno-2024/
90c199e017160b9b		Sicilia		Sicilia	GREEN · Economia circolare · Raccolta differenziata dei rifiuti urbani	RALLENTAMENTO	GREEN	52.4	SEGNALE PULSE — GREEN	2024	Sicilia: Raccolta differenziata dei rifiuti urbani sale da 55,2 a 55,51 nel periodo 2024.	12.79705612|15.45560844|21.73642254|29.51760765|38.54328979|42.26572218|47.51735043|51.45454838|55.20182007|55.51356803				Pilastro GREEN: Economia circolare.¦Serie ufficiale acquisita automaticamente da ISPRA - Catasto nazionale rifiuti.¦Ultima variazione: +0.3117; intensità robusta z=0.16.¦PULSE Score: 52.4/100.¦Unità di misura dichiarata: %.	ISPRA - Catasto nazionale rifiuti	https://www.catasto-rifiuti.isprambiente.it/index.php?advice=si&pg=downloadComune
28fd7dc622fdc48f	SDMX-IT-151_874_DF_DCCV_TAXDISOCCUMENS1_1	Italia		Italia	Tasso di disoccupazione giovanile	ULTIMO_DATO	GENERAL	52.3	ULTIMO DATO UFFICIALE — ISTATDATA	2026-08	Italia: Tasso di disoccupazione giovanile sale da 19,69 a 20,27 nel periodo 2026-08.		20.1426|20.7888|20.6066|20.3848|20.913|19.298|18.6273|18.7522|20.7562|19.119|20.5844|19.6763|20.8295|21.0742|21.6241|20.0413|19.3805|19.824|21.0307|19.8122|18.9995|19.903|18.6728|18.0849|18.9387|18.0705|17.735|19.3944|19.6875|20.2678			Ultimo dato ufficiale: nuova osservazione disponibile nella serie ISTATData; non è necessario che scatti uno dei sei pattern PULSE per entrare nel notiziario.¦Tasso di disoccupazione giovanile mensile destagionalizzato, 15-24 anni, totale sesso.¦PULSE Score: 52.3/100. Fonte: IstatData SDMX, ISTAT.	IstatData SDMX — ISTAT	https://esploradati.istat.it/SDMXWS/rest/v1/data/151_874_DF_DCCV_TAXDISOCCUMENS1_1/all/IT1?startPeriod=2024&endPeriod=2026
10b452923da953f9		Italia		Italia	GREEN · Transizione energetica · Produzione netta di energia elettrica	ULTIMO_DATO	GREEN	52.1	ULTIMO DATO UFFICIALE — TERNA	2025	Italia: Produzione netta di energia elettrica sale da 263,25 a 269,3 nel 2025.	263.2453568|269.3				Pilastro GREEN: Transizione energetica.¦Ultimo dato ufficiale annuale pubblicato dall'Ufficio Statistico di Terna.¦Confronto 2024-2025: variazione +2.3% dichiarata da Terna.¦Il valore 2024 è ricostruito esclusivamente dalla variazione percentuale ufficiale pubblicata insieme al valore 2025.¦PULSE Score editoriale: 52.1/100.	Terna - Portale Dati del sistema elettrico	https://www.terna.it/it/sistema-elettrico/statistiche/pubblicazioni-statistiche/r/nguarda
cb7305acdc4683a3		Bologna		Italia	GREEN · Tutela della biodiversità · Disponibilità di verde urbano	RALLENTAMENTO	GREEN	52.0	SEGNALE PULSE — GREEN	2024	Bologna: Disponibilità di verde urbano scende da 22,12 a 22,06 nel periodo 2024.	20.33301495|21.11294107|21.15942581|21.19686063|21.38396849|21.94510357|21.85483045|21.92381928|22.18679252|22.38345418|22.12122705|22.0624493				Pilastro GREEN: Tutela della biodiversità.¦Serie ufficiale acquisita automaticamente da ISTAT - Ambiente urbano.¦Ultima variazione: -0.05878; intensità robusta z=0.35.¦PULSE Score: 52.0/100.¦Unità di misura dichiarata: m²/abitante.	ISTAT - Ambiente urbano	https://www.istat.it/comunicato-stampa/ambiente-urbano-anno-2024/
c4d69b7866ed92a1		Parma		Italia	GREEN · Mobilità sostenibile · Densità di piste ciclabili	RALLENTAMENTO	GREEN	52.0	SEGNALE PULSE — GREEN	2024	Parma: Densità di piste ciclabili sale da 58,1 a 58,2 nel periodo 2024.	53.1|53.5|57.1|57.1|58.1|58.2				Pilastro GREEN: Mobilità sostenibile.¦Serie ufficiale acquisita automaticamente da ISTAT - Ambiente urbano.¦Ultima variazione: +0.1; intensità robusta z=0.13.¦PULSE Score: 52.0/100.¦Unità di misura dichiarata: km per 100 km².	ISTAT - Ambiente urbano	https://www.istat.it/comunicato-stampa/ambiente-urbano-anno-2024/
6ea959679a664bfe		Lazio		Lazio	GREEN · Transizione energetica · Titoli di Efficienza Energetica emessi	RALLENTAMENTO	GREEN	51.9	SEGNALE PULSE — GREEN	2025	Lazio: Titoli di Efficienza Energetica emessi sale da 2,34 mln a 2,34 mln nel periodo 2025.	1775151|1882012|1989854|2079180|2159369|2203352|2233688|2272885|2315298|2342634|2343210				Pilastro GREEN: Transizione energetica.¦Serie ufficiale acquisita automaticamente da ENEA - Rapporto annuale efficienza energetica.¦Ultima variazione: +576; intensità robusta z=0.02.¦PULSE Score: 51.9/100.¦Unità di misura dichiarata: TEE.	ENEA - Rapporto annuale efficienza energetica	https://www.efficienzaenergetica.enea.it/component/jdownloads/?task=download.send&id=804&catid=40&Itemid=101
764d140a6841df8c		Cuneo		Italia	GREEN · Mobilità sostenibile · Densità di piste ciclabili	RALLENTAMENTO	GREEN	51.9	SEGNALE PULSE — GREEN	2024	Cuneo: Densità di piste ciclabili sale da 57,5 a 57,8 nel periodo 2024.	37.3|38.9|53.4|53.7|57.5|57.8				Pilastro GREEN: Mobilità sostenibile.¦Serie ufficiale acquisita automaticamente da ISTAT - Ambiente urbano.¦Ultima variazione: +0.3; intensità robusta z=0.12.¦PULSE Score: 51.9/100.¦Unità di misura dichiarata: km per 100 km².	ISTAT - Ambiente urbano	https://www.istat.it/comunicato-stampa/ambiente-urbano-anno-2024/
dcce1486fb1f051e		Taranto		Italia	GREEN · Economia circolare · Raccolta differenziata dei rifiuti urbani	RALLENTAMENTO	GREEN	51.7	SEGNALE PULSE — GREEN	2024	Taranto: Raccolta differenziata dei rifiuti urbani scende da 24,34 a 24,26 nel periodo 2024.	10.21399876|11.23584135|16.73588287|16.7157081|17.18884501|17.8214606|16.02552998|25.19224215|24.93711845|27.89371894|24.3422466|24.26075028				Pilastro GREEN: Economia circolare.¦Serie ufficiale acquisita automaticamente da ISTAT - Ambiente urbano.¦Ultima variazione: -0.0815; intensità robusta z=0.03.¦PULSE Score: 51.7/100.¦Unità di misura dichiarata: %.	ISTAT - Ambiente urbano	https://www.istat.it/comunicato-stampa/ambiente-urbano-anno-2024/
998489ece20c23c5		Foggia		Italia	GREEN · Economia circolare · Produzione di rifiuti urbani	RALLENTAMENTO	GREEN	51.5	SEGNALE PULSE — GREEN	2024	Foggia: Produzione di rifiuti urbani scende da 453,8 a 453,48 nel periodo 2024.	406.1991867|456.8722449|452.8532714|449.8587472|496.0584672|509.9398875|501.6800466|498.9517063|501.4607062|544.8003552|453.8047581|453.4795255				Pilastro GREEN: Economia circolare.¦Serie ufficiale acquisita automaticamente da ISTAT - Ambiente urbano.¦Ultima variazione: -0.3252; intensità robusta z=0.02.¦PULSE Score: 51.5/100.¦Unità di misura dichiarata: kg/abitante.	ISTAT - Ambiente urbano	https://www.istat.it/comunicato-stampa/ambiente-urbano-anno-2024/
8a6aa72c1d765606		Taranto		Italia	GREEN · Mobilità sostenibile · Densità di piste ciclabili	RALLENTAMENTO	GREEN	51.4	SEGNALE PULSE — GREEN	2024	Taranto: Densità di piste ciclabili sale da 9,2 a 9,5 nel periodo 2024.	10.4|10.4|10.4|5.5|9.2|9.5				Pilastro GREEN: Mobilità sostenibile.¦Serie ufficiale acquisita automaticamente da ISTAT - Ambiente urbano.¦Ultima variazione: +0.3; intensità robusta z=0.11.¦PULSE Score: 51.4/100.¦Unità di misura dichiarata: km per 100 km².	ISTAT - Ambiente urbano	https://www.istat.it/comunicato-stampa/ambiente-urbano-anno-2024/
e2051626d351c21f	SDMX-IT-119_367_DF_DCSC_FATTSERVIZ_1_4	Italia		Italia	Fatturato dei servizi	ULTIMO_DATO	GENERAL	51.2	ULTIMO DATO UFFICIALE — ISTATDATA	2026-07	Italia: Fatturato dei servizi sale da 124 a 124,2 nel periodo 2026-07.		119|117.7|117.9|117.8|116.9|117.7|117.8|117.2|118.9|119.1|118|121.3|118.6|118.9|119.6|119|120|120.2|119|121|120.5|120.1|121.1|122.2|122.1|123.7|123.7|123.9|124|124.2			Ultimo dato ufficiale: nuova osservazione disponibile nella serie ISTATData; non è necessario che scatti uno dei sei pattern PULSE per entrare nel notiziario.¦Indice del fatturato dei servizi, base 2021; serie nazionale più aggregata disponibile.¦PULSE Score: 51.2/100. Fonte: IstatData SDMX, ISTAT.	IstatData SDMX — ISTAT	https://esploradati.istat.it/SDMXWS/rest/v1/data/119_367_DF_DCSC_FATTSERVIZ_1_4/all/IT1?startPeriod=2022&endPeriod=2026
3447b51559991d8e	SDMX-IT-115_333_DF_DCSC_INDXPRODIND_1_6	Italia		Italia	Produzione industriale	ULTIMO_DATO	GENERAL	51.1	ULTIMO DATO UFFICIALE — ISTATDATA	2026-07	Italia: Produzione industriale sale da 93,5 a 94,2 nel periodo 2026-07.		96|95.2|94.1|94.2|94.6|93.3|94|93|93.6|93.8|91.6|94|93.2|93.1|93.8|93.4|94|94.3|92.3|94.4|93.5|94.7|94.2|93.6|93.7|94.3|94.7|94.5|93.5|94.2			Ultimo dato ufficiale: nuova osservazione disponibile nella serie ISTATData; non è necessario che scatti uno dei sei pattern PULSE per entrare nel notiziario.¦Indice della produzione industriale, base 2021; serie nazionale più aggregata disponibile.¦PULSE Score: 51.1/100. Fonte: IstatData SDMX, ISTAT.	IstatData SDMX — ISTAT	https://esploradati.istat.it/SDMXWS/rest/v1/data/115_333_DF_DCSC_INDXPRODIND_1_6/all/IT1?startPeriod=2022&endPeriod=2026
3c5a3f43b5fd4291		Carbonia		Italia	GREEN · Economia circolare · Produzione di rifiuti urbani	RALLENTAMENTO	GREEN	51.0	SEGNALE PULSE — GREEN	2024	Carbonia: Produzione di rifiuti urbani scende da 435,68 a 433,81 nel periodo 2024.	426.9092263|428.3431767|424.8734361|436.3764576|436.4333881|471.40562|464.7239814|458.0160045|469.3836993|447.1589061|435.6813313|433.8078071				Pilastro GREEN: Economia circolare.¦Serie ufficiale acquisita automaticamente da ISTAT - Ambiente urbano.¦Ultima variazione: -1.874; intensità robusta z=0.17.¦PULSE Score: 51.0/100.¦Unità di misura dichiarata: kg/abitante.	ISTAT - Ambiente urbano	https://www.istat.it/comunicato-stampa/ambiente-urbano-anno-2024/
3aa49bc69c3d503b		Italia		Italia	GREEN · Risorse idriche e suolo · MC2 - Gestione del rapporto contrattuale e accessibilità	ULTIMO_DATO	GREEN	51.0	ULTIMO DATO UFFICIALE — ARERA	2023	Italia: MC2 - Gestione del rapporto contrattuale e accessibilità sale da 95,3% a 95,9% nel 2023.	95.3|95.9				Pilastro GREEN: Risorse idriche e suolo.¦Ultimo dato ufficiale ARERA disponibile per la qualità contrattuale del servizio idrico.¦Confronto 2022-2023: variazione +0.60 punti percentuali.¦Il periodo statistico resta esplicitamente quello della rilevazione; la pubblicazione/certificazione successiva non viene usata come anno del dato.¦Risultati finali del biennio 2022-2023 certificati dalla delibera ARERA 277/2025/R/idr.¦PULSE Score editoriale: 51.0/100.	ARERA - Statistiche del servizio idrico	https://www.arera.it/atti-e-provvedimenti/dettaglio/25/277-25
3057f2a4dcdcfe7a		Italia		Italia	GREEN · Risorse idriche e suolo · Ricarica degli acquiferi	ULTIMO_DATO	GREEN	50.8	ULTIMO DATO UFFICIALE — ISPRA BIGBANG	2025	Italia: Ricarica degli acquiferi scende da 68,63 a 55,85 nel 2025.	92.6457891|52.1680071|50.4763983|40.5079893|72.7693857|75.2765916|50.3253618|64.8852804|29.4823248|53.2252626|68.6309856|55.8532977				Pilastro GREEN: Risorse idriche e suolo.¦Ultimo dato ufficiale ISPRA BIGBANG 10.0: nuova osservazione annuale disponibile; non è necessario che scatti uno dei sei pattern PULSE per entrare nel notiziario.¦Serie ufficiale nazionale 1951-2025 acquisita automaticamente.¦Ultima variazione: -12.78; intensità robusta z=0.71.¦PULSE Score editoriale: 50.8/100.¦Unità di misura: km³.¦BIGBANG 10.0 è stato pubblicato/aggiornato da ISPRA nel 2026 e il 2025 è l'ultimo anno statistico disponibile.	ISPRA - Risorse idriche	https://groupware.sinanet.isprambiente.it/bigbang-data/library/bigbang100/excel_tables/bigbang100_tables_italy_01/download/en/1/BIGBANG100_TABLES_ITALY_01.xlsx
4df8a2a1d916eff0	SDMX-IT-150_875_DF_DCCV_OCCUPATIMENS1_1	Italia		Italia	Occupati	ULTIMO_DATO	GENERAL	50.7	ULTIMO DATO UFFICIALE — ISTATDATA	2026-08	Italia: Occupati scende da 24.357 a 24.352 nel periodo 2026-08.		23861.7|23911.1|23930.6|23961.7|24023.4|24058.2|24055.8|24018.2|24023.3|24061.4|24121.8|24143.2|24170.8|24065.8|24117.4|24175.2|24064.5|24060.9|24109.1|24159.2|24116.7|24139.6|24191.5|24223.6|24217|24361.5|24360|24359|24357.3|24352.1			Ultimo dato ufficiale: nuova osservazione disponibile nella serie ISTATData; non è necessario che scatti uno dei sei pattern PULSE per entrare nel notiziario.¦Occupati mensili destagionalizzati, totale sesso, 15-89 anni; serie coerente con il confronto congiunturale del comunicato ISTAT.¦PULSE Score: 50.7/100. Fonte: IstatData SDMX, ISTAT.	IstatData SDMX — ISTAT	https://esploradati.istat.it/SDMXWS/rest/v1/data/150_875_DF_DCCV_OCCUPATIMENS1_1/all/IT1?startPeriod=2024&endPeriod=2026
871806d158d933a0	SDMX-IT-120_337_DF_DCSC_COMMDET_1_15	Italia		Italia	Vendite al dettaglio	ULTIMO_DATO	GENERAL	50.7	ULTIMO DATO UFFICIALE — ISTATDATA	2026-08	Italia: Vendite al dettaglio sale da 91,7 a 92,2 nel periodo 2026-08.		93.1|92.2|93.3|92.4|93.5|93|94.5|92.9|92.1|93.3|92.5|92.7|91.7|93.1|92.1|93.4|92.8|92.1|91.9|92.6|92.9|92|92.8|92.2|92.6|92.4|92.5|92.1|91.7|92.2			Ultimo dato ufficiale: nuova osservazione disponibile nella serie ISTATData; non è necessario che scatti uno dei sei pattern PULSE per entrare nel notiziario.¦Volume delle vendite del commercio al dettaglio, base 2021; totale prodotti quando disponibile.¦PULSE Score: 50.7/100. Fonte: IstatData SDMX, ISTAT.	IstatData SDMX — ISTAT	https://esploradati.istat.it/SDMXWS/rest/v1/data/120_337_DF_DCSC_COMMDET_1_15/all/IT1?startPeriod=2022&endPeriod=2026
b4b8ca65ddde60f8		Italia		Italia	GREEN · Risorse idriche e suolo · Risorsa idrica rinnovabile (internal flow)	ULTIMO_DATO	GREEN	50.7	ULTIMO DATO UFFICIALE — ISPRA BIGBANG	2025	Italia: Risorsa idrica rinnovabile (internal flow) scende da 158,35 a 128,02 nel 2025.	194.3537682|111.2836932|122.1885285|92.5249599|164.1162609|165.2943456|112.1899122|140.7056034|67.2716571|112.7034363|158.3466666|128.0185374				Pilastro GREEN: Risorse idriche e suolo.¦Ultimo dato ufficiale ISPRA BIGBANG 10.0: nuova osservazione annuale disponibile; non è necessario che scatti uno dei sei pattern PULSE per entrare nel notiziario.¦Serie ufficiale nazionale 1951-2025 acquisita automaticamente.¦Ultima variazione: -30.33; intensità robusta z=0.68.¦PULSE Score editoriale: 50.7/100.¦Unità di misura: km³.¦BIGBANG 10.0 è stato pubblicato/aggiornato da ISPRA nel 2026 e il 2025 è l'ultimo anno statistico disponibile.	ISPRA - Risorse idriche	https://groupware.sinanet.isprambiente.it/bigbang-data/library/bigbang100/excel_tables/bigbang100_tables_italy_01/download/en/1/BIGBANG100_TABLES_ITALY_01.xlsx
e71baa5347a44d3d		Udine		Italia	GREEN · Economia circolare · Produzione di rifiuti urbani	RALLENTAMENTO	GREEN	50.6	SEGNALE PULSE — GREEN	2024	Udine: Produzione di rifiuti urbani sale da 541,79 a 544,17 nel periodo 2024.	533.5361095|502.6422123|548.2813064|567.2063271|571.6081633|576.9929639|584.6089405|536.5960691|533.2482184|522.3628024|541.7927719|544.16974				Pilastro GREEN: Economia circolare.¦Serie ufficiale acquisita automaticamente da ISTAT - Ambiente urbano.¦Ultima variazione: +2.377; intensità robusta z=0.11.¦PULSE Score: 50.6/100.¦Unità di misura dichiarata: kg/abitante.	ISTAT - Ambiente urbano	https://www.istat.it/comunicato-stampa/ambiente-urbano-anno-2024/
cb263cfc106863ae		Italia		Italia	GREEN · Risorse idriche e suolo · Precipitazione totale annua	ULTIMO_DATO	GREEN	50.4	ULTIMO DATO UFFICIALE — ISPRA BIGBANG	2025	Italia: Precipitazione totale annua scende da 1.057 a 962,9 nel 2025.	1202.1|877.7|955|757.1|1103.6|1078.4|910.5|890.6|719.6|924.5|1057|962.9				Pilastro GREEN: Risorse idriche e suolo.¦Ultimo dato ufficiale ISPRA BIGBANG 10.0: nuova osservazione annuale disponibile; non è necessario che scatti uno dei sei pattern PULSE per entrare nel notiziario.¦Serie ufficiale nazionale 1951-2025 acquisita automaticamente.¦Ultima variazione: -94.1; intensità robusta z=0.60.¦PULSE Score editoriale: 50.4/100.¦Unità di misura: mm.¦BIGBANG 10.0 è stato pubblicato/aggiornato da ISPRA nel 2026 e il 2025 è l'ultimo anno statistico disponibile.	ISPRA - Risorse idriche	https://groupware.sinanet.isprambiente.it/bigbang-data/library/bigbang100/excel_tables/bigbang100_tables_italy_01/download/en/1/BIGBANG100_TABLES_ITALY_01.xlsx
8ae989cdc77a4c17		Avellino		Italia	GREEN · Economia circolare · Raccolta differenziata dei rifiuti urbani	RALLENTAMENTO	GREEN	50.2	SEGNALE PULSE — GREEN	2024	Avellino: Raccolta differenziata dei rifiuti urbani scende da 63,31 a 63,22 nel periodo 2024.	54.97204989|46.41192716|34.3984567|31.38764289|30.95035095|71.8430631|71.30689521|70.43617237|68.08307531|66.16775793|63.31467739|63.21888123				Pilastro GREEN: Economia circolare.¦Serie ufficiale acquisita automaticamente da ISTAT - Ambiente urbano.¦Ultima variazione: -0.0958; intensità robusta z=0.05.¦PULSE Score: 50.2/100.¦Unità di misura dichiarata: %.	ISTAT - Ambiente urbano	https://www.istat.it/comunicato-stampa/ambiente-urbano-anno-2024/
f210b3bf96245849		Italia		Italia	GREEN · Transizione energetica · Fabbisogno di energia elettrica	ULTIMO_DATO	GREEN	50.1	ULTIMO DATO UFFICIALE — TERNA	2025	Italia: Fabbisogno di energia elettrica sale da 311,89 a 312,2 nel 2025.	311.8881119|312.2				Pilastro GREEN: Transizione energetica.¦Ultimo dato ufficiale annuale pubblicato dall'Ufficio Statistico di Terna.¦Confronto 2024-2025: variazione +0.1% dichiarata da Terna.¦Il valore 2024 è ricostruito esclusivamente dalla variazione percentuale ufficiale pubblicata insieme al valore 2025.¦PULSE Score editoriale: 50.1/100.	Terna - Portale Dati del sistema elettrico	https://www.terna.it/it/sistema-elettrico/statistiche/pubblicazioni-statistiche/r/nguarda
b52bc4ee5c97aea6		Italia		Italia	GREEN · Transizione energetica · Esportazioni di energia elettrica	ULTIMO_DATO	GREEN	50.0	ULTIMO DATO UFFICIALE — TERNA	2025	Italia: Esportazioni di energia elettrica resta stabile da 4,9 a 4,9 nel 2025.	4.9|4.9				Pilastro GREEN: Transizione energetica.¦Ultimo dato ufficiale annuale pubblicato dall'Ufficio Statistico di Terna.¦Confronto 2024-2025: variazione +0.0% dichiarata da Terna.¦Il valore 2024 è ricostruito esclusivamente dalla variazione percentuale ufficiale pubblicata insieme al valore 2025.¦PULSE Score editoriale: 50.0/100.	Terna - Portale Dati del sistema elettrico	https://www.terna.it/it/sistema-elettrico/statistiche/pubblicazioni-statistiche/r/nguarda
3d149582cf5c08e6		Italia		Italia	GREEN · Crisi climatica e decarbonizzazione · Precipitazione media giornaliera nel mese ERA5 · area Italia	ULTIMO_DATO	GREEN	49.0	ULTIMO DATO UFFICIALE — COPERNICUS ERA5	2026-09	Italia: Precipitazione media giornaliera nel mese ERA5 · area Italia sale da 0,99 a 1,27 nel periodo 2026-09.		1.672186772|2.768300241|1.768372487|1.038394519|1.12400006|3.752577584|3.824704094|1.823586295|2.70470581|2.70631793|2.209279919|2.99052801|2.194821602|2.205643104|0.7681638817|1.669071265|1.585731748|2.322252374|2.533560386|3.249188652|2.621701453|3.876287956|3.239249578|2.387849381|1.286167768|1.46680756|1.097708475|0.9214180754|0.9944102494|1.267383923			Pilastro GREEN: Crisi climatica e decarbonizzazione.¦Ultimo dato ufficiale Copernicus ERA5: nuova osservazione mensile disponibile; non è necessario che scatti uno dei sei pattern PULSE per entrare nel notiziario.¦Ultima variazione: +0.273; intensità robusta z=0.26.¦PULSE Score editoriale: 49.0/100.¦Unità di misura: mm/giorno.	Copernicus - Climate Data Store	https://cds.climate.copernicus.eu/
e7071a806a2e6246		Italia		Italia	GREEN · Risorse idriche e suolo · MC1 - Avvio e cessazione del rapporto contrattuale	ULTIMO_DATO	GREEN	47.7	ULTIMO DATO UFFICIALE — ARERA	2023	Italia: MC1 - Avvio e cessazione del rapporto contrattuale sale da 96,3% a 96,5% nel 2023.	96.3|96.5				Pilastro GREEN: Risorse idriche e suolo.¦Ultimo dato ufficiale ARERA disponibile per la qualità contrattuale del servizio idrico.¦Confronto 2022-2023: variazione +0.20 punti percentuali.¦Il periodo statistico resta esplicitamente quello della rilevazione; la pubblicazione/certificazione successiva non viene usata come anno del dato.¦Risultati finali del biennio 2022-2023 certificati dalla delibera ARERA 277/2025/R/idr.¦PULSE Score editoriale: 47.7/100.	ARERA - Statistiche del servizio idrico	https://www.arera.it/atti-e-provvedimenti/dettaglio/25/277-25
b6bda93f6753915d		Italia		Italia	GREEN · Risorse idriche e suolo · Rispetto medio degli standard specifici del servizio idrico	ULTIMO_DATO	GREEN	46.0	ULTIMO DATO UFFICIALE — ARERA	2023	Italia: Rispetto medio degli standard specifici del servizio idrico resta stabile da 96,5% a 96,5% nel 2023.	94.9801801|96.13752338|96.55643462|96.68255815|96.5|96.5				Pilastro GREEN: Risorse idriche e suolo.¦Ultimo dato ufficiale ARERA disponibile per la qualità contrattuale del servizio idrico.¦Confronto 2022-2023: variazione +0.00 punti percentuali.¦Il periodo statistico resta esplicitamente quello della rilevazione; la pubblicazione/certificazione successiva non viene usata come anno del dato.¦Risultati finali del biennio 2022-2023 certificati dalla delibera ARERA 277/2025/R/idr.¦PULSE Score editoriale: 46.0/100.	ARERA - Statistiche del servizio idrico	https://www.arera.it/atti-e-provvedimenti/dettaglio/25/277-25
