id	municipality_code	municipality	province	region	indicator	patterns	scope	score	validation_status	period	summary	annual	rolling12	benchmark_local	benchmark_rest	analysis	source_family	source_url
c8d0b273c19bf841	029025	Gaiba		Veneto	Redditi · Reddito imponibile per contribuente	RECORD_MAX|ACCELERAZIONE|ANOMALIA	TERRITORIALE	99.0	SEGNALE PULSE — A MISURA DI COMUNE	2023	Gaiba: Reddito imponibile per contribuente sale da 19.887 a 22.051 nel 2023.	17145.37|17549.69|18433.135|19022.323|18717.757|19106.908|19886.795|22051.434				Record: ultimo valore sopra i valori recenti precedenti.¦Accelerazione: ultimo cambiamento più intenso del precedente.¦Anomalia: livello o variazione insoliti rispetto alla storia recente.¦Unità di misura: euro.¦Serie storica ufficiale ISTAT A misura di Comune.¦ANNUAL_PERIODS:2016|2017|2018|2019|2020|2021|2022|2023¦Il periodo della notizia è l'anno statistico reale, non la data di pubblicazione 2026.	ISTAT - A misura di Comune	https://www.istat.it/statistica-sperimentale/aggiornamento-degli-indicatori-del-sistema-informativo-a-misura-di-comune/
ba95ae0b342fa394	028070	Pozzonovo		Veneto	Redditi · Reddito imponibile per contribuente	RECORD_MAX|ACCELERAZIONE|ANOMALIA	TERRITORIALE	99.0	SEGNALE PULSE — A MISURA DI COMUNE	2023	Pozzonovo: Reddito imponibile per contribuente sale da 21.538 a 23.809 nel 2023.	19489.149|19631.429|19887.452|20210.966|19912.794|20966.582|21537.781|23808.882				Record: ultimo valore sopra i valori recenti precedenti.¦Accelerazione: ultimo cambiamento più intenso del precedente.¦Anomalia: livello o variazione insoliti rispetto alla storia recente.¦Unità di misura: euro.¦Serie storica ufficiale ISTAT A misura di Comune.¦ANNUAL_PERIODS:2016|2017|2018|2019|2020|2021|2022|2023¦Il periodo della notizia è l'anno statistico reale, non la data di pubblicazione 2026.	ISTAT - A misura di Comune	https://www.istat.it/statistica-sperimentale/aggiornamento-degli-indicatori-del-sistema-informativo-a-misura-di-comune/
e86e7e014f251518	024080	Posina		Veneto	Redditi · Reddito imponibile per contribuente	RECORD_MAX|ACCELERAZIONE|ANOMALIA	TERRITORIALE	99.0	SEGNALE PULSE — A MISURA DI COMUNE	2023	Posina: Reddito imponibile per contribuente sale da 17.213 a 19.442 nel 2023.	15428.996|15409.748|15795.963|15796.595|15696.042|17047.685|17212.712|19441.63				Record: ultimo valore sopra i valori recenti precedenti.¦Accelerazione: ultimo cambiamento più intenso del precedente.¦Anomalia: livello o variazione insoliti rispetto alla storia recente.¦Unità di misura: euro.¦Serie storica ufficiale ISTAT A misura di Comune.¦ANNUAL_PERIODS:2016|2017|2018|2019|2020|2021|2022|2023¦Il periodo della notizia è l'anno statistico reale, non la data di pubblicazione 2026.	ISTAT - A misura di Comune	https://www.istat.it/statistica-sperimentale/aggiornamento-degli-indicatori-del-sistema-informativo-a-misura-di-comune/
3629e59d2bb14b82	024041	Foza		Veneto	Redditi · Reddito imponibile per contribuente	RECORD_MAX|ACCELERAZIONE|ANOMALIA	TERRITORIALE	99.0	SEGNALE PULSE — A MISURA DI COMUNE	2023	Foza: Reddito imponibile per contribuente sale da 17.228 a 18.613 nel 2023.	14573.184|14672.596|14866.926|15012.663|15377.613|16470.076|17228.049|18612.947				Record: ultimo valore sopra i valori recenti precedenti.¦Accelerazione: ultimo cambiamento più intenso del precedente.¦Anomalia: livello o variazione insoliti rispetto alla storia recente.¦Unità di misura: euro.¦Serie storica ufficiale ISTAT A misura di Comune.¦ANNUAL_PERIODS:2016|2017|2018|2019|2020|2021|2022|2023¦Il periodo della notizia è l'anno statistico reale, non la data di pubblicazione 2026.	ISTAT - A misura di Comune	https://www.istat.it/statistica-sperimentale/aggiornamento-degli-indicatori-del-sistema-informativo-a-misura-di-comune/
4cbbc7e7547c9aa5	023011	Bosco Chiesanuova		Veneto	Redditi · Reddito imponibile per contribuente	RECORD_MAX|ACCELERAZIONE|ANOMALIA	TERRITORIALE	99.0	SEGNALE PULSE — A MISURA DI COMUNE	2023	Bosco Chiesanuova: Reddito imponibile per contribuente sale da 20.607 a 22.620 nel 2023.	18357.126|18977.495|18736.23|19293.715|18990.393|19791.165|20607.124|22619.754				Record: ultimo valore sopra i valori recenti precedenti.¦Accelerazione: ultimo cambiamento più intenso del precedente.¦Anomalia: livello o variazione insoliti rispetto alla storia recente.¦Unità di misura: euro.¦Serie storica ufficiale ISTAT A misura di Comune.¦ANNUAL_PERIODS:2016|2017|2018|2019|2020|2021|2022|2023¦Il periodo della notizia è l'anno statistico reale, non la data di pubblicazione 2026.	ISTAT - A misura di Comune	https://www.istat.it/statistica-sperimentale/aggiornamento-degli-indicatori-del-sistema-informativo-a-misura-di-comune/
e463634fc98f0a7f	027028	Pianiga		Veneto	Ambiente · Raccolta differenziata dei rifiuti urbani	RECORD_MAX|ACCELERAZIONE|ANOMALIA	TERRITORIALE	99.0	SEGNALE PULSE — A MISURA DI COMUNE	2024	Pianiga: Raccolta differenziata dei rifiuti urbani sale da 78,65 a 83,49 nel 2024.	79.094516|78.535876|79.236637|79.542675|79.472045|78.608766|78.654474|83.487983				Record: ultimo valore sopra i valori recenti precedenti.¦Accelerazione: ultimo cambiamento più intenso del precedente.¦Anomalia: livello o variazione insoliti rispetto alla storia recente.¦Unità di misura: %.¦Serie storica ufficiale ISTAT A misura di Comune.¦ANNUAL_PERIODS:2017|2018|2019|2020|2021|2022|2023|2024¦Il periodo della notizia è l'anno statistico reale, non la data di pubblicazione 2026.	ISTAT - A misura di Comune	https://www.istat.it/statistica-sperimentale/aggiornamento-degli-indicatori-del-sistema-informativo-a-misura-di-comune/
306483ccfbf51fef	066042	Fagnano Alto		Abruzzo	Redditi · Contribuenti con reddito complessivo inferiore a 10.000 euro	RECORD_MIN|ACCELERAZIONE|ANOMALIA	TERRITORIALE	99.0	SEGNALE PULSE — A MISURA DI COMUNE	2023	Fagnano Alto: Contribuenti con reddito complessivo inferiore a 10.000 euro scende da 29,48 a 26,09 nel 2023.	35.691318|35.810811|36.241611|36.666667|37.588652|30.797101|29.477612|26.086957				Record: ultimo valore sotto i valori recenti precedenti.¦Accelerazione: ultimo cambiamento più intenso del precedente.¦Anomalia: livello o variazione insoliti rispetto alla storia recente.¦Unità di misura: %.¦Serie storica ufficiale ISTAT A misura di Comune.¦ANNUAL_PERIODS:2016|2017|2018|2019|2020|2021|2022|2023¦Il periodo della notizia è l'anno statistico reale, non la data di pubblicazione 2026.	ISTAT - A misura di Comune	https://www.istat.it/statistica-sperimentale/aggiornamento-degli-indicatori-del-sistema-informativo-a-misura-di-comune/
8216a1d0a33fcfba	054015	Corciano		Umbria	Redditi · Reddito imponibile per contribuente	RECORD_MAX|ACCELERAZIONE|ANOMALIA	TERRITORIALE	99.0	SEGNALE PULSE — A MISURA DI COMUNE	2023	Corciano: Reddito imponibile per contribuente sale da 23.094 a 24.601 nel 2023.	21067.208|21054.207|21929.879|22055.65|22218.263|22224.918|23093.697|24601.227				Record: ultimo valore sopra i valori recenti precedenti.¦Accelerazione: ultimo cambiamento più intenso del precedente.¦Anomalia: livello o variazione insoliti rispetto alla storia recente.¦Unità di misura: euro.¦Serie storica ufficiale ISTAT A misura di Comune.¦ANNUAL_PERIODS:2016|2017|2018|2019|2020|2021|2022|2023¦Il periodo della notizia è l'anno statistico reale, non la data di pubblicazione 2026.	ISTAT - A misura di Comune	https://www.istat.it/statistica-sperimentale/aggiornamento-degli-indicatori-del-sistema-informativo-a-misura-di-comune/
1eb311cc651e9006	054037	Panicale		Umbria	Redditi · Reddito imponibile per contribuente	RECORD_MAX|ACCELERAZIONE|ANOMALIA	TERRITORIALE	99.0	SEGNALE PULSE — A MISURA DI COMUNE	2023	Panicale: Reddito imponibile per contribuente sale da 18.964 a 20.095 nel 2023.	17514.803|17564.991|17743.892|17786.824|18161.726|18583.519|18964.473|20095.273				Record: ultimo valore sopra i valori recenti precedenti.¦Accelerazione: ultimo cambiamento più intenso del precedente.¦Anomalia: livello o variazione insoliti rispetto alla storia recente.¦Unità di misura: euro.¦Serie storica ufficiale ISTAT A misura di Comune.¦ANNUAL_PERIODS:2016|2017|2018|2019|2020|2021|2022|2023¦Il periodo della notizia è l'anno statistico reale, non la data di pubblicazione 2026.	ISTAT - A misura di Comune	https://www.istat.it/statistica-sperimentale/aggiornamento-degli-indicatori-del-sistema-informativo-a-misura-di-comune/
2c179688148fae6b	055019	Montefranco		Umbria	Redditi · Reddito imponibile per contribuente	RECORD_MAX|ACCELERAZIONE|ANOMALIA	TERRITORIALE	99.0	SEGNALE PULSE — A MISURA DI COMUNE	2023	Montefranco: Reddito imponibile per contribuente sale da 19.506 a 20.901 nel 2023.	18975.635|19178.075|19022.87|19171.977|19065.222|18995.903|19505.98|20900.755				Record: ultimo valore sopra i valori recenti precedenti.¦Accelerazione: ultimo cambiamento più intenso del precedente.¦Anomalia: livello o variazione insoliti rispetto alla storia recente.¦Unità di misura: euro.¦Serie storica ufficiale ISTAT A misura di Comune.¦ANNUAL_PERIODS:2016|2017|2018|2019|2020|2021|2022|2023¦Il periodo della notizia è l'anno statistico reale, non la data di pubblicazione 2026.	ISTAT - A misura di Comune	https://www.istat.it/statistica-sperimentale/aggiornamento-degli-indicatori-del-sistema-informativo-a-misura-di-comune/
1b74e143fc41999d	054042	Poggiodomo		Umbria	Redditi · Contribuenti con reddito complessivo inferiore a 10.000 euro	RECORD_MIN|ACCELERAZIONE|ANOMALIA	TERRITORIALE	99.0	SEGNALE PULSE — A MISURA DI COMUNE	2023	Poggiodomo: Contribuenti con reddito complessivo inferiore a 10.000 euro scende da 27,38 a 17,11 nel 2023.	26.88172|29.545455|29.885057|25.925926|26.744186|27.710843|27.380952|17.105263				Record: ultimo valore sotto i valori recenti precedenti.¦Accelerazione: ultimo cambiamento più intenso del precedente.¦Anomalia: livello o variazione insoliti rispetto alla storia recente.¦Unità di misura: %.¦Serie storica ufficiale ISTAT A misura di Comune.¦ANNUAL_PERIODS:2016|2017|2018|2019|2020|2021|2022|2023¦Il periodo della notizia è l'anno statistico reale, non la data di pubblicazione 2026.	ISTAT - A misura di Comune	https://www.istat.it/statistica-sperimentale/aggiornamento-degli-indicatori-del-sistema-informativo-a-misura-di-comune/
49ff4e019c63d74c	021043	Lauregno		Trentino-Alto Adige/Südtirol	Redditi · Reddito imponibile per contribuente	RECORD_MAX|ACCELERAZIONE|ANOMALIA	TERRITORIALE	99.0	SEGNALE PULSE — A MISURA DI COMUNE	2023	Lauregno: Reddito imponibile per contribuente sale da 21.045 a 23.979 nel 2023.	17039.908|17483.183|17548.576|17906.486|18503.525|20689.049|21044.9|23978.841				Record: ultimo valore sopra i valori recenti precedenti.¦Accelerazione: ultimo cambiamento più intenso del precedente.¦Anomalia: livello o variazione insoliti rispetto alla storia recente.¦Unità di misura: euro.¦Serie storica ufficiale ISTAT A misura di Comune.¦ANNUAL_PERIODS:2016|2017|2018|2019|2020|2021|2022|2023¦Il periodo della notizia è l'anno statistico reale, non la data di pubblicazione 2026.	ISTAT - A misura di Comune	https://www.istat.it/statistica-sperimentale/aggiornamento-degli-indicatori-del-sistema-informativo-a-misura-di-comune/
2563e39aca33c719	022021	Bondone		Trentino-Alto Adige/Südtirol	Redditi · Reddito imponibile per contribuente	RECORD_MAX|ACCELERAZIONE|ANOMALIA	TERRITORIALE	99.0	SEGNALE PULSE — A MISURA DI COMUNE	2023	Bondone: Reddito imponibile per contribuente sale da 18.904 a 20.575 nel 2023.	16370.548|16844.54|17149.799|17465.042|16877.788|18206.278|18904.18|20575.447				Record: ultimo valore sopra i valori recenti precedenti.¦Accelerazione: ultimo cambiamento più intenso del precedente.¦Anomalia: livello o variazione insoliti rispetto alla storia recente.¦Unità di misura: euro.¦Serie storica ufficiale ISTAT A misura di Comune.¦ANNUAL_PERIODS:2016|2017|2018|2019|2020|2021|2022|2023¦Il periodo della notizia è l'anno statistico reale, non la data di pubblicazione 2026.	ISTAT - A misura di Comune	https://www.istat.it/statistica-sperimentale/aggiornamento-degli-indicatori-del-sistema-informativo-a-misura-di-comune/
994434434a222326	022026	Bresimo		Trentino-Alto Adige/Südtirol	Redditi · Reddito imponibile per contribuente	RECORD_MAX|INVERSIONE|ANOMALIA	TERRITORIALE	99.0	SEGNALE PULSE — A MISURA DI COMUNE	2023	Bresimo: Reddito imponibile per contribuente sale da 19.573 a 22.324 nel 2023.	17711.61|18205.495|18723.166|17963.398|17729.68|19628.221|19573.434|22323.905				Record: ultimo valore sopra i valori recenti precedenti.¦Inversione: l'ultima variazione cambia segno.¦Anomalia: livello o variazione insoliti rispetto alla storia recente.¦Unità di misura: euro.¦Serie storica ufficiale ISTAT A misura di Comune.¦ANNUAL_PERIODS:2016|2017|2018|2019|2020|2021|2022|2023¦Il periodo della notizia è l'anno statistico reale, non la data di pubblicazione 2026.	ISTAT - A misura di Comune	https://www.istat.it/statistica-sperimentale/aggiornamento-degli-indicatori-del-sistema-informativo-a-misura-di-comune/
7b424c0835da1209	061007	Bellona		Campania	Redditi · Contribuenti con reddito complessivo inferiore a 10.000 euro	RECORD_MIN|ACCELERAZIONE|ANOMALIA	TERRITORIALE	99.0	SEGNALE PULSE — A MISURA DI COMUNE	2023	Bellona: Contribuenti con reddito complessivo inferiore a 10.000 euro scende da 39,85 a 35,2 nel 2023.	44.319249|45.344507|44.853837|44.424297|43.148599|41.819825|39.845376|35.204082				Record: ultimo valore sotto i valori recenti precedenti.¦Accelerazione: ultimo cambiamento più intenso del precedente.¦Anomalia: livello o variazione insoliti rispetto alla storia recente.¦Unità di misura: %.¦Serie storica ufficiale ISTAT A misura di Comune.¦ANNUAL_PERIODS:2016|2017|2018|2019|2020|2021|2022|2023¦Il periodo della notizia è l'anno statistico reale, non la data di pubblicazione 2026.	ISTAT - A misura di Comune	https://www.istat.it/statistica-sperimentale/aggiornamento-degli-indicatori-del-sistema-informativo-a-misura-di-comune/
4b521b49394a5b97	022047	Castello-Molina di Fiemme		Trentino-Alto Adige/Südtirol	Redditi · Reddito imponibile per contribuente	RECORD_MAX|ACCELERAZIONE|ANOMALIA	TERRITORIALE	99.0	SEGNALE PULSE — A MISURA DI COMUNE	2023	Castello-Molina di Fiemme: Reddito imponibile per contribuente sale da 22.751 a 25.477 nel 2023.	19501.14|20105.797|20527.351|21086.974|21330.818|21402.908|22751.421|25477.359				Record: ultimo valore sopra i valori recenti precedenti.¦Accelerazione: ultimo cambiamento più intenso del precedente.¦Anomalia: livello o variazione insoliti rispetto alla storia recente.¦Unità di misura: euro.¦Serie storica ufficiale ISTAT A misura di Comune.¦ANNUAL_PERIODS:2016|2017|2018|2019|2020|2021|2022|2023¦Il periodo della notizia è l'anno statistico reale, non la data di pubblicazione 2026.	ISTAT - A misura di Comune	https://www.istat.it/statistica-sperimentale/aggiornamento-degli-indicatori-del-sistema-informativo-a-misura-di-comune/
1d5769fdc14f4786	022102	Lavarone		Trentino-Alto Adige/Südtirol	Redditi · Reddito imponibile per contribuente	RECORD_MAX|RALLENTAMENTO|ANOMALIA	TERRITORIALE	99.0	SEGNALE PULSE — A MISURA DI COMUNE	2023	Lavarone: Reddito imponibile per contribuente sale da 22.803 a 23.967 nel 2023.	19089.601|19384.827|19578.575|19727.136|19775.251|20432.157|22802.532|23966.542				Record: ultimo valore sopra i valori recenti precedenti.¦Rallentamento: ultimo cambiamento più contenuto del precedente.¦Anomalia: livello o variazione insoliti rispetto alla storia recente.¦Unità di misura: euro.¦Serie storica ufficiale ISTAT A misura di Comune.¦ANNUAL_PERIODS:2016|2017|2018|2019|2020|2021|2022|2023¦Il periodo della notizia è l'anno statistico reale, non la data di pubblicazione 2026.	ISTAT - A misura di Comune	https://www.istat.it/statistica-sperimentale/aggiornamento-degli-indicatori-del-sistema-informativo-a-misura-di-comune/
5bb2309d5bb74e21	021083	San Martino in Passiria		Trentino-Alto Adige/Südtirol	Redditi · Contribuenti con reddito complessivo inferiore a 10.000 euro	RECORD_MIN|ACCELERAZIONE|ANOMALIA	TERRITORIALE	99.0	SEGNALE PULSE — A MISURA DI COMUNE	2023	San Martino in Passiria: Contribuenti con reddito complessivo inferiore a 10.000 euro scende da 24,48 a 20,78 nel 2023.	28.397566|27.583434|26.817447|26.663977|27.628866|26.595745|24.482484|20.776256				Record: ultimo valore sotto i valori recenti precedenti.¦Accelerazione: ultimo cambiamento più intenso del precedente.¦Anomalia: livello o variazione insoliti rispetto alla storia recente.¦Unità di misura: %.¦Serie storica ufficiale ISTAT A misura di Comune.¦ANNUAL_PERIODS:2016|2017|2018|2019|2020|2021|2022|2023¦Il periodo della notizia è l'anno statistico reale, non la data di pubblicazione 2026.	ISTAT - A misura di Comune	https://www.istat.it/statistica-sperimentale/aggiornamento-degli-indicatori-del-sistema-informativo-a-misura-di-comune/
36feef9d1b397b11	021103	Tubre		Trentino-Alto Adige/Südtirol	Redditi · Contribuenti con reddito complessivo inferiore a 10.000 euro	RECORD_MIN|ACCELERAZIONE|ANOMALIA	TERRITORIALE	99.0	SEGNALE PULSE — A MISURA DI COMUNE	2023	Tubre: Contribuenti con reddito complessivo inferiore a 10.000 euro scende da 40,44 a 33,73 nel 2023.	44.018405|45.625|44.822257|43.39909|42.56651|42.295597|40.438871|33.727811				Record: ultimo valore sotto i valori recenti precedenti.¦Accelerazione: ultimo cambiamento più intenso del precedente.¦Anomalia: livello o variazione insoliti rispetto alla storia recente.¦Unità di misura: %.¦Serie storica ufficiale ISTAT A misura di Comune.¦ANNUAL_PERIODS:2016|2017|2018|2019|2020|2021|2022|2023¦Il periodo della notizia è l'anno statistico reale, non la data di pubblicazione 2026.	ISTAT - A misura di Comune	https://www.istat.it/statistica-sperimentale/aggiornamento-degli-indicatori-del-sistema-informativo-a-misura-di-comune/
dd265203b2edd432	022051	Cavareno		Trentino-Alto Adige/Südtirol	Redditi · Contribuenti con reddito complessivo inferiore a 10.000 euro	RECORD_MIN|INVERSIONE|ANOMALIA	TERRITORIALE	99.0	SEGNALE PULSE — A MISURA DI COMUNE	2023	Cavareno: Contribuenti con reddito complessivo inferiore a 10.000 euro scende da 27,21 a 22,73 nel 2023.	31.30545|29.265255|28.994083|28.066038|27.777778|27.095293|27.211646|22.73224				Record: ultimo valore sotto i valori recenti precedenti.¦Inversione: l'ultima variazione cambia segno.¦Anomalia: livello o variazione insoliti rispetto alla storia recente.¦Unità di misura: %.¦Serie storica ufficiale ISTAT A misura di Comune.¦ANNUAL_PERIODS:2016|2017|2018|2019|2020|2021|2022|2023¦Il periodo della notizia è l'anno statistico reale, non la data di pubblicazione 2026.	ISTAT - A misura di Comune	https://www.istat.it/statistica-sperimentale/aggiornamento-degli-indicatori-del-sistema-informativo-a-misura-di-comune/
01c78aaf3d1f86ec	021042	Lasa		Trentino-Alto Adige/Südtirol	Ambiente · Raccolta differenziata dei rifiuti urbani	RECORD_MIN|INVERSIONE|ANOMALIA	TERRITORIALE	99.0	SEGNALE PULSE — A MISURA DI COMUNE	2024	Lasa: Raccolta differenziata dei rifiuti urbani scende da 71,29 a 65,39 nel 2024.	71.301437|67.414823|67.965286|67.639836|70.938873|70.697189|71.285251|65.390218				Record: ultimo valore sotto i valori recenti precedenti.¦Inversione: l'ultima variazione cambia segno.¦Anomalia: livello o variazione insoliti rispetto alla storia recente.¦Unità di misura: %.¦Serie storica ufficiale ISTAT A misura di Comune.¦ANNUAL_PERIODS:2017|2018|2019|2020|2021|2022|2023|2024¦Il periodo della notizia è l'anno statistico reale, non la data di pubblicazione 2026.	ISTAT - A misura di Comune	https://www.istat.it/statistica-sperimentale/aggiornamento-degli-indicatori-del-sistema-informativo-a-misura-di-comune/
3cd9cd6f75383132	021104	Ultimo		Trentino-Alto Adige/Südtirol	Ambiente · Raccolta differenziata dei rifiuti urbani	RECORD_MIN|ACCELERAZIONE|ANOMALIA	TERRITORIALE	99.0	SEGNALE PULSE — A MISURA DI COMUNE	2024	Ultimo: Raccolta differenziata dei rifiuti urbani scende da 66,09 a 63,62 nel 2024.	66.115896|66.367838|65.371367|65.792489|66.045135|66.496458|66.086046|63.622739				Record: ultimo valore sotto i valori recenti precedenti.¦Accelerazione: ultimo cambiamento più intenso del precedente.¦Anomalia: livello o variazione insoliti rispetto alla storia recente.¦Unità di misura: %.¦Serie storica ufficiale ISTAT A misura di Comune.¦ANNUAL_PERIODS:2017|2018|2019|2020|2021|2022|2023|2024¦Il periodo della notizia è l'anno statistico reale, non la data di pubblicazione 2026.	ISTAT - A misura di Comune	https://www.istat.it/statistica-sperimentale/aggiornamento-degli-indicatori-del-sistema-informativo-a-misura-di-comune/
1f1d2e778ddade9d	062002	Amorosi		Campania	Redditi · Contribuenti con reddito complessivo inferiore a 10.000 euro	RECORD_MIN|ACCELERAZIONE|ANOMALIA	TERRITORIALE	99.0	SEGNALE PULSE — A MISURA DI COMUNE	2023	Amorosi: Contribuenti con reddito complessivo inferiore a 10.000 euro scende da 38,07 a 33,68 nel 2023.	42.105263|42.767296|41.462022|41.833811|41.056911|39.566237|38.065255|33.683628				Record: ultimo valore sotto i valori recenti precedenti.¦Accelerazione: ultimo cambiamento più intenso del precedente.¦Anomalia: livello o variazione insoliti rispetto alla storia recente.¦Unità di misura: %.¦Serie storica ufficiale ISTAT A misura di Comune.¦ANNUAL_PERIODS:2016|2017|2018|2019|2020|2021|2022|2023¦Il periodo della notizia è l'anno statistico reale, non la data di pubblicazione 2026.	ISTAT - A misura di Comune	https://www.istat.it/statistica-sperimentale/aggiornamento-degli-indicatori-del-sistema-informativo-a-misura-di-comune/
64ad45a6f588fff8	061002	Alife		Campania	Redditi · Contribuenti con reddito complessivo inferiore a 10.000 euro	RECORD_MIN|ACCELERAZIONE|ANOMALIA	TERRITORIALE	99.0	SEGNALE PULSE — A MISURA DI COMUNE	2023	Alife: Contribuenti con reddito complessivo inferiore a 10.000 euro scende da 39,58 a 35,3 nel 2023.	43.973111|45.028544|44.508939|43.444366|42.820926|41.630706|39.582408|35.304199				Record: ultimo valore sotto i valori recenti precedenti.¦Accelerazione: ultimo cambiamento più intenso del precedente.¦Anomalia: livello o variazione insoliti rispetto alla storia recente.¦Unità di misura: %.¦Serie storica ufficiale ISTAT A misura di Comune.¦ANNUAL_PERIODS:2016|2017|2018|2019|2020|2021|2022|2023¦Il periodo della notizia è l'anno statistico reale, non la data di pubblicazione 2026.	ISTAT - A misura di Comune	https://www.istat.it/statistica-sperimentale/aggiornamento-degli-indicatori-del-sistema-informativo-a-misura-di-comune/
4e1a71399eaeae80	061027	Castel Volturno		Campania	Redditi · Contribuenti con reddito complessivo inferiore a 10.000 euro	RECORD_MIN|ACCELERAZIONE|ANOMALIA	TERRITORIALE	99.0	SEGNALE PULSE — A MISURA DI COMUNE	2023	Castel Volturno: Contribuenti con reddito complessivo inferiore a 10.000 euro scende da 47,84 a 41,71 nel 2023.	50.184002|50.583998|50.386428|50.773123|51.471375|49.695775|47.841755|41.712611				Record: ultimo valore sotto i valori recenti precedenti.¦Accelerazione: ultimo cambiamento più intenso del precedente.¦Anomalia: livello o variazione insoliti rispetto alla storia recente.¦Unità di misura: %.¦Serie storica ufficiale ISTAT A misura di Comune.¦ANNUAL_PERIODS:2016|2017|2018|2019|2020|2021|2022|2023¦Il periodo della notizia è l'anno statistico reale, non la data di pubblicazione 2026.	ISTAT - A misura di Comune	https://www.istat.it/statistica-sperimentale/aggiornamento-degli-indicatori-del-sistema-informativo-a-misura-di-comune/
7feb7cae8df86692	061016	Carinaro		Campania	Redditi · Contribuenti con reddito complessivo inferiore a 10.000 euro	RECORD_MIN|ACCELERAZIONE|ANOMALIA	TERRITORIALE	99.0	SEGNALE PULSE — A MISURA DI COMUNE	2023	Carinaro: Contribuenti con reddito complessivo inferiore a 10.000 euro scende da 34,61 a 28,76 nel 2023.	39.649507|39.693593|39.278988|38.784178|38.494624|35.395645|34.611452|28.76062				Record: ultimo valore sotto i valori recenti precedenti.¦Accelerazione: ultimo cambiamento più intenso del precedente.¦Anomalia: livello o variazione insoliti rispetto alla storia recente.¦Unità di misura: %.¦Serie storica ufficiale ISTAT A misura di Comune.¦ANNUAL_PERIODS:2016|2017|2018|2019|2020|2021|2022|2023¦Il periodo della notizia è l'anno statistico reale, non la data di pubblicazione 2026.	ISTAT - A misura di Comune	https://www.istat.it/statistica-sperimentale/aggiornamento-degli-indicatori-del-sistema-informativo-a-misura-di-comune/
1601fd2ae15ffff3	061048	Maddaloni		Campania	Ambiente · Raccolta differenziata dei rifiuti urbani	RECORD_MAX|ACCELERAZIONE|ANOMALIA	TERRITORIALE	99.0	SEGNALE PULSE — A MISURA DI COMUNE	2024	Maddaloni: Raccolta differenziata dei rifiuti urbani sale da 36,24 a 59,17 nel 2024.	36.624845|31.198879|29.404198|32.058787|29.375596|28.260868|36.241291|59.174723				Record: ultimo valore sopra i valori recenti precedenti.¦Accelerazione: ultimo cambiamento più intenso del precedente.¦Anomalia: livello o variazione insoliti rispetto alla storia recente.¦Unità di misura: %.¦Serie storica ufficiale ISTAT A misura di Comune.¦ANNUAL_PERIODS:2017|2018|2019|2020|2021|2022|2023|2024¦Il periodo della notizia è l'anno statistico reale, non la data di pubblicazione 2026.	ISTAT - A misura di Comune	https://www.istat.it/statistica-sperimentale/aggiornamento-degli-indicatori-del-sistema-informativo-a-misura-di-comune/
bdb5b9b00752c1ea	079024	Cenadi		Calabria	Redditi · Reddito imponibile per contribuente	RECORD_MAX|ACCELERAZIONE|ANOMALIA	TERRITORIALE	99.0	SEGNALE PULSE — A MISURA DI COMUNE	2023	Cenadi: Reddito imponibile per contribuente sale da 12.560 a 13.888 nel 2023.	12326.64|12021.338|12194.12|12477.04|11854.369|12235.09|12560.195|13887.716				Record: ultimo valore sopra i valori recenti precedenti.¦Accelerazione: ultimo cambiamento più intenso del precedente.¦Anomalia: livello o variazione insoliti rispetto alla storia recente.¦Unità di misura: euro.¦Serie storica ufficiale ISTAT A misura di Comune.¦ANNUAL_PERIODS:2016|2017|2018|2019|2020|2021|2022|2023¦Il periodo della notizia è l'anno statistico reale, non la data di pubblicazione 2026.	ISTAT - A misura di Comune	https://www.istat.it/statistica-sperimentale/aggiornamento-degli-indicatori-del-sistema-informativo-a-misura-di-comune/
3ac85d1a29e3be81	078100	Plataci		Calabria	Redditi · Reddito imponibile per contribuente	RECORD_MAX|ACCELERAZIONE|ANOMALIA	TERRITORIALE	99.0	SEGNALE PULSE — A MISURA DI COMUNE	2023	Plataci: Reddito imponibile per contribuente sale da 11.537 a 13.181 nel 2023.	10073.765|10108.128|10061.511|10142.635|10589.37|10659.361|11537.422|13180.779				Record: ultimo valore sopra i valori recenti precedenti.¦Accelerazione: ultimo cambiamento più intenso del precedente.¦Anomalia: livello o variazione insoliti rispetto alla storia recente.¦Unità di misura: euro.¦Serie storica ufficiale ISTAT A misura di Comune.¦ANNUAL_PERIODS:2016|2017|2018|2019|2020|2021|2022|2023¦Il periodo della notizia è l'anno statistico reale, non la data di pubblicazione 2026.	ISTAT - A misura di Comune	https://www.istat.it/statistica-sperimentale/aggiornamento-degli-indicatori-del-sistema-informativo-a-misura-di-comune/
cbbd46d729f34893	078035	Cellara		Calabria	Redditi · Reddito imponibile per contribuente	RECORD_MAX|ACCELERAZIONE|ANOMALIA	TERRITORIALE	99.0	SEGNALE PULSE — A MISURA DI COMUNE	2023	Cellara: Reddito imponibile per contribuente sale da 16.977 a 18.439 nel 2023.	14865.497|15276.144|15142.589|15234.07|15768.344|16301.508|16977.416|18439.452				Record: ultimo valore sopra i valori recenti precedenti.¦Accelerazione: ultimo cambiamento più intenso del precedente.¦Anomalia: livello o variazione insoliti rispetto alla storia recente.¦Unità di misura: euro.¦Serie storica ufficiale ISTAT A misura di Comune.¦ANNUAL_PERIODS:2016|2017|2018|2019|2020|2021|2022|2023¦Il periodo della notizia è l'anno statistico reale, non la data di pubblicazione 2026.	ISTAT - A misura di Comune	https://www.istat.it/statistica-sperimentale/aggiornamento-degli-indicatori-del-sistema-informativo-a-misura-di-comune/
66cb999de2e79816	033005	Bobbio		Emilia-Romagna	Redditi · Contribuenti con reddito complessivo inferiore a 10.000 euro	RECORD_MIN|ACCELERAZIONE|ANOMALIA	TERRITORIALE	99.0	SEGNALE PULSE — A MISURA DI COMUNE	2023	Bobbio: Contribuenti con reddito complessivo inferiore a 10.000 euro scende da 26,06 a 22,68 nel 2023.	27.531646|27.327221|27.464545|27.326595|28.755365|26.829268|26.056584|22.682927				Record: ultimo valore sotto i valori recenti precedenti.¦Accelerazione: ultimo cambiamento più intenso del precedente.¦Anomalia: livello o variazione insoliti rispetto alla storia recente.¦Unità di misura: %.¦Serie storica ufficiale ISTAT A misura di Comune.¦ANNUAL_PERIODS:2016|2017|2018|2019|2020|2021|2022|2023¦Il periodo della notizia è l'anno statistico reale, non la data di pubblicazione 2026.	ISTAT - A misura di Comune	https://www.istat.it/statistica-sperimentale/aggiornamento-degli-indicatori-del-sistema-informativo-a-misura-di-comune/
bb29f406fde7ef5b	034045	Varano de' Melegari		Emilia-Romagna	Redditi · Contribuenti con reddito complessivo inferiore a 10.000 euro	RECORD_MIN|INVERSIONE|ANOMALIA	TERRITORIALE	99.0	SEGNALE PULSE — A MISURA DI COMUNE	2023	Varano de' Melegari: Contribuenti con reddito complessivo inferiore a 10.000 euro scende da 18,46 a 15,64 nel 2023.	20.37325|20|19.278351|20.315682|19.75181|18.40617|18.462317|15.643564				Record: ultimo valore sotto i valori recenti precedenti.¦Inversione: l'ultima variazione cambia segno.¦Anomalia: livello o variazione insoliti rispetto alla storia recente.¦Unità di misura: %.¦Serie storica ufficiale ISTAT A misura di Comune.¦ANNUAL_PERIODS:2016|2017|2018|2019|2020|2021|2022|2023¦Il periodo della notizia è l'anno statistico reale, non la data di pubblicazione 2026.	ISTAT - A misura di Comune	https://www.istat.it/statistica-sperimentale/aggiornamento-degli-indicatori-del-sistema-informativo-a-misura-di-comune/
27b4e0dbe87b873f	036009	Cavezzo		Emilia-Romagna	Redditi · Contribuenti con reddito complessivo inferiore a 10.000 euro	RECORD_MIN|ACCELERAZIONE|ANOMALIA	TERRITORIALE	99.0	SEGNALE PULSE — A MISURA DI COMUNE	2023	Cavezzo: Contribuenti con reddito complessivo inferiore a 10.000 euro scende da 22,18 a 18,53 nel 2023.	23.694779|23.673548|23.088685|22.521138|22.516056|23.062628|22.178075|18.527694				Record: ultimo valore sotto i valori recenti precedenti.¦Accelerazione: ultimo cambiamento più intenso del precedente.¦Anomalia: livello o variazione insoliti rispetto alla storia recente.¦Unità di misura: %.¦Serie storica ufficiale ISTAT A misura di Comune.¦ANNUAL_PERIODS:2016|2017|2018|2019|2020|2021|2022|2023¦Il periodo della notizia è l'anno statistico reale, non la data di pubblicazione 2026.	ISTAT - A misura di Comune	https://www.istat.it/statistica-sperimentale/aggiornamento-degli-indicatori-del-sistema-informativo-a-misura-di-comune/
8216b3532031f0f0	079029	Chiaravalle Centrale		Calabria	Redditi · Reddito imponibile per contribuente	RECORD_MAX|ACCELERAZIONE|ANOMALIA	TERRITORIALE	99.0	SEGNALE PULSE — A MISURA DI COMUNE	2023	Chiaravalle Centrale: Reddito imponibile per contribuente sale da 14.218 a 17.324 nel 2023.	12269.43|12312.352|12507.082|12808.469|12710.262|13246.71|14218.028|17323.961				Record: ultimo valore sopra i valori recenti precedenti.¦Accelerazione: ultimo cambiamento più intenso del precedente.¦Anomalia: livello o variazione insoliti rispetto alla storia recente.¦Unità di misura: euro.¦Serie storica ufficiale ISTAT A misura di Comune.¦ANNUAL_PERIODS:2016|2017|2018|2019|2020|2021|2022|2023¦Il periodo della notizia è l'anno statistico reale, non la data di pubblicazione 2026.	ISTAT - A misura di Comune	https://www.istat.it/statistica-sperimentale/aggiornamento-degli-indicatori-del-sistema-informativo-a-misura-di-comune/
b526f0c8f6e3c675	079034	Cortale		Calabria	Redditi · Reddito imponibile per contribuente	RECORD_MAX|ACCELERAZIONE|ANOMALIA	TERRITORIALE	99.0	SEGNALE PULSE — A MISURA DI COMUNE	2023	Cortale: Reddito imponibile per contribuente sale da 15.242 a 16.592 nel 2023.	13815.915|13960.885|14328.521|13964.003|14121.603|14862.774|15242.415|16592.461				Record: ultimo valore sopra i valori recenti precedenti.¦Accelerazione: ultimo cambiamento più intenso del precedente.¦Anomalia: livello o variazione insoliti rispetto alla storia recente.¦Unità di misura: euro.¦Serie storica ufficiale ISTAT A misura di Comune.¦ANNUAL_PERIODS:2016|2017|2018|2019|2020|2021|2022|2023¦Il periodo della notizia è l'anno statistico reale, non la data di pubblicazione 2026.	ISTAT - A misura di Comune	https://www.istat.it/statistica-sperimentale/aggiornamento-degli-indicatori-del-sistema-informativo-a-misura-di-comune/
680e849102f8948b	078058	Fuscaldo		Calabria	Redditi · Contribuenti con reddito complessivo inferiore a 10.000 euro	RECORD_MIN|ACCELERAZIONE|ANOMALIA	TERRITORIALE	99.0	SEGNALE PULSE — A MISURA DI COMUNE	2023	Fuscaldo: Contribuenti con reddito complessivo inferiore a 10.000 euro scende da 42,71 a 38,67 nel 2023.	47.731239|46.894138|46.825569|47.047659|46.420871|43.809524|42.710779|38.674258				Record: ultimo valore sotto i valori recenti precedenti.¦Accelerazione: ultimo cambiamento più intenso del precedente.¦Anomalia: livello o variazione insoliti rispetto alla storia recente.¦Unità di misura: %.¦Serie storica ufficiale ISTAT A misura di Comune.¦ANNUAL_PERIODS:2016|2017|2018|2019|2020|2021|2022|2023¦Il periodo della notizia è l'anno statistico reale, non la data di pubblicazione 2026.	ISTAT - A misura di Comune	https://www.istat.it/statistica-sperimentale/aggiornamento-degli-indicatori-del-sistema-informativo-a-misura-di-comune/
254972d3478aedf5	078094	Paterno Calabro		Calabria	Redditi · Contribuenti con reddito complessivo inferiore a 10.000 euro	RECORD_MIN|RALLENTAMENTO|ANOMALIA	TERRITORIALE	99.0	SEGNALE PULSE — A MISURA DI COMUNE	2023	Paterno Calabro: Contribuenti con reddito complessivo inferiore a 10.000 euro scende da 40,43 a 38,51 nel 2023.	50.31211|50.187266|50.058617|49.586777|49.583829|46.373365|40.433213|38.505747				Record: ultimo valore sotto i valori recenti precedenti.¦Rallentamento: ultimo cambiamento più contenuto del precedente.¦Anomalia: livello o variazione insoliti rispetto alla storia recente.¦Unità di misura: %.¦Serie storica ufficiale ISTAT A misura di Comune.¦ANNUAL_PERIODS:2016|2017|2018|2019|2020|2021|2022|2023¦Il periodo della notizia è l'anno statistico reale, non la data di pubblicazione 2026.	ISTAT - A misura di Comune	https://www.istat.it/statistica-sperimentale/aggiornamento-degli-indicatori-del-sistema-informativo-a-misura-di-comune/
1a70cd053c290968	079005	Andali		Calabria	Redditi · Contribuenti con reddito complessivo inferiore a 10.000 euro	RECORD_MIN|ACCELERAZIONE|ANOMALIA	TERRITORIALE	99.0	SEGNALE PULSE — A MISURA DI COMUNE	2023	Andali: Contribuenti con reddito complessivo inferiore a 10.000 euro scende da 47,57 a 39,96 nel 2023.	52.886406|54.563107|53.435115|52.988048|51.004016|50.301811|47.56871|39.957265				Record: ultimo valore sotto i valori recenti precedenti.¦Accelerazione: ultimo cambiamento più intenso del precedente.¦Anomalia: livello o variazione insoliti rispetto alla storia recente.¦Unità di misura: %.¦Serie storica ufficiale ISTAT A misura di Comune.¦ANNUAL_PERIODS:2016|2017|2018|2019|2020|2021|2022|2023¦Il periodo della notizia è l'anno statistico reale, non la data di pubblicazione 2026.	ISTAT - A misura di Comune	https://www.istat.it/statistica-sperimentale/aggiornamento-degli-indicatori-del-sistema-informativo-a-misura-di-comune/
8c821bd4da9544fd	078140	Serra d'Aiello		Calabria	Ambiente · Raccolta differenziata dei rifiuti urbani	RECORD_MIN|INVERSIONE|ANOMALIA	TERRITORIALE	99.0	SEGNALE PULSE — A MISURA DI COMUNE	2024	Serra d'Aiello: Raccolta differenziata dei rifiuti urbani scende da 79,45 a 47,36 nel 2024.	60.485019|74.482433|74.81386|71.903448|70.947765|74.360536|79.45269|47.361241				Record: ultimo valore sotto i valori recenti precedenti.¦Inversione: l'ultima variazione cambia segno.¦Anomalia: livello o variazione insoliti rispetto alla storia recente.¦Unità di misura: %.¦Serie storica ufficiale ISTAT A misura di Comune.¦ANNUAL_PERIODS:2017|2018|2019|2020|2021|2022|2023|2024¦Il periodo della notizia è l'anno statistico reale, non la data di pubblicazione 2026.	ISTAT - A misura di Comune	https://www.istat.it/statistica-sperimentale/aggiornamento-degli-indicatori-del-sistema-informativo-a-misura-di-comune/
fc05556558819240	078157	Corigliano-Rossano		Calabria	Ambiente · Raccolta differenziata dei rifiuti urbani	RECORD_MAX|INVERSIONE|ANOMALIA	TERRITORIALE	99.0	SEGNALE PULSE — A MISURA DI COMUNE	2024	Corigliano-Rossano: Raccolta differenziata dei rifiuti urbani sale da 30,87 a 63,69 nel 2024.	34.704359|40.760198|38.022116|40.093435|37.614897|37.597581|30.87117|63.689949				Record: ultimo valore sopra i valori recenti precedenti.¦Inversione: l'ultima variazione cambia segno.¦Anomalia: livello o variazione insoliti rispetto alla storia recente.¦Unità di misura: %.¦Serie storica ufficiale ISTAT A misura di Comune.¦ANNUAL_PERIODS:2017|2018|2019|2020|2021|2022|2023|2024¦Il periodo della notizia è l'anno statistico reale, non la data di pubblicazione 2026.	ISTAT - A misura di Comune	https://www.istat.it/statistica-sperimentale/aggiornamento-degli-indicatori-del-sistema-informativo-a-misura-di-comune/
b79d8f209c507438	076021	Castelgrande		Basilicata	Redditi · Reddito imponibile per contribuente	RECORD_MAX|ACCELERAZIONE|ANOMALIA	TERRITORIALE	99.0	SEGNALE PULSE — A MISURA DI COMUNE	2023	Castelgrande: Reddito imponibile per contribuente sale da 12.682 a 14.174 nel 2023.	11891.211|11921.228|11984.957|11892.929|12027.807|12223.428|12681.971|14173.685				Record: ultimo valore sopra i valori recenti precedenti.¦Accelerazione: ultimo cambiamento più intenso del precedente.¦Anomalia: livello o variazione insoliti rispetto alla storia recente.¦Unità di misura: euro.¦Serie storica ufficiale ISTAT A misura di Comune.¦ANNUAL_PERIODS:2016|2017|2018|2019|2020|2021|2022|2023¦Il periodo della notizia è l'anno statistico reale, non la data di pubblicazione 2026.	ISTAT - A misura di Comune	https://www.istat.it/statistica-sperimentale/aggiornamento-degli-indicatori-del-sistema-informativo-a-misura-di-comune/
916d6fbbf27dabb7	078004	Aiello Calabro		Calabria	Redditi · Contribuenti con reddito complessivo inferiore a 10.000 euro	RECORD_MIN|ACCELERAZIONE|ANOMALIA	TERRITORIALE	99.0	SEGNALE PULSE — A MISURA DI COMUNE	2023	Aiello Calabro: Contribuenti con reddito complessivo inferiore a 10.000 euro scende da 47,11 a 41,13 nel 2023.	53.424658|53.012048|52.385686|50.514403|52.164731|50.159405|47.109208|41.133263				Record: ultimo valore sotto i valori recenti precedenti.¦Accelerazione: ultimo cambiamento più intenso del precedente.¦Anomalia: livello o variazione insoliti rispetto alla storia recente.¦Unità di misura: %.¦Serie storica ufficiale ISTAT A misura di Comune.¦ANNUAL_PERIODS:2016|2017|2018|2019|2020|2021|2022|2023¦Il periodo della notizia è l'anno statistico reale, non la data di pubblicazione 2026.	ISTAT - A misura di Comune	https://www.istat.it/statistica-sperimentale/aggiornamento-degli-indicatori-del-sistema-informativo-a-misura-di-comune/
ee0048498ed183e8	034002	Bardi		Emilia-Romagna	Redditi · Reddito imponibile per contribuente	RECORD_MAX|ACCELERAZIONE|ANOMALIA	TERRITORIALE	99.0	SEGNALE PULSE — A MISURA DI COMUNE	2023	Bardi: Reddito imponibile per contribuente sale da 17.147 a 18.862 nel 2023.	15341.284|15585.209|15880.604|15745.983|16199.444|16839.103|17147.394|18861.659				Record: ultimo valore sopra i valori recenti precedenti.¦Accelerazione: ultimo cambiamento più intenso del precedente.¦Anomalia: livello o variazione insoliti rispetto alla storia recente.¦Unità di misura: euro.¦Serie storica ufficiale ISTAT A misura di Comune.¦ANNUAL_PERIODS:2016|2017|2018|2019|2020|2021|2022|2023¦Il periodo della notizia è l'anno statistico reale, non la data di pubblicazione 2026.	ISTAT - A misura di Comune	https://www.istat.it/statistica-sperimentale/aggiornamento-degli-indicatori-del-sistema-informativo-a-misura-di-comune/
da6cdee08b98bbbc	078024	Canna		Calabria	Redditi · Contribuenti con reddito complessivo inferiore a 10.000 euro	RECORD_MIN|ACCELERAZIONE|ANOMALIA	TERRITORIALE	99.0	SEGNALE PULSE — A MISURA DI COMUNE	2023	Canna: Contribuenti con reddito complessivo inferiore a 10.000 euro scende da 47,73 a 39,05 nel 2023.	50.392157|47.686117|47.046843|47.433265|48.22547|48.38013|47.732181|39.045553				Record: ultimo valore sotto i valori recenti precedenti.¦Accelerazione: ultimo cambiamento più intenso del precedente.¦Anomalia: livello o variazione insoliti rispetto alla storia recente.¦Unità di misura: %.¦Serie storica ufficiale ISTAT A misura di Comune.¦ANNUAL_PERIODS:2016|2017|2018|2019|2020|2021|2022|2023¦Il periodo della notizia è l'anno statistico reale, non la data di pubblicazione 2026.	ISTAT - A misura di Comune	https://www.istat.it/statistica-sperimentale/aggiornamento-degli-indicatori-del-sistema-informativo-a-misura-di-comune/
d4fd67bfde77c508	035018	Canossa		Emilia-Romagna	Redditi · Reddito imponibile per contribuente	RECORD_MAX|ACCELERAZIONE|ANOMALIA	TERRITORIALE	99.0	SEGNALE PULSE — A MISURA DI COMUNE	2023	Canossa: Reddito imponibile per contribuente sale da 26.733 a 31.985 nel 2023.	24729.95|21496.261|22329.169|23577.734|24435.341|25295.276|26732.729|31984.953				Record: ultimo valore sopra i valori recenti precedenti.¦Accelerazione: ultimo cambiamento più intenso del precedente.¦Anomalia: livello o variazione insoliti rispetto alla storia recente.¦Unità di misura: euro.¦Serie storica ufficiale ISTAT A misura di Comune.¦ANNUAL_PERIODS:2016|2017|2018|2019|2020|2021|2022|2023¦Il periodo della notizia è l'anno statistico reale, non la data di pubblicazione 2026.	ISTAT - A misura di Comune	https://www.istat.it/statistica-sperimentale/aggiornamento-degli-indicatori-del-sistema-informativo-a-misura-di-comune/
dabd615e40e0c2e1	037014	Castel del Rio		Emilia-Romagna	Redditi · Reddito imponibile per contribuente	RECORD_MAX|ACCELERAZIONE|ANOMALIA	TERRITORIALE	99.0	SEGNALE PULSE — A MISURA DI COMUNE	2023	Castel del Rio: Reddito imponibile per contribuente sale da 20.338 a 22.185 nel 2023.	18245.22|18768.305|19056.66|19138.001|19418.125|19345.163|20338.032|22184.556				Record: ultimo valore sopra i valori recenti precedenti.¦Accelerazione: ultimo cambiamento più intenso del precedente.¦Anomalia: livello o variazione insoliti rispetto alla storia recente.¦Unità di misura: euro.¦Serie storica ufficiale ISTAT A misura di Comune.¦ANNUAL_PERIODS:2016|2017|2018|2019|2020|2021|2022|2023¦Il periodo della notizia è l'anno statistico reale, non la data di pubblicazione 2026.	ISTAT - A misura di Comune	https://www.istat.it/statistica-sperimentale/aggiornamento-degli-indicatori-del-sistema-informativo-a-misura-di-comune/
a477f8773e44e00c	061060	Pignataro Maggiore		Campania	Ambiente · Raccolta differenziata dei rifiuti urbani	RECORD_MAX|INVERSIONE|ANOMALIA	TERRITORIALE	99.0	SEGNALE PULSE — A MISURA DI COMUNE	2024	Pignataro Maggiore: Raccolta differenziata dei rifiuti urbani sale da 59,36 a 71,72 nel 2024.	56.817188|55.405931|58.607446|58.819118|59.988689|60.660821|59.357084|71.719421				Record: ultimo valore sopra i valori recenti precedenti.¦Inversione: l'ultima variazione cambia segno.¦Anomalia: livello o variazione insoliti rispetto alla storia recente.¦Unità di misura: %.¦Serie storica ufficiale ISTAT A misura di Comune.¦ANNUAL_PERIODS:2017|2018|2019|2020|2021|2022|2023|2024¦Il periodo della notizia è l'anno statistico reale, non la data di pubblicazione 2026.	ISTAT - A misura di Comune	https://www.istat.it/statistica-sperimentale/aggiornamento-degli-indicatori-del-sistema-informativo-a-misura-di-comune/
3a073c58e32e4ec5	033010	Caorso		Emilia-Romagna	Redditi · Contribuenti con reddito complessivo inferiore a 10.000 euro	RECORD_MIN|INVERSIONE|ANOMALIA	TERRITORIALE	99.0	SEGNALE PULSE — A MISURA DI COMUNE	2023	Caorso: Contribuenti con reddito complessivo inferiore a 10.000 euro scende da 19,88 a 17,96 nel 2023.	22.02757|22.304833|21.468768|21.746479|22.308133|19.594402|19.88189|17.957077				Record: ultimo valore sotto i valori recenti precedenti.¦Inversione: l'ultima variazione cambia segno.¦Anomalia: livello o variazione insoliti rispetto alla storia recente.¦Unità di misura: %.¦Serie storica ufficiale ISTAT A misura di Comune.¦ANNUAL_PERIODS:2016|2017|2018|2019|2020|2021|2022|2023¦Il periodo della notizia è l'anno statistico reale, non la data di pubblicazione 2026.	ISTAT - A misura di Comune	https://www.istat.it/statistica-sperimentale/aggiornamento-degli-indicatori-del-sistema-informativo-a-misura-di-comune/
836f19c9b229ae22	036016	Frassinoro		Emilia-Romagna	Ambiente · Raccolta differenziata dei rifiuti urbani	RECORD_MAX|ACCELERAZIONE|ANOMALIA	TERRITORIALE	99.0	SEGNALE PULSE — A MISURA DI COMUNE	2024	Frassinoro: Raccolta differenziata dei rifiuti urbani sale da 45,72 a 82,6 nel 2024.	31.584521|35.072994|38.073552|38.718906|36.903472|42.464456|45.724881|82.603422				Record: ultimo valore sopra i valori recenti precedenti.¦Accelerazione: ultimo cambiamento più intenso del precedente.¦Anomalia: livello o variazione insoliti rispetto alla storia recente.¦Unità di misura: %.¦Serie storica ufficiale ISTAT A misura di Comune.¦ANNUAL_PERIODS:2017|2018|2019|2020|2021|2022|2023|2024¦Il periodo della notizia è l'anno statistico reale, non la data di pubblicazione 2026.	ISTAT - A misura di Comune	https://www.istat.it/statistica-sperimentale/aggiornamento-degli-indicatori-del-sistema-informativo-a-misura-di-comune/
ef574a33c8f7dab8	035005	Boretto		Emilia-Romagna	Redditi · Contribuenti con reddito complessivo inferiore a 10.000 euro	RECORD_MIN|ACCELERAZIONE|ANOMALIA	TERRITORIALE	99.0	SEGNALE PULSE — A MISURA DI COMUNE	2023	Boretto: Contribuenti con reddito complessivo inferiore a 10.000 euro scende da 18,97 a 16,65 nel 2023.	21.422709|22.463186|21.471907|21.020784|20.572499|19.864795|18.970814|16.654126				Record: ultimo valore sotto i valori recenti precedenti.¦Accelerazione: ultimo cambiamento più intenso del precedente.¦Anomalia: livello o variazione insoliti rispetto alla storia recente.¦Unità di misura: %.¦Serie storica ufficiale ISTAT A misura di Comune.¦ANNUAL_PERIODS:2016|2017|2018|2019|2020|2021|2022|2023¦Il periodo della notizia è l'anno statistico reale, non la data di pubblicazione 2026.	ISTAT - A misura di Comune	https://www.istat.it/statistica-sperimentale/aggiornamento-degli-indicatori-del-sistema-informativo-a-misura-di-comune/
ea615dffdbcdbf29	035016	Castelnovo ne' Monti		Emilia-Romagna	Ambiente · Raccolta differenziata dei rifiuti urbani	RECORD_MAX|ACCELERAZIONE|ANOMALIA	TERRITORIALE	99.0	SEGNALE PULSE — A MISURA DI COMUNE	2024	Castelnovo ne' Monti: Raccolta differenziata dei rifiuti urbani sale da 70,57 a 90,37 nel 2024.	64.733069|66.399614|68.021621|68.269368|68.583935|67.265733|70.567001|90.370976				Record: ultimo valore sopra i valori recenti precedenti.¦Accelerazione: ultimo cambiamento più intenso del precedente.¦Anomalia: livello o variazione insoliti rispetto alla storia recente.¦Unità di misura: %.¦Serie storica ufficiale ISTAT A misura di Comune.¦ANNUAL_PERIODS:2017|2018|2019|2020|2021|2022|2023|2024¦Il periodo della notizia è l'anno statistico reale, non la data di pubblicazione 2026.	ISTAT - A misura di Comune	https://www.istat.it/statistica-sperimentale/aggiornamento-degli-indicatori-del-sistema-informativo-a-misura-di-comune/
609417d10c5aca1c	035021	Fabbrico		Emilia-Romagna	Ambiente · Raccolta differenziata dei rifiuti urbani	RECORD_MAX|ACCELERAZIONE|ANOMALIA	TERRITORIALE	99.0	SEGNALE PULSE — A MISURA DI COMUNE	2024	Fabbrico: Raccolta differenziata dei rifiuti urbani sale da 82,75 a 88,76 nel 2024.	81.54482|80.707705|81.030171|81.734808|81.991355|82.374219|82.749661|88.762737				Record: ultimo valore sopra i valori recenti precedenti.¦Accelerazione: ultimo cambiamento più intenso del precedente.¦Anomalia: livello o variazione insoliti rispetto alla storia recente.¦Unità di misura: %.¦Serie storica ufficiale ISTAT A misura di Comune.¦ANNUAL_PERIODS:2017|2018|2019|2020|2021|2022|2023|2024¦Il periodo della notizia è l'anno statistico reale, non la data di pubblicazione 2026.	ISTAT - A misura di Comune	https://www.istat.it/statistica-sperimentale/aggiornamento-degli-indicatori-del-sistema-informativo-a-misura-di-comune/
eb219a9f63a479c8	036014	Fiumalbo		Emilia-Romagna	Ambiente · Raccolta differenziata dei rifiuti urbani	RECORD_MAX|INVERSIONE|ANOMALIA	TERRITORIALE	99.0	SEGNALE PULSE — A MISURA DI COMUNE	2024	Fiumalbo: Raccolta differenziata dei rifiuti urbani sale da 33,27 a 60,82 nel 2024.	34.042642|34.961602|38.748247|37.09605|31.725684|34.168057|33.267123|60.816354				Record: ultimo valore sopra i valori recenti precedenti.¦Inversione: l'ultima variazione cambia segno.¦Anomalia: livello o variazione insoliti rispetto alla storia recente.¦Unità di misura: %.¦Serie storica ufficiale ISTAT A misura di Comune.¦ANNUAL_PERIODS:2017|2018|2019|2020|2021|2022|2023|2024¦Il periodo della notizia è l'anno statistico reale, non la data di pubblicazione 2026.	ISTAT - A misura di Comune	https://www.istat.it/statistica-sperimentale/aggiornamento-degli-indicatori-del-sistema-informativo-a-misura-di-comune/
00741cb274d2900d	036011	Fanano		Emilia-Romagna	Ambiente · Raccolta differenziata dei rifiuti urbani	RECORD_MAX|ACCELERAZIONE|ANOMALIA	TERRITORIALE	99.0	SEGNALE PULSE — A MISURA DI COMUNE	2024	Fanano: Raccolta differenziata dei rifiuti urbani sale da 43,83 a 75,34 nel 2024.	34.585925|36.760404|41.049556|37.363986|42.734037|41.039906|43.827713|75.33841				Record: ultimo valore sopra i valori recenti precedenti.¦Accelerazione: ultimo cambiamento più intenso del precedente.¦Anomalia: livello o variazione insoliti rispetto alla storia recente.¦Unità di misura: %.¦Serie storica ufficiale ISTAT A misura di Comune.¦ANNUAL_PERIODS:2017|2018|2019|2020|2021|2022|2023|2024¦Il periodo della notizia è l'anno statistico reale, non la data di pubblicazione 2026.	ISTAT - A misura di Comune	https://www.istat.it/statistica-sperimentale/aggiornamento-degli-indicatori-del-sistema-informativo-a-misura-di-comune/
dc40937c41715b8d	062034	Fragneto Monforte		Campania	Ambiente · Raccolta differenziata dei rifiuti urbani	RECORD_MAX|ACCELERAZIONE|ANOMALIA	TERRITORIALE	99.0	SEGNALE PULSE — A MISURA DI COMUNE	2024	Fragneto Monforte: Raccolta differenziata dei rifiuti urbani sale da 75,23 a 89,44 nel 2024.	67.922318|66.964562|66.797829|68.526378|68.541605|70.849171|75.225956|89.435183				Record: ultimo valore sopra i valori recenti precedenti.¦Accelerazione: ultimo cambiamento più intenso del precedente.¦Anomalia: livello o variazione insoliti rispetto alla storia recente.¦Unità di misura: %.¦Serie storica ufficiale ISTAT A misura di Comune.¦ANNUAL_PERIODS:2017|2018|2019|2020|2021|2022|2023|2024¦Il periodo della notizia è l'anno statistico reale, non la data di pubblicazione 2026.	ISTAT - A misura di Comune	https://www.istat.it/statistica-sperimentale/aggiornamento-degli-indicatori-del-sistema-informativo-a-misura-di-comune/
e659fd144302d2a8	061100	Vitulazio		Campania	Redditi · Reddito imponibile per contribuente	RECORD_MAX|ACCELERAZIONE|ANOMALIA	TERRITORIALE	99.0	SEGNALE PULSE — A MISURA DI COMUNE	2023	Vitulazio: Reddito imponibile per contribuente sale da 18.132 a 19.477 nel 2023.	16079.213|16195.991|16475.347|16573.699|16729.802|17574.805|18131.922|19477.144				Record: ultimo valore sopra i valori recenti precedenti.¦Accelerazione: ultimo cambiamento più intenso del precedente.¦Anomalia: livello o variazione insoliti rispetto alla storia recente.¦Unità di misura: euro.¦Serie storica ufficiale ISTAT A misura di Comune.¦ANNUAL_PERIODS:2016|2017|2018|2019|2020|2021|2022|2023¦Il periodo della notizia è l'anno statistico reale, non la data di pubblicazione 2026.	ISTAT - A misura di Comune	https://www.istat.it/statistica-sperimentale/aggiornamento-degli-indicatori-del-sistema-informativo-a-misura-di-comune/
068b85e0176b80b4	061090	Succivo		Campania	Redditi · Reddito imponibile per contribuente	RECORD_MAX|ACCELERAZIONE|ANOMALIA	TERRITORIALE	99.0	SEGNALE PULSE — A MISURA DI COMUNE	2023	Succivo: Reddito imponibile per contribuente sale da 17.581 a 19.070 nel 2023.	15283.669|15601.564|15694.466|15736.854|15770.061|16713.193|17580.825|19070.475				Record: ultimo valore sopra i valori recenti precedenti.¦Accelerazione: ultimo cambiamento più intenso del precedente.¦Anomalia: livello o variazione insoliti rispetto alla storia recente.¦Unità di misura: euro.¦Serie storica ufficiale ISTAT A misura di Comune.¦ANNUAL_PERIODS:2016|2017|2018|2019|2020|2021|2022|2023¦Il periodo della notizia è l'anno statistico reale, non la data di pubblicazione 2026.	ISTAT - A misura di Comune	https://www.istat.it/statistica-sperimentale/aggiornamento-degli-indicatori-del-sistema-informativo-a-misura-di-comune/
b36a6d41e65f5cde	061079	San Pietro Infine		Campania	Redditi · Reddito imponibile per contribuente	RECORD_MAX|ACCELERAZIONE|ANOMALIA	TERRITORIALE	99.0	SEGNALE PULSE — A MISURA DI COMUNE	2023	San Pietro Infine: Reddito imponibile per contribuente sale da 16.103 a 17.385 nel 2023.	14601.733|14703.313|14707.357|14952.014|15198.893|15618.132|16103.181|17385.454				Record: ultimo valore sopra i valori recenti precedenti.¦Accelerazione: ultimo cambiamento più intenso del precedente.¦Anomalia: livello o variazione insoliti rispetto alla storia recente.¦Unità di misura: euro.¦Serie storica ufficiale ISTAT A misura di Comune.¦ANNUAL_PERIODS:2016|2017|2018|2019|2020|2021|2022|2023¦Il periodo della notizia è l'anno statistico reale, non la data di pubblicazione 2026.	ISTAT - A misura di Comune	https://www.istat.it/statistica-sperimentale/aggiornamento-degli-indicatori-del-sistema-informativo-a-misura-di-comune/
232079055c0e689f	061016	Carinaro		Campania	Redditi · Reddito imponibile per contribuente	RECORD_MAX|INVERSIONE|ANOMALIA	TERRITORIALE	99.0	SEGNALE PULSE — A MISURA DI COMUNE	2023	Carinaro: Reddito imponibile per contribuente sale da 17.769 a 19.216 nel 2023.	15107.372|15420.162|15728.694|15881.279|16278.383|18296.189|17769.496|19215.638				Record: ultimo valore sopra i valori recenti precedenti.¦Inversione: l'ultima variazione cambia segno.¦Anomalia: livello o variazione insoliti rispetto alla storia recente.¦Unità di misura: euro.¦Serie storica ufficiale ISTAT A misura di Comune.¦ANNUAL_PERIODS:2016|2017|2018|2019|2020|2021|2022|2023¦Il periodo della notizia è l'anno statistico reale, non la data di pubblicazione 2026.	ISTAT - A misura di Comune	https://www.istat.it/statistica-sperimentale/aggiornamento-degli-indicatori-del-sistema-informativo-a-misura-di-comune/
33faafeb9de8d92e	061013	Capodrise		Campania	Redditi · Reddito imponibile per contribuente	RECORD_MAX|ACCELERAZIONE|ANOMALIA	TERRITORIALE	99.0	SEGNALE PULSE — A MISURA DI COMUNE	2023	Capodrise: Reddito imponibile per contribuente sale da 18.793 a 20.443 nel 2023.	16734.842|17153.317|17420.279|17207.116|17488.17|18094.919|18792.841|20443.462				Record: ultimo valore sopra i valori recenti precedenti.¦Accelerazione: ultimo cambiamento più intenso del precedente.¦Anomalia: livello o variazione insoliti rispetto alla storia recente.¦Unità di misura: euro.¦Serie storica ufficiale ISTAT A misura di Comune.¦ANNUAL_PERIODS:2016|2017|2018|2019|2020|2021|2022|2023¦Il periodo della notizia è l'anno statistico reale, non la data di pubblicazione 2026.	ISTAT - A misura di Comune	https://www.istat.it/statistica-sperimentale/aggiornamento-degli-indicatori-del-sistema-informativo-a-misura-di-comune/
048b8f391470bea4	063039	Lettere		Campania	Ambiente · Raccolta differenziata dei rifiuti urbani	RECORD_MAX|INVERSIONE|ANOMALIA	TERRITORIALE	99.0	SEGNALE PULSE — A MISURA DI COMUNE	2024	Lettere: Raccolta differenziata dei rifiuti urbani sale da 67,93 a 79,13 nel 2024.	58.972002|61.857084|64.895603|65.540291|67.298437|68.764789|67.926999|79.131881				Record: ultimo valore sopra i valori recenti precedenti.¦Inversione: l'ultima variazione cambia segno.¦Anomalia: livello o variazione insoliti rispetto alla storia recente.¦Unità di misura: %.¦Serie storica ufficiale ISTAT A misura di Comune.¦ANNUAL_PERIODS:2017|2018|2019|2020|2021|2022|2023|2024¦Il periodo della notizia è l'anno statistico reale, non la data di pubblicazione 2026.	ISTAT - A misura di Comune	https://www.istat.it/statistica-sperimentale/aggiornamento-degli-indicatori-del-sistema-informativo-a-misura-di-comune/
52def0b167bd4c35	062038	Limatola		Campania	Ambiente · Raccolta differenziata dei rifiuti urbani	RECORD_MAX|INVERSIONE|ANOMALIA	TERRITORIALE	99.0	SEGNALE PULSE — A MISURA DI COMUNE	2024	Limatola: Raccolta differenziata dei rifiuti urbani sale da 64,87 a 79,95 nel 2024.	49.299589|68.020706|69.0861|70.870281|68.076764|66.399184|64.86725|79.952866				Record: ultimo valore sopra i valori recenti precedenti.¦Inversione: l'ultima variazione cambia segno.¦Anomalia: livello o variazione insoliti rispetto alla storia recente.¦Unità di misura: %.¦Serie storica ufficiale ISTAT A misura di Comune.¦ANNUAL_PERIODS:2017|2018|2019|2020|2021|2022|2023|2024¦Il periodo della notizia è l'anno statistico reale, non la data di pubblicazione 2026.	ISTAT - A misura di Comune	https://www.istat.it/statistica-sperimentale/aggiornamento-degli-indicatori-del-sistema-informativo-a-misura-di-comune/
cb302233c3062c6b	009023	Cengio		Liguria	Redditi · Reddito imponibile per contribuente	RECORD_MAX|ACCELERAZIONE|ANOMALIA	TERRITORIALE	99.0	SEGNALE PULSE — A MISURA DI COMUNE	2023	Cengio: Reddito imponibile per contribuente sale da 20.905 a 22.106 nel 2023.	19391.203|19380.074|19452.662|19648.654|19619.33|20324.238|20904.905|22105.656				Record: ultimo valore sopra i valori recenti precedenti.¦Accelerazione: ultimo cambiamento più intenso del precedente.¦Anomalia: livello o variazione insoliti rispetto alla storia recente.¦Unità di misura: euro.¦Serie storica ufficiale ISTAT A misura di Comune.¦ANNUAL_PERIODS:2016|2017|2018|2019|2020|2021|2022|2023¦Il periodo della notizia è l'anno statistico reale, non la data di pubblicazione 2026.	ISTAT - A misura di Comune	https://www.istat.it/statistica-sperimentale/aggiornamento-degli-indicatori-del-sistema-informativo-a-misura-di-comune/
7b4bff3817c6cb28	012016	Bodio Lomnago		Lombardia	Redditi · Contribuenti con reddito complessivo inferiore a 10.000 euro	RECORD_MIN|ACCELERAZIONE|ANOMALIA	TERRITORIALE	99.0	SEGNALE PULSE — A MISURA DI COMUNE	2023	Bodio Lomnago: Contribuenti con reddito complessivo inferiore a 10.000 euro scende da 21,09 a 19,31 nel 2023.	21.002059|21.174863|21.29743|21.507353|21.871203|22.076372|21.090473|19.306358				Record: ultimo valore sotto i valori recenti precedenti.¦Accelerazione: ultimo cambiamento più intenso del precedente.¦Anomalia: livello o variazione insoliti rispetto alla storia recente.¦Unità di misura: %.¦Serie storica ufficiale ISTAT A misura di Comune.¦ANNUAL_PERIODS:2016|2017|2018|2019|2020|2021|2022|2023¦Il periodo della notizia è l'anno statistico reale, non la data di pubblicazione 2026.	ISTAT - A misura di Comune	https://www.istat.it/statistica-sperimentale/aggiornamento-degli-indicatori-del-sistema-informativo-a-misura-di-comune/
e8e1c2bf54e19171	012030	Cantello		Lombardia	Redditi · Contribuenti con reddito complessivo inferiore a 10.000 euro	RECORD_MIN|ACCELERAZIONE|ANOMALIA	TERRITORIALE	99.0	SEGNALE PULSE — A MISURA DI COMUNE	2023	Cantello: Contribuenti con reddito complessivo inferiore a 10.000 euro scende da 34,15 a 30,3 nel 2023.	34.70336|34.491228|35.471567|35.564121|36.070796|35.633404|34.14548|30.298067				Record: ultimo valore sotto i valori recenti precedenti.¦Accelerazione: ultimo cambiamento più intenso del precedente.¦Anomalia: livello o variazione insoliti rispetto alla storia recente.¦Unità di misura: %.¦Serie storica ufficiale ISTAT A misura di Comune.¦ANNUAL_PERIODS:2016|2017|2018|2019|2020|2021|2022|2023¦Il periodo della notizia è l'anno statistico reale, non la data di pubblicazione 2026.	ISTAT - A misura di Comune	https://www.istat.it/statistica-sperimentale/aggiornamento-degli-indicatori-del-sistema-informativo-a-misura-di-comune/
ab8bfb210d936167	030068	Pagnacco		Friuli-Venezia Giulia	Ambiente · Raccolta differenziata dei rifiuti urbani	RECORD_MAX|ACCELERAZIONE|ANOMALIA	TERRITORIALE	99.0	SEGNALE PULSE — A MISURA DI COMUNE	2024	Pagnacco: Raccolta differenziata dei rifiuti urbani sale da 87,03 a 90,18 nel 2024.	85.315896|85.753686|85.624928|84.2013|84.757119|85.349416|87.0345|90.183398				Record: ultimo valore sopra i valori recenti precedenti.¦Accelerazione: ultimo cambiamento più intenso del precedente.¦Anomalia: livello o variazione insoliti rispetto alla storia recente.¦Unità di misura: %.¦Serie storica ufficiale ISTAT A misura di Comune.¦ANNUAL_PERIODS:2017|2018|2019|2020|2021|2022|2023|2024¦Il periodo della notizia è l'anno statistico reale, non la data di pubblicazione 2026.	ISTAT - A misura di Comune	https://www.istat.it/statistica-sperimentale/aggiornamento-degli-indicatori-del-sistema-informativo-a-misura-di-comune/
627b0130f4badf8e	030071	Paluzza		Friuli-Venezia Giulia	Ambiente · Raccolta differenziata dei rifiuti urbani	RECORD_MAX|INVERSIONE|ANOMALIA	TERRITORIALE	99.0	SEGNALE PULSE — A MISURA DI COMUNE	2024	Paluzza: Raccolta differenziata dei rifiuti urbani sale da 63,44 a 72,24 nel 2024.	67.089074|67.30172|67.50659|68.170085|66.608099|65.035778|63.436638|72.24085				Record: ultimo valore sopra i valori recenti precedenti.¦Inversione: l'ultima variazione cambia segno.¦Anomalia: livello o variazione insoliti rispetto alla storia recente.¦Unità di misura: %.¦Serie storica ufficiale ISTAT A misura di Comune.¦ANNUAL_PERIODS:2017|2018|2019|2020|2021|2022|2023|2024¦Il periodo della notizia è l'anno statistico reale, non la data di pubblicazione 2026.	ISTAT - A misura di Comune	https://www.istat.it/statistica-sperimentale/aggiornamento-degli-indicatori-del-sistema-informativo-a-misura-di-comune/
70ad9a46bafc7242	030112	Sutrio		Friuli-Venezia Giulia	Ambiente · Raccolta differenziata dei rifiuti urbani	RECORD_MIN|INVERSIONE|ANOMALIA	TERRITORIALE	99.0	SEGNALE PULSE — A MISURA DI COMUNE	2024	Sutrio: Raccolta differenziata dei rifiuti urbani scende da 80,17 a 71,25 nel 2024.	78.423996|79.093698|79.818687|80.891143|80.475458|75.637589|80.173727|71.251485				Record: ultimo valore sotto i valori recenti precedenti.¦Inversione: l'ultima variazione cambia segno.¦Anomalia: livello o variazione insoliti rispetto alla storia recente.¦Unità di misura: %.¦Serie storica ufficiale ISTAT A misura di Comune.¦ANNUAL_PERIODS:2017|2018|2019|2020|2021|2022|2023|2024¦Il periodo della notizia è l'anno statistico reale, non la data di pubblicazione 2026.	ISTAT - A misura di Comune	https://www.istat.it/statistica-sperimentale/aggiornamento-degli-indicatori-del-sistema-informativo-a-misura-di-comune/
e9a1db0d19fa5720	021027	Curon Venosta		Trentino-Alto Adige/Südtirol	Redditi · Contribuenti con reddito complessivo inferiore a 10.000 euro	RECORD_MIN|ACCELERAZIONE|ANOMALIA	TERRITORIALE	99.0	SEGNALE PULSE — A MISURA DI COMUNE	2023	Curon Venosta: Contribuenti con reddito complessivo inferiore a 10.000 euro scende da 32,57 a 26,16 nel 2023.	35|33.239753|32.636214|33.055556|33.295519|34.014764|32.57329|26.158038				Record: ultimo valore sotto i valori recenti precedenti.¦Accelerazione: ultimo cambiamento più intenso del precedente.¦Anomalia: livello o variazione insoliti rispetto alla storia recente.¦Unità di misura: %.¦Serie storica ufficiale ISTAT A misura di Comune.¦ANNUAL_PERIODS:2016|2017|2018|2019|2020|2021|2022|2023¦Il periodo della notizia è l'anno statistico reale, non la data di pubblicazione 2026.	ISTAT - A misura di Comune	https://www.istat.it/statistica-sperimentale/aggiornamento-degli-indicatori-del-sistema-informativo-a-misura-di-comune/
126739cf1fbf9ea5	021072	Renon		Trentino-Alto Adige/Südtirol	Redditi · Contribuenti con reddito complessivo inferiore a 10.000 euro	RECORD_MIN|ACCELERAZIONE|ANOMALIA	TERRITORIALE	99.0	SEGNALE PULSE — A MISURA DI COMUNE	2023	Renon: Contribuenti con reddito complessivo inferiore a 10.000 euro scende da 23,06 a 20,58 nel 2023.	27.209418|25.384873|25.03251|24.931683|24.420124|23.702506|23.059902|20.577508				Record: ultimo valore sotto i valori recenti precedenti.¦Accelerazione: ultimo cambiamento più intenso del precedente.¦Anomalia: livello o variazione insoliti rispetto alla storia recente.¦Unità di misura: %.¦Serie storica ufficiale ISTAT A misura di Comune.¦ANNUAL_PERIODS:2016|2017|2018|2019|2020|2021|2022|2023¦Il periodo della notizia è l'anno statistico reale, non la data di pubblicazione 2026.	ISTAT - A misura di Comune	https://www.istat.it/statistica-sperimentale/aggiornamento-degli-indicatori-del-sistema-informativo-a-misura-di-comune/
780a3f6df47862ae	049002	Campiglia Marittima		Toscana	Ambiente · Raccolta differenziata dei rifiuti urbani	RECORD_MAX|ACCELERAZIONE|ANOMALIA	TERRITORIALE	99.0	SEGNALE PULSE — A MISURA DI COMUNE	2024	Campiglia Marittima: Raccolta differenziata dei rifiuti urbani sale da 38,75 a 74,08 nel 2024.	37.018118|39.260544|42.552881|40.886885|39.238763|37.512985|38.751344|74.083117				Record: ultimo valore sopra i valori recenti precedenti.¦Accelerazione: ultimo cambiamento più intenso del precedente.¦Anomalia: livello o variazione insoliti rispetto alla storia recente.¦Unità di misura: %.¦Serie storica ufficiale ISTAT A misura di Comune.¦ANNUAL_PERIODS:2017|2018|2019|2020|2021|2022|2023|2024¦Il periodo della notizia è l'anno statistico reale, non la data di pubblicazione 2026.	ISTAT - A misura di Comune	https://www.istat.it/statistica-sperimentale/aggiornamento-degli-indicatori-del-sistema-informativo-a-misura-di-comune/
abb84f56742254f8	049019	Sassetta		Toscana	Ambiente · Raccolta differenziata dei rifiuti urbani	RECORD_MAX|ACCELERAZIONE|ANOMALIA	TERRITORIALE	99.0	SEGNALE PULSE — A MISURA DI COMUNE	2024	Sassetta: Raccolta differenziata dei rifiuti urbani sale da 25,23 a 61,49 nel 2024.	28.275851|21.543502|19.141791|23.242587|22.557564|23.568425|25.232824|61.49328				Record: ultimo valore sopra i valori recenti precedenti.¦Accelerazione: ultimo cambiamento più intenso del precedente.¦Anomalia: livello o variazione insoliti rispetto alla storia recente.¦Unità di misura: %.¦Serie storica ufficiale ISTAT A misura di Comune.¦ANNUAL_PERIODS:2017|2018|2019|2020|2021|2022|2023|2024¦Il periodo della notizia è l'anno statistico reale, non la data di pubblicazione 2026.	ISTAT - A misura di Comune	https://www.istat.it/statistica-sperimentale/aggiornamento-degli-indicatori-del-sistema-informativo-a-misura-di-comune/
066da3d17e2602d0	051004	Bibbiena		Toscana	Ambiente · Raccolta differenziata dei rifiuti urbani	RECORD_MAX|ACCELERAZIONE|ANOMALIA	TERRITORIALE	99.0	SEGNALE PULSE — A MISURA DI COMUNE	2024	Bibbiena: Raccolta differenziata dei rifiuti urbani sale da 29,4 a 67,41 nel 2024.	22.855946|24.299226|25.661618|26.648863|28.383652|28.57408|29.403879|67.414081				Record: ultimo valore sopra i valori recenti precedenti.¦Accelerazione: ultimo cambiamento più intenso del precedente.¦Anomalia: livello o variazione insoliti rispetto alla storia recente.¦Unità di misura: %.¦Serie storica ufficiale ISTAT A misura di Comune.¦ANNUAL_PERIODS:2017|2018|2019|2020|2021|2022|2023|2024¦Il periodo della notizia è l'anno statistico reale, non la data di pubblicazione 2026.	ISTAT - A misura di Comune	https://www.istat.it/statistica-sperimentale/aggiornamento-degli-indicatori-del-sistema-informativo-a-misura-di-comune/
7a51e5a20056113d	051008	Castel Focognano		Toscana	Ambiente · Raccolta differenziata dei rifiuti urbani	RECORD_MAX|ACCELERAZIONE|ANOMALIA	TERRITORIALE	99.0	SEGNALE PULSE — A MISURA DI COMUNE	2024	Castel Focognano: Raccolta differenziata dei rifiuti urbani sale da 22,64 a 43,58 nel 2024.	14.797519|16.858394|18.303594|19.112708|18.984828|20.855185|22.644343|43.582747				Record: ultimo valore sopra i valori recenti precedenti.¦Accelerazione: ultimo cambiamento più intenso del precedente.¦Anomalia: livello o variazione insoliti rispetto alla storia recente.¦Unità di misura: %.¦Serie storica ufficiale ISTAT A misura di Comune.¦ANNUAL_PERIODS:2017|2018|2019|2020|2021|2022|2023|2024¦Il periodo della notizia è l'anno statistico reale, non la data di pubblicazione 2026.	ISTAT - A misura di Comune	https://www.istat.it/statistica-sperimentale/aggiornamento-degli-indicatori-del-sistema-informativo-a-misura-di-comune/
91be7e2c51b6a13f	050011	Castelnuovo di Val di Cecina		Toscana	Redditi · Reddito imponibile per contribuente	RECORD_MAX|ACCELERAZIONE|ANOMALIA	TERRITORIALE	99.0	SEGNALE PULSE — A MISURA DI COMUNE	2023	Castelnuovo di Val di Cecina: Reddito imponibile per contribuente sale da 20.865 a 22.224 nel 2023.	19140.182|18932.614|19228.576|19238.513|19477.831|20605.124|20864.635|22223.563				Record: ultimo valore sopra i valori recenti precedenti.¦Accelerazione: ultimo cambiamento più intenso del precedente.¦Anomalia: livello o variazione insoliti rispetto alla storia recente.¦Unità di misura: euro.¦Serie storica ufficiale ISTAT A misura di Comune.¦ANNUAL_PERIODS:2016|2017|2018|2019|2020|2021|2022|2023¦Il periodo della notizia è l'anno statistico reale, non la data di pubblicazione 2026.	ISTAT - A misura di Comune	https://www.istat.it/statistica-sperimentale/aggiornamento-degli-indicatori-del-sistema-informativo-a-misura-di-comune/
5b39b6f3a607cc98	046022	Pescaglia		Toscana	Redditi · Contribuenti con reddito complessivo inferiore a 10.000 euro	RECORD_MIN|ACCELERAZIONE|ANOMALIA	TERRITORIALE	99.0	SEGNALE PULSE — A MISURA DI COMUNE	2023	Pescaglia: Contribuenti con reddito complessivo inferiore a 10.000 euro scende da 27,62 a 24,78 nel 2023.	29.022869|30.202429|29.414141|29.149798|29.20464|28.477905|27.619821|24.781573				Record: ultimo valore sotto i valori recenti precedenti.¦Accelerazione: ultimo cambiamento più intenso del precedente.¦Anomalia: livello o variazione insoliti rispetto alla storia recente.¦Unità di misura: %.¦Serie storica ufficiale ISTAT A misura di Comune.¦ANNUAL_PERIODS:2016|2017|2018|2019|2020|2021|2022|2023¦Il periodo della notizia è l'anno statistico reale, non la data di pubblicazione 2026.	ISTAT - A misura di Comune	https://www.istat.it/statistica-sperimentale/aggiornamento-degli-indicatori-del-sistema-informativo-a-misura-di-comune/
51218279d3c41639	053020	Roccalbegna		Toscana	Redditi · Contribuenti con reddito complessivo inferiore a 10.000 euro	RECORD_MIN|ACCELERAZIONE|ANOMALIA	TERRITORIALE	99.0	SEGNALE PULSE — A MISURA DI COMUNE	2023	Roccalbegna: Contribuenti con reddito complessivo inferiore a 10.000 euro scende da 36,25 a 32,37 nel 2023.	37.5|36.901408|38.994565|37.621024|38.483548|37.361111|36.25|32.365145				Record: ultimo valore sotto i valori recenti precedenti.¦Accelerazione: ultimo cambiamento più intenso del precedente.¦Anomalia: livello o variazione insoliti rispetto alla storia recente.¦Unità di misura: %.¦Serie storica ufficiale ISTAT A misura di Comune.¦ANNUAL_PERIODS:2016|2017|2018|2019|2020|2021|2022|2023¦Il periodo della notizia è l'anno statistico reale, non la data di pubblicazione 2026.	ISTAT - A misura di Comune	https://www.istat.it/statistica-sperimentale/aggiornamento-degli-indicatori-del-sistema-informativo-a-misura-di-comune/
91ad1f7bef08d67e	048026	Marradi		Toscana	Ambiente · Raccolta differenziata dei rifiuti urbani	RECORD_MAX|INVERSIONE|ANOMALIA	TERRITORIALE	99.0	SEGNALE PULSE — A MISURA DI COMUNE	2024	Marradi: Raccolta differenziata dei rifiuti urbani sale da 36,31 a 53,59 nel 2024.	36.209988|38.926056|37.4082|37.645306|39.02978|38.728975|36.308103|53.587273				Record: ultimo valore sopra i valori recenti precedenti.¦Inversione: l'ultima variazione cambia segno.¦Anomalia: livello o variazione insoliti rispetto alla storia recente.¦Unità di misura: %.¦Serie storica ufficiale ISTAT A misura di Comune.¦ANNUAL_PERIODS:2017|2018|2019|2020|2021|2022|2023|2024¦Il periodo della notizia è l'anno statistico reale, non la data di pubblicazione 2026.	ISTAT - A misura di Comune	https://www.istat.it/statistica-sperimentale/aggiornamento-degli-indicatori-del-sistema-informativo-a-misura-di-comune/
a0854a8034d44b52	060018	Casalvieri		Lazio	Ambiente · Raccolta differenziata dei rifiuti urbani	RECORD_MAX|ACCELERAZIONE|ANOMALIA	TERRITORIALE	99.0	SEGNALE PULSE — A MISURA DI COMUNE	2024	Casalvieri: Raccolta differenziata dei rifiuti urbani sale da 45,59 a 63,86 nel 2024.	18.166151|31.393063|41.452937|43.854658|45.654544|45.012238|45.589462|63.855699				Record: ultimo valore sopra i valori recenti precedenti.¦Accelerazione: ultimo cambiamento più intenso del precedente.¦Anomalia: livello o variazione insoliti rispetto alla storia recente.¦Unità di misura: %.¦Serie storica ufficiale ISTAT A misura di Comune.¦ANNUAL_PERIODS:2017|2018|2019|2020|2021|2022|2023|2024¦Il periodo della notizia è l'anno statistico reale, non la data di pubblicazione 2026.	ISTAT - A misura di Comune	https://www.istat.it/statistica-sperimentale/aggiornamento-degli-indicatori-del-sistema-informativo-a-misura-di-comune/
7802ef896040a49c	081019	Santa Ninfa		Sicilia	Redditi · Reddito imponibile per contribuente	RECORD_MAX|ACCELERAZIONE|ANOMALIA	TERRITORIALE	99.0	SEGNALE PULSE — A MISURA DI COMUNE	2023	Santa Ninfa: Reddito imponibile per contribuente sale da 14.853 a 15.821 nel 2023.	12282.564|12617.076|12657.684|12962.236|13133.665|14519.201|14852.831|15820.728				Record: ultimo valore sopra i valori recenti precedenti.¦Accelerazione: ultimo cambiamento più intenso del precedente.¦Anomalia: livello o variazione insoliti rispetto alla storia recente.¦Unità di misura: euro.¦Serie storica ufficiale ISTAT A misura di Comune.¦ANNUAL_PERIODS:2016|2017|2018|2019|2020|2021|2022|2023¦Il periodo della notizia è l'anno statistico reale, non la data di pubblicazione 2026.	ISTAT - A misura di Comune	https://www.istat.it/statistica-sperimentale/aggiornamento-degli-indicatori-del-sistema-informativo-a-misura-di-comune/
e3dae92e168095f9	082008	Baucina		Sicilia	Redditi · Reddito imponibile per contribuente	RECORD_MAX|INVERSIONE|ANOMALIA	TERRITORIALE	99.0	SEGNALE PULSE — A MISURA DI COMUNE	2023	Baucina: Reddito imponibile per contribuente sale da 13.153 a 14.694 nel 2023.	11098.183|11385.222|11726.508|11810.623|11674.093|13371.839|13153.439|14694.475				Record: ultimo valore sopra i valori recenti precedenti.¦Inversione: l'ultima variazione cambia segno.¦Anomalia: livello o variazione insoliti rispetto alla storia recente.¦Unità di misura: euro.¦Serie storica ufficiale ISTAT A misura di Comune.¦ANNUAL_PERIODS:2016|2017|2018|2019|2020|2021|2022|2023¦Il periodo della notizia è l'anno statistico reale, non la data di pubblicazione 2026.	ISTAT - A misura di Comune	https://www.istat.it/statistica-sperimentale/aggiornamento-degli-indicatori-del-sistema-informativo-a-misura-di-comune/
0b8e83baeeacfa7f	083022	Floresta		Sicilia	Redditi · Reddito imponibile per contribuente	RECORD_MAX|ACCELERAZIONE|ANOMALIA	TERRITORIALE	99.0	SEGNALE PULSE — A MISURA DI COMUNE	2023	Floresta: Reddito imponibile per contribuente sale da 14.710 a 16.977 nel 2023.	12692.279|12953.392|13101.237|12854.186|13579.188|13788.236|14710|16976.588				Record: ultimo valore sopra i valori recenti precedenti.¦Accelerazione: ultimo cambiamento più intenso del precedente.¦Anomalia: livello o variazione insoliti rispetto alla storia recente.¦Unità di misura: euro.¦Serie storica ufficiale ISTAT A misura di Comune.¦ANNUAL_PERIODS:2016|2017|2018|2019|2020|2021|2022|2023¦Il periodo della notizia è l'anno statistico reale, non la data di pubblicazione 2026.	ISTAT - A misura di Comune	https://www.istat.it/statistica-sperimentale/aggiornamento-degli-indicatori-del-sistema-informativo-a-misura-di-comune/
2def45627233657b	084040	Santo Stefano Quisquina		Sicilia	Redditi · Reddito imponibile per contribuente	RECORD_MAX|ACCELERAZIONE|ANOMALIA	TERRITORIALE	99.0	SEGNALE PULSE — A MISURA DI COMUNE	2023	Santo Stefano Quisquina: Reddito imponibile per contribuente sale da 14.630 a 15.981 nel 2023.	13041.291|13037.584|13226.585|13285.741|13437.098|13944.455|14630.408|15981.387				Record: ultimo valore sopra i valori recenti precedenti.¦Accelerazione: ultimo cambiamento più intenso del precedente.¦Anomalia: livello o variazione insoliti rispetto alla storia recente.¦Unità di misura: euro.¦Serie storica ufficiale ISTAT A misura di Comune.¦ANNUAL_PERIODS:2016|2017|2018|2019|2020|2021|2022|2023¦Il periodo della notizia è l'anno statistico reale, non la data di pubblicazione 2026.	ISTAT - A misura di Comune	https://www.istat.it/statistica-sperimentale/aggiornamento-degli-indicatori-del-sistema-informativo-a-misura-di-comune/
d6e3843641664b26	083047	Merì		Sicilia	Redditi · Reddito imponibile per contribuente	RECORD_MAX|ACCELERAZIONE|ANOMALIA	TERRITORIALE	99.0	SEGNALE PULSE — A MISURA DI COMUNE	2023	Merì: Reddito imponibile per contribuente sale da 14.908 a 16.353 nel 2023.	13704.726|13911.494|13645.419|13759.601|13933.411|14106.297|14908.163|16353.332				Record: ultimo valore sopra i valori recenti precedenti.¦Accelerazione: ultimo cambiamento più intenso del precedente.¦Anomalia: livello o variazione insoliti rispetto alla storia recente.¦Unità di misura: euro.¦Serie storica ufficiale ISTAT A misura di Comune.¦ANNUAL_PERIODS:2016|2017|2018|2019|2020|2021|2022|2023¦Il periodo della notizia è l'anno statistico reale, non la data di pubblicazione 2026.	ISTAT - A misura di Comune	https://www.istat.it/statistica-sperimentale/aggiornamento-degli-indicatori-del-sistema-informativo-a-misura-di-comune/
6b37ebd4d7b2469c	057005	Belmonte in Sabina		Lazio	Redditi · Contribuenti con reddito complessivo inferiore a 10.000 euro	RECORD_MIN|INVERSIONE|ANOMALIA	TERRITORIALE	99.0	SEGNALE PULSE — A MISURA DI COMUNE	2023	Belmonte in Sabina: Contribuenti con reddito complessivo inferiore a 10.000 euro scende da 30,22 a 26,16 nel 2023.	30.366492|30.909091|31.295844|30.769231|30.22113|29.927007|30.215827|26.16408				Record: ultimo valore sotto i valori recenti precedenti.¦Inversione: l'ultima variazione cambia segno.¦Anomalia: livello o variazione insoliti rispetto alla storia recente.¦Unità di misura: %.¦Serie storica ufficiale ISTAT A misura di Comune.¦ANNUAL_PERIODS:2016|2017|2018|2019|2020|2021|2022|2023¦Il periodo della notizia è l'anno statistico reale, non la data di pubblicazione 2026.	ISTAT - A misura di Comune	https://www.istat.it/statistica-sperimentale/aggiornamento-degli-indicatori-del-sistema-informativo-a-misura-di-comune/
87d1c7257924406a	057044	Montopoli di Sabina		Lazio	Redditi · Contribuenti con reddito complessivo inferiore a 10.000 euro	RECORD_MIN|ACCELERAZIONE|ANOMALIA	TERRITORIALE	99.0	SEGNALE PULSE — A MISURA DI COMUNE	2023	Montopoli di Sabina: Contribuenti con reddito complessivo inferiore a 10.000 euro scende da 29,34 a 24,88 nel 2023.	31.266641|32.845027|30.973451|29.423077|31.658481|30.777861|29.336267|24.884956				Record: ultimo valore sotto i valori recenti precedenti.¦Accelerazione: ultimo cambiamento più intenso del precedente.¦Anomalia: livello o variazione insoliti rispetto alla storia recente.¦Unità di misura: %.¦Serie storica ufficiale ISTAT A misura di Comune.¦ANNUAL_PERIODS:2016|2017|2018|2019|2020|2021|2022|2023¦Il periodo della notizia è l'anno statistico reale, non la data di pubblicazione 2026.	ISTAT - A misura di Comune	https://www.istat.it/statistica-sperimentale/aggiornamento-degli-indicatori-del-sistema-informativo-a-misura-di-comune/
cf7da98d92929b64	060036	Fontana Liri		Lazio	Ambiente · Raccolta differenziata dei rifiuti urbani	RECORD_MAX|INVERSIONE|ANOMALIA	TERRITORIALE	99.0	SEGNALE PULSE — A MISURA DI COMUNE	2024	Fontana Liri: Raccolta differenziata dei rifiuti urbani sale da 53,35 a 71,46 nel 2024.	66.693842|61.221837|59.351522|59.036908|56.871979|54.837492|53.350596|71.458792				Record: ultimo valore sopra i valori recenti precedenti.¦Inversione: l'ultima variazione cambia segno.¦Anomalia: livello o variazione insoliti rispetto alla storia recente.¦Unità di misura: %.¦Serie storica ufficiale ISTAT A misura di Comune.¦ANNUAL_PERIODS:2017|2018|2019|2020|2021|2022|2023|2024¦Il periodo della notizia è l'anno statistico reale, non la data di pubblicazione 2026.	ISTAT - A misura di Comune	https://www.istat.it/statistica-sperimentale/aggiornamento-degli-indicatori-del-sistema-informativo-a-misura-di-comune/
fc50e38235f3ad81	057062	Rocca Sinibalda		Lazio	Redditi · Contribuenti con reddito complessivo inferiore a 10.000 euro	RECORD_MIN|ACCELERAZIONE|ANOMALIA	TERRITORIALE	99.0	SEGNALE PULSE — A MISURA DI COMUNE	2023	Rocca Sinibalda: Contribuenti con reddito complessivo inferiore a 10.000 euro scende da 32,17 a 26,47 nel 2023.	36.851852|36.007463|34.532374|36.036036|35.869565|34.275618|32.167832|26.465662				Record: ultimo valore sotto i valori recenti precedenti.¦Accelerazione: ultimo cambiamento più intenso del precedente.¦Anomalia: livello o variazione insoliti rispetto alla storia recente.¦Unità di misura: %.¦Serie storica ufficiale ISTAT A misura di Comune.¦ANNUAL_PERIODS:2016|2017|2018|2019|2020|2021|2022|2023¦Il periodo della notizia è l'anno statistico reale, non la data di pubblicazione 2026.	ISTAT - A misura di Comune	https://www.istat.it/statistica-sperimentale/aggiornamento-degli-indicatori-del-sistema-informativo-a-misura-di-comune/
067ac6a4a66f2123	058008	Arcinazzo Romano		Lazio	Ambiente · Raccolta differenziata dei rifiuti urbani	RECORD_MAX|ACCELERAZIONE|ANOMALIA	TERRITORIALE	99.0	SEGNALE PULSE — A MISURA DI COMUNE	2024	Arcinazzo Romano: Raccolta differenziata dei rifiuti urbani sale da 18,68 a 32,73 nel 2024.	19.082576|20.484849|19.150794|21.241057|20.181999|17.368075|18.682743|32.731087				Record: ultimo valore sopra i valori recenti precedenti.¦Accelerazione: ultimo cambiamento più intenso del precedente.¦Anomalia: livello o variazione insoliti rispetto alla storia recente.¦Unità di misura: %.¦Serie storica ufficiale ISTAT A misura di Comune.¦ANNUAL_PERIODS:2017|2018|2019|2020|2021|2022|2023|2024¦Il periodo della notizia è l'anno statistico reale, non la data di pubblicazione 2026.	ISTAT - A misura di Comune	https://www.istat.it/statistica-sperimentale/aggiornamento-degli-indicatori-del-sistema-informativo-a-misura-di-comune/
945bfa1ae9c51a15	058102	Segni		Lazio	Ambiente · Raccolta differenziata dei rifiuti urbani	RECORD_MAX|ACCELERAZIONE|ANOMALIA	TERRITORIALE	99.0	SEGNALE PULSE — A MISURA DI COMUNE	2024	Segni: Raccolta differenziata dei rifiuti urbani sale da 11,71 a 22,63 nel 2024.	7.3934016|5.802285|6.7765062|8.5796034|8.2911373|8.3870192|11.708141|22.628617				Record: ultimo valore sopra i valori recenti precedenti.¦Accelerazione: ultimo cambiamento più intenso del precedente.¦Anomalia: livello o variazione insoliti rispetto alla storia recente.¦Unità di misura: %.¦Serie storica ufficiale ISTAT A misura di Comune.¦ANNUAL_PERIODS:2017|2018|2019|2020|2021|2022|2023|2024¦Il periodo della notizia è l'anno statistico reale, non la data di pubblicazione 2026.	ISTAT - A misura di Comune	https://www.istat.it/statistica-sperimentale/aggiornamento-degli-indicatori-del-sistema-informativo-a-misura-di-comune/
173af4100610e2d0	060022	Castrocielo		Lazio	Ambiente · Raccolta differenziata dei rifiuti urbani	RECORD_MAX|ACCELERAZIONE|ANOMALIA	TERRITORIALE	99.0	SEGNALE PULSE — A MISURA DI COMUNE	2024	Castrocielo: Raccolta differenziata dei rifiuti urbani sale da 41,92 a 79,05 nel 2024.	40.874735|41.009482|39.197293|45.270521|38.647184|38.026841|41.923466|79.051772				Record: ultimo valore sopra i valori recenti precedenti.¦Accelerazione: ultimo cambiamento più intenso del precedente.¦Anomalia: livello o variazione insoliti rispetto alla storia recente.¦Unità di misura: %.¦Serie storica ufficiale ISTAT A misura di Comune.¦ANNUAL_PERIODS:2017|2018|2019|2020|2021|2022|2023|2024¦Il periodo della notizia è l'anno statistico reale, non la data di pubblicazione 2026.	ISTAT - A misura di Comune	https://www.istat.it/statistica-sperimentale/aggiornamento-degli-indicatori-del-sistema-informativo-a-misura-di-comune/
d6ce40ab5946b689	030040	Forni Avoltri		Friuli-Venezia Giulia	Ambiente · Raccolta differenziata dei rifiuti urbani	RECORD_MAX|INVERSIONE|ANOMALIA	TERRITORIALE	99.0	SEGNALE PULSE — A MISURA DI COMUNE	2024	Forni Avoltri: Raccolta differenziata dei rifiuti urbani sale da 67,25 a 77,8 nel 2024.	65.525968|64.198244|66.389622|68.225846|68.077042|67.802554|67.251033|77.799296				Record: ultimo valore sopra i valori recenti precedenti.¦Inversione: l'ultima variazione cambia segno.¦Anomalia: livello o variazione insoliti rispetto alla storia recente.¦Unità di misura: %.¦Serie storica ufficiale ISTAT A misura di Comune.¦ANNUAL_PERIODS:2017|2018|2019|2020|2021|2022|2023|2024¦Il periodo della notizia è l'anno statistico reale, non la data di pubblicazione 2026.	ISTAT - A misura di Comune	https://www.istat.it/statistica-sperimentale/aggiornamento-degli-indicatori-del-sistema-informativo-a-misura-di-comune/
312f1b262422056c	056043	Piansano		Lazio	Redditi · Contribuenti con reddito complessivo inferiore a 10.000 euro	RECORD_MIN|ACCELERAZIONE|ANOMALIA	TERRITORIALE	99.0	SEGNALE PULSE — A MISURA DI COMUNE	2023	Piansano: Contribuenti con reddito complessivo inferiore a 10.000 euro scende da 35,92 a 30,45 nel 2023.	39.729556|41.469816|39.96037|39.193655|39.067855|37.40815|35.921053|30.44586				Record: ultimo valore sotto i valori recenti precedenti.¦Accelerazione: ultimo cambiamento più intenso del precedente.¦Anomalia: livello o variazione insoliti rispetto alla storia recente.¦Unità di misura: %.¦Serie storica ufficiale ISTAT A misura di Comune.¦ANNUAL_PERIODS:2016|2017|2018|2019|2020|2021|2022|2023¦Il periodo della notizia è l'anno statistico reale, non la data di pubblicazione 2026.	ISTAT - A misura di Comune	https://www.istat.it/statistica-sperimentale/aggiornamento-degli-indicatori-del-sistema-informativo-a-misura-di-comune/
8a1e5e0cca955ddf	056015	Caprarola		Lazio	Redditi · Contribuenti con reddito complessivo inferiore a 10.000 euro	RECORD_MIN|ACCELERAZIONE|ANOMALIA	TERRITORIALE	99.0	SEGNALE PULSE — A MISURA DI COMUNE	2023	Caprarola: Contribuenti con reddito complessivo inferiore a 10.000 euro scende da 32,32 a 27,97 nel 2023.	36.813778|37.17033|36.216653|36.201699|35.135135|33.977901|32.321575|27.966102				Record: ultimo valore sotto i valori recenti precedenti.¦Accelerazione: ultimo cambiamento più intenso del precedente.¦Anomalia: livello o variazione insoliti rispetto alla storia recente.¦Unità di misura: %.¦Serie storica ufficiale ISTAT A misura di Comune.¦ANNUAL_PERIODS:2016|2017|2018|2019|2020|2021|2022|2023¦Il periodo della notizia è l'anno statistico reale, non la data di pubblicazione 2026.	ISTAT - A misura di Comune	https://www.istat.it/statistica-sperimentale/aggiornamento-degli-indicatori-del-sistema-informativo-a-misura-di-comune/
f3c614ee8ce51e23	009052	Quiliano		Liguria	Redditi · Contribuenti con reddito complessivo inferiore a 10.000 euro	RECORD_MIN|ACCELERAZIONE|ANOMALIA	TERRITORIALE	99.0	SEGNALE PULSE — A MISURA DI COMUNE	2023	Quiliano: Contribuenti con reddito complessivo inferiore a 10.000 euro scende da 21,27 a 18,78 nel 2023.	22.273782|23.238352|22.694899|22.803989|22.80124|21.785578|21.269781|18.775435				Record: ultimo valore sotto i valori recenti precedenti.¦Accelerazione: ultimo cambiamento più intenso del precedente.¦Anomalia: livello o variazione insoliti rispetto alla storia recente.¦Unità di misura: %.¦Serie storica ufficiale ISTAT A misura di Comune.¦ANNUAL_PERIODS:2016|2017|2018|2019|2020|2021|2022|2023¦Il periodo della notizia è l'anno statistico reale, non la data di pubblicazione 2026.	ISTAT - A misura di Comune	https://www.istat.it/statistica-sperimentale/aggiornamento-degli-indicatori-del-sistema-informativo-a-misura-di-comune/
94d58144a7392adb	008047	Prelà		Liguria	Redditi · Contribuenti con reddito complessivo inferiore a 10.000 euro	RECORD_MIN|INVERSIONE|ANOMALIA	TERRITORIALE	99.0	SEGNALE PULSE — A MISURA DI COMUNE	2023	Prelà: Contribuenti con reddito complessivo inferiore a 10.000 euro scende da 42,99 a 36,78 nel 2023.	42.44373|42.811502|41.025641|40.764331|42.715232|42.333333|42.993631|36.778116				Record: ultimo valore sotto i valori recenti precedenti.¦Inversione: l'ultima variazione cambia segno.¦Anomalia: livello o variazione insoliti rispetto alla storia recente.¦Unità di misura: %.¦Serie storica ufficiale ISTAT A misura di Comune.¦ANNUAL_PERIODS:2016|2017|2018|2019|2020|2021|2022|2023¦Il periodo della notizia è l'anno statistico reale, non la data di pubblicazione 2026.	ISTAT - A misura di Comune	https://www.istat.it/statistica-sperimentale/aggiornamento-degli-indicatori-del-sistema-informativo-a-misura-di-comune/
fc62a5c881d21341	009013	Borgio Verezzi		Liguria	Redditi · Contribuenti con reddito complessivo inferiore a 10.000 euro	RECORD_MIN|INVERSIONE|ANOMALIA	TERRITORIALE	99.0	SEGNALE PULSE — A MISURA DI COMUNE	2023	Borgio Verezzi: Contribuenti con reddito complessivo inferiore a 10.000 euro scende da 26,23 a 22,56 nel 2023.	28.393598|29.129663|28.153019|28.623408|28.745432|26.089626|26.230492|22.55814				Record: ultimo valore sotto i valori recenti precedenti.¦Inversione: l'ultima variazione cambia segno.¦Anomalia: livello o variazione insoliti rispetto alla storia recente.¦Unità di misura: %.¦Serie storica ufficiale ISTAT A misura di Comune.¦ANNUAL_PERIODS:2016|2017|2018|2019|2020|2021|2022|2023¦Il periodo della notizia è l'anno statistico reale, non la data di pubblicazione 2026.	ISTAT - A misura di Comune	https://www.istat.it/statistica-sperimentale/aggiornamento-degli-indicatori-del-sistema-informativo-a-misura-di-comune/
68693a63cb26f228	008058	Soldano		Liguria	Ambiente · Raccolta differenziata dei rifiuti urbani	RECORD_MAX|ACCELERAZIONE|ANOMALIA	TERRITORIALE	99.0	SEGNALE PULSE — A MISURA DI COMUNE	2024	Soldano: Raccolta differenziata dei rifiuti urbani sale da 37,63 a 61,05 nel 2024.	38.527212|33.960612|33.20163|31.521691|33.088914|32.828683|37.627185|61.051745				Record: ultimo valore sopra i valori recenti precedenti.¦Accelerazione: ultimo cambiamento più intenso del precedente.¦Anomalia: livello o variazione insoliti rispetto alla storia recente.¦Unità di misura: %.¦Serie storica ufficiale ISTAT A misura di Comune.¦ANNUAL_PERIODS:2017|2018|2019|2020|2021|2022|2023|2024¦Il periodo della notizia è l'anno statistico reale, non la data di pubblicazione 2026.	ISTAT - A misura di Comune	https://www.istat.it/statistica-sperimentale/aggiornamento-degli-indicatori-del-sistema-informativo-a-misura-di-comune/
1d2f635866ee350e	008065	Ventimiglia		Liguria	Ambiente · Raccolta differenziata dei rifiuti urbani	RECORD_MAX|ACCELERAZIONE|ANOMALIA	TERRITORIALE	99.0	SEGNALE PULSE — A MISURA DI COMUNE	2024	Ventimiglia: Raccolta differenziata dei rifiuti urbani sale da 27,78 a 47,39 nel 2024.	30.844274|30.70775|31.997148|27.527257|29.306167|25.411144|27.779745|47.38714				Record: ultimo valore sopra i valori recenti precedenti.¦Accelerazione: ultimo cambiamento più intenso del precedente.¦Anomalia: livello o variazione insoliti rispetto alla storia recente.¦Unità di misura: %.¦Serie storica ufficiale ISTAT A misura di Comune.¦ANNUAL_PERIODS:2017|2018|2019|2020|2021|2022|2023|2024¦Il periodo della notizia è l'anno statistico reale, non la data di pubblicazione 2026.	ISTAT - A misura di Comune	https://www.istat.it/statistica-sperimentale/aggiornamento-degli-indicatori-del-sistema-informativo-a-misura-di-comune/
b8441c4742b230f4	008010	Borgomaro		Liguria	Redditi · Reddito imponibile per contribuente	RECORD_MAX|ACCELERAZIONE|ANOMALIA	TERRITORIALE	99.0	SEGNALE PULSE — A MISURA DI COMUNE	2023	Borgomaro: Reddito imponibile per contribuente sale da 18.548 a 19.761 nel 2023.	16879.007|17234.386|17408.368|17530.77|17774.59|18138.851|18548.118|19760.777				Record: ultimo valore sopra i valori recenti precedenti.¦Accelerazione: ultimo cambiamento più intenso del precedente.¦Anomalia: livello o variazione insoliti rispetto alla storia recente.¦Unità di misura: euro.¦Serie storica ufficiale ISTAT A misura di Comune.¦ANNUAL_PERIODS:2016|2017|2018|2019|2020|2021|2022|2023¦Il periodo della notizia è l'anno statistico reale, non la data di pubblicazione 2026.	ISTAT - A misura di Comune	https://www.istat.it/statistica-sperimentale/aggiornamento-degli-indicatori-del-sistema-informativo-a-misura-di-comune/
3606f5c73e27a6b3	030053	Majano		Friuli-Venezia Giulia	Redditi · Reddito imponibile per contribuente	RECORD_MAX|ACCELERAZIONE|ANOMALIA	TERRITORIALE	99.0	SEGNALE PULSE — A MISURA DI COMUNE	2023	Majano: Reddito imponibile per contribuente sale da 21.214 a 22.735 nel 2023.	19181.383|19124.564|19399.925|19517.879|19646.574|20407.808|21214.422|22735.456				Record: ultimo valore sopra i valori recenti precedenti.¦Accelerazione: ultimo cambiamento più intenso del precedente.¦Anomalia: livello o variazione insoliti rispetto alla storia recente.¦Unità di misura: euro.¦Serie storica ufficiale ISTAT A misura di Comune.¦ANNUAL_PERIODS:2016|2017|2018|2019|2020|2021|2022|2023¦Il periodo della notizia è l'anno statistico reale, non la data di pubblicazione 2026.	ISTAT - A misura di Comune	https://www.istat.it/statistica-sperimentale/aggiornamento-degli-indicatori-del-sistema-informativo-a-misura-di-comune/
e89745bc893b3317	031011	Medea		Friuli-Venezia Giulia	Redditi · Reddito imponibile per contribuente	RECORD_MAX|ACCELERAZIONE|ANOMALIA	TERRITORIALE	99.0	SEGNALE PULSE — A MISURA DI COMUNE	2023	Medea: Reddito imponibile per contribuente sale da 21.710 a 23.489 nel 2023.	19681.311|19736.744|20153.162|19743.107|20011.756|21228.315|21710.028|23488.571				Record: ultimo valore sopra i valori recenti precedenti.¦Accelerazione: ultimo cambiamento più intenso del precedente.¦Anomalia: livello o variazione insoliti rispetto alla storia recente.¦Unità di misura: euro.¦Serie storica ufficiale ISTAT A misura di Comune.¦ANNUAL_PERIODS:2016|2017|2018|2019|2020|2021|2022|2023¦Il periodo della notizia è l'anno statistico reale, non la data di pubblicazione 2026.	ISTAT - A misura di Comune	https://www.istat.it/statistica-sperimentale/aggiornamento-degli-indicatori-del-sistema-informativo-a-misura-di-comune/
e1f6788b6563cde1	093042	Sequals		Friuli-Venezia Giulia	Redditi · Reddito imponibile per contribuente	RECORD_MAX|ACCELERAZIONE|ANOMALIA	TERRITORIALE	99.0	SEGNALE PULSE — A MISURA DI COMUNE	2023	Sequals: Reddito imponibile per contribuente sale da 20.820 a 22.294 nel 2023.	17748.018|18276.285|18556.082|18718.108|18929.309|20313.298|20820.377|22294.407				Record: ultimo valore sopra i valori recenti precedenti.¦Accelerazione: ultimo cambiamento più intenso del precedente.¦Anomalia: livello o variazione insoliti rispetto alla storia recente.¦Unità di misura: euro.¦Serie storica ufficiale ISTAT A misura di Comune.¦ANNUAL_PERIODS:2016|2017|2018|2019|2020|2021|2022|2023¦Il periodo della notizia è l'anno statistico reale, non la data di pubblicazione 2026.	ISTAT - A misura di Comune	https://www.istat.it/statistica-sperimentale/aggiornamento-degli-indicatori-del-sistema-informativo-a-misura-di-comune/
ee99fda99fa66ebd	093045	Tramonti di Sopra		Friuli-Venezia Giulia	Redditi · Reddito imponibile per contribuente	RECORD_MAX|ACCELERAZIONE|ANOMALIA	TERRITORIALE	99.0	SEGNALE PULSE — A MISURA DI COMUNE	2023	Tramonti di Sopra: Reddito imponibile per contribuente sale da 18.411 a 20.409 nel 2023.	16376.058|16041.649|16392.029|16760.945|17015.346|17780.557|18411.484|20409.211				Record: ultimo valore sopra i valori recenti precedenti.¦Accelerazione: ultimo cambiamento più intenso del precedente.¦Anomalia: livello o variazione insoliti rispetto alla storia recente.¦Unità di misura: euro.¦Serie storica ufficiale ISTAT A misura di Comune.¦ANNUAL_PERIODS:2016|2017|2018|2019|2020|2021|2022|2023¦Il periodo della notizia è l'anno statistico reale, non la data di pubblicazione 2026.	ISTAT - A misura di Comune	https://www.istat.it/statistica-sperimentale/aggiornamento-degli-indicatori-del-sistema-informativo-a-misura-di-comune/
3d02278c644a4139	030059	Moggio Udinese		Friuli-Venezia Giulia	Redditi · Contribuenti con reddito complessivo inferiore a 10.000 euro	RECORD_MIN|ACCELERAZIONE|ANOMALIA	TERRITORIALE	99.0	SEGNALE PULSE — A MISURA DI COMUNE	2023	Moggio Udinese: Contribuenti con reddito complessivo inferiore a 10.000 euro scende da 21,62 a 18,65 nel 2023.	23.607038|22.385862|22.457937|22.60479|22.546816|21.833085|21.617647|18.645302				Record: ultimo valore sotto i valori recenti precedenti.¦Accelerazione: ultimo cambiamento più intenso del precedente.¦Anomalia: livello o variazione insoliti rispetto alla storia recente.¦Unità di misura: %.¦Serie storica ufficiale ISTAT A misura di Comune.¦ANNUAL_PERIODS:2016|2017|2018|2019|2020|2021|2022|2023¦Il periodo della notizia è l'anno statistico reale, non la data di pubblicazione 2026.	ISTAT - A misura di Comune	https://www.istat.it/statistica-sperimentale/aggiornamento-degli-indicatori-del-sistema-informativo-a-misura-di-comune/
c68a34ec2d15daeb	030111	Stregna		Friuli-Venezia Giulia	Redditi · Contribuenti con reddito complessivo inferiore a 10.000 euro	RECORD_MIN|ACCELERAZIONE|ANOMALIA	TERRITORIALE	99.0	SEGNALE PULSE — A MISURA DI COMUNE	2023	Stregna: Contribuenti con reddito complessivo inferiore a 10.000 euro scende da 32,47 a 26,47 nel 2023.	36.263736|35.849057|35.433071|35.546875|35.62753|34.87395|32.467532|26.470588				Record: ultimo valore sotto i valori recenti precedenti.¦Accelerazione: ultimo cambiamento più intenso del precedente.¦Anomalia: livello o variazione insoliti rispetto alla storia recente.¦Unità di misura: %.¦Serie storica ufficiale ISTAT A misura di Comune.¦ANNUAL_PERIODS:2016|2017|2018|2019|2020|2021|2022|2023¦Il periodo della notizia è l'anno statistico reale, non la data di pubblicazione 2026.	ISTAT - A misura di Comune	https://www.istat.it/statistica-sperimentale/aggiornamento-degli-indicatori-del-sistema-informativo-a-misura-di-comune/
8d007f1accd00613	030190	Fiumicello Villa Vicentina		Friuli-Venezia Giulia	Redditi · Contribuenti con reddito complessivo inferiore a 10.000 euro	RECORD_MIN|ACCELERAZIONE|ANOMALIA	TERRITORIALE	99.0	SEGNALE PULSE — A MISURA DI COMUNE	2023	Fiumicello Villa Vicentina: Contribuenti con reddito complessivo inferiore a 10.000 euro scende da 22,3 a 19,18 nel 2023.	23.738808|23.539745|22.940541|23.011303|23.426124|22.992854|22.298278|19.177524				Record: ultimo valore sotto i valori recenti precedenti.¦Accelerazione: ultimo cambiamento più intenso del precedente.¦Anomalia: livello o variazione insoliti rispetto alla storia recente.¦Unità di misura: %.¦Serie storica ufficiale ISTAT A misura di Comune.¦ANNUAL_PERIODS:2016|2017|2018|2019|2020|2021|2022|2023¦Il periodo della notizia è l'anno statistico reale, non la data di pubblicazione 2026.	ISTAT - A misura di Comune	https://www.istat.it/statistica-sperimentale/aggiornamento-degli-indicatori-del-sistema-informativo-a-misura-di-comune/
6f147b9ee26dbbf2	093042	Sequals		Friuli-Venezia Giulia	Redditi · Contribuenti con reddito complessivo inferiore a 10.000 euro	RECORD_MIN|INVERSIONE|ANOMALIA	TERRITORIALE	99.0	SEGNALE PULSE — A MISURA DI COMUNE	2023	Sequals: Contribuenti con reddito complessivo inferiore a 10.000 euro scende da 23,31 a 19,65 nel 2023.	27.363476|27.056779|26.738883|25.856164|24.897959|22.470588|23.306544|19.649915				Record: ultimo valore sotto i valori recenti precedenti.¦Inversione: l'ultima variazione cambia segno.¦Anomalia: livello o variazione insoliti rispetto alla storia recente.¦Unità di misura: %.¦Serie storica ufficiale ISTAT A misura di Comune.¦ANNUAL_PERIODS:2016|2017|2018|2019|2020|2021|2022|2023¦Il periodo della notizia è l'anno statistico reale, non la data di pubblicazione 2026.	ISTAT - A misura di Comune	https://www.istat.it/statistica-sperimentale/aggiornamento-degli-indicatori-del-sistema-informativo-a-misura-di-comune/
12ec5d8c348c3fa3	030036	Faedis		Friuli-Venezia Giulia	Ambiente · Raccolta differenziata dei rifiuti urbani	RECORD_MAX|INVERSIONE|ANOMALIA	TERRITORIALE	99.0	SEGNALE PULSE — A MISURA DI COMUNE	2024	Faedis: Raccolta differenziata dei rifiuti urbani sale da 61,91 a 70,92 nel 2024.	55.384713|63.853881|62.567943|65.895829|64.06117|63.619079|61.91431|70.919632				Record: ultimo valore sopra i valori recenti precedenti.¦Inversione: l'ultima variazione cambia segno.¦Anomalia: livello o variazione insoliti rispetto alla storia recente.¦Unità di misura: %.¦Serie storica ufficiale ISTAT A misura di Comune.¦ANNUAL_PERIODS:2017|2018|2019|2020|2021|2022|2023|2024¦Il periodo della notizia è l'anno statistico reale, non la data di pubblicazione 2026.	ISTAT - A misura di Comune	https://www.istat.it/statistica-sperimentale/aggiornamento-degli-indicatori-del-sistema-informativo-a-misura-di-comune/
3cb2463e916215b9	009038	Millesimo		Liguria	Redditi · Reddito imponibile per contribuente	RECORD_MAX|ACCELERAZIONE|ANOMALIA	TERRITORIALE	99.0	SEGNALE PULSE — A MISURA DI COMUNE	2023	Millesimo: Reddito imponibile per contribuente sale da 22.134 a 23.811 nel 2023.	20644.938|19951.579|20707.7|21021.339|21321.153|21881.421|22134.217|23811.287				Record: ultimo valore sopra i valori recenti precedenti.¦Accelerazione: ultimo cambiamento più intenso del precedente.¦Anomalia: livello o variazione insoliti rispetto alla storia recente.¦Unità di misura: euro.¦Serie storica ufficiale ISTAT A misura di Comune.¦ANNUAL_PERIODS:2016|2017|2018|2019|2020|2021|2022|2023¦Il periodo della notizia è l'anno statistico reale, non la data di pubblicazione 2026.	ISTAT - A misura di Comune	https://www.istat.it/statistica-sperimentale/aggiornamento-degli-indicatori-del-sistema-informativo-a-misura-di-comune/
b69d7dd9e620eaa1	008038	Olivetta San Michele		Liguria	Ambiente · Raccolta differenziata dei rifiuti urbani	RECORD_MAX|ACCELERAZIONE|ANOMALIA	TERRITORIALE	99.0	SEGNALE PULSE — A MISURA DI COMUNE	2024	Olivetta San Michele: Raccolta differenziata dei rifiuti urbani sale da 36,61 a 62,17 nel 2024.	20.76463|20.96163|23.755432|25.19457|19.815268|32.886782|36.612991|62.171373				Record: ultimo valore sopra i valori recenti precedenti.¦Accelerazione: ultimo cambiamento più intenso del precedente.¦Anomalia: livello o variazione insoliti rispetto alla storia recente.¦Unità di misura: %.¦Serie storica ufficiale ISTAT A misura di Comune.¦ANNUAL_PERIODS:2017|2018|2019|2020|2021|2022|2023|2024¦Il periodo della notizia è l'anno statistico reale, non la data di pubblicazione 2026.	ISTAT - A misura di Comune	https://www.istat.it/statistica-sperimentale/aggiornamento-degli-indicatori-del-sistema-informativo-a-misura-di-comune/
59ea3ad4ba2156c6	010026	Gorreto		Liguria	Redditi · Contribuenti con reddito complessivo inferiore a 10.000 euro	RECORD_MIN|INVERSIONE|ANOMALIA	TERRITORIALE	99.0	SEGNALE PULSE — A MISURA DI COMUNE	2023	Gorreto: Contribuenti con reddito complessivo inferiore a 10.000 euro scende da 33,33 a 24 nel 2023.	35.802469|34.567901|42.105263|34.939759|32.926829|32.5|33.333333|24				Record: ultimo valore sotto i valori recenti precedenti.¦Inversione: l'ultima variazione cambia segno.¦Anomalia: livello o variazione insoliti rispetto alla storia recente.¦Unità di misura: %.¦Serie storica ufficiale ISTAT A misura di Comune.¦ANNUAL_PERIODS:2016|2017|2018|2019|2020|2021|2022|2023¦Il periodo della notizia è l'anno statistico reale, non la data di pubblicazione 2026.	ISTAT - A misura di Comune	https://www.istat.it/statistica-sperimentale/aggiornamento-degli-indicatori-del-sistema-informativo-a-misura-di-comune/
ceb405fa57392206	056051	Tessennano		Lazio	Redditi · Reddito imponibile per contribuente	RECORD_MAX|ACCELERAZIONE|ANOMALIA	TERRITORIALE	99.0	SEGNALE PULSE — A MISURA DI COMUNE	2023	Tessennano: Reddito imponibile per contribuente sale da 15.970 a 18.128 nel 2023.	13659.776|14494.767|14675.714|14728.129|14993.022|15208.928|15970.405|18127.748				Record: ultimo valore sopra i valori recenti precedenti.¦Accelerazione: ultimo cambiamento più intenso del precedente.¦Anomalia: livello o variazione insoliti rispetto alla storia recente.¦Unità di misura: euro.¦Serie storica ufficiale ISTAT A misura di Comune.¦ANNUAL_PERIODS:2016|2017|2018|2019|2020|2021|2022|2023¦Il periodo della notizia è l'anno statistico reale, non la data di pubblicazione 2026.	ISTAT - A misura di Comune	https://www.istat.it/statistica-sperimentale/aggiornamento-degli-indicatori-del-sistema-informativo-a-misura-di-comune/
3dc397825a5e04aa	009017	Calizzano		Liguria	Redditi · Contribuenti con reddito complessivo inferiore a 10.000 euro	RECORD_MIN|ACCELERAZIONE|ANOMALIA	TERRITORIALE	99.0	SEGNALE PULSE — A MISURA DI COMUNE	2023	Calizzano: Contribuenti con reddito complessivo inferiore a 10.000 euro scende da 30,22 a 27,38 nel 2023.	31.953195|32.197309|30.278527|30.376344|30.623306|31.272401|30.218341|27.379949				Record: ultimo valore sotto i valori recenti precedenti.¦Accelerazione: ultimo cambiamento più intenso del precedente.¦Anomalia: livello o variazione insoliti rispetto alla storia recente.¦Unità di misura: %.¦Serie storica ufficiale ISTAT A misura di Comune.¦ANNUAL_PERIODS:2016|2017|2018|2019|2020|2021|2022|2023¦Il periodo della notizia è l'anno statistico reale, non la data di pubblicazione 2026.	ISTAT - A misura di Comune	https://www.istat.it/statistica-sperimentale/aggiornamento-degli-indicatori-del-sistema-informativo-a-misura-di-comune/
a96c1323bdd9fc91	008034	Mendatica		Liguria	Redditi · Reddito imponibile per contribuente	RECORD_MAX|ACCELERAZIONE|ANOMALIA	TERRITORIALE	99.0	SEGNALE PULSE — A MISURA DI COMUNE	2023	Mendatica: Reddito imponibile per contribuente sale da 18.096 a 20.310 nel 2023.	15829.876|16539.934|16875.269|17105.972|16674.404|17491.087|18095.792|20310.466				Record: ultimo valore sopra i valori recenti precedenti.¦Accelerazione: ultimo cambiamento più intenso del precedente.¦Anomalia: livello o variazione insoliti rispetto alla storia recente.¦Unità di misura: euro.¦Serie storica ufficiale ISTAT A misura di Comune.¦ANNUAL_PERIODS:2016|2017|2018|2019|2020|2021|2022|2023¦Il periodo della notizia è l'anno statistico reale, non la data di pubblicazione 2026.	ISTAT - A misura di Comune	https://www.istat.it/statistica-sperimentale/aggiornamento-degli-indicatori-del-sistema-informativo-a-misura-di-comune/
3d3dc21a4f167480	008050	Riva Ligure		Liguria	Redditi · Reddito imponibile per contribuente	RECORD_MAX|ACCELERAZIONE|ANOMALIA	TERRITORIALE	99.0	SEGNALE PULSE — A MISURA DI COMUNE	2023	Riva Ligure: Reddito imponibile per contribuente sale da 17.836 a 20.056 nel 2023.	15774.89|16005.412|16151.688|16188.684|16125.691|16752.902|17836.406|20056.085				Record: ultimo valore sopra i valori recenti precedenti.¦Accelerazione: ultimo cambiamento più intenso del precedente.¦Anomalia: livello o variazione insoliti rispetto alla storia recente.¦Unità di misura: euro.¦Serie storica ufficiale ISTAT A misura di Comune.¦ANNUAL_PERIODS:2016|2017|2018|2019|2020|2021|2022|2023¦Il periodo della notizia è l'anno statistico reale, non la data di pubblicazione 2026.	ISTAT - A misura di Comune	https://www.istat.it/statistica-sperimentale/aggiornamento-degli-indicatori-del-sistema-informativo-a-misura-di-comune/
22c7b650edfd360e	082061	Roccamena		Sicilia	Redditi · Contribuenti con reddito complessivo inferiore a 10.000 euro	RECORD_MIN|ACCELERAZIONE|ANOMALIA	TERRITORIALE	99.0	SEGNALE PULSE — A MISURA DI COMUNE	2023	Roccamena: Contribuenti con reddito complessivo inferiore a 10.000 euro scende da 51,93 a 44,98 nel 2023.	56.876939|57.939914|56.413043|55.03212|55.496829|53.880266|51.925193|44.977679				Record: ultimo valore sotto i valori recenti precedenti.¦Accelerazione: ultimo cambiamento più intenso del precedente.¦Anomalia: livello o variazione insoliti rispetto alla storia recente.¦Unità di misura: %.¦Serie storica ufficiale ISTAT A misura di Comune.¦ANNUAL_PERIODS:2016|2017|2018|2019|2020|2021|2022|2023¦Il periodo della notizia è l'anno statistico reale, non la data di pubblicazione 2026.	ISTAT - A misura di Comune	https://www.istat.it/statistica-sperimentale/aggiornamento-degli-indicatori-del-sistema-informativo-a-misura-di-comune/
3783f407ecd733ea	082004	Altavilla Milicia		Sicilia	Redditi · Contribuenti con reddito complessivo inferiore a 10.000 euro	RECORD_MIN|ACCELERAZIONE|ANOMALIA	TERRITORIALE	99.0	SEGNALE PULSE — A MISURA DI COMUNE	2023	Altavilla Milicia: Contribuenti con reddito complessivo inferiore a 10.000 euro scende da 33,96 a 30,32 nel 2023.	39.390544|38.676902|38.397548|37.835498|37.654059|35.41797|33.96339|30.316146				Record: ultimo valore sotto i valori recenti precedenti.¦Accelerazione: ultimo cambiamento più intenso del precedente.¦Anomalia: livello o variazione insoliti rispetto alla storia recente.¦Unità di misura: %.¦Serie storica ufficiale ISTAT A misura di Comune.¦ANNUAL_PERIODS:2016|2017|2018|2019|2020|2021|2022|2023¦Il periodo della notizia è l'anno statistico reale, non la data di pubblicazione 2026.	ISTAT - A misura di Comune	https://www.istat.it/statistica-sperimentale/aggiornamento-degli-indicatori-del-sistema-informativo-a-misura-di-comune/
2582d8c1cb0a52f4	090068	Siligo		Sardegna	Redditi · Reddito imponibile per contribuente	RECORD_MAX|ACCELERAZIONE|ANOMALIA	TERRITORIALE	99.0	SEGNALE PULSE — A MISURA DI COMUNE	2023	Siligo: Reddito imponibile per contribuente sale da 17.529 a 21.559 nel 2023.	14366.626|14737.587|14440.478|14894.038|15214.414|16259.88|17529.465|21559.142				Record: ultimo valore sopra i valori recenti precedenti.¦Accelerazione: ultimo cambiamento più intenso del precedente.¦Anomalia: livello o variazione insoliti rispetto alla storia recente.¦Unità di misura: euro.¦Serie storica ufficiale ISTAT A misura di Comune.¦ANNUAL_PERIODS:2016|2017|2018|2019|2020|2021|2022|2023¦Il periodo della notizia è l'anno statistico reale, non la data di pubblicazione 2026.	ISTAT - A misura di Comune	https://www.istat.it/statistica-sperimentale/aggiornamento-degli-indicatori-del-sistema-informativo-a-misura-di-comune/
e69982a53c830de2	083095	Sinagra		Sicilia	Redditi · Contribuenti con reddito complessivo inferiore a 10.000 euro	RECORD_MIN|ACCELERAZIONE|ANOMALIA	TERRITORIALE	99.0	SEGNALE PULSE — A MISURA DI COMUNE	2023	Sinagra: Contribuenti con reddito complessivo inferiore a 10.000 euro scende da 36,09 a 31,48 nel 2023.	45.686071|43.886463|43.578721|42.59056|41.546961|37.863535|36.094012|31.481481				Record: ultimo valore sotto i valori recenti precedenti.¦Accelerazione: ultimo cambiamento più intenso del precedente.¦Anomalia: livello o variazione insoliti rispetto alla storia recente.¦Unità di misura: %.¦Serie storica ufficiale ISTAT A misura di Comune.¦ANNUAL_PERIODS:2016|2017|2018|2019|2020|2021|2022|2023¦Il periodo della notizia è l'anno statistico reale, non la data di pubblicazione 2026.	ISTAT - A misura di Comune	https://www.istat.it/statistica-sperimentale/aggiornamento-degli-indicatori-del-sistema-informativo-a-misura-di-comune/
85cb830dde793fc5	083070	Reitano		Sicilia	Redditi · Contribuenti con reddito complessivo inferiore a 10.000 euro	RECORD_MIN|ACCELERAZIONE|ANOMALIA	TERRITORIALE	99.0	SEGNALE PULSE — A MISURA DI COMUNE	2023	Reitano: Contribuenti con reddito complessivo inferiore a 10.000 euro scende da 41,72 a 34,77 nel 2023.	47.357724|45.696721|45.031712|46.526316|45.396146|42.91939|41.721854|34.773218				Record: ultimo valore sotto i valori recenti precedenti.¦Accelerazione: ultimo cambiamento più intenso del precedente.¦Anomalia: livello o variazione insoliti rispetto alla storia recente.¦Unità di misura: %.¦Serie storica ufficiale ISTAT A misura di Comune.¦ANNUAL_PERIODS:2016|2017|2018|2019|2020|2021|2022|2023¦Il periodo della notizia è l'anno statistico reale, non la data di pubblicazione 2026.	ISTAT - A misura di Comune	https://www.istat.it/statistica-sperimentale/aggiornamento-degli-indicatori-del-sistema-informativo-a-misura-di-comune/
76580f69a7a6760d	083047	Merì		Sicilia	Redditi · Contribuenti con reddito complessivo inferiore a 10.000 euro	RECORD_MIN|ACCELERAZIONE|ANOMALIA	TERRITORIALE	99.0	SEGNALE PULSE — A MISURA DI COMUNE	2023	Merì: Contribuenti con reddito complessivo inferiore a 10.000 euro scende da 40 a 33,73 nel 2023.	43.29588|42.748092|44.312268|43.759287|42.60355|41.816871|40|33.725762				Record: ultimo valore sotto i valori recenti precedenti.¦Accelerazione: ultimo cambiamento più intenso del precedente.¦Anomalia: livello o variazione insoliti rispetto alla storia recente.¦Unità di misura: %.¦Serie storica ufficiale ISTAT A misura di Comune.¦ANNUAL_PERIODS:2016|2017|2018|2019|2020|2021|2022|2023¦Il periodo della notizia è l'anno statistico reale, non la data di pubblicazione 2026.	ISTAT - A misura di Comune	https://www.istat.it/statistica-sperimentale/aggiornamento-degli-indicatori-del-sistema-informativo-a-misura-di-comune/
0f3a7652943f7d60	059013	Maenza		Lazio	Redditi · Reddito imponibile per contribuente	RECORD_MAX|ACCELERAZIONE|ANOMALIA	TERRITORIALE	99.0	SEGNALE PULSE — A MISURA DI COMUNE	2023	Maenza: Reddito imponibile per contribuente sale da 16.768 a 19.281 nel 2023.	14137.193|14423.757|14601.996|15080.325|15155.785|15621.613|16767.812|19280.715				Record: ultimo valore sopra i valori recenti precedenti.¦Accelerazione: ultimo cambiamento più intenso del precedente.¦Anomalia: livello o variazione insoliti rispetto alla storia recente.¦Unità di misura: euro.¦Serie storica ufficiale ISTAT A misura di Comune.¦ANNUAL_PERIODS:2016|2017|2018|2019|2020|2021|2022|2023¦Il periodo della notizia è l'anno statistico reale, non la data di pubblicazione 2026.	ISTAT - A misura di Comune	https://www.istat.it/statistica-sperimentale/aggiornamento-degli-indicatori-del-sistema-informativo-a-misura-di-comune/
3815ec57f4d5364f	058040	Gallicano nel Lazio		Lazio	Redditi · Reddito imponibile per contribuente	RECORD_MAX|ACCELERAZIONE|ANOMALIA	TERRITORIALE	99.0	SEGNALE PULSE — A MISURA DI COMUNE	2023	Gallicano nel Lazio: Reddito imponibile per contribuente sale da 18.931 a 20.053 nel 2023.	17281.358|17308.637|17411.027|17717.811|17423.823|18609.409|18930.748|20053.35				Record: ultimo valore sopra i valori recenti precedenti.¦Accelerazione: ultimo cambiamento più intenso del precedente.¦Anomalia: livello o variazione insoliti rispetto alla storia recente.¦Unità di misura: euro.¦Serie storica ufficiale ISTAT A misura di Comune.¦ANNUAL_PERIODS:2016|2017|2018|2019|2020|2021|2022|2023¦Il periodo della notizia è l'anno statistico reale, non la data di pubblicazione 2026.	ISTAT - A misura di Comune	https://www.istat.it/statistica-sperimentale/aggiornamento-degli-indicatori-del-sistema-informativo-a-misura-di-comune/
36d02447ac148bbe	058027	Cerreto Laziale		Lazio	Redditi · Reddito imponibile per contribuente	RECORD_MAX|INVERSIONE|ANOMALIA	TERRITORIALE	99.0	SEGNALE PULSE — A MISURA DI COMUNE	2023	Cerreto Laziale: Reddito imponibile per contribuente sale da 18.329 a 20.962 nel 2023.	17641.574|17864.679|17820.543|18077.434|18246.647|18724.706|18328.85|20962.306				Record: ultimo valore sopra i valori recenti precedenti.¦Inversione: l'ultima variazione cambia segno.¦Anomalia: livello o variazione insoliti rispetto alla storia recente.¦Unità di misura: euro.¦Serie storica ufficiale ISTAT A misura di Comune.¦ANNUAL_PERIODS:2016|2017|2018|2019|2020|2021|2022|2023¦Il periodo della notizia è l'anno statistico reale, non la data di pubblicazione 2026.	ISTAT - A misura di Comune	https://www.istat.it/statistica-sperimentale/aggiornamento-degli-indicatori-del-sistema-informativo-a-misura-di-comune/
6a995c9a6e7d8967	057011	Casaprota		Lazio	Redditi · Reddito imponibile per contribuente	RECORD_MAX|ACCELERAZIONE|ANOMALIA	TERRITORIALE	99.0	SEGNALE PULSE — A MISURA DI COMUNE	2023	Casaprota: Reddito imponibile per contribuente sale da 19.648 a 20.949 nel 2023.	17189.596|17231.172|17472.8|17673.643|17939.833|18883.609|19647.517|20948.807				Record: ultimo valore sopra i valori recenti precedenti.¦Accelerazione: ultimo cambiamento più intenso del precedente.¦Anomalia: livello o variazione insoliti rispetto alla storia recente.¦Unità di misura: euro.¦Serie storica ufficiale ISTAT A misura di Comune.¦ANNUAL_PERIODS:2016|2017|2018|2019|2020|2021|2022|2023¦Il periodo della notizia è l'anno statistico reale, non la data di pubblicazione 2026.	ISTAT - A misura di Comune	https://www.istat.it/statistica-sperimentale/aggiornamento-degli-indicatori-del-sistema-informativo-a-misura-di-comune/
e69dfa0ea908dc00	067024	Fano Adriano		Abruzzo	Redditi · Reddito imponibile per contribuente	RECORD_MAX|INVERSIONE|ANOMALIA	TERRITORIALE	99.0	SEGNALE PULSE — A MISURA DI COMUNE	2023	Fano Adriano: Reddito imponibile per contribuente sale da 20.384 a 22.646 nel 2023.	18094.839|18436.397|18764.681|18714.948|19114.202|20458.016|20383.927|22646.341				Record: ultimo valore sopra i valori recenti precedenti.¦Inversione: l'ultima variazione cambia segno.¦Anomalia: livello o variazione insoliti rispetto alla storia recente.¦Unità di misura: euro.¦Serie storica ufficiale ISTAT A misura di Comune.¦ANNUAL_PERIODS:2016|2017|2018|2019|2020|2021|2022|2023¦Il periodo della notizia è l'anno statistico reale, non la data di pubblicazione 2026.	ISTAT - A misura di Comune	https://www.istat.it/statistica-sperimentale/aggiornamento-degli-indicatori-del-sistema-informativo-a-misura-di-comune/
91287f866bc54626	007008	Aymavilles		Valle d'Aosta/Vallée d'Aoste	Redditi · Reddito imponibile per contribuente	RECORD_MAX|ACCELERAZIONE|ANOMALIA	TERRITORIALE	99.0	SEGNALE PULSE — A MISURA DI COMUNE	2023	Aymavilles: Reddito imponibile per contribuente sale da 21.796 a 23.674 nel 2023.	19996.169|19867.698|20260.733|20336.902|20360.535|20848.785|21796.494|23673.737				Record: ultimo valore sopra i valori recenti precedenti.¦Accelerazione: ultimo cambiamento più intenso del precedente.¦Anomalia: livello o variazione insoliti rispetto alla storia recente.¦Unità di misura: euro.¦Serie storica ufficiale ISTAT A misura di Comune.¦ANNUAL_PERIODS:2016|2017|2018|2019|2020|2021|2022|2023¦Il periodo della notizia è l'anno statistico reale, non la data di pubblicazione 2026.	ISTAT - A misura di Comune	https://www.istat.it/statistica-sperimentale/aggiornamento-degli-indicatori-del-sistema-informativo-a-misura-di-comune/
32813a71aa196fb4	001107	Forno Canavese		Piemonte	Redditi · Contribuenti con reddito complessivo inferiore a 10.000 euro	RECORD_MIN|ACCELERAZIONE|ANOMALIA	TERRITORIALE	99.0	SEGNALE PULSE — A MISURA DI COMUNE	2023	Forno Canavese: Contribuenti con reddito complessivo inferiore a 10.000 euro scende da 20,62 a 18,32 nel 2023.	21.440607|21.303258|20.787468|21.333903|21.725932|21.204188|20.619006|18.318966				Record: ultimo valore sotto i valori recenti precedenti.¦Accelerazione: ultimo cambiamento più intenso del precedente.¦Anomalia: livello o variazione insoliti rispetto alla storia recente.¦Unità di misura: %.¦Serie storica ufficiale ISTAT A misura di Comune.¦ANNUAL_PERIODS:2016|2017|2018|2019|2020|2021|2022|2023¦Il periodo della notizia è l'anno statistico reale, non la data di pubblicazione 2026.	ISTAT - A misura di Comune	https://www.istat.it/statistica-sperimentale/aggiornamento-degli-indicatori-del-sistema-informativo-a-misura-di-comune/
4d9fc9c102d80af7	001111	Garzigliana		Piemonte	Redditi · Contribuenti con reddito complessivo inferiore a 10.000 euro	RECORD_MIN|ACCELERAZIONE|ANOMALIA	TERRITORIALE	99.0	SEGNALE PULSE — A MISURA DI COMUNE	2023	Garzigliana: Contribuenti con reddito complessivo inferiore a 10.000 euro scende da 23,04 a 18,92 nel 2023.	27.341772|26.932668|26.715686|25.822785|25.39267|25.380711|23.037975|18.918919				Record: ultimo valore sotto i valori recenti precedenti.¦Accelerazione: ultimo cambiamento più intenso del precedente.¦Anomalia: livello o variazione insoliti rispetto alla storia recente.¦Unità di misura: %.¦Serie storica ufficiale ISTAT A misura di Comune.¦ANNUAL_PERIODS:2016|2017|2018|2019|2020|2021|2022|2023¦Il periodo della notizia è l'anno statistico reale, non la data di pubblicazione 2026.	ISTAT - A misura di Comune	https://www.istat.it/statistica-sperimentale/aggiornamento-degli-indicatori-del-sistema-informativo-a-misura-di-comune/
20067294dc70a71c	001142	Macello		Piemonte	Redditi · Contribuenti con reddito complessivo inferiore a 10.000 euro	RECORD_MIN|ACCELERAZIONE|ANOMALIA	TERRITORIALE	99.0	SEGNALE PULSE — A MISURA DI COMUNE	2023	Macello: Contribuenti con reddito complessivo inferiore a 10.000 euro scende da 24,73 a 18,58 nel 2023.	26.777251|24.881517|25.35545|25.600962|25.060241|24.759615|24.733728|18.579882				Record: ultimo valore sotto i valori recenti precedenti.¦Accelerazione: ultimo cambiamento più intenso del precedente.¦Anomalia: livello o variazione insoliti rispetto alla storia recente.¦Unità di misura: %.¦Serie storica ufficiale ISTAT A misura di Comune.¦ANNUAL_PERIODS:2016|2017|2018|2019|2020|2021|2022|2023¦Il periodo della notizia è l'anno statistico reale, non la data di pubblicazione 2026.	ISTAT - A misura di Comune	https://www.istat.it/statistica-sperimentale/aggiornamento-degli-indicatori-del-sistema-informativo-a-misura-di-comune/
0ef120726958a678	001152	Mezzenile		Piemonte	Redditi · Contribuenti con reddito complessivo inferiore a 10.000 euro	RECORD_MIN|INVERSIONE|ANOMALIA	TERRITORIALE	99.0	SEGNALE PULSE — A MISURA DI COMUNE	2023	Mezzenile: Contribuenti con reddito complessivo inferiore a 10.000 euro scende da 28,37 a 23,48 nel 2023.	24.077329|25.268817|27.48227|27.561837|27.836879|27.598566|28.368794|23.478261				Record: ultimo valore sotto i valori recenti precedenti.¦Inversione: l'ultima variazione cambia segno.¦Anomalia: livello o variazione insoliti rispetto alla storia recente.¦Unità di misura: %.¦Serie storica ufficiale ISTAT A misura di Comune.¦ANNUAL_PERIODS:2016|2017|2018|2019|2020|2021|2022|2023¦Il periodo della notizia è l'anno statistico reale, non la data di pubblicazione 2026.	ISTAT - A misura di Comune	https://www.istat.it/statistica-sperimentale/aggiornamento-degli-indicatori-del-sistema-informativo-a-misura-di-comune/
ff7876456f4f8241	001091	Colleretto Castelnuovo		Piemonte	Ambiente · Raccolta differenziata dei rifiuti urbani	RECORD_MAX|INVERSIONE|ANOMALIA	TERRITORIALE	99.0	SEGNALE PULSE — A MISURA DI COMUNE	2024	Colleretto Castelnuovo: Raccolta differenziata dei rifiuti urbani sale da 60,27 a 73,94 nel 2024.	56.141777|62.086589|60.428513|57.942095|59.913932|61.278237|60.274349|73.936956				Record: ultimo valore sopra i valori recenti precedenti.¦Inversione: l'ultima variazione cambia segno.¦Anomalia: livello o variazione insoliti rispetto alla storia recente.¦Unità di misura: %.¦Serie storica ufficiale ISTAT A misura di Comune.¦ANNUAL_PERIODS:2017|2018|2019|2020|2021|2022|2023|2024¦Il periodo della notizia è l'anno statistico reale, non la data di pubblicazione 2026.	ISTAT - A misura di Comune	https://www.istat.it/statistica-sperimentale/aggiornamento-degli-indicatori-del-sistema-informativo-a-misura-di-comune/
0d8c00ad20d2ec61	070011	Casacalenda		Molise	Redditi · Reddito imponibile per contribuente	RECORD_MAX|ACCELERAZIONE|ANOMALIA	TERRITORIALE	99.0	SEGNALE PULSE — A MISURA DI COMUNE	2023	Casacalenda: Reddito imponibile per contribuente sale da 14.545 a 15.683 nel 2023.	12754.391|13096.262|13356.279|13308.74|13618.839|14208.954|14544.826|15682.536				Record: ultimo valore sopra i valori recenti precedenti.¦Accelerazione: ultimo cambiamento più intenso del precedente.¦Anomalia: livello o variazione insoliti rispetto alla storia recente.¦Unità di misura: euro.¦Serie storica ufficiale ISTAT A misura di Comune.¦ANNUAL_PERIODS:2016|2017|2018|2019|2020|2021|2022|2023¦Il periodo della notizia è l'anno statistico reale, non la data di pubblicazione 2026.	ISTAT - A misura di Comune	https://www.istat.it/statistica-sperimentale/aggiornamento-degli-indicatori-del-sistema-informativo-a-misura-di-comune/
278fa3fe60a94497	070016	Castropignano		Molise	Redditi · Reddito imponibile per contribuente	RECORD_MAX|ACCELERAZIONE|ANOMALIA	TERRITORIALE	99.0	SEGNALE PULSE — A MISURA DI COMUNE	2023	Castropignano: Reddito imponibile per contribuente sale da 14.856 a 16.245 nel 2023.	12742.332|12836.529|13021.273|13146.606|13321.071|14222.323|14855.897|16245.372				Record: ultimo valore sopra i valori recenti precedenti.¦Accelerazione: ultimo cambiamento più intenso del precedente.¦Anomalia: livello o variazione insoliti rispetto alla storia recente.¦Unità di misura: euro.¦Serie storica ufficiale ISTAT A misura di Comune.¦ANNUAL_PERIODS:2016|2017|2018|2019|2020|2021|2022|2023¦Il periodo della notizia è l'anno statistico reale, non la data di pubblicazione 2026.	ISTAT - A misura di Comune	https://www.istat.it/statistica-sperimentale/aggiornamento-degli-indicatori-del-sistema-informativo-a-misura-di-comune/
de758eee57a04ada	070022	Duronia		Molise	Redditi · Reddito imponibile per contribuente	RECORD_MAX|ACCELERAZIONE|ANOMALIA	TERRITORIALE	99.0	SEGNALE PULSE — A MISURA DI COMUNE	2023	Duronia: Reddito imponibile per contribuente sale da 14.257 a 15.824 nel 2023.	12280.968|12679.829|13214.669|13044.178|12956.864|13511.272|14257.159|15823.927				Record: ultimo valore sopra i valori recenti precedenti.¦Accelerazione: ultimo cambiamento più intenso del precedente.¦Anomalia: livello o variazione insoliti rispetto alla storia recente.¦Unità di misura: euro.¦Serie storica ufficiale ISTAT A misura di Comune.¦ANNUAL_PERIODS:2016|2017|2018|2019|2020|2021|2022|2023¦Il periodo della notizia è l'anno statistico reale, non la data di pubblicazione 2026.	ISTAT - A misura di Comune	https://www.istat.it/statistica-sperimentale/aggiornamento-degli-indicatori-del-sistema-informativo-a-misura-di-comune/
a39a402c0dbde51b	090002	Alà dei Sardi		Sardegna	Redditi · Reddito imponibile per contribuente	RECORD_MAX|ACCELERAZIONE|ANOMALIA	TERRITORIALE	99.0	SEGNALE PULSE — A MISURA DI COMUNE	2023	Alà dei Sardi: Reddito imponibile per contribuente sale da 13.335 a 15.270 nel 2023.	11679.586|11757.609|12001.511|12059.295|12520.501|13172.994|13335.171|15270.424				Record: ultimo valore sopra i valori recenti precedenti.¦Accelerazione: ultimo cambiamento più intenso del precedente.¦Anomalia: livello o variazione insoliti rispetto alla storia recente.¦Unità di misura: euro.¦Serie storica ufficiale ISTAT A misura di Comune.¦ANNUAL_PERIODS:2016|2017|2018|2019|2020|2021|2022|2023¦Il periodo della notizia è l'anno statistico reale, non la data di pubblicazione 2026.	ISTAT - A misura di Comune	https://www.istat.it/statistica-sperimentale/aggiornamento-degli-indicatori-del-sistema-informativo-a-misura-di-comune/
8b47ce894cce4219	090018	Bultei		Sardegna	Redditi · Reddito imponibile per contribuente	RECORD_MAX|ACCELERAZIONE|ANOMALIA	TERRITORIALE	99.0	SEGNALE PULSE — A MISURA DI COMUNE	2023	Bultei: Reddito imponibile per contribuente sale da 16.429 a 17.742 nel 2023.	14596.449|14793.561|15361.384|15520.383|15679.809|15778.15|16428.639|17741.677				Record: ultimo valore sopra i valori recenti precedenti.¦Accelerazione: ultimo cambiamento più intenso del precedente.¦Anomalia: livello o variazione insoliti rispetto alla storia recente.¦Unità di misura: euro.¦Serie storica ufficiale ISTAT A misura di Comune.¦ANNUAL_PERIODS:2016|2017|2018|2019|2020|2021|2022|2023¦Il periodo della notizia è l'anno statistico reale, non la data di pubblicazione 2026.	ISTAT - A misura di Comune	https://www.istat.it/statistica-sperimentale/aggiornamento-degli-indicatori-del-sistema-informativo-a-misura-di-comune/
9eff70c6b3f2f343	090021	Calangianus		Sardegna	Redditi · Reddito imponibile per contribuente	RECORD_MAX|ACCELERAZIONE|ANOMALIA	TERRITORIALE	99.0	SEGNALE PULSE — A MISURA DI COMUNE	2023	Calangianus: Reddito imponibile per contribuente sale da 16.541 a 17.843 nel 2023.	15316.965|15318.589|15245.766|15333.618|15286.87|15791.817|16540.903|17842.703				Record: ultimo valore sopra i valori recenti precedenti.¦Accelerazione: ultimo cambiamento più intenso del precedente.¦Anomalia: livello o variazione insoliti rispetto alla storia recente.¦Unità di misura: euro.¦Serie storica ufficiale ISTAT A misura di Comune.¦ANNUAL_PERIODS:2016|2017|2018|2019|2020|2021|2022|2023¦Il periodo della notizia è l'anno statistico reale, non la data di pubblicazione 2026.	ISTAT - A misura di Comune	https://www.istat.it/statistica-sperimentale/aggiornamento-degli-indicatori-del-sistema-informativo-a-misura-di-comune/
d069f4277f88c6b2	090034	Laerru		Sardegna	Redditi · Reddito imponibile per contribuente	RECORD_MAX|ACCELERAZIONE|ANOMALIA	TERRITORIALE	99.0	SEGNALE PULSE — A MISURA DI COMUNE	2023	Laerru: Reddito imponibile per contribuente sale da 14.260 a 15.861 nel 2023.	12435.972|12573.671|12891.998|12919.295|12951.998|13996.504|14259.716|15860.512				Record: ultimo valore sopra i valori recenti precedenti.¦Accelerazione: ultimo cambiamento più intenso del precedente.¦Anomalia: livello o variazione insoliti rispetto alla storia recente.¦Unità di misura: euro.¦Serie storica ufficiale ISTAT A misura di Comune.¦ANNUAL_PERIODS:2016|2017|2018|2019|2020|2021|2022|2023¦Il periodo della notizia è l'anno statistico reale, non la data di pubblicazione 2026.	ISTAT - A misura di Comune	https://www.istat.it/statistica-sperimentale/aggiornamento-degli-indicatori-del-sistema-informativo-a-misura-di-comune/
ca6df3cc354cb8ef	090011	Bonnanaro		Sardegna	Redditi · Contribuenti con reddito complessivo inferiore a 10.000 euro	RECORD_MIN|ACCELERAZIONE|ANOMALIA	TERRITORIALE	99.0	SEGNALE PULSE — A MISURA DI COMUNE	2023	Bonnanaro: Contribuenti con reddito complessivo inferiore a 10.000 euro scende da 37,6 a 31,33 nel 2023.	39.157566|39.07496|39.52381|40.699523|40.806452|40.097403|37.598736|31.325301				Record: ultimo valore sotto i valori recenti precedenti.¦Accelerazione: ultimo cambiamento più intenso del precedente.¦Anomalia: livello o variazione insoliti rispetto alla storia recente.¦Unità di misura: %.¦Serie storica ufficiale ISTAT A misura di Comune.¦ANNUAL_PERIODS:2016|2017|2018|2019|2020|2021|2022|2023¦Il periodo della notizia è l'anno statistico reale, non la data di pubblicazione 2026.	ISTAT - A misura di Comune	https://www.istat.it/statistica-sperimentale/aggiornamento-degli-indicatori-del-sistema-informativo-a-misura-di-comune/
90afd1700ad33cb4	091033	Irgoli		Sardegna	Redditi · Contribuenti con reddito complessivo inferiore a 10.000 euro	RECORD_MIN|ACCELERAZIONE|ANOMALIA	TERRITORIALE	99.0	SEGNALE PULSE — A MISURA DI COMUNE	2023	Irgoli: Contribuenti con reddito complessivo inferiore a 10.000 euro scende da 39,91 a 34,36 nel 2023.	43.230241|43.361582|43.460208|43.092784|44.060773|42.895805|39.907652|34.357006				Record: ultimo valore sotto i valori recenti precedenti.¦Accelerazione: ultimo cambiamento più intenso del precedente.¦Anomalia: livello o variazione insoliti rispetto alla storia recente.¦Unità di misura: %.¦Serie storica ufficiale ISTAT A misura di Comune.¦ANNUAL_PERIODS:2016|2017|2018|2019|2020|2021|2022|2023¦Il periodo della notizia è l'anno statistico reale, non la data di pubblicazione 2026.	ISTAT - A misura di Comune	https://www.istat.it/statistica-sperimentale/aggiornamento-degli-indicatori-del-sistema-informativo-a-misura-di-comune/
26d2ba0a3f45255a	091051	Nuoro		Sardegna	Redditi · Contribuenti con reddito complessivo inferiore a 10.000 euro	RECORD_MIN|ACCELERAZIONE|ANOMALIA	TERRITORIALE	99.0	SEGNALE PULSE — A MISURA DI COMUNE	2023	Nuoro: Contribuenti con reddito complessivo inferiore a 10.000 euro scende da 26,69 a 24,14 nel 2023.	27.816658|28.116141|28.14526|28.200869|28.66139|27.995152|26.68873|24.140328				Record: ultimo valore sotto i valori recenti precedenti.¦Accelerazione: ultimo cambiamento più intenso del precedente.¦Anomalia: livello o variazione insoliti rispetto alla storia recente.¦Unità di misura: %.¦Serie storica ufficiale ISTAT A misura di Comune.¦ANNUAL_PERIODS:2016|2017|2018|2019|2020|2021|2022|2023¦Il periodo della notizia è l'anno statistico reale, non la data di pubblicazione 2026.	ISTAT - A misura di Comune	https://www.istat.it/statistica-sperimentale/aggiornamento-degli-indicatori-del-sistema-informativo-a-misura-di-comune/
0d0e5a71ed9882ef	091062	Orgosolo		Sardegna	Redditi · Contribuenti con reddito complessivo inferiore a 10.000 euro	RECORD_MIN|ACCELERAZIONE|ANOMALIA	TERRITORIALE	99.0	SEGNALE PULSE — A MISURA DI COMUNE	2023	Orgosolo: Contribuenti con reddito complessivo inferiore a 10.000 euro scende da 37,84 a 31,47 nel 2023.	44.59725|42.647059|41.014015|41.053065|41.104553|39.883187|37.837838|31.470138				Record: ultimo valore sotto i valori recenti precedenti.¦Accelerazione: ultimo cambiamento più intenso del precedente.¦Anomalia: livello o variazione insoliti rispetto alla storia recente.¦Unità di misura: %.¦Serie storica ufficiale ISTAT A misura di Comune.¦ANNUAL_PERIODS:2016|2017|2018|2019|2020|2021|2022|2023¦Il periodo della notizia è l'anno statistico reale, non la data di pubblicazione 2026.	ISTAT - A misura di Comune	https://www.istat.it/statistica-sperimentale/aggiornamento-degli-indicatori-del-sistema-informativo-a-misura-di-comune/
7ecdf418de7dfbe5	091073	Posada		Sardegna	Redditi · Contribuenti con reddito complessivo inferiore a 10.000 euro	RECORD_MIN|ACCELERAZIONE|ANOMALIA	TERRITORIALE	99.0	SEGNALE PULSE — A MISURA DI COMUNE	2023	Posada: Contribuenti con reddito complessivo inferiore a 10.000 euro scende da 34,35 a 29,03 nel 2023.	40.436867|39.810427|38.484696|38.330078|38.948443|37.43818|34.354067|29.033749				Record: ultimo valore sotto i valori recenti precedenti.¦Accelerazione: ultimo cambiamento più intenso del precedente.¦Anomalia: livello o variazione insoliti rispetto alla storia recente.¦Unità di misura: %.¦Serie storica ufficiale ISTAT A misura di Comune.¦ANNUAL_PERIODS:2016|2017|2018|2019|2020|2021|2022|2023¦Il periodo della notizia è l'anno statistico reale, non la data di pubblicazione 2026.	ISTAT - A misura di Comune	https://www.istat.it/statistica-sperimentale/aggiornamento-degli-indicatori-del-sistema-informativo-a-misura-di-comune/
240d2a337e081dad	042005	Belvedere Ostrense		Marche	Redditi · Reddito imponibile per contribuente	RECORD_MAX|ACCELERAZIONE|ANOMALIA	TERRITORIALE	99.0	SEGNALE PULSE — A MISURA DI COMUNE	2023	Belvedere Ostrense: Reddito imponibile per contribuente sale da 19.105 a 20.370 nel 2023.	16617.441|17098.101|17408.111|17048.538|17776.511|18452.102|19104.81|20370.016				Record: ultimo valore sopra i valori recenti precedenti.¦Accelerazione: ultimo cambiamento più intenso del precedente.¦Anomalia: livello o variazione insoliti rispetto alla storia recente.¦Unità di misura: euro.¦Serie storica ufficiale ISTAT A misura di Comune.¦ANNUAL_PERIODS:2016|2017|2018|2019|2020|2021|2022|2023¦Il periodo della notizia è l'anno statistico reale, non la data di pubblicazione 2026.	ISTAT - A misura di Comune	https://www.istat.it/statistica-sperimentale/aggiornamento-degli-indicatori-del-sistema-informativo-a-misura-di-comune/
0869de6305bce8ca	042041	San Marcello		Marche	Redditi · Reddito imponibile per contribuente	RECORD_MAX|ACCELERAZIONE|ANOMALIA	TERRITORIALE	99.0	SEGNALE PULSE — A MISURA DI COMUNE	2023	San Marcello: Reddito imponibile per contribuente sale da 23.100 a 31.985 nel 2023.	19968.466|19885.992|21127.49|21067.701|21301.967|22077.468|23100.316|31984.751				Record: ultimo valore sopra i valori recenti precedenti.¦Accelerazione: ultimo cambiamento più intenso del precedente.¦Anomalia: livello o variazione insoliti rispetto alla storia recente.¦Unità di misura: euro.¦Serie storica ufficiale ISTAT A misura di Comune.¦ANNUAL_PERIODS:2016|2017|2018|2019|2020|2021|2022|2023¦Il periodo della notizia è l'anno statistico reale, non la data di pubblicazione 2026.	ISTAT - A misura di Comune	https://www.istat.it/statistica-sperimentale/aggiornamento-degli-indicatori-del-sistema-informativo-a-misura-di-comune/
8b383aea8559d022	043005	Bolognola		Marche	Redditi · Reddito imponibile per contribuente	RECORD_MAX|INVERSIONE|ANOMALIA	TERRITORIALE	99.0	SEGNALE PULSE — A MISURA DI COMUNE	2023	Bolognola: Reddito imponibile per contribuente sale da 15.472 a 19.385 nel 2023.	14898.736|15176.216|15776.91|16188.748|16865.196|16905.592|15472.097|19385.018				Record: ultimo valore sopra i valori recenti precedenti.¦Inversione: l'ultima variazione cambia segno.¦Anomalia: livello o variazione insoliti rispetto alla storia recente.¦Unità di misura: euro.¦Serie storica ufficiale ISTAT A misura di Comune.¦ANNUAL_PERIODS:2016|2017|2018|2019|2020|2021|2022|2023¦Il periodo della notizia è l'anno statistico reale, non la data di pubblicazione 2026.	ISTAT - A misura di Comune	https://www.istat.it/statistica-sperimentale/aggiornamento-degli-indicatori-del-sistema-informativo-a-misura-di-comune/
43049e2e820b5d8d	044065	Rotella		Marche	Redditi · Reddito imponibile per contribuente	RECORD_MAX|ACCELERAZIONE|ANOMALIA	TERRITORIALE	99.0	SEGNALE PULSE — A MISURA DI COMUNE	2023	Rotella: Reddito imponibile per contribuente sale da 17.848 a 19.622 nel 2023.	15192.712|15377.992|15442.052|15693.588|15907.16|16914.254|17848.069|19622.385				Record: ultimo valore sopra i valori recenti precedenti.¦Accelerazione: ultimo cambiamento più intenso del precedente.¦Anomalia: livello o variazione insoliti rispetto alla storia recente.¦Unità di misura: euro.¦Serie storica ufficiale ISTAT A misura di Comune.¦ANNUAL_PERIODS:2016|2017|2018|2019|2020|2021|2022|2023¦Il periodo della notizia è l'anno statistico reale, non la data di pubblicazione 2026.	ISTAT - A misura di Comune	https://www.istat.it/statistica-sperimentale/aggiornamento-degli-indicatori-del-sistema-informativo-a-misura-di-comune/
ab78c4d4bd2c5d3a	041058	Sant'Ippolito		Marche	Redditi · Contribuenti con reddito complessivo inferiore a 10.000 euro	RECORD_MIN|ACCELERAZIONE|ANOMALIA	TERRITORIALE	99.0	SEGNALE PULSE — A MISURA DI COMUNE	2023	Sant'Ippolito: Contribuenti con reddito complessivo inferiore a 10.000 euro scende da 27,5 a 22,49 nel 2023.	30.343511|30.317613|30.3087|28.625954|29.519231|27.641509|27.5|22.488889				Record: ultimo valore sotto i valori recenti precedenti.¦Accelerazione: ultimo cambiamento più intenso del precedente.¦Anomalia: livello o variazione insoliti rispetto alla storia recente.¦Unità di misura: %.¦Serie storica ufficiale ISTAT A misura di Comune.¦ANNUAL_PERIODS:2016|2017|2018|2019|2020|2021|2022|2023¦Il periodo della notizia è l'anno statistico reale, non la data di pubblicazione 2026.	ISTAT - A misura di Comune	https://www.istat.it/statistica-sperimentale/aggiornamento-degli-indicatori-del-sistema-informativo-a-misura-di-comune/
7877aae2f8755ac0	042020	Genga		Marche	Redditi · Contribuenti con reddito complessivo inferiore a 10.000 euro	RECORD_MIN|ACCELERAZIONE|ANOMALIA	TERRITORIALE	99.0	SEGNALE PULSE — A MISURA DI COMUNE	2023	Genga: Contribuenti con reddito complessivo inferiore a 10.000 euro scende da 23,26 a 20,92 nel 2023.	25.811321|26.28012|26.64648|26.940299|26.899696|24.491334|23.257576|20.919881				Record: ultimo valore sotto i valori recenti precedenti.¦Accelerazione: ultimo cambiamento più intenso del precedente.¦Anomalia: livello o variazione insoliti rispetto alla storia recente.¦Unità di misura: %.¦Serie storica ufficiale ISTAT A misura di Comune.¦ANNUAL_PERIODS:2016|2017|2018|2019|2020|2021|2022|2023¦Il periodo della notizia è l'anno statistico reale, non la data di pubblicazione 2026.	ISTAT - A misura di Comune	https://www.istat.it/statistica-sperimentale/aggiornamento-degli-indicatori-del-sistema-informativo-a-misura-di-comune/
53e9db5d5a0c9287	043016	Esanatoglia		Marche	Redditi · Contribuenti con reddito complessivo inferiore a 10.000 euro	RECORD_MIN|ACCELERAZIONE|ANOMALIA	TERRITORIALE	99.0	SEGNALE PULSE — A MISURA DI COMUNE	2023	Esanatoglia: Contribuenti con reddito complessivo inferiore a 10.000 euro scende da 22,73 a 18,49 nel 2023.	27.08468|26.649077|25.150502|24.380442|25.424881|24.469496|22.730285|18.494055				Record: ultimo valore sotto i valori recenti precedenti.¦Accelerazione: ultimo cambiamento più intenso del precedente.¦Anomalia: livello o variazione insoliti rispetto alla storia recente.¦Unità di misura: %.¦Serie storica ufficiale ISTAT A misura di Comune.¦ANNUAL_PERIODS:2016|2017|2018|2019|2020|2021|2022|2023¦Il periodo della notizia è l'anno statistico reale, non la data di pubblicazione 2026.	ISTAT - A misura di Comune	https://www.istat.it/statistica-sperimentale/aggiornamento-degli-indicatori-del-sistema-informativo-a-misura-di-comune/
728a7c3e7f678165	109025	Monte Vidon Combatte		Marche	Redditi · Contribuenti con reddito complessivo inferiore a 10.000 euro	RECORD_MIN|INVERSIONE|ANOMALIA	TERRITORIALE	99.0	SEGNALE PULSE — A MISURA DI COMUNE	2023	Monte Vidon Combatte: Contribuenti con reddito complessivo inferiore a 10.000 euro scende da 32,09 a 25,24 nel 2023.	31.147541|31.525424|30.612245|31.186441|31.010453|28.125|32.094595|25.242718				Record: ultimo valore sotto i valori recenti precedenti.¦Inversione: l'ultima variazione cambia segno.¦Anomalia: livello o variazione insoliti rispetto alla storia recente.¦Unità di misura: %.¦Serie storica ufficiale ISTAT A misura di Comune.¦ANNUAL_PERIODS:2016|2017|2018|2019|2020|2021|2022|2023¦Il periodo della notizia è l'anno statistico reale, non la data di pubblicazione 2026.	ISTAT - A misura di Comune	https://www.istat.it/statistica-sperimentale/aggiornamento-degli-indicatori-del-sistema-informativo-a-misura-di-comune/
9ddc4c4644f5b815	012078	Gorla Maggiore		Lombardia	Redditi · Reddito imponibile per contribuente	RECORD_MAX|ACCELERAZIONE|ANOMALIA	TERRITORIALE	99.0	SEGNALE PULSE — A MISURA DI COMUNE	2023	Gorla Maggiore: Reddito imponibile per contribuente sale da 25.644 a 28.318 nel 2023.	22456.758|22738.12|23178.065|23444.603|23191.014|24527.677|25644.154|28318.066				Record: ultimo valore sopra i valori recenti precedenti.¦Accelerazione: ultimo cambiamento più intenso del precedente.¦Anomalia: livello o variazione insoliti rispetto alla storia recente.¦Unità di misura: euro.¦Serie storica ufficiale ISTAT A misura di Comune.¦ANNUAL_PERIODS:2016|2017|2018|2019|2020|2021|2022|2023¦Il periodo della notizia è l'anno statistico reale, non la data di pubblicazione 2026.	ISTAT - A misura di Comune	https://www.istat.it/statistica-sperimentale/aggiornamento-degli-indicatori-del-sistema-informativo-a-misura-di-comune/
8b72e09c02edd72f	013055	Cassina Rizzardi		Lombardia	Redditi · Reddito imponibile per contribuente	RECORD_MAX|ACCELERAZIONE|ANOMALIA	TERRITORIALE	99.0	SEGNALE PULSE — A MISURA DI COMUNE	2023	Cassina Rizzardi: Reddito imponibile per contribuente sale da 28.188 a 31.683 nel 2023.	25086.341|26240.692|26358.85|26608.301|26160.392|26246.769|28188.369|31683.44				Record: ultimo valore sopra i valori recenti precedenti.¦Accelerazione: ultimo cambiamento più intenso del precedente.¦Anomalia: livello o variazione insoliti rispetto alla storia recente.¦Unità di misura: euro.¦Serie storica ufficiale ISTAT A misura di Comune.¦ANNUAL_PERIODS:2016|2017|2018|2019|2020|2021|2022|2023¦Il periodo della notizia è l'anno statistico reale, non la data di pubblicazione 2026.	ISTAT - A misura di Comune	https://www.istat.it/statistica-sperimentale/aggiornamento-degli-indicatori-del-sistema-informativo-a-misura-di-comune/
6dde26b44eb8b9ca	012122	Solbiate Olona		Lombardia	Redditi · Reddito imponibile per contribuente	RECORD_MAX|ACCELERAZIONE|ANOMALIA	TERRITORIALE	99.0	SEGNALE PULSE — A MISURA DI COMUNE	2023	Solbiate Olona: Reddito imponibile per contribuente sale da 24.619 a 26.813 nel 2023.	22545.533|22555.582|22857.235|23053.369|22988.325|23565.613|24618.616|26812.939				Record: ultimo valore sopra i valori recenti precedenti.¦Accelerazione: ultimo cambiamento più intenso del precedente.¦Anomalia: livello o variazione insoliti rispetto alla storia recente.¦Unità di misura: euro.¦Serie storica ufficiale ISTAT A misura di Comune.¦ANNUAL_PERIODS:2016|2017|2018|2019|2020|2021|2022|2023¦Il periodo della notizia è l'anno statistico reale, non la data di pubblicazione 2026.	ISTAT - A misura di Comune	https://www.istat.it/statistica-sperimentale/aggiornamento-degli-indicatori-del-sistema-informativo-a-misura-di-comune/
be646f4979a5e447	013110	Grandate		Lombardia	Redditi · Reddito imponibile per contribuente	RECORD_MAX|INVERSIONE|ANOMALIA	TERRITORIALE	99.0	SEGNALE PULSE — A MISURA DI COMUNE	2023	Grandate: Reddito imponibile per contribuente sale da 24.686 a 26.012 nel 2023.	22896.499|23028.258|23073.804|23229.449|22960.741|24821.694|24686.119|26012.396				Record: ultimo valore sopra i valori recenti precedenti.¦Inversione: l'ultima variazione cambia segno.¦Anomalia: livello o variazione insoliti rispetto alla storia recente.¦Unità di misura: euro.¦Serie storica ufficiale ISTAT A misura di Comune.¦ANNUAL_PERIODS:2016|2017|2018|2019|2020|2021|2022|2023¦Il periodo della notizia è l'anno statistico reale, non la data di pubblicazione 2026.	ISTAT - A misura di Comune	https://www.istat.it/statistica-sperimentale/aggiornamento-degli-indicatori-del-sistema-informativo-a-misura-di-comune/
5c9d1edba3239fbb	013211	Schignano		Lombardia	Redditi · Reddito imponibile per contribuente	RECORD_MAX|ACCELERAZIONE|ANOMALIA	TERRITORIALE	99.0	SEGNALE PULSE — A MISURA DI COMUNE	2023	Schignano: Reddito imponibile per contribuente sale da 16.867 a 18.939 nel 2023.	15625.271|14966.365|15445.269|15468.072|15608.864|16520.061|16866.596|18938.99				Record: ultimo valore sopra i valori recenti precedenti.¦Accelerazione: ultimo cambiamento più intenso del precedente.¦Anomalia: livello o variazione insoliti rispetto alla storia recente.¦Unità di misura: euro.¦Serie storica ufficiale ISTAT A misura di Comune.¦ANNUAL_PERIODS:2016|2017|2018|2019|2020|2021|2022|2023¦Il periodo della notizia è l'anno statistico reale, non la data di pubblicazione 2026.	ISTAT - A misura di Comune	https://www.istat.it/statistica-sperimentale/aggiornamento-degli-indicatori-del-sistema-informativo-a-misura-di-comune/
00bdea9ab1353cac	073005	Faggiano		Puglia	Redditi · Contribuenti con reddito complessivo inferiore a 10.000 euro	RECORD_MIN|ACCELERAZIONE|ANOMALIA	TERRITORIALE	99.0	SEGNALE PULSE — A MISURA DI COMUNE	2023	Faggiano: Contribuenti con reddito complessivo inferiore a 10.000 euro scende da 35,21 a 31,58 nel 2023.	38.958045|38.596491|38.166895|37.562077|37.901008|35.907859|35.210643|31.576692				Record: ultimo valore sotto i valori recenti precedenti.¦Accelerazione: ultimo cambiamento più intenso del precedente.¦Anomalia: livello o variazione insoliti rispetto alla storia recente.¦Unità di misura: %.¦Serie storica ufficiale ISTAT A misura di Comune.¦ANNUAL_PERIODS:2016|2017|2018|2019|2020|2021|2022|2023¦Il periodo della notizia è l'anno statistico reale, non la data di pubblicazione 2026.	ISTAT - A misura di Comune	https://www.istat.it/statistica-sperimentale/aggiornamento-degli-indicatori-del-sistema-informativo-a-misura-di-comune/
3aab982e128738bb	012052	Clivio		Lombardia	Redditi · Contribuenti con reddito complessivo inferiore a 10.000 euro	RECORD_MIN|ACCELERAZIONE|ANOMALIA	TERRITORIALE	99.0	SEGNALE PULSE — A MISURA DI COMUNE	2023	Clivio: Contribuenti con reddito complessivo inferiore a 10.000 euro scende da 48,36 a 42,14 nel 2023.	48.643006|49.204771|49.209486|50.788955|51.292247|49.851043|48.362235|42.137809				Record: ultimo valore sotto i valori recenti precedenti.¦Accelerazione: ultimo cambiamento più intenso del precedente.¦Anomalia: livello o variazione insoliti rispetto alla storia recente.¦Unità di misura: %.¦Serie storica ufficiale ISTAT A misura di Comune.¦ANNUAL_PERIODS:2016|2017|2018|2019|2020|2021|2022|2023¦Il periodo della notizia è l'anno statistico reale, non la data di pubblicazione 2026.	ISTAT - A misura di Comune	https://www.istat.it/statistica-sperimentale/aggiornamento-degli-indicatori-del-sistema-informativo-a-misura-di-comune/
70dc61d44fc403a5	012054	Comabbio		Lombardia	Redditi · Contribuenti con reddito complessivo inferiore a 10.000 euro	RECORD_MIN|INVERSIONE|ANOMALIA	TERRITORIALE	99.0	SEGNALE PULSE — A MISURA DI COMUNE	2023	Comabbio: Contribuenti con reddito complessivo inferiore a 10.000 euro scende da 20,68 a 17,31 nel 2023.	21.723731|21.461717|21.187427|21.235955|19.862227|19.910011|20.677966|17.305586				Record: ultimo valore sotto i valori recenti precedenti.¦Inversione: l'ultima variazione cambia segno.¦Anomalia: livello o variazione insoliti rispetto alla storia recente.¦Unità di misura: %.¦Serie storica ufficiale ISTAT A misura di Comune.¦ANNUAL_PERIODS:2016|2017|2018|2019|2020|2021|2022|2023¦Il periodo della notizia è l'anno statistico reale, non la data di pubblicazione 2026.	ISTAT - A misura di Comune	https://www.istat.it/statistica-sperimentale/aggiornamento-degli-indicatori-del-sistema-informativo-a-misura-di-comune/
db0408fec9d91d59	012056	Cremenaga		Lombardia	Redditi · Contribuenti con reddito complessivo inferiore a 10.000 euro	RECORD_MIN|INVERSIONE|ANOMALIA	TERRITORIALE	99.0	SEGNALE PULSE — A MISURA DI COMUNE	2023	Cremenaga: Contribuenti con reddito complessivo inferiore a 10.000 euro scende da 54,6 a 50,67 nel 2023.	59.128065|59.530026|58.823529|53.99449|53.932584|53.99449|54.5961|50.673854				Record: ultimo valore sotto i valori recenti precedenti.¦Inversione: l'ultima variazione cambia segno.¦Anomalia: livello o variazione insoliti rispetto alla storia recente.¦Unità di misura: %.¦Serie storica ufficiale ISTAT A misura di Comune.¦ANNUAL_PERIODS:2016|2017|2018|2019|2020|2021|2022|2023¦Il periodo della notizia è l'anno statistico reale, non la data di pubblicazione 2026.	ISTAT - A misura di Comune	https://www.istat.it/statistica-sperimentale/aggiornamento-degli-indicatori-del-sistema-informativo-a-misura-di-comune/
fedcf072f837e63c	012004	Arcisate		Lombardia	Ambiente · Raccolta differenziata dei rifiuti urbani	RECORD_MIN|INVERSIONE|ANOMALIA	TERRITORIALE	99.0	SEGNALE PULSE — A MISURA DI COMUNE	2024	Arcisate: Raccolta differenziata dei rifiuti urbani scende da 81,95 a 76,7 nel 2024.	83.833779|84.573557|83.808552|83.837065|83.116398|80.955461|81.947823|76.701033				Record: ultimo valore sotto i valori recenti precedenti.¦Inversione: l'ultima variazione cambia segno.¦Anomalia: livello o variazione insoliti rispetto alla storia recente.¦Unità di misura: %.¦Serie storica ufficiale ISTAT A misura di Comune.¦ANNUAL_PERIODS:2017|2018|2019|2020|2021|2022|2023|2024¦Il periodo della notizia è l'anno statistico reale, non la data di pubblicazione 2026.	ISTAT - A misura di Comune	https://www.istat.it/statistica-sperimentale/aggiornamento-degli-indicatori-del-sistema-informativo-a-misura-di-comune/
4cd8825131c3a871	012026	Busto Arsizio		Lombardia	Ambiente · Raccolta differenziata dei rifiuti urbani	RECORD_MAX|INVERSIONE|ANOMALIA	TERRITORIALE	99.0	SEGNALE PULSE — A MISURA DI COMUNE	2024	Busto Arsizio: Raccolta differenziata dei rifiuti urbani sale da 71,22 a 79,77 nel 2024.	69.839328|70.160734|71.883497|71.732555|68.765958|71.458361|71.221148|79.767168				Record: ultimo valore sopra i valori recenti precedenti.¦Inversione: l'ultima variazione cambia segno.¦Anomalia: livello o variazione insoliti rispetto alla storia recente.¦Unità di misura: %.¦Serie storica ufficiale ISTAT A misura di Comune.¦ANNUAL_PERIODS:2017|2018|2019|2020|2021|2022|2023|2024¦Il periodo della notizia è l'anno statistico reale, non la data di pubblicazione 2026.	ISTAT - A misura di Comune	https://www.istat.it/statistica-sperimentale/aggiornamento-degli-indicatori-del-sistema-informativo-a-misura-di-comune/
4ce0694ae9e54c51	012078	Gorla Maggiore		Lombardia	Ambiente · Raccolta differenziata dei rifiuti urbani	RECORD_MAX|ACCELERAZIONE|ANOMALIA	TERRITORIALE	99.0	SEGNALE PULSE — A MISURA DI COMUNE	2024	Gorla Maggiore: Raccolta differenziata dei rifiuti urbani sale da 65,82 a 80,13 nel 2024.	65.119671|62.753795|62.900076|64.132717|65.471253|65.190323|65.824565|80.132892				Record: ultimo valore sopra i valori recenti precedenti.¦Accelerazione: ultimo cambiamento più intenso del precedente.¦Anomalia: livello o variazione insoliti rispetto alla storia recente.¦Unità di misura: %.¦Serie storica ufficiale ISTAT A misura di Comune.¦ANNUAL_PERIODS:2017|2018|2019|2020|2021|2022|2023|2024¦Il periodo della notizia è l'anno statistico reale, non la data di pubblicazione 2026.	ISTAT - A misura di Comune	https://www.istat.it/statistica-sperimentale/aggiornamento-degli-indicatori-del-sistema-informativo-a-misura-di-comune/
feb78e6c7cd4cf3f	013045	Carbonate		Lombardia	Ambiente · Raccolta differenziata dei rifiuti urbani	RECORD_MAX|INVERSIONE|ANOMALIA	TERRITORIALE	99.0	SEGNALE PULSE — A MISURA DI COMUNE	2024	Carbonate: Raccolta differenziata dei rifiuti urbani sale da 53,74 a 69,82 nel 2024.	56.302202|53.628097|53.877927|57.810289|53.573962|53.964688|53.7359|69.818529				Record: ultimo valore sopra i valori recenti precedenti.¦Inversione: l'ultima variazione cambia segno.¦Anomalia: livello o variazione insoliti rispetto alla storia recente.¦Unità di misura: %.¦Serie storica ufficiale ISTAT A misura di Comune.¦ANNUAL_PERIODS:2017|2018|2019|2020|2021|2022|2023|2024¦Il periodo della notizia è l'anno statistico reale, non la data di pubblicazione 2026.	ISTAT - A misura di Comune	https://www.istat.it/statistica-sperimentale/aggiornamento-degli-indicatori-del-sistema-informativo-a-misura-di-comune/
db06cd4f89801f7c	013077	Corrido		Lombardia	Ambiente · Raccolta differenziata dei rifiuti urbani	RECORD_MAX|ACCELERAZIONE|ANOMALIA	TERRITORIALE	99.0	SEGNALE PULSE — A MISURA DI COMUNE	2024	Corrido: Raccolta differenziata dei rifiuti urbani sale da 41,07 a 61,81 nel 2024.	33.119008|35.450711|35.457136|37.754093|39.391775|35.994094|41.065157|61.80965				Record: ultimo valore sopra i valori recenti precedenti.¦Accelerazione: ultimo cambiamento più intenso del precedente.¦Anomalia: livello o variazione insoliti rispetto alla storia recente.¦Unità di misura: %.¦Serie storica ufficiale ISTAT A misura di Comune.¦ANNUAL_PERIODS:2017|2018|2019|2020|2021|2022|2023|2024¦Il periodo della notizia è l'anno statistico reale, non la data di pubblicazione 2026.	ISTAT - A misura di Comune	https://www.istat.it/statistica-sperimentale/aggiornamento-degli-indicatori-del-sistema-informativo-a-misura-di-comune/
d9d2583f781765b9	071011	Carlantino		Puglia	Redditi · Reddito imponibile per contribuente	RECORD_MAX|ACCELERAZIONE|ANOMALIA	TERRITORIALE	99.0	SEGNALE PULSE — A MISURA DI COMUNE	2023	Carlantino: Reddito imponibile per contribuente sale da 13.136 a 14.364 nel 2023.	11809.486|11994.213|11524.363|11754.635|12314.908|12700.509|13135.54|14364.403				Record: ultimo valore sopra i valori recenti precedenti.¦Accelerazione: ultimo cambiamento più intenso del precedente.¦Anomalia: livello o variazione insoliti rispetto alla storia recente.¦Unità di misura: euro.¦Serie storica ufficiale ISTAT A misura di Comune.¦ANNUAL_PERIODS:2016|2017|2018|2019|2020|2021|2022|2023¦Il periodo della notizia è l'anno statistico reale, non la data di pubblicazione 2026.	ISTAT - A misura di Comune	https://www.istat.it/statistica-sperimentale/aggiornamento-degli-indicatori-del-sistema-informativo-a-misura-di-comune/
0f8bd4b97372de11	071061	Volturara Appula		Puglia	Redditi · Reddito imponibile per contribuente	RECORD_MAX|ACCELERAZIONE|ANOMALIA	TERRITORIALE	99.0	SEGNALE PULSE — A MISURA DI COMUNE	2023	Volturara Appula: Reddito imponibile per contribuente sale da 13.685 a 15.812 nel 2023.	11994.335|12097.123|12444.085|12407.949|12806.667|13198.193|13684.989|15812.098				Record: ultimo valore sopra i valori recenti precedenti.¦Accelerazione: ultimo cambiamento più intenso del precedente.¦Anomalia: livello o variazione insoliti rispetto alla storia recente.¦Unità di misura: euro.¦Serie storica ufficiale ISTAT A misura di Comune.¦ANNUAL_PERIODS:2016|2017|2018|2019|2020|2021|2022|2023¦Il periodo della notizia è l'anno statistico reale, non la data di pubblicazione 2026.	ISTAT - A misura di Comune	https://www.istat.it/statistica-sperimentale/aggiornamento-degli-indicatori-del-sistema-informativo-a-misura-di-comune/
8734907b7199f848	075076	Soleto		Puglia	Redditi · Reddito imponibile per contribuente	RECORD_MAX|ACCELERAZIONE|ANOMALIA	TERRITORIALE	99.0	SEGNALE PULSE — A MISURA DI COMUNE	2023	Soleto: Reddito imponibile per contribuente sale da 18.637 a 19.870 nel 2023.	16712.261|16864.337|17117.159|17149.409|17367.209|18088.035|18636.61|19870.35				Record: ultimo valore sopra i valori recenti precedenti.¦Accelerazione: ultimo cambiamento più intenso del precedente.¦Anomalia: livello o variazione insoliti rispetto alla storia recente.¦Unità di misura: euro.¦Serie storica ufficiale ISTAT A misura di Comune.¦ANNUAL_PERIODS:2016|2017|2018|2019|2020|2021|2022|2023¦Il periodo della notizia è l'anno statistico reale, non la data di pubblicazione 2026.	ISTAT - A misura di Comune	https://www.istat.it/statistica-sperimentale/aggiornamento-degli-indicatori-del-sistema-informativo-a-misura-di-comune/
95214ccf47ff33e7	075093	Vernole		Puglia	Redditi · Reddito imponibile per contribuente	RECORD_MAX|ACCELERAZIONE|ANOMALIA	TERRITORIALE	99.0	SEGNALE PULSE — A MISURA DI COMUNE	2023	Vernole: Reddito imponibile per contribuente sale da 16.936 a 18.476 nel 2023.	14917.805|15217.704|15399.975|15512.806|15619.711|16317.615|16935.975|18476.108				Record: ultimo valore sopra i valori recenti precedenti.¦Accelerazione: ultimo cambiamento più intenso del precedente.¦Anomalia: livello o variazione insoliti rispetto alla storia recente.¦Unità di misura: euro.¦Serie storica ufficiale ISTAT A misura di Comune.¦ANNUAL_PERIODS:2016|2017|2018|2019|2020|2021|2022|2023¦Il periodo della notizia è l'anno statistico reale, non la data di pubblicazione 2026.	ISTAT - A misura di Comune	https://www.istat.it/statistica-sperimentale/aggiornamento-degli-indicatori-del-sistema-informativo-a-misura-di-comune/
c94947acb4403beb	075032	Giuggianello		Puglia	Redditi · Contribuenti con reddito complessivo inferiore a 10.000 euro	RECORD_MIN|ACCELERAZIONE|ANOMALIA	TERRITORIALE	99.0	SEGNALE PULSE — A MISURA DI COMUNE	2023	Giuggianello: Contribuenti con reddito complessivo inferiore a 10.000 euro scende da 40,34 a 34,86 nel 2023.	44.197531|45.350318|44.613435|44.587629|43.868521|42.558426|40.340219|34.864547				Record: ultimo valore sotto i valori recenti precedenti.¦Accelerazione: ultimo cambiamento più intenso del precedente.¦Anomalia: livello o variazione insoliti rispetto alla storia recente.¦Unità di misura: %.¦Serie storica ufficiale ISTAT A misura di Comune.¦ANNUAL_PERIODS:2016|2017|2018|2019|2020|2021|2022|2023¦Il periodo della notizia è l'anno statistico reale, non la data di pubblicazione 2026.	ISTAT - A misura di Comune	https://www.istat.it/statistica-sperimentale/aggiornamento-degli-indicatori-del-sistema-informativo-a-misura-di-comune/
5554e18336d63fdb	075056	Ortelle		Puglia	Redditi · Contribuenti con reddito complessivo inferiore a 10.000 euro	RECORD_MIN|ACCELERAZIONE|ANOMALIA	TERRITORIALE	99.0	SEGNALE PULSE — A MISURA DI COMUNE	2023	Ortelle: Contribuenti con reddito complessivo inferiore a 10.000 euro scende da 37,97 a 32,65 nel 2023.	43.814433|43.64676|43.115265|42.414861|42.302799|40.290955|37.971552|32.651834				Record: ultimo valore sotto i valori recenti precedenti.¦Accelerazione: ultimo cambiamento più intenso del precedente.¦Anomalia: livello o variazione insoliti rispetto alla storia recente.¦Unità di misura: %.¦Serie storica ufficiale ISTAT A misura di Comune.¦ANNUAL_PERIODS:2016|2017|2018|2019|2020|2021|2022|2023¦Il periodo della notizia è l'anno statistico reale, non la data di pubblicazione 2026.	ISTAT - A misura di Comune	https://www.istat.it/statistica-sperimentale/aggiornamento-degli-indicatori-del-sistema-informativo-a-misura-di-comune/
2180bbae249a064e	075085	Taviano		Puglia	Redditi · Contribuenti con reddito complessivo inferiore a 10.000 euro	RECORD_MIN|ACCELERAZIONE|ANOMALIA	TERRITORIALE	99.0	SEGNALE PULSE — A MISURA DI COMUNE	2023	Taviano: Contribuenti con reddito complessivo inferiore a 10.000 euro scende da 41,1 a 36,5 nel 2023.	46.527408|47.360665|46.508564|45.732518|45.231019|43.566591|41.100196|36.495705				Record: ultimo valore sotto i valori recenti precedenti.¦Accelerazione: ultimo cambiamento più intenso del precedente.¦Anomalia: livello o variazione insoliti rispetto alla storia recente.¦Unità di misura: %.¦Serie storica ufficiale ISTAT A misura di Comune.¦ANNUAL_PERIODS:2016|2017|2018|2019|2020|2021|2022|2023¦Il periodo della notizia è l'anno statistico reale, non la data di pubblicazione 2026.	ISTAT - A misura di Comune	https://www.istat.it/statistica-sperimentale/aggiornamento-degli-indicatori-del-sistema-informativo-a-misura-di-comune/
2407a57171e9c379	001200	Porte		Piemonte	Ambiente · Raccolta differenziata dei rifiuti urbani	RECORD_MAX|ACCELERAZIONE|ANOMALIA	TERRITORIALE	99.0	SEGNALE PULSE — A MISURA DI COMUNE	2024	Porte: Raccolta differenziata dei rifiuti urbani sale da 53,08 a 66,42 nel 2024.	53.959443|54.327525|54.461536|53.734349|56.451243|51.245238|53.079135|66.422207				Record: ultimo valore sopra i valori recenti precedenti.¦Accelerazione: ultimo cambiamento più intenso del precedente.¦Anomalia: livello o variazione insoliti rispetto alla storia recente.¦Unità di misura: %.¦Serie storica ufficiale ISTAT A misura di Comune.¦ANNUAL_PERIODS:2017|2018|2019|2020|2021|2022|2023|2024¦Il periodo della notizia è l'anno statistico reale, non la data di pubblicazione 2026.	ISTAT - A misura di Comune	https://www.istat.it/statistica-sperimentale/aggiornamento-degli-indicatori-del-sistema-informativo-a-misura-di-comune/
874c7f2c816dd826	071060	Vieste		Puglia	Ambiente · Raccolta differenziata dei rifiuti urbani	RECORD_MAX|INVERSIONE|ANOMALIA	TERRITORIALE	99.0	SEGNALE PULSE — A MISURA DI COMUNE	2024	Vieste: Raccolta differenziata dei rifiuti urbani sale da 16,2 a 69,29 nel 2024.	12.570618|13.139735|16.640973|18.673399|19.413187|18.848393|16.199524|69.293453				Record: ultimo valore sopra i valori recenti precedenti.¦Inversione: l'ultima variazione cambia segno.¦Anomalia: livello o variazione insoliti rispetto alla storia recente.¦Unità di misura: %.¦Serie storica ufficiale ISTAT A misura di Comune.¦ANNUAL_PERIODS:2017|2018|2019|2020|2021|2022|2023|2024¦Il periodo della notizia è l'anno statistico reale, non la data di pubblicazione 2026.	ISTAT - A misura di Comune	https://www.istat.it/statistica-sperimentale/aggiornamento-degli-indicatori-del-sistema-informativo-a-misura-di-comune/
fc49e1abb711ddc2	073025	San Marzano di San Giuseppe		Puglia	Ambiente · Raccolta differenziata dei rifiuti urbani	RECORD_MAX|INVERSIONE|ANOMALIA	TERRITORIALE	99.0	SEGNALE PULSE — A MISURA DI COMUNE	2024	San Marzano di San Giuseppe: Raccolta differenziata dei rifiuti urbani sale da 36,69 a 67,51 nel 2024.	37.724787|34.430298|42.728774|47.342789|45.094227|37.344244|36.685374|67.513087				Record: ultimo valore sopra i valori recenti precedenti.¦Inversione: l'ultima variazione cambia segno.¦Anomalia: livello o variazione insoliti rispetto alla storia recente.¦Unità di misura: %.¦Serie storica ufficiale ISTAT A misura di Comune.¦ANNUAL_PERIODS:2017|2018|2019|2020|2021|2022|2023|2024¦Il periodo della notizia è l'anno statistico reale, non la data di pubblicazione 2026.	ISTAT - A misura di Comune	https://www.istat.it/statistica-sperimentale/aggiornamento-degli-indicatori-del-sistema-informativo-a-misura-di-comune/
aba70fa0f62b4960	074006	Erchie		Puglia	Ambiente · Raccolta differenziata dei rifiuti urbani	RECORD_MIN|ACCELERAZIONE|ANOMALIA	TERRITORIALE	99.0	SEGNALE PULSE — A MISURA DI COMUNE	2024	Erchie: Raccolta differenziata dei rifiuti urbani scende da 72,65 a 62,49 nel 2024.	69.812582|70.893022|73.815582|73.582357|73.971025|75.42212|72.653941|62.486164				Record: ultimo valore sotto i valori recenti precedenti.¦Accelerazione: ultimo cambiamento più intenso del precedente.¦Anomalia: livello o variazione insoliti rispetto alla storia recente.¦Unità di misura: %.¦Serie storica ufficiale ISTAT A misura di Comune.¦ANNUAL_PERIODS:2017|2018|2019|2020|2021|2022|2023|2024¦Il periodo della notizia è l'anno statistico reale, non la data di pubblicazione 2026.	ISTAT - A misura di Comune	https://www.istat.it/statistica-sperimentale/aggiornamento-degli-indicatori-del-sistema-informativo-a-misura-di-comune/
89aef7e6362de3ac	075025	Cursi		Puglia	Ambiente · Raccolta differenziata dei rifiuti urbani	RECORD_MAX|INVERSIONE|ANOMALIA	TERRITORIALE	99.0	SEGNALE PULSE — A MISURA DI COMUNE	2024	Cursi: Raccolta differenziata dei rifiuti urbani sale da 26,3 a 51,38 nel 2024.	26.272904|27.287616|27.125388|24.79641|24.255811|26.970193|26.298397|51.377772				Record: ultimo valore sopra i valori recenti precedenti.¦Inversione: l'ultima variazione cambia segno.¦Anomalia: livello o variazione insoliti rispetto alla storia recente.¦Unità di misura: %.¦Serie storica ufficiale ISTAT A misura di Comune.¦ANNUAL_PERIODS:2017|2018|2019|2020|2021|2022|2023|2024¦Il periodo della notizia è l'anno statistico reale, non la data di pubblicazione 2026.	ISTAT - A misura di Comune	https://www.istat.it/statistica-sperimentale/aggiornamento-degli-indicatori-del-sistema-informativo-a-misura-di-comune/
2995a0c22a1da650	110005	Margherita di Savoia		Puglia	Ambiente · Raccolta differenziata dei rifiuti urbani	RECORD_MAX|INVERSIONE|ANOMALIA	TERRITORIALE	99.0	SEGNALE PULSE — A MISURA DI COMUNE	2024	Margherita di Savoia: Raccolta differenziata dei rifiuti urbani sale da 31,51 a 56,68 nel 2024.	33.071295|32.623772|42.061569|40.839109|33.714474|32.193113|31.511018|56.678944				Record: ultimo valore sopra i valori recenti precedenti.¦Inversione: l'ultima variazione cambia segno.¦Anomalia: livello o variazione insoliti rispetto alla storia recente.¦Unità di misura: %.¦Serie storica ufficiale ISTAT A misura di Comune.¦ANNUAL_PERIODS:2017|2018|2019|2020|2021|2022|2023|2024¦Il periodo della notizia è l'anno statistico reale, non la data di pubblicazione 2026.	ISTAT - A misura di Comune	https://www.istat.it/statistica-sperimentale/aggiornamento-degli-indicatori-del-sistema-informativo-a-misura-di-comune/
8f6e6e84ce42150d	001122	Inverso Pinasca		Piemonte	Redditi · Reddito imponibile per contribuente	RECORD_MAX|ACCELERAZIONE|ANOMALIA	TERRITORIALE	99.0	SEGNALE PULSE — A MISURA DI COMUNE	2023	Inverso Pinasca: Reddito imponibile per contribuente sale da 20.957 a 23.004 nel 2023.	17909.751|18654.42|18602.416|18973.447|19270.862|20042.883|20956.773|23003.715				Record: ultimo valore sopra i valori recenti precedenti.¦Accelerazione: ultimo cambiamento più intenso del precedente.¦Anomalia: livello o variazione insoliti rispetto alla storia recente.¦Unità di misura: euro.¦Serie storica ufficiale ISTAT A misura di Comune.¦ANNUAL_PERIODS:2016|2017|2018|2019|2020|2021|2022|2023¦Il periodo della notizia è l'anno statistico reale, non la data di pubblicazione 2026.	ISTAT - A misura di Comune	https://www.istat.it/statistica-sperimentale/aggiornamento-degli-indicatori-del-sistema-informativo-a-misura-di-comune/
0425342ee56579c2	071021	Chieuti		Puglia	Redditi · Contribuenti con reddito complessivo inferiore a 10.000 euro	RECORD_MIN|ACCELERAZIONE|ANOMALIA	TERRITORIALE	99.0	SEGNALE PULSE — A MISURA DI COMUNE	2023	Chieuti: Contribuenti con reddito complessivo inferiore a 10.000 euro scende da 45,49 a 39,19 nel 2023.	50.953678|50.374532|49.630996|49.068901|47.805344|46.462715|45.489079|39.187913				Record: ultimo valore sotto i valori recenti precedenti.¦Accelerazione: ultimo cambiamento più intenso del precedente.¦Anomalia: livello o variazione insoliti rispetto alla storia recente.¦Unità di misura: %.¦Serie storica ufficiale ISTAT A misura di Comune.¦ANNUAL_PERIODS:2016|2017|2018|2019|2020|2021|2022|2023¦Il periodo della notizia è l'anno statistico reale, non la data di pubblicazione 2026.	ISTAT - A misura di Comune	https://www.istat.it/statistica-sperimentale/aggiornamento-degli-indicatori-del-sistema-informativo-a-misura-di-comune/
05801c8c3370ecf4	001067	Castelnuovo Nigra		Piemonte	Redditi · Reddito imponibile per contribuente	RECORD_MAX|ACCELERAZIONE|ANOMALIA	TERRITORIALE	99.0	SEGNALE PULSE — A MISURA DI COMUNE	2023	Castelnuovo Nigra: Reddito imponibile per contribuente sale da 19.963 a 23.752 nel 2023.	19053.327|18081.901|19002.166|19116.967|18739.007|19320.606|19962.577|23751.579				Record: ultimo valore sopra i valori recenti precedenti.¦Accelerazione: ultimo cambiamento più intenso del precedente.¦Anomalia: livello o variazione insoliti rispetto alla storia recente.¦Unità di misura: euro.¦Serie storica ufficiale ISTAT A misura di Comune.¦ANNUAL_PERIODS:2016|2017|2018|2019|2020|2021|2022|2023¦Il periodo della notizia è l'anno statistico reale, non la data di pubblicazione 2026.	ISTAT - A misura di Comune	https://www.istat.it/statistica-sperimentale/aggiornamento-degli-indicatori-del-sistema-informativo-a-misura-di-comune/
6bed9e4ba169099b	001110	Frossasco		Piemonte	Ambiente · Raccolta differenziata dei rifiuti urbani	RECORD_MAX|ACCELERAZIONE|ANOMALIA	TERRITORIALE	99.0	SEGNALE PULSE — A MISURA DI COMUNE	2024	Frossasco: Raccolta differenziata dei rifiuti urbani sale da 63,09 a 81,93 nel 2024.	59.660569|61.622091|62.849475|61.394345|62.05127|59.92247|63.091173|81.933898				Record: ultimo valore sopra i valori recenti precedenti.¦Accelerazione: ultimo cambiamento più intenso del precedente.¦Anomalia: livello o variazione insoliti rispetto alla storia recente.¦Unità di misura: %.¦Serie storica ufficiale ISTAT A misura di Comune.¦ANNUAL_PERIODS:2017|2018|2019|2020|2021|2022|2023|2024¦Il periodo della notizia è l'anno statistico reale, non la data di pubblicazione 2026.	ISTAT - A misura di Comune	https://www.istat.it/statistica-sperimentale/aggiornamento-degli-indicatori-del-sistema-informativo-a-misura-di-comune/
73c53699f37e0fa6	001111	Garzigliana		Piemonte	Ambiente · Raccolta differenziata dei rifiuti urbani	RECORD_MAX|ACCELERAZIONE|ANOMALIA	TERRITORIALE	99.0	SEGNALE PULSE — A MISURA DI COMUNE	2024	Garzigliana: Raccolta differenziata dei rifiuti urbani sale da 56,51 a 75,13 nel 2024.	58.660633|58.255661|58.192012|54.2352|51.196191|51.486595|56.507785|75.125971				Record: ultimo valore sopra i valori recenti precedenti.¦Accelerazione: ultimo cambiamento più intenso del precedente.¦Anomalia: livello o variazione insoliti rispetto alla storia recente.¦Unità di misura: %.¦Serie storica ufficiale ISTAT A misura di Comune.¦ANNUAL_PERIODS:2017|2018|2019|2020|2021|2022|2023|2024¦Il periodo della notizia è l'anno statistico reale, non la data di pubblicazione 2026.	ISTAT - A misura di Comune	https://www.istat.it/statistica-sperimentale/aggiornamento-degli-indicatori-del-sistema-informativo-a-misura-di-comune/
94bc9b8956c0206d	001139	Luserna San Giovanni		Piemonte	Ambiente · Raccolta differenziata dei rifiuti urbani	RECORD_MAX|ACCELERAZIONE|ANOMALIA	TERRITORIALE	99.0	SEGNALE PULSE — A MISURA DI COMUNE	2024	Luserna San Giovanni: Raccolta differenziata dei rifiuti urbani sale da 52,33 a 58,23 nel 2024.	53.935959|54.341886|54.22595|54.426484|53.441845|52.123577|52.334592|58.233679				Record: ultimo valore sopra i valori recenti precedenti.¦Accelerazione: ultimo cambiamento più intenso del precedente.¦Anomalia: livello o variazione insoliti rispetto alla storia recente.¦Unità di misura: %.¦Serie storica ufficiale ISTAT A misura di Comune.¦ANNUAL_PERIODS:2017|2018|2019|2020|2021|2022|2023|2024¦Il periodo della notizia è l'anno statistico reale, non la data di pubblicazione 2026.	ISTAT - A misura di Comune	https://www.istat.it/statistica-sperimentale/aggiornamento-degli-indicatori-del-sistema-informativo-a-misura-di-comune/
e61870e063807e2c	001076	Chianocco		Piemonte	Redditi · Reddito imponibile per contribuente	RECORD_MAX|ACCELERAZIONE|ANOMALIA	TERRITORIALE	99.0	SEGNALE PULSE — A MISURA DI COMUNE	2023	Chianocco: Reddito imponibile per contribuente sale da 21.763 a 23.232 nel 2023.	20029.532|20203.96|20108.039|20328.087|20315.108|21392.779|21762.632|23231.688				Record: ultimo valore sopra i valori recenti precedenti.¦Accelerazione: ultimo cambiamento più intenso del precedente.¦Anomalia: livello o variazione insoliti rispetto alla storia recente.¦Unità di misura: euro.¦Serie storica ufficiale ISTAT A misura di Comune.¦ANNUAL_PERIODS:2016|2017|2018|2019|2020|2021|2022|2023¦Il periodo della notizia è l'anno statistico reale, non la data di pubblicazione 2026.	ISTAT - A misura di Comune	https://www.istat.it/statistica-sperimentale/aggiornamento-degli-indicatori-del-sistema-informativo-a-misura-di-comune/
d69f632ce7d63306	001019	Balme		Piemonte	Redditi · Reddito imponibile per contribuente	RECORD_MAX|ACCELERAZIONE|ANOMALIA	TERRITORIALE	99.0	SEGNALE PULSE — A MISURA DI COMUNE	2023	Balme: Reddito imponibile per contribuente sale da 17.373 a 21.116 nel 2023.	13098.5|13936.178|14703.525|15036.622|15052.932|15480.542|17372.986|21116.25				Record: ultimo valore sopra i valori recenti precedenti.¦Accelerazione: ultimo cambiamento più intenso del precedente.¦Anomalia: livello o variazione insoliti rispetto alla storia recente.¦Unità di misura: euro.¦Serie storica ufficiale ISTAT A misura di Comune.¦ANNUAL_PERIODS:2016|2017|2018|2019|2020|2021|2022|2023¦Il periodo della notizia è l'anno statistico reale, non la data di pubblicazione 2026.	ISTAT - A misura di Comune	https://www.istat.it/statistica-sperimentale/aggiornamento-degli-indicatori-del-sistema-informativo-a-misura-di-comune/
91259f7126cb027f	001072	Ceres		Piemonte	Redditi · Contribuenti con reddito complessivo inferiore a 10.000 euro	RECORD_MIN|ACCELERAZIONE|ANOMALIA	TERRITORIALE	99.0	SEGNALE PULSE — A MISURA DI COMUNE	2023	Ceres: Contribuenti con reddito complessivo inferiore a 10.000 euro scende da 28,98 a 25,45 nel 2023.	29.238985|30.965147|30.738786|30.810811|31.404959|29.036635|28.981723|25.454545				Record: ultimo valore sotto i valori recenti precedenti.¦Accelerazione: ultimo cambiamento più intenso del precedente.¦Anomalia: livello o variazione insoliti rispetto alla storia recente.¦Unità di misura: %.¦Serie storica ufficiale ISTAT A misura di Comune.¦ANNUAL_PERIODS:2016|2017|2018|2019|2020|2021|2022|2023¦Il periodo della notizia è l'anno statistico reale, non la data di pubblicazione 2026.	ISTAT - A misura di Comune	https://www.istat.it/statistica-sperimentale/aggiornamento-degli-indicatori-del-sistema-informativo-a-misura-di-comune/
ede43d0397c04f63	001092	Colleretto Giacosa		Piemonte	Redditi · Reddito imponibile per contribuente	RECORD_MAX|ACCELERAZIONE|ANOMALIA	TERRITORIALE	99.0	SEGNALE PULSE — A MISURA DI COMUNE	2023	Colleretto Giacosa: Reddito imponibile per contribuente sale da 22.461 a 24.210 nel 2023.	22769.393|22673.745|22643.494|22729.769|21169.285|22131.023|22461.498|24210.485				Record: ultimo valore sopra i valori recenti precedenti.¦Accelerazione: ultimo cambiamento più intenso del precedente.¦Anomalia: livello o variazione insoliti rispetto alla storia recente.¦Unità di misura: euro.¦Serie storica ufficiale ISTAT A misura di Comune.¦ANNUAL_PERIODS:2016|2017|2018|2019|2020|2021|2022|2023¦Il periodo della notizia è l'anno statistico reale, non la data di pubblicazione 2026.	ISTAT - A misura di Comune	https://www.istat.it/statistica-sperimentale/aggiornamento-degli-indicatori-del-sistema-informativo-a-misura-di-comune/
e2b842faf5cd55e6	067010	Castel Castagna		Abruzzo	Redditi · Contribuenti con reddito complessivo inferiore a 10.000 euro	RECORD_MIN|ACCELERAZIONE|ANOMALIA	TERRITORIALE	99.0	SEGNALE PULSE — A MISURA DI COMUNE	2023	Castel Castagna: Contribuenti con reddito complessivo inferiore a 10.000 euro scende da 35,85 a 28,57 nel 2023.	46.06414|45.772595|41.260745|36.716418|36.5625|36.163522|35.849057|28.571429				Record: ultimo valore sotto i valori recenti precedenti.¦Accelerazione: ultimo cambiamento più intenso del precedente.¦Anomalia: livello o variazione insoliti rispetto alla storia recente.¦Unità di misura: %.¦Serie storica ufficiale ISTAT A misura di Comune.¦ANNUAL_PERIODS:2016|2017|2018|2019|2020|2021|2022|2023¦Il periodo della notizia è l'anno statistico reale, non la data di pubblicazione 2026.	ISTAT - A misura di Comune	https://www.istat.it/statistica-sperimentale/aggiornamento-degli-indicatori-del-sistema-informativo-a-misura-di-comune/
2740862df5e5689d	076033	Forenza		Basilicata	Redditi · Contribuenti con reddito complessivo inferiore a 10.000 euro	RECORD_MIN|ACCELERAZIONE|ANOMALIA	TERRITORIALE	99.0	SEGNALE PULSE — A MISURA DI COMUNE	2023	Forenza: Contribuenti con reddito complessivo inferiore a 10.000 euro scende da 43,83 a 37,92 nel 2023.	46.919771|47.781818|46.888889|46.832579|45.722937|45.230999|43.825301|37.915408				Record: ultimo valore sotto i valori recenti precedenti.¦Accelerazione: ultimo cambiamento più intenso del precedente.¦Anomalia: livello o variazione insoliti rispetto alla storia recente.¦Unità di misura: %.¦Serie storica ufficiale ISTAT A misura di Comune.¦ANNUAL_PERIODS:2016|2017|2018|2019|2020|2021|2022|2023¦Il periodo della notizia è l'anno statistico reale, non la data di pubblicazione 2026.	ISTAT - A misura di Comune	https://www.istat.it/statistica-sperimentale/aggiornamento-degli-indicatori-del-sistema-informativo-a-misura-di-comune/
2772cb6b16c03721	007030	Gignod		Valle d'Aosta/Vallée d'Aoste	Redditi · Reddito imponibile per contribuente	RECORD_MAX|ACCELERAZIONE|ANOMALIA	TERRITORIALE	99.0	SEGNALE PULSE — A MISURA DI COMUNE	2023	Gignod: Reddito imponibile per contribuente sale da 23.806 a 25.635 nel 2023.	21928.004|22127.243|22227.714|22693.131|22277.723|23215.072|23805.898|25635.148				Record: ultimo valore sopra i valori recenti precedenti.¦Accelerazione: ultimo cambiamento più intenso del precedente.¦Anomalia: livello o variazione insoliti rispetto alla storia recente.¦Unità di misura: euro.¦Serie storica ufficiale ISTAT A misura di Comune.¦ANNUAL_PERIODS:2016|2017|2018|2019|2020|2021|2022|2023¦Il periodo della notizia è l'anno statistico reale, non la data di pubblicazione 2026.	ISTAT - A misura di Comune	https://www.istat.it/statistica-sperimentale/aggiornamento-degli-indicatori-del-sistema-informativo-a-misura-di-comune/
f101aef4d463433a	007055	Rhêmes-Notre-Dame		Valle d'Aosta/Vallée d'Aoste	Mobilità sostenibile · Autovetture con standard di emissioni inferiore a Euro 4	RECORD_MIN|INVERSIONE|ANOMALIA	TERRITORIALE	99.0	SEGNALE PULSE — A MISURA DI COMUNE	2023	Rhêmes-Notre-Dame: Autovetture con standard di emissioni inferiore a Euro 4 scende da 23,61 a 13,58 nel 2023.	31.25|29.032258|25|23.4375|25|23.076923|23.611111|13.580247				Record: ultimo valore sotto i valori recenti precedenti.¦Inversione: l'ultima variazione cambia segno.¦Anomalia: livello o variazione insoliti rispetto alla storia recente.¦Unità di misura: %.¦Serie storica ufficiale ISTAT A misura di Comune.¦ANNUAL_PERIODS:2016|2017|2018|2019|2020|2021|2022|2023¦Il periodo della notizia è l'anno statistico reale, non la data di pubblicazione 2026.	ISTAT - A misura di Comune	https://www.istat.it/statistica-sperimentale/aggiornamento-degli-indicatori-del-sistema-informativo-a-misura-di-comune/
5b9f8717d1023b58	007060	Saint-Marcel		Valle d'Aosta/Vallée d'Aoste	Redditi · Contribuenti con reddito complessivo inferiore a 10.000 euro	RECORD_MIN|ACCELERAZIONE|ANOMALIA	TERRITORIALE	99.0	SEGNALE PULSE — A MISURA DI COMUNE	2023	Saint-Marcel: Contribuenti con reddito complessivo inferiore a 10.000 euro scende da 22,09 a 18,49 nel 2023.	23.32636|23.044838|22.774327|22.8125|23.966066|22.395833|22.089552|18.489066				Record: ultimo valore sotto i valori recenti precedenti.¦Accelerazione: ultimo cambiamento più intenso del precedente.¦Anomalia: livello o variazione insoliti rispetto alla storia recente.¦Unità di misura: %.¦Serie storica ufficiale ISTAT A misura di Comune.¦ANNUAL_PERIODS:2016|2017|2018|2019|2020|2021|2022|2023¦Il periodo della notizia è l'anno statistico reale, non la data di pubblicazione 2026.	ISTAT - A misura di Comune	https://www.istat.it/statistica-sperimentale/aggiornamento-degli-indicatori-del-sistema-informativo-a-misura-di-comune/
bab728a330849ca8	007034	Hône		Valle d'Aosta/Vallée d'Aoste	Redditi · Contribuenti con reddito complessivo inferiore a 10.000 euro	RECORD_MIN|INVERSIONE|ANOMALIA	TERRITORIALE	99.0	SEGNALE PULSE — A MISURA DI COMUNE	2023	Hône: Contribuenti con reddito complessivo inferiore a 10.000 euro scende da 22,49 a 17,58 nel 2023.	23.470523|23.887079|22.57721|21.512247|22.903226|22.032086|22.48954|17.578947				Record: ultimo valore sotto i valori recenti precedenti.¦Inversione: l'ultima variazione cambia segno.¦Anomalia: livello o variazione insoliti rispetto alla storia recente.¦Unità di misura: %.¦Serie storica ufficiale ISTAT A misura di Comune.¦ANNUAL_PERIODS:2016|2017|2018|2019|2020|2021|2022|2023¦Il periodo della notizia è l'anno statistico reale, non la data di pubblicazione 2026.	ISTAT - A misura di Comune	https://www.istat.it/statistica-sperimentale/aggiornamento-degli-indicatori-del-sistema-informativo-a-misura-di-comune/
ba93477f77381a08	076024	Castelmezzano		Basilicata	Ambiente · Raccolta differenziata dei rifiuti urbani	RECORD_MAX|RALLENTAMENTO|ANOMALIA	TERRITORIALE	99.0	SEGNALE PULSE — A MISURA DI COMUNE	2024	Castelmezzano: Raccolta differenziata dei rifiuti urbani sale da 61,75 a 77,22 nel 2024.	10.798635|9.3532414|9.4406647|8.1242053|7.4875208|18.606691|61.748895|77.223118				Record: ultimo valore sopra i valori recenti precedenti.¦Rallentamento: ultimo cambiamento più contenuto del precedente.¦Anomalia: livello o variazione insoliti rispetto alla storia recente.¦Unità di misura: %.¦Serie storica ufficiale ISTAT A misura di Comune.¦ANNUAL_PERIODS:2017|2018|2019|2020|2021|2022|2023|2024¦Il periodo della notizia è l'anno statistico reale, non la data di pubblicazione 2026.	ISTAT - A misura di Comune	https://www.istat.it/statistica-sperimentale/aggiornamento-degli-indicatori-del-sistema-informativo-a-misura-di-comune/
ff4d6831e344cb4f	076031	Fardella		Basilicata	Ambiente · Raccolta differenziata dei rifiuti urbani	RECORD_MIN|INVERSIONE|ANOMALIA	TERRITORIALE	99.0	SEGNALE PULSE — A MISURA DI COMUNE	2024	Fardella: Raccolta differenziata dei rifiuti urbani scende da 63,24 a 30,22 nel 2024.	65.108924|65.898644|76.765623|82.391793|83.14026|62.845757|63.242414|30.220782				Record: ultimo valore sotto i valori recenti precedenti.¦Inversione: l'ultima variazione cambia segno.¦Anomalia: livello o variazione insoliti rispetto alla storia recente.¦Unità di misura: %.¦Serie storica ufficiale ISTAT A misura di Comune.¦ANNUAL_PERIODS:2017|2018|2019|2020|2021|2022|2023|2024¦Il periodo della notizia è l'anno statistico reale, non la data di pubblicazione 2026.	ISTAT - A misura di Comune	https://www.istat.it/statistica-sperimentale/aggiornamento-degli-indicatori-del-sistema-informativo-a-misura-di-comune/
ff990bcf0f48c42c	076014	Brindisi Montagna		Basilicata	Redditi · Reddito imponibile per contribuente	RECORD_MAX|INVERSIONE|ANOMALIA	TERRITORIALE	99.0	SEGNALE PULSE — A MISURA DI COMUNE	2023	Brindisi Montagna: Reddito imponibile per contribuente sale da 15.225 a 18.081 nel 2023.	13643.938|13808.532|14054.425|13980.836|14486.979|15255.264|15224.815|18081.476				Record: ultimo valore sopra i valori recenti precedenti.¦Inversione: l'ultima variazione cambia segno.¦Anomalia: livello o variazione insoliti rispetto alla storia recente.¦Unità di misura: euro.¦Serie storica ufficiale ISTAT A misura di Comune.¦ANNUAL_PERIODS:2016|2017|2018|2019|2020|2021|2022|2023¦Il periodo della notizia è l'anno statistico reale, non la data di pubblicazione 2026.	ISTAT - A misura di Comune	https://www.istat.it/statistica-sperimentale/aggiornamento-degli-indicatori-del-sistema-informativo-a-misura-di-comune/
3d6ecae03359144e	076083	Satriano di Lucania		Basilicata	Ambiente · Raccolta differenziata dei rifiuti urbani	RECORD_MIN|INVERSIONE|ANOMALIA	TERRITORIALE	99.0	SEGNALE PULSE — A MISURA DI COMUNE	2024	Satriano di Lucania: Raccolta differenziata dei rifiuti urbani scende da 61,07 a 51,45 nel 2024.	66.869096|67.597659|64.819535|64.033784|64.468465|60.520156|61.065615|51.450375				Record: ultimo valore sotto i valori recenti precedenti.¦Inversione: l'ultima variazione cambia segno.¦Anomalia: livello o variazione insoliti rispetto alla storia recente.¦Unità di misura: %.¦Serie storica ufficiale ISTAT A misura di Comune.¦ANNUAL_PERIODS:2017|2018|2019|2020|2021|2022|2023|2024¦Il periodo della notizia è l'anno statistico reale, non la data di pubblicazione 2026.	ISTAT - A misura di Comune	https://www.istat.it/statistica-sperimentale/aggiornamento-degli-indicatori-del-sistema-informativo-a-misura-di-comune/
9a6f426b7cd07ffd	070055	Portocannone		Molise	Redditi · Reddito imponibile per contribuente	RECORD_MAX|ACCELERAZIONE|ANOMALIA	TERRITORIALE	99.0	SEGNALE PULSE — A MISURA DI COMUNE	2023	Portocannone: Reddito imponibile per contribuente sale da 15.089 a 16.473 nel 2023.	13354.333|13542.286|13850.915|13803.909|14028.159|14507.71|15088.698|16472.834				Record: ultimo valore sopra i valori recenti precedenti.¦Accelerazione: ultimo cambiamento più intenso del precedente.¦Anomalia: livello o variazione insoliti rispetto alla storia recente.¦Unità di misura: euro.¦Serie storica ufficiale ISTAT A misura di Comune.¦ANNUAL_PERIODS:2016|2017|2018|2019|2020|2021|2022|2023¦Il periodo della notizia è l'anno statistico reale, non la data di pubblicazione 2026.	ISTAT - A misura di Comune	https://www.istat.it/statistica-sperimentale/aggiornamento-degli-indicatori-del-sistema-informativo-a-misura-di-comune/
77ae8e89b4dbe3bc	070070	San Massimo		Molise	Redditi · Reddito imponibile per contribuente	RECORD_MAX|ACCELERAZIONE|ANOMALIA	TERRITORIALE	99.0	SEGNALE PULSE — A MISURA DI COMUNE	2023	San Massimo: Reddito imponibile per contribuente sale da 16.040 a 18.001 nel 2023.	14280.932|14545.037|14682.447|14702.381|14857.574|15515.615|16039.856|18000.929				Record: ultimo valore sopra i valori recenti precedenti.¦Accelerazione: ultimo cambiamento più intenso del precedente.¦Anomalia: livello o variazione insoliti rispetto alla storia recente.¦Unità di misura: euro.¦Serie storica ufficiale ISTAT A misura di Comune.¦ANNUAL_PERIODS:2016|2017|2018|2019|2020|2021|2022|2023¦Il periodo della notizia è l'anno statistico reale, non la data di pubblicazione 2026.	ISTAT - A misura di Comune	https://www.istat.it/statistica-sperimentale/aggiornamento-degli-indicatori-del-sistema-informativo-a-misura-di-comune/
d3534842803ce591	070076	Spinete		Molise	Redditi · Contribuenti con reddito complessivo inferiore a 10.000 euro	RECORD_MIN|ACCELERAZIONE|ANOMALIA	TERRITORIALE	99.0	SEGNALE PULSE — A MISURA DI COMUNE	2023	Spinete: Contribuenti con reddito complessivo inferiore a 10.000 euro scende da 39,73 a 33,66 nel 2023.	47.121535|46.846847|46.864686|46.179402|44.394111|40.506329|39.72912|33.663366				Record: ultimo valore sotto i valori recenti precedenti.¦Accelerazione: ultimo cambiamento più intenso del precedente.¦Anomalia: livello o variazione insoliti rispetto alla storia recente.¦Unità di misura: %.¦Serie storica ufficiale ISTAT A misura di Comune.¦ANNUAL_PERIODS:2016|2017|2018|2019|2020|2021|2022|2023¦Il periodo della notizia è l'anno statistico reale, non la data di pubblicazione 2026.	ISTAT - A misura di Comune	https://www.istat.it/statistica-sperimentale/aggiornamento-degli-indicatori-del-sistema-informativo-a-misura-di-comune/
f2edc13dc250445a	070079	Torella del Sannio		Molise	Redditi · Contribuenti con reddito complessivo inferiore a 10.000 euro	RECORD_MIN|ACCELERAZIONE|ANOMALIA	TERRITORIALE	99.0	SEGNALE PULSE — A MISURA DI COMUNE	2023	Torella del Sannio: Contribuenti con reddito complessivo inferiore a 10.000 euro scende da 46,84 a 40,17 nel 2023.	51.369863|51.433692|50.62167|52.329749|51.933702|47.706422|46.835443|40.173913				Record: ultimo valore sotto i valori recenti precedenti.¦Accelerazione: ultimo cambiamento più intenso del precedente.¦Anomalia: livello o variazione insoliti rispetto alla storia recente.¦Unità di misura: %.¦Serie storica ufficiale ISTAT A misura di Comune.¦ANNUAL_PERIODS:2016|2017|2018|2019|2020|2021|2022|2023¦Il periodo della notizia è l'anno statistico reale, non la data di pubblicazione 2026.	ISTAT - A misura di Comune	https://www.istat.it/statistica-sperimentale/aggiornamento-degli-indicatori-del-sistema-informativo-a-misura-di-comune/
b99e060deaf90f4d	070083	Ururi		Molise	Redditi · Contribuenti con reddito complessivo inferiore a 10.000 euro	RECORD_MIN|ACCELERAZIONE|ANOMALIA	TERRITORIALE	99.0	SEGNALE PULSE — A MISURA DI COMUNE	2023	Ururi: Contribuenti con reddito complessivo inferiore a 10.000 euro scende da 40 a 34,57 nel 2023.	45.520312|43.600234|44.21729|44.25656|43.112701|41.845238|40|34.572923				Record: ultimo valore sotto i valori recenti precedenti.¦Accelerazione: ultimo cambiamento più intenso del precedente.¦Anomalia: livello o variazione insoliti rispetto alla storia recente.¦Unità di misura: %.¦Serie storica ufficiale ISTAT A misura di Comune.¦ANNUAL_PERIODS:2016|2017|2018|2019|2020|2021|2022|2023¦Il periodo della notizia è l'anno statistico reale, non la data di pubblicazione 2026.	ISTAT - A misura di Comune	https://www.istat.it/statistica-sperimentale/aggiornamento-degli-indicatori-del-sistema-informativo-a-misura-di-comune/
0b314b7da843919a	094003	Bagnoli del Trigno		Molise	Ambiente · Raccolta differenziata dei rifiuti urbani	RECORD_MAX|RALLENTAMENTO|ANOMALIA	TERRITORIALE	99.0	SEGNALE PULSE — A MISURA DI COMUNE	2024	Bagnoli del Trigno: Raccolta differenziata dei rifiuti urbani sale da 51,57 a 61,58 nel 2024.	2.5361156|3.4567522|3.7979552|4.4068276|5.2315294|6.3459188|51.56852|61.576705				Record: ultimo valore sopra i valori recenti precedenti.¦Rallentamento: ultimo cambiamento più contenuto del precedente.¦Anomalia: livello o variazione insoliti rispetto alla storia recente.¦Unità di misura: %.¦Serie storica ufficiale ISTAT A misura di Comune.¦ANNUAL_PERIODS:2017|2018|2019|2020|2021|2022|2023|2024¦Il periodo della notizia è l'anno statistico reale, non la data di pubblicazione 2026.	ISTAT - A misura di Comune	https://www.istat.it/statistica-sperimentale/aggiornamento-degli-indicatori-del-sistema-informativo-a-misura-di-comune/
ecf3dc3cabe20be2	094049	Sessano del Molise		Molise	Ambiente · Raccolta differenziata dei rifiuti urbani	RECORD_MAX|INVERSIONE|ANOMALIA	TERRITORIALE	99.0	SEGNALE PULSE — A MISURA DI COMUNE	2024	Sessano del Molise: Raccolta differenziata dei rifiuti urbani sale da 12,09 a 35,87 nel 2024.	23.059308|17.095657|10.669162|10.603703|11.761769|12.625398|12.092397|35.871064				Record: ultimo valore sopra i valori recenti precedenti.¦Inversione: l'ultima variazione cambia segno.¦Anomalia: livello o variazione insoliti rispetto alla storia recente.¦Unità di misura: %.¦Serie storica ufficiale ISTAT A misura di Comune.¦ANNUAL_PERIODS:2017|2018|2019|2020|2021|2022|2023|2024¦Il periodo della notizia è l'anno statistico reale, non la data di pubblicazione 2026.	ISTAT - A misura di Comune	https://www.istat.it/statistica-sperimentale/aggiornamento-degli-indicatori-del-sistema-informativo-a-misura-di-comune/
5a802fb2c467dbf2	070046	Montenero di Bisaccia		Molise	Redditi · Contribuenti con reddito complessivo inferiore a 10.000 euro	RECORD_MIN|ACCELERAZIONE|ANOMALIA	TERRITORIALE	99.0	SEGNALE PULSE — A MISURA DI COMUNE	2023	Montenero di Bisaccia: Contribuenti con reddito complessivo inferiore a 10.000 euro scende da 35,5 a 31,1 nel 2023.	40.697674|41.059898|40.405405|39.702517|38.87474|37.370242|35.502154|31.09824				Record: ultimo valore sotto i valori recenti precedenti.¦Accelerazione: ultimo cambiamento più intenso del precedente.¦Anomalia: livello o variazione insoliti rispetto alla storia recente.¦Unità di misura: %.¦Serie storica ufficiale ISTAT A misura di Comune.¦ANNUAL_PERIODS:2016|2017|2018|2019|2020|2021|2022|2023¦Il periodo della notizia è l'anno statistico reale, non la data di pubblicazione 2026.	ISTAT - A misura di Comune	https://www.istat.it/statistica-sperimentale/aggiornamento-degli-indicatori-del-sistema-informativo-a-misura-di-comune/
1e2334d779ecbb56	070074	Sant'Elia a Pianisi		Molise	Redditi · Contribuenti con reddito complessivo inferiore a 10.000 euro	RECORD_MIN|ACCELERAZIONE|ANOMALIA	TERRITORIALE	99.0	SEGNALE PULSE — A MISURA DI COMUNE	2023	Sant'Elia a Pianisi: Contribuenti con reddito complessivo inferiore a 10.000 euro scende da 49,19 a 44,28 nel 2023.	52.564103|52.210884|52.689076|52.11025|51.232394|49.820467|49.190647|44.278169				Record: ultimo valore sotto i valori recenti precedenti.¦Accelerazione: ultimo cambiamento più intenso del precedente.¦Anomalia: livello o variazione insoliti rispetto alla storia recente.¦Unità di misura: %.¦Serie storica ufficiale ISTAT A misura di Comune.¦ANNUAL_PERIODS:2016|2017|2018|2019|2020|2021|2022|2023¦Il periodo della notizia è l'anno statistico reale, non la data di pubblicazione 2026.	ISTAT - A misura di Comune	https://www.istat.it/statistica-sperimentale/aggiornamento-degli-indicatori-del-sistema-informativo-a-misura-di-comune/
6f119941ddb76b2b	024091	Sandrigo		Veneto	Redditi · Contribuenti con reddito complessivo inferiore a 10.000 euro	RECORD_MIN|ACCELERAZIONE|ANOMALIA	TERRITORIALE	99.0	SEGNALE PULSE — A MISURA DI COMUNE	2023	Sandrigo: Contribuenti con reddito complessivo inferiore a 10.000 euro scende da 20,11 a 17,35 nel 2023.	22.738095|22.897275|21.898418|21.857923|21.598668|21.386623|20.106332|17.351097				Record: ultimo valore sotto i valori recenti precedenti.¦Accelerazione: ultimo cambiamento più intenso del precedente.¦Anomalia: livello o variazione insoliti rispetto alla storia recente.¦Unità di misura: %.¦Serie storica ufficiale ISTAT A misura di Comune.¦ANNUAL_PERIODS:2016|2017|2018|2019|2020|2021|2022|2023¦Il periodo della notizia è l'anno statistico reale, non la data di pubblicazione 2026.	ISTAT - A misura di Comune	https://www.istat.it/statistica-sperimentale/aggiornamento-degli-indicatori-del-sistema-informativo-a-misura-di-comune/
0cb4a01d066e6309	026076	San Vendemiano		Veneto	Redditi · Contribuenti con reddito complessivo inferiore a 10.000 euro	RECORD_MIN|ACCELERAZIONE|ANOMALIA	TERRITORIALE	99.0	SEGNALE PULSE — A MISURA DI COMUNE	2023	San Vendemiano: Contribuenti con reddito complessivo inferiore a 10.000 euro scende da 20,79 a 18,45 nel 2023.	22.463565|22.506571|22.142373|21.82189|22.611422|21.314795|20.788387|18.448501				Record: ultimo valore sotto i valori recenti precedenti.¦Accelerazione: ultimo cambiamento più intenso del precedente.¦Anomalia: livello o variazione insoliti rispetto alla storia recente.¦Unità di misura: %.¦Serie storica ufficiale ISTAT A misura di Comune.¦ANNUAL_PERIODS:2016|2017|2018|2019|2020|2021|2022|2023¦Il periodo della notizia è l'anno statistico reale, non la data di pubblicazione 2026.	ISTAT - A misura di Comune	https://www.istat.it/statistica-sperimentale/aggiornamento-degli-indicatori-del-sistema-informativo-a-misura-di-comune/
439cdb307f2f146d	024112	Valdastico		Veneto	Redditi · Contribuenti con reddito complessivo inferiore a 10.000 euro	RECORD_MIN|ACCELERAZIONE|ANOMALIA	TERRITORIALE	99.0	SEGNALE PULSE — A MISURA DI COMUNE	2023	Valdastico: Contribuenti con reddito complessivo inferiore a 10.000 euro scende da 25,61 a 22,15 nel 2023.	28.693994|28.393881|28.119002|28.379674|27.879961|27.246377|25.610948|22.146341				Record: ultimo valore sotto i valori recenti precedenti.¦Accelerazione: ultimo cambiamento più intenso del precedente.¦Anomalia: livello o variazione insoliti rispetto alla storia recente.¦Unità di misura: %.¦Serie storica ufficiale ISTAT A misura di Comune.¦ANNUAL_PERIODS:2016|2017|2018|2019|2020|2021|2022|2023¦Il periodo della notizia è l'anno statistico reale, non la data di pubblicazione 2026.	ISTAT - A misura di Comune	https://www.istat.it/statistica-sperimentale/aggiornamento-degli-indicatori-del-sistema-informativo-a-misura-di-comune/
e9d12d916caa9fb0	023014	Brenzone sul Garda		Veneto	Ambiente · Raccolta differenziata dei rifiuti urbani	RECORD_MAX|INVERSIONE|ANOMALIA	TERRITORIALE	99.0	SEGNALE PULSE — A MISURA DI COMUNE	2024	Brenzone sul Garda: Raccolta differenziata dei rifiuti urbani sale da 64,14 a 71,81 nel 2024.	66.025136|65.392879|66.410827|63.93638|65.892487|64.756085|64.139064|71.81439				Record: ultimo valore sopra i valori recenti precedenti.¦Inversione: l'ultima variazione cambia segno.¦Anomalia: livello o variazione insoliti rispetto alla storia recente.¦Unità di misura: %.¦Serie storica ufficiale ISTAT A misura di Comune.¦ANNUAL_PERIODS:2017|2018|2019|2020|2021|2022|2023|2024¦Il periodo della notizia è l'anno statistico reale, non la data di pubblicazione 2026.	ISTAT - A misura di Comune	https://www.istat.it/statistica-sperimentale/aggiornamento-degli-indicatori-del-sistema-informativo-a-misura-di-comune/
75eef2f9cc722bc2	023017	Caldiero		Veneto	Ambiente · Raccolta differenziata dei rifiuti urbani	RECORD_MAX|INVERSIONE|ANOMALIA	TERRITORIALE	99.0	SEGNALE PULSE — A MISURA DI COMUNE	2024	Caldiero: Raccolta differenziata dei rifiuti urbani sale da 78,71 a 84,02 nel 2024.	79.1028|76.910048|79.644251|79.544676|79.887937|79.901104|78.70849|84.018678				Record: ultimo valore sopra i valori recenti precedenti.¦Inversione: l'ultima variazione cambia segno.¦Anomalia: livello o variazione insoliti rispetto alla storia recente.¦Unità di misura: %.¦Serie storica ufficiale ISTAT A misura di Comune.¦ANNUAL_PERIODS:2017|2018|2019|2020|2021|2022|2023|2024¦Il periodo della notizia è l'anno statistico reale, non la data di pubblicazione 2026.	ISTAT - A misura di Comune	https://www.istat.it/statistica-sperimentale/aggiornamento-degli-indicatori-del-sistema-informativo-a-misura-di-comune/
a04f2a612d29f200	007042	Lillianes		Valle d'Aosta/Vallée d'Aoste	Redditi · Reddito imponibile per contribuente	RECORD_MAX|ACCELERAZIONE|ANOMALIA	TERRITORIALE	99.0	SEGNALE PULSE — A MISURA DI COMUNE	2023	Lillianes: Reddito imponibile per contribuente sale da 19.493 a 21.333 nel 2023.	17368.372|17557.296|17606.942|17966.111|18301.77|18821.975|19492.638|21333.098				Record: ultimo valore sopra i valori recenti precedenti.¦Accelerazione: ultimo cambiamento più intenso del precedente.¦Anomalia: livello o variazione insoliti rispetto alla storia recente.¦Unità di misura: euro.¦Serie storica ufficiale ISTAT A misura di Comune.¦ANNUAL_PERIODS:2016|2017|2018|2019|2020|2021|2022|2023¦Il periodo della notizia è l'anno statistico reale, non la data di pubblicazione 2026.	ISTAT - A misura di Comune	https://www.istat.it/statistica-sperimentale/aggiornamento-degli-indicatori-del-sistema-informativo-a-misura-di-comune/
b7826670a1226da3	023091	Verona		Veneto	Ambiente · Raccolta differenziata dei rifiuti urbani	RECORD_MAX|INVERSIONE|ANOMALIA	TERRITORIALE	99.0	SEGNALE PULSE — A MISURA DI COMUNE	2024	Verona: Raccolta differenziata dei rifiuti urbani sale da 53,45 a 57,4 nel 2024.	52.509576|52.692781|52.930076|54.53191|54.486475|53.676129|53.446528|57.402712				Record: ultimo valore sopra i valori recenti precedenti.¦Inversione: l'ultima variazione cambia segno.¦Anomalia: livello o variazione insoliti rispetto alla storia recente.¦Unità di misura: %.¦Serie storica ufficiale ISTAT A misura di Comune.¦ANNUAL_PERIODS:2017|2018|2019|2020|2021|2022|2023|2024¦Il periodo della notizia è l'anno statistico reale, non la data di pubblicazione 2026.	ISTAT - A misura di Comune	https://www.istat.it/statistica-sperimentale/aggiornamento-degli-indicatori-del-sistema-informativo-a-misura-di-comune/
b6c6a208ff9044aa	024039	Enego		Veneto	Ambiente · Raccolta differenziata dei rifiuti urbani	RECORD_MAX|ACCELERAZIONE|ANOMALIA	TERRITORIALE	99.0	SEGNALE PULSE — A MISURA DI COMUNE	2024	Enego: Raccolta differenziata dei rifiuti urbani sale da 56,22 a 73,82 nel 2024.	46.034772|54.115561|52.381146|49.783452|49.308623|49.086805|56.221716|73.816282				Record: ultimo valore sopra i valori recenti precedenti.¦Accelerazione: ultimo cambiamento più intenso del precedente.¦Anomalia: livello o variazione insoliti rispetto alla storia recente.¦Unità di misura: %.¦Serie storica ufficiale ISTAT A misura di Comune.¦ANNUAL_PERIODS:2017|2018|2019|2020|2021|2022|2023|2024¦Il periodo della notizia è l'anno statistico reale, non la data di pubblicazione 2026.	ISTAT - A misura di Comune	https://www.istat.it/statistica-sperimentale/aggiornamento-degli-indicatori-del-sistema-informativo-a-misura-di-comune/
88376516b57c3df0	066100	Tione degli Abruzzi		Abruzzo	Redditi · Contribuenti con reddito complessivo inferiore a 10.000 euro	RECORD_MIN|ACCELERAZIONE|ANOMALIA	TERRITORIALE	99.0	SEGNALE PULSE — A MISURA DI COMUNE	2023	Tione degli Abruzzi: Contribuenti con reddito complessivo inferiore a 10.000 euro scende da 36,89 a 32,56 nel 2023.	38.589212|40.434783|39.647577|40|39.712919|39.336493|36.893204|32.55814				Record: ultimo valore sotto i valori recenti precedenti.¦Accelerazione: ultimo cambiamento più intenso del precedente.¦Anomalia: livello o variazione insoliti rispetto alla storia recente.¦Unità di misura: %.¦Serie storica ufficiale ISTAT A misura di Comune.¦ANNUAL_PERIODS:2016|2017|2018|2019|2020|2021|2022|2023¦Il periodo della notizia è l'anno statistico reale, non la data di pubblicazione 2026.	ISTAT - A misura di Comune	https://www.istat.it/statistica-sperimentale/aggiornamento-degli-indicatori-del-sistema-informativo-a-misura-di-comune/
bf6cd1e98a342963	024041	Foza		Veneto	Redditi · Contribuenti con reddito complessivo inferiore a 10.000 euro	RECORD_MIN|ACCELERAZIONE|ANOMALIA	TERRITORIALE	99.0	SEGNALE PULSE — A MISURA DI COMUNE	2023	Foza: Contribuenti con reddito complessivo inferiore a 10.000 euro scende da 33,33 a 28,43 nel 2023.	34.854772|33.962264|35.845214|36.016097|35.596708|35.162602|33.333333|28.433269				Record: ultimo valore sotto i valori recenti precedenti.¦Accelerazione: ultimo cambiamento più intenso del precedente.¦Anomalia: livello o variazione insoliti rispetto alla storia recente.¦Unità di misura: %.¦Serie storica ufficiale ISTAT A misura di Comune.¦ANNUAL_PERIODS:2016|2017|2018|2019|2020|2021|2022|2023¦Il periodo della notizia è l'anno statistico reale, non la data di pubblicazione 2026.	ISTAT - A misura di Comune	https://www.istat.it/statistica-sperimentale/aggiornamento-degli-indicatori-del-sistema-informativo-a-misura-di-comune/
e5de56b5ed620915	023011	Bosco Chiesanuova		Veneto	Redditi · Contribuenti con reddito complessivo inferiore a 10.000 euro	RECORD_MIN|ACCELERAZIONE|ANOMALIA	TERRITORIALE	99.0	SEGNALE PULSE — A MISURA DI COMUNE	2023	Bosco Chiesanuova: Contribuenti con reddito complessivo inferiore a 10.000 euro scende da 28,88 a 25,18 nel 2023.	30.131004|30.775285|30.507162|30.011499|30.17341|29.69697|28.875827|25.178317				Record: ultimo valore sotto i valori recenti precedenti.¦Accelerazione: ultimo cambiamento più intenso del precedente.¦Anomalia: livello o variazione insoliti rispetto alla storia recente.¦Unità di misura: %.¦Serie storica ufficiale ISTAT A misura di Comune.¦ANNUAL_PERIODS:2016|2017|2018|2019|2020|2021|2022|2023¦Il periodo della notizia è l'anno statistico reale, non la data di pubblicazione 2026.	ISTAT - A misura di Comune	https://www.istat.it/statistica-sperimentale/aggiornamento-degli-indicatori-del-sistema-informativo-a-misura-di-comune/
4ac260c3ae0c3f48	007006	Avise		Valle d'Aosta/Vallée d'Aoste	Redditi · Reddito imponibile per contribuente	RECORD_MAX|ACCELERAZIONE|ANOMALIA	TERRITORIALE	99.0	SEGNALE PULSE — A MISURA DI COMUNE	2023	Avise: Reddito imponibile per contribuente sale da 19.528 a 21.125 nel 2023.	18309.606|17653.595|18082.287|18214.338|18598.784|18668.332|19527.868|21125.114				Record: ultimo valore sopra i valori recenti precedenti.¦Accelerazione: ultimo cambiamento più intenso del precedente.¦Anomalia: livello o variazione insoliti rispetto alla storia recente.¦Unità di misura: euro.¦Serie storica ufficiale ISTAT A misura di Comune.¦ANNUAL_PERIODS:2016|2017|2018|2019|2020|2021|2022|2023¦Il periodo della notizia è l'anno statistico reale, non la data di pubblicazione 2026.	ISTAT - A misura di Comune	https://www.istat.it/statistica-sperimentale/aggiornamento-degli-indicatori-del-sistema-informativo-a-misura-di-comune/
04ff0519cf4db306	007007	Ayas		Valle d'Aosta/Vallée d'Aoste	Redditi · Reddito imponibile per contribuente	RECORD_MAX|ACCELERAZIONE|ANOMALIA	TERRITORIALE	99.0	SEGNALE PULSE — A MISURA DI COMUNE	2023	Ayas: Reddito imponibile per contribuente sale da 22.546 a 30.422 nel 2023.	19244.843|19117.092|19150.628|18949.501|18661.002|20012.916|22546.46|30421.959				Record: ultimo valore sopra i valori recenti precedenti.¦Accelerazione: ultimo cambiamento più intenso del precedente.¦Anomalia: livello o variazione insoliti rispetto alla storia recente.¦Unità di misura: euro.¦Serie storica ufficiale ISTAT A misura di Comune.¦ANNUAL_PERIODS:2016|2017|2018|2019|2020|2021|2022|2023¦Il periodo della notizia è l'anno statistico reale, non la data di pubblicazione 2026.	ISTAT - A misura di Comune	https://www.istat.it/statistica-sperimentale/aggiornamento-degli-indicatori-del-sistema-informativo-a-misura-di-comune/
ddadc442f05f1f82	066038	Collarmele		Abruzzo	Ambiente · Raccolta differenziata dei rifiuti urbani	RECORD_MIN|ACCELERAZIONE|ANOMALIA	TERRITORIALE	99.0	SEGNALE PULSE — A MISURA DI COMUNE	2024	Collarmele: Raccolta differenziata dei rifiuti urbani scende da 55,97 a 15,08 nel 2024.	62.845438|64.900593|75.539814|74.287764|58.204011|58.056709|55.973617|15.082626				Record: ultimo valore sotto i valori recenti precedenti.¦Accelerazione: ultimo cambiamento più intenso del precedente.¦Anomalia: livello o variazione insoliti rispetto alla storia recente.¦Unità di misura: %.¦Serie storica ufficiale ISTAT A misura di Comune.¦ANNUAL_PERIODS:2017|2018|2019|2020|2021|2022|2023|2024¦Il periodo della notizia è l'anno statistico reale, non la data di pubblicazione 2026.	ISTAT - A misura di Comune	https://www.istat.it/statistica-sperimentale/aggiornamento-degli-indicatori-del-sistema-informativo-a-misura-di-comune/
2587898f2758b27c	067027	Montefino		Abruzzo	Redditi · Reddito imponibile per contribuente	RECORD_MAX|ACCELERAZIONE|ANOMALIA	TERRITORIALE	99.0	SEGNALE PULSE — A MISURA DI COMUNE	2023	Montefino: Reddito imponibile per contribuente sale da 15.954 a 17.718 nel 2023.	13903.511|14015.082|14033.092|14029.46|14093.337|15176.495|15954.488|17717.782				Record: ultimo valore sopra i valori recenti precedenti.¦Accelerazione: ultimo cambiamento più intenso del precedente.¦Anomalia: livello o variazione insoliti rispetto alla storia recente.¦Unità di misura: euro.¦Serie storica ufficiale ISTAT A misura di Comune.¦ANNUAL_PERIODS:2016|2017|2018|2019|2020|2021|2022|2023¦Il periodo della notizia è l'anno statistico reale, non la data di pubblicazione 2026.	ISTAT - A misura di Comune	https://www.istat.it/statistica-sperimentale/aggiornamento-degli-indicatori-del-sistema-informativo-a-misura-di-comune/
0f63c628cb312338	076039	Lagonegro		Basilicata	Redditi · Contribuenti con reddito complessivo inferiore a 10.000 euro	RECORD_MIN|ACCELERAZIONE|ANOMALIA	TERRITORIALE	99.0	SEGNALE PULSE — A MISURA DI COMUNE	2023	Lagonegro: Contribuenti con reddito complessivo inferiore a 10.000 euro scende da 27,21 a 24,16 nel 2023.	30.707395|30.669606|30.168204|30.127337|29.759602|28.563551|27.207506|24.163768				Record: ultimo valore sotto i valori recenti precedenti.¦Accelerazione: ultimo cambiamento più intenso del precedente.¦Anomalia: livello o variazione insoliti rispetto alla storia recente.¦Unità di misura: %.¦Serie storica ufficiale ISTAT A misura di Comune.¦ANNUAL_PERIODS:2016|2017|2018|2019|2020|2021|2022|2023¦Il periodo della notizia è l'anno statistico reale, non la data di pubblicazione 2026.	ISTAT - A misura di Comune	https://www.istat.it/statistica-sperimentale/aggiornamento-degli-indicatori-del-sistema-informativo-a-misura-di-comune/
81acbfbf83a11f26	076070	Rotonda		Basilicata	Redditi · Contribuenti con reddito complessivo inferiore a 10.000 euro	RECORD_MIN|INVERSIONE|ANOMALIA	TERRITORIALE	99.0	SEGNALE PULSE — A MISURA DI COMUNE	2023	Rotonda: Contribuenti con reddito complessivo inferiore a 10.000 euro scende da 37,21 a 31,53 nel 2023.	42.690815|42.123738|41.706995|40.556046|40.361174|37.204109|37.206208|31.532718				Record: ultimo valore sotto i valori recenti precedenti.¦Inversione: l'ultima variazione cambia segno.¦Anomalia: livello o variazione insoliti rispetto alla storia recente.¦Unità di misura: %.¦Serie storica ufficiale ISTAT A misura di Comune.¦ANNUAL_PERIODS:2016|2017|2018|2019|2020|2021|2022|2023¦Il periodo della notizia è l'anno statistico reale, non la data di pubblicazione 2026.	ISTAT - A misura di Comune	https://www.istat.it/statistica-sperimentale/aggiornamento-degli-indicatori-del-sistema-informativo-a-misura-di-comune/
5e2814e2905f7037	076017	Campomaggiore		Basilicata	Ambiente · Raccolta differenziata dei rifiuti urbani	RECORD_MAX|INVERSIONE|ANOMALIA	TERRITORIALE	99.0	SEGNALE PULSE — A MISURA DI COMUNE	2024	Campomaggiore: Raccolta differenziata dei rifiuti urbani sale da 1,64 a 13,63 nel 2024.	3.1614636|4.416046|8.4614202|8.2247745|2.4642065|1.7575684|1.6394919|13.627653				Record: ultimo valore sopra i valori recenti precedenti.¦Inversione: l'ultima variazione cambia segno.¦Anomalia: livello o variazione insoliti rispetto alla storia recente.¦Unità di misura: %.¦Serie storica ufficiale ISTAT A misura di Comune.¦ANNUAL_PERIODS:2017|2018|2019|2020|2021|2022|2023|2024¦Il periodo della notizia è l'anno statistico reale, non la data di pubblicazione 2026.	ISTAT - A misura di Comune	https://www.istat.it/statistica-sperimentale/aggiornamento-degli-indicatori-del-sistema-informativo-a-misura-di-comune/
f52a3dff7d00b9a0	066013	Cagnano Amiterno		Abruzzo	Redditi · Reddito imponibile per contribuente	RECORD_MAX|ACCELERAZIONE|ANOMALIA	TERRITORIALE	99.0	SEGNALE PULSE — A MISURA DI COMUNE	2023	Cagnano Amiterno: Reddito imponibile per contribuente sale da 17.923 a 20.133 nel 2023.	15971.198|16014.38|16042.242|16229.82|16270.523|16821.191|17922.687|20133.456				Record: ultimo valore sopra i valori recenti precedenti.¦Accelerazione: ultimo cambiamento più intenso del precedente.¦Anomalia: livello o variazione insoliti rispetto alla storia recente.¦Unità di misura: euro.¦Serie storica ufficiale ISTAT A misura di Comune.¦ANNUAL_PERIODS:2016|2017|2018|2019|2020|2021|2022|2023¦Il periodo della notizia è l'anno statistico reale, non la data di pubblicazione 2026.	ISTAT - A misura di Comune	https://www.istat.it/statistica-sperimentale/aggiornamento-degli-indicatori-del-sistema-informativo-a-misura-di-comune/
1b387eead0014301	066043	Fontecchio		Abruzzo	Redditi · Reddito imponibile per contribuente	RECORD_MAX|ACCELERAZIONE|ANOMALIA	TERRITORIALE	99.0	SEGNALE PULSE — A MISURA DI COMUNE	2023	Fontecchio: Reddito imponibile per contribuente sale da 15.975 a 18.972 nel 2023.	15253.415|15686.947|16331.835|15747.968|15963.455|15402.848|15975.067|18972.258				Record: ultimo valore sopra i valori recenti precedenti.¦Accelerazione: ultimo cambiamento più intenso del precedente.¦Anomalia: livello o variazione insoliti rispetto alla storia recente.¦Unità di misura: euro.¦Serie storica ufficiale ISTAT A misura di Comune.¦ANNUAL_PERIODS:2016|2017|2018|2019|2020|2021|2022|2023¦Il periodo della notizia è l'anno statistico reale, non la data di pubblicazione 2026.	ISTAT - A misura di Comune	https://www.istat.it/statistica-sperimentale/aggiornamento-degli-indicatori-del-sistema-informativo-a-misura-di-comune/
a1c87f6fc1b02681	066096	Scurcola Marsicana		Abruzzo	Redditi · Reddito imponibile per contribuente	RECORD_MAX|ACCELERAZIONE|ANOMALIA	TERRITORIALE	99.0	SEGNALE PULSE — A MISURA DI COMUNE	2023	Scurcola Marsicana: Reddito imponibile per contribuente sale da 21.729 a 24.533 nel 2023.	18532.248|18700.366|19028.496|19367.651|19322.426|20116.191|21728.65|24532.732				Record: ultimo valore sopra i valori recenti precedenti.¦Accelerazione: ultimo cambiamento più intenso del precedente.¦Anomalia: livello o variazione insoliti rispetto alla storia recente.¦Unità di misura: euro.¦Serie storica ufficiale ISTAT A misura di Comune.¦ANNUAL_PERIODS:2016|2017|2018|2019|2020|2021|2022|2023¦Il periodo della notizia è l'anno statistico reale, non la data di pubblicazione 2026.	ISTAT - A misura di Comune	https://www.istat.it/statistica-sperimentale/aggiornamento-degli-indicatori-del-sistema-informativo-a-misura-di-comune/
47af74043c33fdc0	069052	Monteferrante		Abruzzo	Ambiente · Raccolta differenziata dei rifiuti urbani	RECORD_MAX|INVERSIONE|ANOMALIA	TERRITORIALE	99.0	SEGNALE PULSE — A MISURA DI COMUNE	2024	Monteferrante: Raccolta differenziata dei rifiuti urbani sale da 77,83 a 86,67 nel 2024.	74.3778|75.29742|76.35468|77.242393|78.448153|78.355725|77.834089|86.67484				Record: ultimo valore sopra i valori recenti precedenti.¦Inversione: l'ultima variazione cambia segno.¦Anomalia: livello o variazione insoliti rispetto alla storia recente.¦Unità di misura: %.¦Serie storica ufficiale ISTAT A misura di Comune.¦ANNUAL_PERIODS:2017|2018|2019|2020|2021|2022|2023|2024¦Il periodo della notizia è l'anno statistico reale, non la data di pubblicazione 2026.	ISTAT - A misura di Comune	https://www.istat.it/statistica-sperimentale/aggiornamento-degli-indicatori-del-sistema-informativo-a-misura-di-comune/
682868bad9acf8da	066015	Campo di Giove		Abruzzo	Ambiente · Raccolta differenziata dei rifiuti urbani	RECORD_MAX|INVERSIONE|ANOMALIA	TERRITORIALE	99.0	SEGNALE PULSE — A MISURA DI COMUNE	2024	Campo di Giove: Raccolta differenziata dei rifiuti urbani sale da 67,85 a 73,14 nel 2024.	13.940372|15.182154|12.713745|13.451662|13.184651|68.139402|67.851418|73.140214				Record: ultimo valore sopra i valori recenti precedenti.¦Inversione: l'ultima variazione cambia segno.¦Anomalia: livello o variazione insoliti rispetto alla storia recente.¦Unità di misura: %.¦Serie storica ufficiale ISTAT A misura di Comune.¦ANNUAL_PERIODS:2017|2018|2019|2020|2021|2022|2023|2024¦Il periodo della notizia è l'anno statistico reale, non la data di pubblicazione 2026.	ISTAT - A misura di Comune	https://www.istat.it/statistica-sperimentale/aggiornamento-degli-indicatori-del-sistema-informativo-a-misura-di-comune/
fe4f37a1e74f51c5	076086	Spinoso		Basilicata	Ambiente · Raccolta differenziata dei rifiuti urbani	RECORD_MAX|ACCELERAZIONE|ANOMALIA	TERRITORIALE	99.0	SEGNALE PULSE — A MISURA DI COMUNE	2024	Spinoso: Raccolta differenziata dei rifiuti urbani sale da 33,03 a 75,41 nel 2024.	23.544367|16.06752|20.327985|13.361243|11.395129|9.8922956|33.028825|75.408274				Record: ultimo valore sopra i valori recenti precedenti.¦Accelerazione: ultimo cambiamento più intenso del precedente.¦Anomalia: livello o variazione insoliti rispetto alla storia recente.¦Unità di misura: %.¦Serie storica ufficiale ISTAT A misura di Comune.¦ANNUAL_PERIODS:2017|2018|2019|2020|2021|2022|2023|2024¦Il periodo della notizia è l'anno statistico reale, non la data di pubblicazione 2026.	ISTAT - A misura di Comune	https://www.istat.it/statistica-sperimentale/aggiornamento-degli-indicatori-del-sistema-informativo-a-misura-di-comune/
0fde6ebf034e1670	076006	Atella		Basilicata	Redditi · Reddito imponibile per contribuente	RECORD_MAX|ACCELERAZIONE|ANOMALIA	TERRITORIALE	99.0	SEGNALE PULSE — A MISURA DI COMUNE	2023	Atella: Reddito imponibile per contribuente sale da 16.778 a 18.382 nel 2023.	14940.991|15001.207|15223.727|15163.873|15369.617|16026.956|16778.267|18381.903				Record: ultimo valore sopra i valori recenti precedenti.¦Accelerazione: ultimo cambiamento più intenso del precedente.¦Anomalia: livello o variazione insoliti rispetto alla storia recente.¦Unità di misura: euro.¦Serie storica ufficiale ISTAT A misura di Comune.¦ANNUAL_PERIODS:2016|2017|2018|2019|2020|2021|2022|2023¦Il periodo della notizia è l'anno statistico reale, non la data di pubblicazione 2026.	ISTAT - A misura di Comune	https://www.istat.it/statistica-sperimentale/aggiornamento-degli-indicatori-del-sistema-informativo-a-misura-di-comune/
9eff771836b38939	076017	Campomaggiore		Basilicata	Redditi · Reddito imponibile per contribuente	RECORD_MAX|ACCELERAZIONE|ANOMALIA	TERRITORIALE	99.0	SEGNALE PULSE — A MISURA DI COMUNE	2023	Campomaggiore: Reddito imponibile per contribuente sale da 16.390 a 17.870 nel 2023.	14639.274|14350.307|14678.767|14736.638|15299.555|15841.428|16390.419|17870.174				Record: ultimo valore sopra i valori recenti precedenti.¦Accelerazione: ultimo cambiamento più intenso del precedente.¦Anomalia: livello o variazione insoliti rispetto alla storia recente.¦Unità di misura: euro.¦Serie storica ufficiale ISTAT A misura di Comune.¦ANNUAL_PERIODS:2016|2017|2018|2019|2020|2021|2022|2023¦Il periodo della notizia è l'anno statistico reale, non la data di pubblicazione 2026.	ISTAT - A misura di Comune	https://www.istat.it/statistica-sperimentale/aggiornamento-degli-indicatori-del-sistema-informativo-a-misura-di-comune/
bdce5e071433111a	076016	Calvera		Basilicata	Redditi · Reddito imponibile per contribuente	RECORD_MAX|ACCELERAZIONE|ANOMALIA	TERRITORIALE	99.0	SEGNALE PULSE — A MISURA DI COMUNE	2023	Calvera: Reddito imponibile per contribuente sale da 13.193 a 14.906 nel 2023.	11754.793|11382.204|11473.546|11797.361|12040.463|12884.082|13193.297|14906.403				Record: ultimo valore sopra i valori recenti precedenti.¦Accelerazione: ultimo cambiamento più intenso del precedente.¦Anomalia: livello o variazione insoliti rispetto alla storia recente.¦Unità di misura: euro.¦Serie storica ufficiale ISTAT A misura di Comune.¦ANNUAL_PERIODS:2016|2017|2018|2019|2020|2021|2022|2023¦Il periodo della notizia è l'anno statistico reale, non la data di pubblicazione 2026.	ISTAT - A misura di Comune	https://www.istat.it/statistica-sperimentale/aggiornamento-degli-indicatori-del-sistema-informativo-a-misura-di-comune/
114f76f492f5efa3	076021	Castelgrande		Basilicata	Redditi · Contribuenti con reddito complessivo inferiore a 10.000 euro	RECORD_MIN|ACCELERAZIONE|ANOMALIA	TERRITORIALE	99.0	SEGNALE PULSE — A MISURA DI COMUNE	2023	Castelgrande: Contribuenti con reddito complessivo inferiore a 10.000 euro scende da 49,53 a 43,94 nel 2023.	53.709199|53.240741|53.058104|52.492212|52.564103|51.04|49.534161|43.939394				Record: ultimo valore sotto i valori recenti precedenti.¦Accelerazione: ultimo cambiamento più intenso del precedente.¦Anomalia: livello o variazione insoliti rispetto alla storia recente.¦Unità di misura: %.¦Serie storica ufficiale ISTAT A misura di Comune.¦ANNUAL_PERIODS:2016|2017|2018|2019|2020|2021|2022|2023¦Il periodo della notizia è l'anno statistico reale, non la data di pubblicazione 2026.	ISTAT - A misura di Comune	https://www.istat.it/statistica-sperimentale/aggiornamento-degli-indicatori-del-sistema-informativo-a-misura-di-comune/
8e61d5fd3a9ae148	076024	Castelmezzano		Basilicata	Redditi · Contribuenti con reddito complessivo inferiore a 10.000 euro	RECORD_MIN|ACCELERAZIONE|ANOMALIA	TERRITORIALE	99.0	SEGNALE PULSE — A MISURA DI COMUNE	2023	Castelmezzano: Contribuenti con reddito complessivo inferiore a 10.000 euro scende da 38,02 a 32,1 nel 2023.	41.214058|47.452229|41.894061|40.901503|40.451389|39.690722|38.023451|32.10084				Record: ultimo valore sotto i valori recenti precedenti.¦Accelerazione: ultimo cambiamento più intenso del precedente.¦Anomalia: livello o variazione insoliti rispetto alla storia recente.¦Unità di misura: %.¦Serie storica ufficiale ISTAT A misura di Comune.¦ANNUAL_PERIODS:2016|2017|2018|2019|2020|2021|2022|2023¦Il periodo della notizia è l'anno statistico reale, non la data di pubblicazione 2026.	ISTAT - A misura di Comune	https://www.istat.it/statistica-sperimentale/aggiornamento-degli-indicatori-del-sistema-informativo-a-misura-di-comune/
b2ac4e5afbb6c18b	066103	Villalago		Abruzzo	Redditi · Contribuenti con reddito complessivo inferiore a 10.000 euro	RECORD_MIN|ACCELERAZIONE|ANOMALIA	TERRITORIALE	99.0	SEGNALE PULSE — A MISURA DI COMUNE	2023	Villalago: Contribuenti con reddito complessivo inferiore a 10.000 euro scende da 37,98 a 33,18 nel 2023.	42.694064|42.562929|42.105263|42.316785|41.943128|38.118812|37.980769|33.178654				Record: ultimo valore sotto i valori recenti precedenti.¦Accelerazione: ultimo cambiamento più intenso del precedente.¦Anomalia: livello o variazione insoliti rispetto alla storia recente.¦Unità di misura: %.¦Serie storica ufficiale ISTAT A misura di Comune.¦ANNUAL_PERIODS:2016|2017|2018|2019|2020|2021|2022|2023¦Il periodo della notizia è l'anno statistico reale, non la data di pubblicazione 2026.	ISTAT - A misura di Comune	https://www.istat.it/statistica-sperimentale/aggiornamento-degli-indicatori-del-sistema-informativo-a-misura-di-comune/
7dce41edfe75d3c9	067003	Arsita		Abruzzo	Redditi · Contribuenti con reddito complessivo inferiore a 10.000 euro	RECORD_MIN|ACCELERAZIONE|ANOMALIA	TERRITORIALE	99.0	SEGNALE PULSE — A MISURA DI COMUNE	2023	Arsita: Contribuenti con reddito complessivo inferiore a 10.000 euro scende da 37,19 a 30,97 nel 2023.	45.065789|43.728814|41.891892|43.434343|42.88225|40.812721|37.188612|30.968858				Record: ultimo valore sotto i valori recenti precedenti.¦Accelerazione: ultimo cambiamento più intenso del precedente.¦Anomalia: livello o variazione insoliti rispetto alla storia recente.¦Unità di misura: %.¦Serie storica ufficiale ISTAT A misura di Comune.¦ANNUAL_PERIODS:2016|2017|2018|2019|2020|2021|2022|2023¦Il periodo della notizia è l'anno statistico reale, non la data di pubblicazione 2026.	ISTAT - A misura di Comune	https://www.istat.it/statistica-sperimentale/aggiornamento-degli-indicatori-del-sistema-informativo-a-misura-di-comune/
470b5399b206eb89	022128	Nomi		Trentino-Alto Adige/Südtirol	Ambiente · Raccolta differenziata dei rifiuti urbani	RECORD_MAX|INVERSIONE|ANOMALIA	TERRITORIALE	98.9	SEGNALE PULSE — A MISURA DI COMUNE	2024	Nomi: Raccolta differenziata dei rifiuti urbani sale da 61,92 a 74,48 nel 2024.	67.605472|69.387807|69.677756|64.396985|64.958899|65.927956|61.921811|74.484126				Record: ultimo valore sopra i valori recenti precedenti.¦Inversione: l'ultima variazione cambia segno.¦Anomalia: livello o variazione insoliti rispetto alla storia recente.¦Unità di misura: %.¦Serie storica ufficiale ISTAT A misura di Comune.¦ANNUAL_PERIODS:2017|2018|2019|2020|2021|2022|2023|2024¦Il periodo della notizia è l'anno statistico reale, non la data di pubblicazione 2026.	ISTAT - A misura di Comune	https://www.istat.it/statistica-sperimentale/aggiornamento-degli-indicatori-del-sistema-informativo-a-misura-di-comune/
66d851db88af01ff	033001	Agazzano		Emilia-Romagna	Redditi · Reddito imponibile per contribuente	RECORD_MAX|ACCELERAZIONE|ANOMALIA	TERRITORIALE	98.8	SEGNALE PULSE — A MISURA DI COMUNE	2023	Agazzano: Reddito imponibile per contribuente sale da 23.844 a 28.221 nel 2023.	20670.709|20900.298|21593.586|21783.384|21953.358|23161.786|23844.007|28221.158				Record: ultimo valore sopra i valori recenti precedenti.¦Accelerazione: ultimo cambiamento più intenso del precedente.¦Anomalia: livello o variazione insoliti rispetto alla storia recente.¦Unità di misura: euro.¦Serie storica ufficiale ISTAT A misura di Comune.¦ANNUAL_PERIODS:2016|2017|2018|2019|2020|2021|2022|2023¦Il periodo della notizia è l'anno statistico reale, non la data di pubblicazione 2026.	ISTAT - A misura di Comune	https://www.istat.it/statistica-sperimentale/aggiornamento-degli-indicatori-del-sistema-informativo-a-misura-di-comune/
379cce65803908e9	030059	Moggio Udinese		Friuli-Venezia Giulia	Redditi · Reddito imponibile per contribuente	RECORD_MAX|ACCELERAZIONE|ANOMALIA	TERRITORIALE	98.8	SEGNALE PULSE — A MISURA DI COMUNE	2023	Moggio Udinese: Reddito imponibile per contribuente sale da 20.697 a 22.305 nel 2023.	19064.379|19251.902|19412.204|19919.538|19753.181|20102.834|20697.061|22304.865				Record: ultimo valore sopra i valori recenti precedenti.¦Accelerazione: ultimo cambiamento più intenso del precedente.¦Anomalia: livello o variazione insoliti rispetto alla storia recente.¦Unità di misura: euro.¦Serie storica ufficiale ISTAT A misura di Comune.¦ANNUAL_PERIODS:2016|2017|2018|2019|2020|2021|2022|2023¦Il periodo della notizia è l'anno statistico reale, non la data di pubblicazione 2026.	ISTAT - A misura di Comune	https://www.istat.it/statistica-sperimentale/aggiornamento-degli-indicatori-del-sistema-informativo-a-misura-di-comune/
f14225a5960f9107	093052	Vajont		Friuli-Venezia Giulia	Redditi · Contribuenti con reddito complessivo inferiore a 10.000 euro	RECORD_MIN|INVERSIONE|ANOMALIA	TERRITORIALE	98.7	SEGNALE PULSE — A MISURA DI COMUNE	2023	Vajont: Contribuenti con reddito complessivo inferiore a 10.000 euro scende da 22,53 a 18,78 nel 2023.	21.860465|23.72093|22.410714|22.783688|22.01426|22.454308|22.525597|18.782161				Record: ultimo valore sotto i valori recenti precedenti.¦Inversione: l'ultima variazione cambia segno.¦Anomalia: livello o variazione insoliti rispetto alla storia recente.¦Unità di misura: %.¦Serie storica ufficiale ISTAT A misura di Comune.¦ANNUAL_PERIODS:2016|2017|2018|2019|2020|2021|2022|2023¦Il periodo della notizia è l'anno statistico reale, non la data di pubblicazione 2026.	ISTAT - A misura di Comune	https://www.istat.it/statistica-sperimentale/aggiornamento-degli-indicatori-del-sistema-informativo-a-misura-di-comune/
2a92a2d957172a85	036022	Mirandola		Emilia-Romagna	Redditi · Reddito imponibile per contribuente	RECORD_MAX|ACCELERAZIONE|ANOMALIA	TERRITORIALE	98.7	SEGNALE PULSE — A MISURA DI COMUNE	2023	Mirandola: Reddito imponibile per contribuente sale da 24.768 a 26.277 nel 2023.	21947.201|22307.357|22515.776|22789.925|23185.653|24323.666|24768.209|26276.61				Record: ultimo valore sopra i valori recenti precedenti.¦Accelerazione: ultimo cambiamento più intenso del precedente.¦Anomalia: livello o variazione insoliti rispetto alla storia recente.¦Unità di misura: euro.¦Serie storica ufficiale ISTAT A misura di Comune.¦ANNUAL_PERIODS:2016|2017|2018|2019|2020|2021|2022|2023¦Il periodo della notizia è l'anno statistico reale, non la data di pubblicazione 2026.	ISTAT - A misura di Comune	https://www.istat.it/statistica-sperimentale/aggiornamento-degli-indicatori-del-sistema-informativo-a-misura-di-comune/
49691564fdd85243	022136	Peio		Trentino-Alto Adige/Südtirol	Ambiente · Raccolta differenziata dei rifiuti urbani	RECORD_MAX|INVERSIONE|ANOMALIA	TERRITORIALE	98.6	SEGNALE PULSE — A MISURA DI COMUNE	2024	Peio: Raccolta differenziata dei rifiuti urbani sale da 72,15 a 83,57 nel 2024.	59.043919|60.438783|61.466738|63.220253|77.035564|79.446296|72.15002|83.573923				Record: ultimo valore sopra i valori recenti precedenti.¦Inversione: l'ultima variazione cambia segno.¦Anomalia: livello o variazione insoliti rispetto alla storia recente.¦Unità di misura: %.¦Serie storica ufficiale ISTAT A misura di Comune.¦ANNUAL_PERIODS:2017|2018|2019|2020|2021|2022|2023|2024¦Il periodo della notizia è l'anno statistico reale, non la data di pubblicazione 2026.	ISTAT - A misura di Comune	https://www.istat.it/statistica-sperimentale/aggiornamento-degli-indicatori-del-sistema-informativo-a-misura-di-comune/
f36fbe7f1b77db30	071021	Chieuti		Puglia	Redditi · Reddito imponibile per contribuente	RECORD_MAX|ACCELERAZIONE|ANOMALIA	TERRITORIALE	98.6	SEGNALE PULSE — A MISURA DI COMUNE	2023	Chieuti: Reddito imponibile per contribuente sale da 13.910 a 15.084 nel 2023.	11857.143|12201.102|12387.771|12556.601|12895.368|13288.821|13910.267|15084.292				Record: ultimo valore sopra i valori recenti precedenti.¦Accelerazione: ultimo cambiamento più intenso del precedente.¦Anomalia: livello o variazione insoliti rispetto alla storia recente.¦Unità di misura: euro.¦Serie storica ufficiale ISTAT A misura di Comune.¦ANNUAL_PERIODS:2016|2017|2018|2019|2020|2021|2022|2023¦Il periodo della notizia è l'anno statistico reale, non la data di pubblicazione 2026.	ISTAT - A misura di Comune	https://www.istat.it/statistica-sperimentale/aggiornamento-degli-indicatori-del-sistema-informativo-a-misura-di-comune/
9a3fa5583ec6c5c8	050012	Chianni		Toscana	Redditi · Contribuenti con reddito complessivo inferiore a 10.000 euro	RECORD_MIN|ACCELERAZIONE|ANOMALIA	TERRITORIALE	98.6	SEGNALE PULSE — A MISURA DI COMUNE	2023	Chianni: Contribuenti con reddito complessivo inferiore a 10.000 euro scende da 28,73 a 25,5 nel 2023.	32.361809|31.428571|30.33367|30.6143|30.041152|29.65587|28.728729|25.502008				Record: ultimo valore sotto i valori recenti precedenti.¦Accelerazione: ultimo cambiamento più intenso del precedente.¦Anomalia: livello o variazione insoliti rispetto alla storia recente.¦Unità di misura: %.¦Serie storica ufficiale ISTAT A misura di Comune.¦ANNUAL_PERIODS:2016|2017|2018|2019|2020|2021|2022|2023¦Il periodo della notizia è l'anno statistico reale, non la data di pubblicazione 2026.	ISTAT - A misura di Comune	https://www.istat.it/statistica-sperimentale/aggiornamento-degli-indicatori-del-sistema-informativo-a-misura-di-comune/
12cb36b1e8ca8e6e	054042	Poggiodomo		Umbria	Redditi · Reddito imponibile per contribuente	RECORD_MAX|ACCELERAZIONE|ANOMALIA	TERRITORIALE	98.5	SEGNALE PULSE — A MISURA DI COMUNE	2023	Poggiodomo: Reddito imponibile per contribuente sale da 18.165 a 20.648 nel 2023.	16538.761|17044.621|16552.094|17146.111|17093.407|17598.976|18165.294|20647.68				Record: ultimo valore sopra i valori recenti precedenti.¦Accelerazione: ultimo cambiamento più intenso del precedente.¦Anomalia: livello o variazione insoliti rispetto alla storia recente.¦Unità di misura: euro.¦Serie storica ufficiale ISTAT A misura di Comune.¦ANNUAL_PERIODS:2016|2017|2018|2019|2020|2021|2022|2023¦Il periodo della notizia è l'anno statistico reale, non la data di pubblicazione 2026.	ISTAT - A misura di Comune	https://www.istat.it/statistica-sperimentale/aggiornamento-degli-indicatori-del-sistema-informativo-a-misura-di-comune/
d66868ac51076413	042043	Santa Maria Nuova		Marche	Redditi · Contribuenti con reddito complessivo inferiore a 10.000 euro	RECORD_MIN|ACCELERAZIONE|ANOMALIA	TERRITORIALE	98.5	SEGNALE PULSE — A MISURA DI COMUNE	2023	Santa Maria Nuova: Contribuenti con reddito complessivo inferiore a 10.000 euro scende da 21,79 a 18,96 nel 2023.	25.803144|25.641026|24.320652|24.127414|23.565999|23.391216|21.792261|18.963799				Record: ultimo valore sotto i valori recenti precedenti.¦Accelerazione: ultimo cambiamento più intenso del precedente.¦Anomalia: livello o variazione insoliti rispetto alla storia recente.¦Unità di misura: %.¦Serie storica ufficiale ISTAT A misura di Comune.¦ANNUAL_PERIODS:2016|2017|2018|2019|2020|2021|2022|2023¦Il periodo della notizia è l'anno statistico reale, non la data di pubblicazione 2026.	ISTAT - A misura di Comune	https://www.istat.it/statistica-sperimentale/aggiornamento-degli-indicatori-del-sistema-informativo-a-misura-di-comune/
2cd737132abc8e49	055032	Terni		Umbria	Redditi · Reddito imponibile per contribuente	RECORD_MAX|ACCELERAZIONE|ANOMALIA	TERRITORIALE	98.5	SEGNALE PULSE — A MISURA DI COMUNE	2023	Terni: Reddito imponibile per contribuente sale da 21.603 a 22.563 nel 2023.	20232.915|20230.734|20690.977|20796.349|20884.607|21046.2|21602.55|22562.675				Record: ultimo valore sopra i valori recenti precedenti.¦Accelerazione: ultimo cambiamento più intenso del precedente.¦Anomalia: livello o variazione insoliti rispetto alla storia recente.¦Unità di misura: euro.¦Serie storica ufficiale ISTAT A misura di Comune.¦ANNUAL_PERIODS:2016|2017|2018|2019|2020|2021|2022|2023¦Il periodo della notizia è l'anno statistico reale, non la data di pubblicazione 2026.	ISTAT - A misura di Comune	https://www.istat.it/statistica-sperimentale/aggiornamento-degli-indicatori-del-sistema-informativo-a-misura-di-comune/
418d7e05a9bc5e9b	078136	Saracena		Calabria	Ambiente · Raccolta differenziata dei rifiuti urbani	RECORD_MIN|INVERSIONE|ANOMALIA	TERRITORIALE	98.3	SEGNALE PULSE — A MISURA DI COMUNE	2024	Saracena: Raccolta differenziata dei rifiuti urbani scende da 70,17 a 46,85 nel 2024.	48.436687|62.218548|66.243743|73.483083|74.947552|65.858747|70.16925|46.852151				Record: ultimo valore sotto i valori recenti precedenti.¦Inversione: l'ultima variazione cambia segno.¦Anomalia: livello o variazione insoliti rispetto alla storia recente.¦Unità di misura: %.¦Serie storica ufficiale ISTAT A misura di Comune.¦ANNUAL_PERIODS:2017|2018|2019|2020|2021|2022|2023|2024¦Il periodo della notizia è l'anno statistico reale, non la data di pubblicazione 2026.	ISTAT - A misura di Comune	https://www.istat.it/statistica-sperimentale/aggiornamento-degli-indicatori-del-sistema-informativo-a-misura-di-comune/
1796d3de08c33699	046037	Sillano Giuncugnano		Toscana	Redditi · Reddito imponibile per contribuente	RECORD_MAX|ACCELERAZIONE|ANOMALIA	TERRITORIALE	98.3	SEGNALE PULSE — A MISURA DI COMUNE	2023	Sillano Giuncugnano: Reddito imponibile per contribuente sale da 17.928 a 19.630 nel 2023.	15759.402|15445.624|15932.315|16147.343|16650.977|17161.147|17928.196|19630.413				Record: ultimo valore sopra i valori recenti precedenti.¦Accelerazione: ultimo cambiamento più intenso del precedente.¦Anomalia: livello o variazione insoliti rispetto alla storia recente.¦Unità di misura: euro.¦Serie storica ufficiale ISTAT A misura di Comune.¦ANNUAL_PERIODS:2016|2017|2018|2019|2020|2021|2022|2023¦Il periodo della notizia è l'anno statistico reale, non la data di pubblicazione 2026.	ISTAT - A misura di Comune	https://www.istat.it/statistica-sperimentale/aggiornamento-degli-indicatori-del-sistema-informativo-a-misura-di-comune/
e6da04a0ea055de6	041058	Sant'Ippolito		Marche	Redditi · Reddito imponibile per contribuente	RECORD_MAX|ACCELERAZIONE|ANOMALIA	TERRITORIALE	98.3	SEGNALE PULSE — A MISURA DI COMUNE	2023	Sant'Ippolito: Reddito imponibile per contribuente sale da 18.017 a 20.386 nel 2023.	16000.403|16049.6|16357.555|16601.362|16788.313|17420.411|18017.1|20386.292				Record: ultimo valore sopra i valori recenti precedenti.¦Accelerazione: ultimo cambiamento più intenso del precedente.¦Anomalia: livello o variazione insoliti rispetto alla storia recente.¦Unità di misura: euro.¦Serie storica ufficiale ISTAT A misura di Comune.¦ANNUAL_PERIODS:2016|2017|2018|2019|2020|2021|2022|2023¦Il periodo della notizia è l'anno statistico reale, non la data di pubblicazione 2026.	ISTAT - A misura di Comune	https://www.istat.it/statistica-sperimentale/aggiornamento-degli-indicatori-del-sistema-informativo-a-misura-di-comune/
6ce12056621c7786	046008	Careggine		Toscana	Redditi · Contribuenti con reddito complessivo inferiore a 10.000 euro	RECORD_MIN|ACCELERAZIONE|ANOMALIA	TERRITORIALE	97.7	SEGNALE PULSE — A MISURA DI COMUNE	2023	Careggine: Contribuenti con reddito complessivo inferiore a 10.000 euro scende da 34,38 a 30,67 nel 2023.	37.009804|36.934673|37.623762|37.789203|38.205128|36.061381|34.383202|30.673317				Record: ultimo valore sotto i valori recenti precedenti.¦Accelerazione: ultimo cambiamento più intenso del precedente.¦Anomalia: livello o variazione insoliti rispetto alla storia recente.¦Unità di misura: %.¦Serie storica ufficiale ISTAT A misura di Comune.¦ANNUAL_PERIODS:2016|2017|2018|2019|2020|2021|2022|2023¦Il periodo della notizia è l'anno statistico reale, non la data di pubblicazione 2026.	ISTAT - A misura di Comune	https://www.istat.it/statistica-sperimentale/aggiornamento-degli-indicatori-del-sistema-informativo-a-misura-di-comune/
236299c75ccdf9d9	094034	Pettoranello del Molise		Molise	Ambiente · Raccolta differenziata dei rifiuti urbani	RECORD_MAX|ACCELERAZIONE|ANOMALIA	TERRITORIALE	97.6	SEGNALE PULSE — A MISURA DI COMUNE	2024	Pettoranello del Molise: Raccolta differenziata dei rifiuti urbani sale da 41,47 a 54,9 nel 2024.	47.91484|38.932619|38.431323|38.404855|41.105492|41.154562|41.469431|54.895846				Record: ultimo valore sopra i valori recenti precedenti.¦Accelerazione: ultimo cambiamento più intenso del precedente.¦Anomalia: livello o variazione insoliti rispetto alla storia recente.¦Unità di misura: %.¦Serie storica ufficiale ISTAT A misura di Comune.¦ANNUAL_PERIODS:2017|2018|2019|2020|2021|2022|2023|2024¦Il periodo della notizia è l'anno statistico reale, non la data di pubblicazione 2026.	ISTAT - A misura di Comune	https://www.istat.it/statistica-sperimentale/aggiornamento-degli-indicatori-del-sistema-informativo-a-misura-di-comune/
8ea3028693ee652a	054035	Norcia		Umbria	Redditi · Contribuenti con reddito complessivo inferiore a 10.000 euro	RECORD_MIN|INVERSIONE|ANOMALIA	TERRITORIALE	97.5	SEGNALE PULSE — A MISURA DI COMUNE	2023	Norcia: Contribuenti con reddito complessivo inferiore a 10.000 euro scende da 32,58 a 29,42 nel 2023.	37.606838|36.907083|34.577352|33.608117|33.172768|32.198045|32.584615|29.415274				Record: ultimo valore sotto i valori recenti precedenti.¦Inversione: l'ultima variazione cambia segno.¦Anomalia: livello o variazione insoliti rispetto alla storia recente.¦Unità di misura: %.¦Serie storica ufficiale ISTAT A misura di Comune.¦ANNUAL_PERIODS:2016|2017|2018|2019|2020|2021|2022|2023¦Il periodo della notizia è l'anno statistico reale, non la data di pubblicazione 2026.	ISTAT - A misura di Comune	https://www.istat.it/statistica-sperimentale/aggiornamento-degli-indicatori-del-sistema-informativo-a-misura-di-comune/
abd789dafe4093f7	048031	Palazzuolo sul Senio		Toscana	Redditi · Contribuenti con reddito complessivo inferiore a 10.000 euro	RECORD_MIN|INVERSIONE|ANOMALIA	TERRITORIALE	97.5	SEGNALE PULSE — A MISURA DI COMUNE	2023	Palazzuolo sul Senio: Contribuenti con reddito complessivo inferiore a 10.000 euro scende da 24,49 a 20,85 nel 2023.	27.126437|28.522727|25.917686|25.336323|25|24.263039|24.485126|20.852535				Record: ultimo valore sotto i valori recenti precedenti.¦Inversione: l'ultima variazione cambia segno.¦Anomalia: livello o variazione insoliti rispetto alla storia recente.¦Unità di misura: %.¦Serie storica ufficiale ISTAT A misura di Comune.¦ANNUAL_PERIODS:2016|2017|2018|2019|2020|2021|2022|2023¦Il periodo della notizia è l'anno statistico reale, non la data di pubblicazione 2026.	ISTAT - A misura di Comune	https://www.istat.it/statistica-sperimentale/aggiornamento-degli-indicatori-del-sistema-informativo-a-misura-di-comune/
d4ea8c427056bbb9	067037	Roseto degli Abruzzi		Abruzzo	Ambiente · Raccolta differenziata dei rifiuti urbani	RECORD_MAX|ACCELERAZIONE|ANOMALIA	TERRITORIALE	97.4	SEGNALE PULSE — A MISURA DI COMUNE	2024	Roseto degli Abruzzi: Raccolta differenziata dei rifiuti urbani sale da 70,97 a 73,99 nel 2024.	69.815051|69.750173|70.946935|70.03591|69.800406|69.52456|70.968047|73.987753				Record: ultimo valore sopra i valori recenti precedenti.¦Accelerazione: ultimo cambiamento più intenso del precedente.¦Anomalia: livello o variazione insoliti rispetto alla storia recente.¦Unità di misura: %.¦Serie storica ufficiale ISTAT A misura di Comune.¦ANNUAL_PERIODS:2017|2018|2019|2020|2021|2022|2023|2024¦Il periodo della notizia è l'anno statistico reale, non la data di pubblicazione 2026.	ISTAT - A misura di Comune	https://www.istat.it/statistica-sperimentale/aggiornamento-degli-indicatori-del-sistema-informativo-a-misura-di-comune/
a9c0b9377a4cc7b3	068032	Pietranico		Abruzzo	Ambiente · Raccolta differenziata dei rifiuti urbani	RECORD_MIN|INVERSIONE|ANOMALIA	TERRITORIALE	97.4	SEGNALE PULSE — A MISURA DI COMUNE	2024	Pietranico: Raccolta differenziata dei rifiuti urbani scende da 18,78 a 6,67 nel 2024.	18.947529|18.478944|17.940473|21.64096|21.772735|13.855936|18.784114|6.6736621				Record: ultimo valore sotto i valori recenti precedenti.¦Inversione: l'ultima variazione cambia segno.¦Anomalia: livello o variazione insoliti rispetto alla storia recente.¦Unità di misura: %.¦Serie storica ufficiale ISTAT A misura di Comune.¦ANNUAL_PERIODS:2017|2018|2019|2020|2021|2022|2023|2024¦Il periodo della notizia è l'anno statistico reale, non la data di pubblicazione 2026.	ISTAT - A misura di Comune	https://www.istat.it/statistica-sperimentale/aggiornamento-degli-indicatori-del-sistema-informativo-a-misura-di-comune/
1a6f6937657a998e	080095	Varapodio		Calabria	Ambiente · Raccolta differenziata dei rifiuti urbani	RECORD_MAX|ACCELERAZIONE|ANOMALIA	TERRITORIALE	97.4	SEGNALE PULSE — A MISURA DI COMUNE	2024	Varapodio: Raccolta differenziata dei rifiuti urbani sale da 13,86 a 51,31 nel 2024.	26.262626|22.056259|26.738439|22.800676|17.17434|12.773885|13.862356|51.305117				Record: ultimo valore sopra i valori recenti precedenti.¦Accelerazione: ultimo cambiamento più intenso del precedente.¦Anomalia: livello o variazione insoliti rispetto alla storia recente.¦Unità di misura: %.¦Serie storica ufficiale ISTAT A misura di Comune.¦ANNUAL_PERIODS:2017|2018|2019|2020|2021|2022|2023|2024¦Il periodo della notizia è l'anno statistico reale, non la data di pubblicazione 2026.	ISTAT - A misura di Comune	https://www.istat.it/statistica-sperimentale/aggiornamento-degli-indicatori-del-sistema-informativo-a-misura-di-comune/
52ceed67d4189055	051014	Chitignano		Toscana	Redditi · Reddito imponibile per contribuente	RECORD_MAX|ACCELERAZIONE|ANOMALIA	TERRITORIALE	97.0	SEGNALE PULSE — A MISURA DI COMUNE	2023	Chitignano: Reddito imponibile per contribuente sale da 19.969 a 21.293 nel 2023.	16708.313|17170.995|17317.519|17626.558|18248.086|19630.964|19968.656|21293.485				Record: ultimo valore sopra i valori recenti precedenti.¦Accelerazione: ultimo cambiamento più intenso del precedente.¦Anomalia: livello o variazione insoliti rispetto alla storia recente.¦Unità di misura: euro.¦Serie storica ufficiale ISTAT A misura di Comune.¦ANNUAL_PERIODS:2016|2017|2018|2019|2020|2021|2022|2023¦Il periodo della notizia è l'anno statistico reale, non la data di pubblicazione 2026.	ISTAT - A misura di Comune	https://www.istat.it/statistica-sperimentale/aggiornamento-degli-indicatori-del-sistema-informativo-a-misura-di-comune/
4d642c4a4c037bb3	008016	Ceriana		Liguria	Ambiente · Raccolta differenziata dei rifiuti urbani	RECORD_MAX|ANOMALIA	TERRITORIALE	97.0	SEGNALE PULSE — A MISURA DI COMUNE	2024	Ceriana: Raccolta differenziata dei rifiuti urbani sale da 43,29 a 52,53 nel 2024.	34.1475|34.065979|33.259397|31.035891|35.197747|34.433815|43.292822|52.525429				Record: ultimo valore sopra i valori recenti precedenti.¦Anomalia: livello o variazione insoliti rispetto alla storia recente.¦Unità di misura: %.¦Serie storica ufficiale ISTAT A misura di Comune.¦ANNUAL_PERIODS:2017|2018|2019|2020|2021|2022|2023|2024¦Il periodo della notizia è l'anno statistico reale, non la data di pubblicazione 2026.	ISTAT - A misura di Comune	https://www.istat.it/statistica-sperimentale/aggiornamento-degli-indicatori-del-sistema-informativo-a-misura-di-comune/
5fe145f7affbe4c8	069089	Taranta Peligna		Abruzzo	Mobilità sostenibile · Autovetture con standard di emissioni inferiore a Euro 4	RECORD_MIN|INVERSIONE|ANOMALIA	TERRITORIALE	97.0	SEGNALE PULSE — A MISURA DI COMUNE	2023	Taranta Peligna: Autovetture con standard di emissioni inferiore a Euro 4 scende da 41,51 a 37,5 nel 2023.	48.87218|47.148289|46.641791|45.090909|43.3213|41.481481|41.509434|37.5				Record: ultimo valore sotto i valori recenti precedenti.¦Inversione: l'ultima variazione cambia segno.¦Anomalia: livello o variazione insoliti rispetto alla storia recente.¦Unità di misura: %.¦Serie storica ufficiale ISTAT A misura di Comune.¦ANNUAL_PERIODS:2016|2017|2018|2019|2020|2021|2022|2023¦Il periodo della notizia è l'anno statistico reale, non la data di pubblicazione 2026.	ISTAT - A misura di Comune	https://www.istat.it/statistica-sperimentale/aggiornamento-degli-indicatori-del-sistema-informativo-a-misura-di-comune/
d14c2db743c8c914	007012	Brusson		Valle d'Aosta/Vallée d'Aoste	Redditi · Contribuenti con reddito complessivo inferiore a 10.000 euro	RECORD_MIN|ANOMALIA	TERRITORIALE	97.0	SEGNALE PULSE — A MISURA DI COMUNE	2023	Brusson: Contribuenti con reddito complessivo inferiore a 10.000 euro scende da 26,84 a 23,22 nel 2023.	31.395349|31.049563|30.678466|30.276565|30.149254|31.532847|26.836582|23.222061				Record: ultimo valore sotto i valori recenti precedenti.¦Anomalia: livello o variazione insoliti rispetto alla storia recente.¦Unità di misura: %.¦Serie storica ufficiale ISTAT A misura di Comune.¦ANNUAL_PERIODS:2016|2017|2018|2019|2020|2021|2022|2023¦Il periodo della notizia è l'anno statistico reale, non la data di pubblicazione 2026.	ISTAT - A misura di Comune	https://www.istat.it/statistica-sperimentale/aggiornamento-degli-indicatori-del-sistema-informativo-a-misura-di-comune/
3fb0b03e2de78b02	078080	Mongrassano		Calabria	Ambiente · Raccolta differenziata dei rifiuti urbani	RECORD_MAX|ANOMALIA	TERRITORIALE	97.0	SEGNALE PULSE — A MISURA DI COMUNE	2024	Mongrassano: Raccolta differenziata dei rifiuti urbani sale da 71,24 a 80,86 nel 2024.	68.425977|67.907511|67.56415|68.154954|66.74221|65.286136|71.236592|80.856876				Record: ultimo valore sopra i valori recenti precedenti.¦Anomalia: livello o variazione insoliti rispetto alla storia recente.¦Unità di misura: %.¦Serie storica ufficiale ISTAT A misura di Comune.¦ANNUAL_PERIODS:2017|2018|2019|2020|2021|2022|2023|2024¦Il periodo della notizia è l'anno statistico reale, non la data di pubblicazione 2026.	ISTAT - A misura di Comune	https://www.istat.it/statistica-sperimentale/aggiornamento-degli-indicatori-del-sistema-informativo-a-misura-di-comune/
a38b6e32573e25e0	049006	Castagneto Carducci		Toscana	Redditi · Reddito imponibile per contribuente	RECORD_MAX|ANOMALIA	TERRITORIALE	97.0	SEGNALE PULSE — A MISURA DI COMUNE	2023	Castagneto Carducci: Reddito imponibile per contribuente sale da 19.769 a 20.930 nel 2023.	17531.239|17671.778|17819.717|17895.935|17829.239|19004.224|19769.341|20930.468				Record: ultimo valore sopra i valori recenti precedenti.¦Anomalia: livello o variazione insoliti rispetto alla storia recente.¦Unità di misura: euro.¦Serie storica ufficiale ISTAT A misura di Comune.¦ANNUAL_PERIODS:2016|2017|2018|2019|2020|2021|2022|2023¦Il periodo della notizia è l'anno statistico reale, non la data di pubblicazione 2026.	ISTAT - A misura di Comune	https://www.istat.it/statistica-sperimentale/aggiornamento-degli-indicatori-del-sistema-informativo-a-misura-di-comune/
12e03e8c6ba59e58	045009	Licciana Nardi		Toscana	Redditi · Reddito imponibile per contribuente	RECORD_MAX|ACCELERAZIONE|ANOMALIA	TERRITORIALE	97.0	SEGNALE PULSE — A MISURA DI COMUNE	2023	Licciana Nardi: Reddito imponibile per contribuente sale da 20.557 a 21.931 nel 2023.	17825.444|18024.646|18413.474|18282.942|18480.582|19946.917|20556.974|21931.089				Record: ultimo valore sopra i valori recenti precedenti.¦Accelerazione: ultimo cambiamento più intenso del precedente.¦Anomalia: livello o variazione insoliti rispetto alla storia recente.¦Unità di misura: euro.¦Serie storica ufficiale ISTAT A misura di Comune.¦ANNUAL_PERIODS:2016|2017|2018|2019|2020|2021|2022|2023¦Il periodo della notizia è l'anno statistico reale, non la data di pubblicazione 2026.	ISTAT - A misura di Comune	https://www.istat.it/statistica-sperimentale/aggiornamento-degli-indicatori-del-sistema-informativo-a-misura-di-comune/
4a62f504d222ba5d	010004	Bogliasco		Liguria	Ambiente · Raccolta differenziata dei rifiuti urbani	RECORD_MIN|INVERSIONE|ANOMALIA	TERRITORIALE	96.8	SEGNALE PULSE — A MISURA DI COMUNE	2024	Bogliasco: Raccolta differenziata dei rifiuti urbani scende da 71,97 a 66,23 nel 2024.	70.01979|71.371196|69.488926|71.515672|71.441165|70.747033|71.969121|66.225135				Record: ultimo valore sotto i valori recenti precedenti.¦Inversione: l'ultima variazione cambia segno.¦Anomalia: livello o variazione insoliti rispetto alla storia recente.¦Unità di misura: %.¦Serie storica ufficiale ISTAT A misura di Comune.¦ANNUAL_PERIODS:2017|2018|2019|2020|2021|2022|2023|2024¦Il periodo della notizia è l'anno statistico reale, non la data di pubblicazione 2026.	ISTAT - A misura di Comune	https://www.istat.it/statistica-sperimentale/aggiornamento-degli-indicatori-del-sistema-informativo-a-misura-di-comune/
47365b24b5ff3c68	084028	Porto Empedocle		Sicilia	Ambiente · Raccolta differenziata dei rifiuti urbani	RECORD_MAX|INVERSIONE|ANOMALIA	TERRITORIALE	96.8	SEGNALE PULSE — A MISURA DI COMUNE	2024	Porto Empedocle: Raccolta differenziata dei rifiuti urbani sale da 42,68 a 61,25 nel 2024.	38.391457|39.093488|39.749449|44.874903|43.528953|47.676689|42.683616|61.254102				Record: ultimo valore sopra i valori recenti precedenti.¦Inversione: l'ultima variazione cambia segno.¦Anomalia: livello o variazione insoliti rispetto alla storia recente.¦Unità di misura: %.¦Serie storica ufficiale ISTAT A misura di Comune.¦ANNUAL_PERIODS:2017|2018|2019|2020|2021|2022|2023|2024¦Il periodo della notizia è l'anno statistico reale, non la data di pubblicazione 2026.	ISTAT - A misura di Comune	https://www.istat.it/statistica-sperimentale/aggiornamento-degli-indicatori-del-sistema-informativo-a-misura-di-comune/
2c3057678bb45488	055033	Avigliano Umbro		Umbria	Ambiente · Raccolta differenziata dei rifiuti urbani	RECORD_MAX|ACCELERAZIONE|ANOMALIA	TERRITORIALE	96.2	SEGNALE PULSE — A MISURA DI COMUNE	2024	Avigliano Umbro: Raccolta differenziata dei rifiuti urbani sale da 75,36 a 79,73 nel 2024.	69.210205|68.491958|69.145512|68.179406|68.168658|75.072385|75.357697|79.729639				Record: ultimo valore sopra i valori recenti precedenti.¦Accelerazione: ultimo cambiamento più intenso del precedente.¦Anomalia: livello o variazione insoliti rispetto alla storia recente.¦Unità di misura: %.¦Serie storica ufficiale ISTAT A misura di Comune.¦ANNUAL_PERIODS:2017|2018|2019|2020|2021|2022|2023|2024¦Il periodo della notizia è l'anno statistico reale, non la data di pubblicazione 2026.	ISTAT - A misura di Comune	https://www.istat.it/statistica-sperimentale/aggiornamento-degli-indicatori-del-sistema-informativo-a-misura-di-comune/
675944358d4c7f6d	004031	Briga Alta		Piemonte	Mobilità sostenibile · Autovetture con standard di emissioni inferiore a Euro 4	RECORD_MIN|ACCELERAZIONE|ANOMALIA	TERRITORIALE	96.2	SEGNALE PULSE — A MISURA DI COMUNE	2023	Briga Alta: Autovetture con standard di emissioni inferiore a Euro 4 scende da 37,5 a 30,3 nel 2023.	41.176471|41.176471|40.540541|38.235294|37.142857|38.709677|37.5|30.30303				Record: ultimo valore sotto i valori recenti precedenti.¦Accelerazione: ultimo cambiamento più intenso del precedente.¦Anomalia: livello o variazione insoliti rispetto alla storia recente.¦Unità di misura: %.¦Serie storica ufficiale ISTAT A misura di Comune.¦ANNUAL_PERIODS:2016|2017|2018|2019|2020|2021|2022|2023¦Il periodo della notizia è l'anno statistico reale, non la data di pubblicazione 2026.	ISTAT - A misura di Comune	https://www.istat.it/statistica-sperimentale/aggiornamento-degli-indicatori-del-sistema-informativo-a-misura-di-comune/
c07212c17c43f3f7	069009	Montebello sul Sangro		Abruzzo	Mobilità sostenibile · Autovetture con standard di emissioni inferiore a Euro 4	RECORD_MIN|ACCELERAZIONE|ANOMALIA	TERRITORIALE	96.1	SEGNALE PULSE — A MISURA DI COMUNE	2023	Montebello sul Sangro: Autovetture con standard di emissioni inferiore a Euro 4 scende da 50 a 43,4 nel 2023.	52.173913|51.06383|52|54.166667|51.020408|51.111111|50|43.396226				Record: ultimo valore sotto i valori recenti precedenti.¦Accelerazione: ultimo cambiamento più intenso del precedente.¦Anomalia: livello o variazione insoliti rispetto alla storia recente.¦Unità di misura: %.¦Serie storica ufficiale ISTAT A misura di Comune.¦ANNUAL_PERIODS:2016|2017|2018|2019|2020|2021|2022|2023¦Il periodo della notizia è l'anno statistico reale, non la data di pubblicazione 2026.	ISTAT - A misura di Comune	https://www.istat.it/statistica-sperimentale/aggiornamento-degli-indicatori-del-sistema-informativo-a-misura-di-comune/
39a262d6e387bde7	054059	Valtopina		Umbria	Ambiente · Raccolta differenziata dei rifiuti urbani	RECORD_MAX|INVERSIONE|ANOMALIA	TERRITORIALE	96.1	SEGNALE PULSE — A MISURA DI COMUNE	2024	Valtopina: Raccolta differenziata dei rifiuti urbani sale da 32,97 a 37,86 nel 2024.	36.166153|35.067243|34.089979|31.038718|30.078812|33.684626|32.967841|37.86242				Record: ultimo valore sopra i valori recenti precedenti.¦Inversione: l'ultima variazione cambia segno.¦Anomalia: livello o variazione insoliti rispetto alla storia recente.¦Unità di misura: %.¦Serie storica ufficiale ISTAT A misura di Comune.¦ANNUAL_PERIODS:2017|2018|2019|2020|2021|2022|2023|2024¦Il periodo della notizia è l'anno statistico reale, non la data di pubblicazione 2026.	ISTAT - A misura di Comune	https://www.istat.it/statistica-sperimentale/aggiornamento-degli-indicatori-del-sistema-informativo-a-misura-di-comune/
97abbcb993c0a5d9	054019	Fossato di Vico		Umbria	Ambiente · Raccolta differenziata dei rifiuti urbani	RECORD_MIN|ACCELERAZIONE|ANOMALIA	TERRITORIALE	96.1	SEGNALE PULSE — A MISURA DI COMUNE	2024	Fossato di Vico: Raccolta differenziata dei rifiuti urbani scende da 56,74 a 50,6 nel 2024.	62.612734|64.926131|63.76563|63.027519|62.277189|59.607851|56.741274|50.604233				Record: ultimo valore sotto i valori recenti precedenti.¦Accelerazione: ultimo cambiamento più intenso del precedente.¦Anomalia: livello o variazione insoliti rispetto alla storia recente.¦Unità di misura: %.¦Serie storica ufficiale ISTAT A misura di Comune.¦ANNUAL_PERIODS:2017|2018|2019|2020|2021|2022|2023|2024¦Il periodo della notizia è l'anno statistico reale, non la data di pubblicazione 2026.	ISTAT - A misura di Comune	https://www.istat.it/statistica-sperimentale/aggiornamento-degli-indicatori-del-sistema-informativo-a-misura-di-comune/
670446740d204f04	022081	Fai della Paganella		Trentino-Alto Adige/Südtirol	Ambiente · Raccolta differenziata dei rifiuti urbani	INVERSIONE|ANOMALIA	TERRITORIALE	96.0	SEGNALE PULSE — A MISURA DI COMUNE	2024	Fai della Paganella: Raccolta differenziata dei rifiuti urbani scende da 94,43 a 87,74 nel 2024.	83.748019|83.142098|83.920905|83.880678|84.082325|92.039246|94.426674|87.739079				Inversione: l'ultima variazione cambia segno.¦Anomalia: livello o variazione insoliti rispetto alla storia recente.¦Unità di misura: %.¦Serie storica ufficiale ISTAT A misura di Comune.¦ANNUAL_PERIODS:2017|2018|2019|2020|2021|2022|2023|2024¦Il periodo della notizia è l'anno statistico reale, non la data di pubblicazione 2026.	ISTAT - A misura di Comune	https://www.istat.it/statistica-sperimentale/aggiornamento-degli-indicatori-del-sistema-informativo-a-misura-di-comune/
5e9e771aaeff2101	007014	Challand-Saint-Victor		Valle d'Aosta/Vallée d'Aoste	Mobilità sostenibile · Autovetture con standard di emissioni inferiore a Euro 4	RECORD_MIN|ANOMALIA	TERRITORIALE	96.0	SEGNALE PULSE — A MISURA DI COMUNE	2023	Challand-Saint-Victor: Autovetture con standard di emissioni inferiore a Euro 4 scende da 28,75 a 24,64 nel 2023.	39.302326|38.004751|36.144578|35.731415|35.180723|34.466019|28.747433|24.635036				Record: ultimo valore sotto i valori recenti precedenti.¦Anomalia: livello o variazione insoliti rispetto alla storia recente.¦Unità di misura: %.¦Serie storica ufficiale ISTAT A misura di Comune.¦ANNUAL_PERIODS:2016|2017|2018|2019|2020|2021|2022|2023¦Il periodo della notizia è l'anno statistico reale, non la data di pubblicazione 2026.	ISTAT - A misura di Comune	https://www.istat.it/statistica-sperimentale/aggiornamento-degli-indicatori-del-sistema-informativo-a-misura-di-comune/
430d013418194e4d	076074	San Chirico Raparo		Basilicata	Mobilità sostenibile · Autovetture con standard di emissioni inferiore a Euro 4	RECORD_MIN|INVERSIONE|ANOMALIA	TERRITORIALE	95.7	SEGNALE PULSE — A MISURA DI COMUNE	2023	San Chirico Raparo: Autovetture con standard di emissioni inferiore a Euro 4 scende da 50,24 a 47,22 nel 2023.	61.295419|58.505564|55.942948|55.464927|52.66559|50|50.237718|47.217806				Record: ultimo valore sotto i valori recenti precedenti.¦Inversione: l'ultima variazione cambia segno.¦Anomalia: livello o variazione insoliti rispetto alla storia recente.¦Unità di misura: %.¦Serie storica ufficiale ISTAT A misura di Comune.¦ANNUAL_PERIODS:2016|2017|2018|2019|2020|2021|2022|2023¦Il periodo della notizia è l'anno statistico reale, non la data di pubblicazione 2026.	ISTAT - A misura di Comune	https://www.istat.it/statistica-sperimentale/aggiornamento-degli-indicatori-del-sistema-informativo-a-misura-di-comune/
81c51de95d541131	055032	Terni		Umbria	Redditi · Contribuenti con reddito complessivo inferiore a 10.000 euro	RECORD_MIN|ACCELERAZIONE|ANOMALIA	TERRITORIALE	95.6	SEGNALE PULSE — A MISURA DI COMUNE	2023	Terni: Contribuenti con reddito complessivo inferiore a 10.000 euro scende da 27,32 a 25,78 nel 2023.	26.988114|27.506535|26.85069|27.050951|27.308199|27.652388|27.3197|25.776622				Record: ultimo valore sotto i valori recenti precedenti.¦Accelerazione: ultimo cambiamento più intenso del precedente.¦Anomalia: livello o variazione insoliti rispetto alla storia recente.¦Unità di misura: %.¦Serie storica ufficiale ISTAT A misura di Comune.¦ANNUAL_PERIODS:2016|2017|2018|2019|2020|2021|2022|2023¦Il periodo della notizia è l'anno statistico reale, non la data di pubblicazione 2026.	ISTAT - A misura di Comune	https://www.istat.it/statistica-sperimentale/aggiornamento-degli-indicatori-del-sistema-informativo-a-misura-di-comune/
77c8c0a7f3871a91	007063	Saint-Pierre		Valle d'Aosta/Vallée d'Aoste	Redditi · Contribuenti con reddito complessivo inferiore a 10.000 euro	RECORD_MIN|ACCELERAZIONE|ANOMALIA	TERRITORIALE	95.5	SEGNALE PULSE — A MISURA DI COMUNE	2023	Saint-Pierre: Contribuenti con reddito complessivo inferiore a 10.000 euro scende da 20,95 a 18,12 nel 2023.	23.189027|22.316145|22.715947|21.233444|23.436197|22.235923|20.953934|18.120539				Record: ultimo valore sotto i valori recenti precedenti.¦Accelerazione: ultimo cambiamento più intenso del precedente.¦Anomalia: livello o variazione insoliti rispetto alla storia recente.¦Unità di misura: %.¦Serie storica ufficiale ISTAT A misura di Comune.¦ANNUAL_PERIODS:2016|2017|2018|2019|2020|2021|2022|2023¦Il periodo della notizia è l'anno statistico reale, non la data di pubblicazione 2026.	ISTAT - A misura di Comune	https://www.istat.it/statistica-sperimentale/aggiornamento-degli-indicatori-del-sistema-informativo-a-misura-di-comune/
ae07fd9647ffee35	001272	Torino		Piemonte	Mobilità sostenibile · Autovetture con standard di emissioni inferiore a Euro 4	RECORD_MIN|ACCELERAZIONE|ANOMALIA	TERRITORIALE	95.5	SEGNALE PULSE — A MISURA DI COMUNE	2023	Torino: Autovetture con standard di emissioni inferiore a Euro 4 scende da 23,62 a 19,88 nel 2023.	33.189257|28.954516|27.755818|26.814953|26.116252|25.669241|23.620845|19.875939				Record: ultimo valore sotto i valori recenti precedenti.¦Accelerazione: ultimo cambiamento più intenso del precedente.¦Anomalia: livello o variazione insoliti rispetto alla storia recente.¦Unità di misura: %.¦Serie storica ufficiale ISTAT A misura di Comune.¦ANNUAL_PERIODS:2016|2017|2018|2019|2020|2021|2022|2023¦Il periodo della notizia è l'anno statistico reale, non la data di pubblicazione 2026.	ISTAT - A misura di Comune	https://www.istat.it/statistica-sperimentale/aggiornamento-degli-indicatori-del-sistema-informativo-a-misura-di-comune/
8f004dd6b05c4b97	094025	Macchia d'Isernia		Molise	Mobilità sostenibile · Autovetture con standard di emissioni inferiore a Euro 4	RECORD_MIN|ACCELERAZIONE|ANOMALIA	TERRITORIALE	95.5	SEGNALE PULSE — A MISURA DI COMUNE	2023	Macchia d'Isernia: Autovetture con standard di emissioni inferiore a Euro 4 scende da 40,61 a 21,53 nel 2023.	57.978723|55.172414|51.287129|45.036101|46.190935|42.965779|40.607211|21.531576				Record: ultimo valore sotto i valori recenti precedenti.¦Accelerazione: ultimo cambiamento più intenso del precedente.¦Anomalia: livello o variazione insoliti rispetto alla storia recente.¦Unità di misura: %.¦Serie storica ufficiale ISTAT A misura di Comune.¦ANNUAL_PERIODS:2016|2017|2018|2019|2020|2021|2022|2023¦Il periodo della notizia è l'anno statistico reale, non la data di pubblicazione 2026.	ISTAT - A misura di Comune	https://www.istat.it/statistica-sperimentale/aggiornamento-degli-indicatori-del-sistema-informativo-a-misura-di-comune/
c49eb4dfd2307128	082039	Giuliana		Sicilia	Ambiente · Raccolta differenziata dei rifiuti urbani	INVERSIONE|ANOMALIA	TERRITORIALE	95.4	SEGNALE PULSE — A MISURA DI COMUNE	2024	Giuliana: Raccolta differenziata dei rifiuti urbani scende da 87,75 a 83,01 nel 2024.	70.984774|67.443927|68.451878|69.23105|69.994741|71.688643|87.745291|83.012481				Inversione: l'ultima variazione cambia segno.¦Anomalia: livello o variazione insoliti rispetto alla storia recente.¦Unità di misura: %.¦Serie storica ufficiale ISTAT A misura di Comune.¦ANNUAL_PERIODS:2017|2018|2019|2020|2021|2022|2023|2024¦Il periodo della notizia è l'anno statistico reale, non la data di pubblicazione 2026.	ISTAT - A misura di Comune	https://www.istat.it/statistica-sperimentale/aggiornamento-degli-indicatori-del-sistema-informativo-a-misura-di-comune/
78d24efe8fd4ea1e	111031	Gonnosfanadiga		Sardegna	Ambiente · Raccolta differenziata dei rifiuti urbani	RECORD_MAX|INVERSIONE|ANOMALIA	TERRITORIALE	95.4	SEGNALE PULSE — A MISURA DI COMUNE	2024	Gonnosfanadiga: Raccolta differenziata dei rifiuti urbani sale da 74,27 a 78,49 nel 2024.	75.382802|77.436581|77.456638|77.533769|76.901276|76.230978|74.274256|78.489857				Record: ultimo valore sopra i valori recenti precedenti.¦Inversione: l'ultima variazione cambia segno.¦Anomalia: livello o variazione insoliti rispetto alla storia recente.¦Unità di misura: %.¦Serie storica ufficiale ISTAT A misura di Comune.¦ANNUAL_PERIODS:2017|2018|2019|2020|2021|2022|2023|2024¦Il periodo della notizia è l'anno statistico reale, non la data di pubblicazione 2026.	ISTAT - A misura di Comune	https://www.istat.it/statistica-sperimentale/aggiornamento-degli-indicatori-del-sistema-informativo-a-misura-di-comune/
ac7c3a43388b8f30	054049	Sigillo		Umbria	Redditi · Contribuenti con reddito complessivo inferiore a 10.000 euro	RECORD_MIN|ACCELERAZIONE|ANOMALIA	TERRITORIALE	95.1	SEGNALE PULSE — A MISURA DI COMUNE	2023	Sigillo: Contribuenti con reddito complessivo inferiore a 10.000 euro scende da 27,95 a 24,85 nel 2023.	30.243613|30.268657|29.228049|29.428736|28.723404|28.265896|27.947846|24.847814				Record: ultimo valore sotto i valori recenti precedenti.¦Accelerazione: ultimo cambiamento più intenso del precedente.¦Anomalia: livello o variazione insoliti rispetto alla storia recente.¦Unità di misura: %.¦Serie storica ufficiale ISTAT A misura di Comune.¦ANNUAL_PERIODS:2016|2017|2018|2019|2020|2021|2022|2023¦Il periodo della notizia è l'anno statistico reale, non la data di pubblicazione 2026.	ISTAT - A misura di Comune	https://www.istat.it/statistica-sperimentale/aggiornamento-degli-indicatori-del-sistema-informativo-a-misura-di-comune/
65c2b04bc340a01f	054044	San Giustino		Umbria	Redditi · Contribuenti con reddito complessivo inferiore a 10.000 euro	RECORD_MIN|ACCELERAZIONE|ANOMALIA	TERRITORIALE	94.8	SEGNALE PULSE — A MISURA DI COMUNE	2023	San Giustino: Contribuenti con reddito complessivo inferiore a 10.000 euro scende da 21,32 a 19,55 nel 2023.	23.40603|23.013601|22.34957|22.168015|22.388596|22.329085|21.321596|19.546112				Record: ultimo valore sotto i valori recenti precedenti.¦Accelerazione: ultimo cambiamento più intenso del precedente.¦Anomalia: livello o variazione insoliti rispetto alla storia recente.¦Unità di misura: %.¦Serie storica ufficiale ISTAT A misura di Comune.¦ANNUAL_PERIODS:2016|2017|2018|2019|2020|2021|2022|2023¦Il periodo della notizia è l'anno statistico reale, non la data di pubblicazione 2026.	ISTAT - A misura di Comune	https://www.istat.it/statistica-sperimentale/aggiornamento-degli-indicatori-del-sistema-informativo-a-misura-di-comune/
2a20d0ee1881c90e	008018	Cesio		Liguria	Mobilità sostenibile · Autovetture con standard di emissioni inferiore a Euro 4	RECORD_MIN|INVERSIONE|ANOMALIA	TERRITORIALE	94.7	SEGNALE PULSE — A MISURA DI COMUNE	2023	Cesio: Autovetture con standard di emissioni inferiore a Euro 4 scende da 40,41 a 36,5 nel 2023.	53.888889|50.802139|47.457627|44.262295|40.804598|39.893617|40.414508|36.5				Record: ultimo valore sotto i valori recenti precedenti.¦Inversione: l'ultima variazione cambia segno.¦Anomalia: livello o variazione insoliti rispetto alla storia recente.¦Unità di misura: %.¦Serie storica ufficiale ISTAT A misura di Comune.¦ANNUAL_PERIODS:2016|2017|2018|2019|2020|2021|2022|2023¦Il periodo della notizia è l'anno statistico reale, non la data di pubblicazione 2026.	ISTAT - A misura di Comune	https://www.istat.it/statistica-sperimentale/aggiornamento-degli-indicatori-del-sistema-informativo-a-misura-di-comune/
b9cf17fa72ad8409	004112	Macra		Piemonte	Mobilità sostenibile · Autovetture con standard di emissioni inferiore a Euro 4	RECORD_MIN|ACCELERAZIONE|ANOMALIA	TERRITORIALE	94.7	SEGNALE PULSE — A MISURA DI COMUNE	2023	Macra: Autovetture con standard di emissioni inferiore a Euro 4 scende da 54,76 a 46,51 nel 2023.	53.703704|58|56.25|54.545455|55|56.097561|54.761905|46.511628				Record: ultimo valore sotto i valori recenti precedenti.¦Accelerazione: ultimo cambiamento più intenso del precedente.¦Anomalia: livello o variazione insoliti rispetto alla storia recente.¦Unità di misura: %.¦Serie storica ufficiale ISTAT A misura di Comune.¦ANNUAL_PERIODS:2016|2017|2018|2019|2020|2021|2022|2023¦Il periodo della notizia è l'anno statistico reale, non la data di pubblicazione 2026.	ISTAT - A misura di Comune	https://www.istat.it/statistica-sperimentale/aggiornamento-degli-indicatori-del-sistema-informativo-a-misura-di-comune/
93debc9e4b97b21e	111101	Villanovafranca		Sardegna	Ambiente · Raccolta differenziata dei rifiuti urbani	RECORD_MAX|INVERSIONE|ANOMALIA	TERRITORIALE	94.3	SEGNALE PULSE — A MISURA DI COMUNE	2024	Villanovafranca: Raccolta differenziata dei rifiuti urbani sale da 79,3 a 82,64 nel 2024.	71.090309|71.048576|81.254512|81.374022|80.621216|80.699537|79.296834|82.635674				Record: ultimo valore sopra i valori recenti precedenti.¦Inversione: l'ultima variazione cambia segno.¦Anomalia: livello o variazione insoliti rispetto alla storia recente.¦Unità di misura: %.¦Serie storica ufficiale ISTAT A misura di Comune.¦ANNUAL_PERIODS:2017|2018|2019|2020|2021|2022|2023|2024¦Il periodo della notizia è l'anno statistico reale, non la data di pubblicazione 2026.	ISTAT - A misura di Comune	https://www.istat.it/statistica-sperimentale/aggiornamento-degli-indicatori-del-sistema-informativo-a-misura-di-comune/
31589f78755c159b	018008	Barbianello		Lombardia	Mobilità sostenibile · Autovetture con standard di emissioni inferiore a Euro 4	RECORD_MIN|INVERSIONE|ANOMALIA	TERRITORIALE	94.3	SEGNALE PULSE — A MISURA DI COMUNE	2023	Barbianello: Autovetture con standard di emissioni inferiore a Euro 4 scende da 26,52 a 23,75 nel 2023.	36.549165|34.450652|32.771536|30.46595|28.798587|26.041667|26.52027|23.745819				Record: ultimo valore sotto i valori recenti precedenti.¦Inversione: l'ultima variazione cambia segno.¦Anomalia: livello o variazione insoliti rispetto alla storia recente.¦Unità di misura: %.¦Serie storica ufficiale ISTAT A misura di Comune.¦ANNUAL_PERIODS:2016|2017|2018|2019|2020|2021|2022|2023¦Il periodo della notizia è l'anno statistico reale, non la data di pubblicazione 2026.	ISTAT - A misura di Comune	https://www.istat.it/statistica-sperimentale/aggiornamento-degli-indicatori-del-sistema-informativo-a-misura-di-comune/
34bfdaed8a1cd473	055011	Fabro		Umbria	Ambiente · Raccolta differenziata dei rifiuti urbani	RECORD_MAX|ACCELERAZIONE|ANOMALIA	TERRITORIALE	94.2	SEGNALE PULSE — A MISURA DI COMUNE	2024	Fabro: Raccolta differenziata dei rifiuti urbani sale da 64,96 a 70,2 nel 2024.	65.451921|66.076128|66.906966|66.298909|64.452619|63.921999|64.95693|70.195879				Record: ultimo valore sopra i valori recenti precedenti.¦Accelerazione: ultimo cambiamento più intenso del precedente.¦Anomalia: livello o variazione insoliti rispetto alla storia recente.¦Unità di misura: %.¦Serie storica ufficiale ISTAT A misura di Comune.¦ANNUAL_PERIODS:2017|2018|2019|2020|2021|2022|2023|2024¦Il periodo della notizia è l'anno statistico reale, non la data di pubblicazione 2026.	ISTAT - A misura di Comune	https://www.istat.it/statistica-sperimentale/aggiornamento-degli-indicatori-del-sistema-informativo-a-misura-di-comune/
cfb2d02880095d5b	008053	San Biagio della Cima		Liguria	Mobilità sostenibile · Autovetture con standard di emissioni inferiore a Euro 4	RECORD_MIN|INVERSIONE|ANOMALIA	TERRITORIALE	94.1	SEGNALE PULSE — A MISURA DI COMUNE	2023	San Biagio della Cima: Autovetture con standard di emissioni inferiore a Euro 4 scende da 30,55 a 27,82 nel 2023.	43.638526|40.962441|38.28033|35.870819|33.217189|30.494822|30.549199|27.821229				Record: ultimo valore sotto i valori recenti precedenti.¦Inversione: l'ultima variazione cambia segno.¦Anomalia: livello o variazione insoliti rispetto alla storia recente.¦Unità di misura: %.¦Serie storica ufficiale ISTAT A misura di Comune.¦ANNUAL_PERIODS:2016|2017|2018|2019|2020|2021|2022|2023¦Il periodo della notizia è l'anno statistico reale, non la data di pubblicazione 2026.	ISTAT - A misura di Comune	https://www.istat.it/statistica-sperimentale/aggiornamento-degli-indicatori-del-sistema-informativo-a-misura-di-comune/
b6f00e373b83cc52	001188	Pessinetto		Piemonte	Mobilità sostenibile · Autovetture con standard di emissioni inferiore a Euro 4	RECORD_MIN|INVERSIONE|ANOMALIA	TERRITORIALE	94.0	SEGNALE PULSE — A MISURA DI COMUNE	2023	Pessinetto: Autovetture con standard di emissioni inferiore a Euro 4 scende da 35,34 a 32,49 nel 2023.	50.800915|47.884187|45.010616|41.684665|38.478261|34.968017|35.344828|32.489451				Record: ultimo valore sotto i valori recenti precedenti.¦Inversione: l'ultima variazione cambia segno.¦Anomalia: livello o variazione insoliti rispetto alla storia recente.¦Unità di misura: %.¦Serie storica ufficiale ISTAT A misura di Comune.¦ANNUAL_PERIODS:2016|2017|2018|2019|2020|2021|2022|2023¦Il periodo della notizia è l'anno statistico reale, non la data di pubblicazione 2026.	ISTAT - A misura di Comune	https://www.istat.it/statistica-sperimentale/aggiornamento-degli-indicatori-del-sistema-informativo-a-misura-di-comune/
cb9507e6f01b94b3	066086	San Benedetto in Perillis		Abruzzo	Mobilità sostenibile · Autovetture con standard di emissioni inferiore a Euro 4	RECORD_MIN|ACCELERAZIONE|ANOMALIA	TERRITORIALE	93.9	SEGNALE PULSE — A MISURA DI COMUNE	2023	San Benedetto in Perillis: Autovetture con standard di emissioni inferiore a Euro 4 scende da 48,53 a 41,67 nel 2023.	56.666667|56.896552|55|55.555556|51.5625|50|48.529412|41.666667				Record: ultimo valore sotto i valori recenti precedenti.¦Accelerazione: ultimo cambiamento più intenso del precedente.¦Anomalia: livello o variazione insoliti rispetto alla storia recente.¦Unità di misura: %.¦Serie storica ufficiale ISTAT A misura di Comune.¦ANNUAL_PERIODS:2016|2017|2018|2019|2020|2021|2022|2023¦Il periodo della notizia è l'anno statistico reale, non la data di pubblicazione 2026.	ISTAT - A misura di Comune	https://www.istat.it/statistica-sperimentale/aggiornamento-degli-indicatori-del-sistema-informativo-a-misura-di-comune/
a7606cf760779b7e	062069	Santa Croce del Sannio		Campania	Mobilità sostenibile · Autovetture con standard di emissioni inferiore a Euro 4	RECORD_MIN|INVERSIONE|ANOMALIA	TERRITORIALE	93.8	SEGNALE PULSE — A MISURA DI COMUNE	2023	Santa Croce del Sannio: Autovetture con standard di emissioni inferiore a Euro 4 scende da 46,55 a 45,01 nel 2023.	61.11817|56.997455|54.213836|51.576293|48.863636|46.193548|46.549561|45.006165				Record: ultimo valore sotto i valori recenti precedenti.¦Inversione: l'ultima variazione cambia segno.¦Anomalia: livello o variazione insoliti rispetto alla storia recente.¦Unità di misura: %.¦Serie storica ufficiale ISTAT A misura di Comune.¦ANNUAL_PERIODS:2016|2017|2018|2019|2020|2021|2022|2023¦Il periodo della notizia è l'anno statistico reale, non la data di pubblicazione 2026.	ISTAT - A misura di Comune	https://www.istat.it/statistica-sperimentale/aggiornamento-degli-indicatori-del-sistema-informativo-a-misura-di-comune/
2f390742a793d1f0	064077	Quindici		Campania	Mobilità sostenibile · Autovetture con standard di emissioni inferiore a Euro 4	RECORD_MIN|INVERSIONE|ANOMALIA	TERRITORIALE	93.7	SEGNALE PULSE — A MISURA DI COMUNE	2023	Quindici: Autovetture con standard di emissioni inferiore a Euro 4 scende da 50,24 a 49,2 nel 2023.	64.42131|61.614295|58.791541|56.197353|53.373134|49.970467|50.241546|49.198813				Record: ultimo valore sotto i valori recenti precedenti.¦Inversione: l'ultima variazione cambia segno.¦Anomalia: livello o variazione insoliti rispetto alla storia recente.¦Unità di misura: %.¦Serie storica ufficiale ISTAT A misura di Comune.¦ANNUAL_PERIODS:2016|2017|2018|2019|2020|2021|2022|2023¦Il periodo della notizia è l'anno statistico reale, non la data di pubblicazione 2026.	ISTAT - A misura di Comune	https://www.istat.it/statistica-sperimentale/aggiornamento-degli-indicatori-del-sistema-informativo-a-misura-di-comune/
b4118ff1e0bda990	001298	Vidracco		Piemonte	Mobilità sostenibile · Autovetture con standard di emissioni inferiore a Euro 4	RECORD_MIN|INVERSIONE|ANOMALIA	TERRITORIALE	93.5	SEGNALE PULSE — A MISURA DI COMUNE	2023	Vidracco: Autovetture con standard di emissioni inferiore a Euro 4 scende da 26,07 a 23,63 nel 2023.	40.779221|38.059701|35.532995|32.390746|29.715762|25.839793|26.074499|23.631124				Record: ultimo valore sotto i valori recenti precedenti.¦Inversione: l'ultima variazione cambia segno.¦Anomalia: livello o variazione insoliti rispetto alla storia recente.¦Unità di misura: %.¦Serie storica ufficiale ISTAT A misura di Comune.¦ANNUAL_PERIODS:2016|2017|2018|2019|2020|2021|2022|2023¦Il periodo della notizia è l'anno statistico reale, non la data di pubblicazione 2026.	ISTAT - A misura di Comune	https://www.istat.it/statistica-sperimentale/aggiornamento-degli-indicatori-del-sistema-informativo-a-misura-di-comune/
c384e497f3ff4efa	021065	Ponte Gardena		Trentino-Alto Adige/Südtirol	Mobilità sostenibile · Autovetture con standard di emissioni inferiore a Euro 4	RECORD_MIN|ACCELERAZIONE|ANOMALIA	TERRITORIALE	93.3	SEGNALE PULSE — A MISURA DI COMUNE	2023	Ponte Gardena: Autovetture con standard di emissioni inferiore a Euro 4 scende da 46,79 a 42,04 nel 2023.	61.392405|59.763314|57.575758|55.555556|53.529412|48.148148|46.794872|42.038217				Record: ultimo valore sotto i valori recenti precedenti.¦Accelerazione: ultimo cambiamento più intenso del precedente.¦Anomalia: livello o variazione insoliti rispetto alla storia recente.¦Unità di misura: %.¦Serie storica ufficiale ISTAT A misura di Comune.¦ANNUAL_PERIODS:2016|2017|2018|2019|2020|2021|2022|2023¦Il periodo della notizia è l'anno statistico reale, non la data di pubblicazione 2026.	ISTAT - A misura di Comune	https://www.istat.it/statistica-sperimentale/aggiornamento-degli-indicatori-del-sistema-informativo-a-misura-di-comune/
86664420f7d5f3da	070017	Cercemaggiore		Molise	Ambiente · Raccolta differenziata dei rifiuti urbani	RECORD_MIN|ACCELERAZIONE|ANOMALIA	TERRITORIALE	93.2	SEGNALE PULSE — A MISURA DI COMUNE	2024	Cercemaggiore: Raccolta differenziata dei rifiuti urbani scende da 69,14 a 65,81 nel 2024.	69.525312|68.702036|70.351841|69.013276|70.208934|69.866479|69.137207|65.814367				Record: ultimo valore sotto i valori recenti precedenti.¦Accelerazione: ultimo cambiamento più intenso del precedente.¦Anomalia: livello o variazione insoliti rispetto alla storia recente.¦Unità di misura: %.¦Serie storica ufficiale ISTAT A misura di Comune.¦ANNUAL_PERIODS:2017|2018|2019|2020|2021|2022|2023|2024¦Il periodo della notizia è l'anno statistico reale, non la data di pubblicazione 2026.	ISTAT - A misura di Comune	https://www.istat.it/statistica-sperimentale/aggiornamento-degli-indicatori-del-sistema-informativo-a-misura-di-comune/
d82986851b9a7f53	094005	Cantalupo nel Sannio		Molise	Ambiente · Raccolta differenziata dei rifiuti urbani	ACCELERAZIONE|ANOMALIA	TERRITORIALE	93.0	SEGNALE PULSE — A MISURA DI COMUNE	2024	Cantalupo nel Sannio: Raccolta differenziata dei rifiuti urbani scende da 68,22 a 51,72 nel 2024.	6.5522517|5.5780386|4.9090972|7.6929352|71.398706|70.869352|68.218664|51.721977				Accelerazione: ultimo cambiamento più intenso del precedente.¦Anomalia: livello o variazione insoliti rispetto alla storia recente.¦Unità di misura: %.¦Serie storica ufficiale ISTAT A misura di Comune.¦ANNUAL_PERIODS:2017|2018|2019|2020|2021|2022|2023|2024¦Il periodo della notizia è l'anno statistico reale, non la data di pubblicazione 2026.	ISTAT - A misura di Comune	https://www.istat.it/statistica-sperimentale/aggiornamento-degli-indicatori-del-sistema-informativo-a-misura-di-comune/
9fd39b07360233d7	065053	Furore		Campania	Mobilità sostenibile · Autovetture con standard di emissioni inferiore a Euro 4	RECORD_MIN|ACCELERAZIONE|ANOMALIA	TERRITORIALE	92.9	SEGNALE PULSE — A MISURA DI COMUNE	2023	Furore: Autovetture con standard di emissioni inferiore a Euro 4 scende da 44,88 a 41,9 nel 2023.	55.822551|53.962264|50.566038|48.975791|48.217636|46.551724|44.88189|41.897233				Record: ultimo valore sotto i valori recenti precedenti.¦Accelerazione: ultimo cambiamento più intenso del precedente.¦Anomalia: livello o variazione insoliti rispetto alla storia recente.¦Unità di misura: %.¦Serie storica ufficiale ISTAT A misura di Comune.¦ANNUAL_PERIODS:2016|2017|2018|2019|2020|2021|2022|2023¦Il periodo della notizia è l'anno statistico reale, non la data di pubblicazione 2026.	ISTAT - A misura di Comune	https://www.istat.it/statistica-sperimentale/aggiornamento-degli-indicatori-del-sistema-informativo-a-misura-di-comune/
1c6cb6ac569fc5a7	080034	Fiumara		Calabria	Mobilità sostenibile · Autovetture con standard di emissioni inferiore a Euro 4	RECORD_MIN|ACCELERAZIONE|ANOMALIA	TERRITORIALE	92.9	SEGNALE PULSE — A MISURA DI COMUNE	2023	Fiumara: Autovetture con standard di emissioni inferiore a Euro 4 scende da 52,27 a 50,31 nel 2023.	61.5|60.267112|59.016393|57.698541|55.357143|53.140097|52.272727|50.31348				Record: ultimo valore sotto i valori recenti precedenti.¦Accelerazione: ultimo cambiamento più intenso del precedente.¦Anomalia: livello o variazione insoliti rispetto alla storia recente.¦Unità di misura: %.¦Serie storica ufficiale ISTAT A misura di Comune.¦ANNUAL_PERIODS:2016|2017|2018|2019|2020|2021|2022|2023¦Il periodo della notizia è l'anno statistico reale, non la data di pubblicazione 2026.	ISTAT - A misura di Comune	https://www.istat.it/statistica-sperimentale/aggiornamento-degli-indicatori-del-sistema-informativo-a-misura-di-comune/
e12e8e094ee962c7	021038	Lagundo		Trentino-Alto Adige/Südtirol	Mobilità sostenibile · Autovetture con standard di emissioni inferiore a Euro 4	RECORD_MIN|ACCELERAZIONE|ANOMALIA	TERRITORIALE	92.7	SEGNALE PULSE — A MISURA DI COMUNE	2023	Lagundo: Autovetture con standard di emissioni inferiore a Euro 4 scende da 18,82 a 12,87 nel 2023.	32.867884|29.84811|26.592412|23.357167|21.390013|20.115725|18.824735|12.873958				Record: ultimo valore sotto i valori recenti precedenti.¦Accelerazione: ultimo cambiamento più intenso del precedente.¦Anomalia: livello o variazione insoliti rispetto alla storia recente.¦Unità di misura: %.¦Serie storica ufficiale ISTAT A misura di Comune.¦ANNUAL_PERIODS:2016|2017|2018|2019|2020|2021|2022|2023¦Il periodo della notizia è l'anno statistico reale, non la data di pubblicazione 2026.	ISTAT - A misura di Comune	https://www.istat.it/statistica-sperimentale/aggiornamento-degli-indicatori-del-sistema-informativo-a-misura-di-comune/
e677de740fa8ceaa	007046	Ollomont		Valle d'Aosta/Vallée d'Aoste	Mobilità sostenibile · Autovetture con standard di emissioni inferiore a Euro 4	RECORD_MIN|ACCELERAZIONE|ANOMALIA	TERRITORIALE	92.6	SEGNALE PULSE — A MISURA DI COMUNE	2023	Ollomont: Autovetture con standard di emissioni inferiore a Euro 4 scende da 29,84 a 26,67 nel 2023.	43.636364|38.938053|35|34.126984|32.8|31.355932|29.83871|26.666667				Record: ultimo valore sotto i valori recenti precedenti.¦Accelerazione: ultimo cambiamento più intenso del precedente.¦Anomalia: livello o variazione insoliti rispetto alla storia recente.¦Unità di misura: %.¦Serie storica ufficiale ISTAT A misura di Comune.¦ANNUAL_PERIODS:2016|2017|2018|2019|2020|2021|2022|2023¦Il periodo della notizia è l'anno statistico reale, non la data di pubblicazione 2026.	ISTAT - A misura di Comune	https://www.istat.it/statistica-sperimentale/aggiornamento-degli-indicatori-del-sistema-informativo-a-misura-di-comune/
db0c713b58a5f32b	008033	Lucinasco		Liguria	Mobilità sostenibile · Autovetture con standard di emissioni inferiore a Euro 4	RECORD_MIN|ACCELERAZIONE|ANOMALIA	TERRITORIALE	92.5	SEGNALE PULSE — A MISURA DI COMUNE	2023	Lucinasco: Autovetture con standard di emissioni inferiore a Euro 4 scende da 33,98 a 31,63 nel 2023.	43.406593|41.758242|41.269841|39.593909|36.548223|35.2657|33.980583|31.627907				Record: ultimo valore sotto i valori recenti precedenti.¦Accelerazione: ultimo cambiamento più intenso del precedente.¦Anomalia: livello o variazione insoliti rispetto alla storia recente.¦Unità di misura: %.¦Serie storica ufficiale ISTAT A misura di Comune.¦ANNUAL_PERIODS:2016|2017|2018|2019|2020|2021|2022|2023¦Il periodo della notizia è l'anno statistico reale, non la data di pubblicazione 2026.	ISTAT - A misura di Comune	https://www.istat.it/statistica-sperimentale/aggiornamento-degli-indicatori-del-sistema-informativo-a-misura-di-comune/
d9b215815b1b9a06	016017	Azzone		Lombardia	Mobilità sostenibile · Autovetture con standard di emissioni inferiore a Euro 4	RECORD_MIN|ACCELERAZIONE|ANOMALIA	TERRITORIALE	92.5	SEGNALE PULSE — A MISURA DI COMUNE	2023	Azzone: Autovetture con standard di emissioni inferiore a Euro 4 scende da 26,34 a 21,28 nel 2023.	34.117647|33.466135|31.620553|30.078125|28.185328|26.377953|26.337449|21.276596				Record: ultimo valore sotto i valori recenti precedenti.¦Accelerazione: ultimo cambiamento più intenso del precedente.¦Anomalia: livello o variazione insoliti rispetto alla storia recente.¦Unità di misura: %.¦Serie storica ufficiale ISTAT A misura di Comune.¦ANNUAL_PERIODS:2016|2017|2018|2019|2020|2021|2022|2023¦Il periodo della notizia è l'anno statistico reale, non la data di pubblicazione 2026.	ISTAT - A misura di Comune	https://www.istat.it/statistica-sperimentale/aggiornamento-degli-indicatori-del-sistema-informativo-a-misura-di-comune/
8a85d9a89f993228	111029	Goni		Sardegna	Mobilità sostenibile · Autovetture con standard di emissioni inferiore a Euro 4	RECORD_MIN|ACCELERAZIONE|ANOMALIA	TERRITORIALE	92.5	SEGNALE PULSE — A MISURA DI COMUNE	2023	Goni: Autovetture con standard di emissioni inferiore a Euro 4 scende da 41,05 a 35,74 nel 2023.	55.147059|53.113553|51.428571|47.902098|46.153846|43.157895|41.052632|35.738832				Record: ultimo valore sotto i valori recenti precedenti.¦Accelerazione: ultimo cambiamento più intenso del precedente.¦Anomalia: livello o variazione insoliti rispetto alla storia recente.¦Unità di misura: %.¦Serie storica ufficiale ISTAT A misura di Comune.¦ANNUAL_PERIODS:2016|2017|2018|2019|2020|2021|2022|2023¦Il periodo della notizia è l'anno statistico reale, non la data di pubblicazione 2026.	ISTAT - A misura di Comune	https://www.istat.it/statistica-sperimentale/aggiornamento-degli-indicatori-del-sistema-informativo-a-misura-di-comune/
79dc983405e36939	023034	Ferrara di Monte Baldo		Veneto	Mobilità sostenibile · Autovetture con standard di emissioni inferiore a Euro 4	RECORD_MIN|ACCELERAZIONE|ANOMALIA	TERRITORIALE	92.5	SEGNALE PULSE — A MISURA DI COMUNE	2023	Ferrara di Monte Baldo: Autovetture con standard di emissioni inferiore a Euro 4 scende da 30 a 25,49 nel 2023.	44.311377|42.073171|39.880952|36.99422|34.80663|32.58427|30|25.490196				Record: ultimo valore sotto i valori recenti precedenti.¦Accelerazione: ultimo cambiamento più intenso del precedente.¦Anomalia: livello o variazione insoliti rispetto alla storia recente.¦Unità di misura: %.¦Serie storica ufficiale ISTAT A misura di Comune.¦ANNUAL_PERIODS:2016|2017|2018|2019|2020|2021|2022|2023¦Il periodo della notizia è l'anno statistico reale, non la data di pubblicazione 2026.	ISTAT - A misura di Comune	https://www.istat.it/statistica-sperimentale/aggiornamento-degli-indicatori-del-sistema-informativo-a-misura-di-comune/
1698f7950f9b2d96	094012	Castel San Vincenzo		Molise	Mobilità sostenibile · Autovetture con standard di emissioni inferiore a Euro 4	RECORD_MIN|ACCELERAZIONE|ANOMALIA	TERRITORIALE	92.4	SEGNALE PULSE — A MISURA DI COMUNE	2023	Castel San Vincenzo: Autovetture con standard di emissioni inferiore a Euro 4 scende da 44,15 a 40,15 nel 2023.	57.831325|55.714286|52.205882|49.878345|48.166259|46.024096|44.146341|40.149626				Record: ultimo valore sotto i valori recenti precedenti.¦Accelerazione: ultimo cambiamento più intenso del precedente.¦Anomalia: livello o variazione insoliti rispetto alla storia recente.¦Unità di misura: %.¦Serie storica ufficiale ISTAT A misura di Comune.¦ANNUAL_PERIODS:2016|2017|2018|2019|2020|2021|2022|2023¦Il periodo della notizia è l'anno statistico reale, non la data di pubblicazione 2026.	ISTAT - A misura di Comune	https://www.istat.it/statistica-sperimentale/aggiornamento-degli-indicatori-del-sistema-informativo-a-misura-di-comune/
0768d13b41510362	094001	Acquaviva d'Isernia		Molise	Mobilità sostenibile · Autovetture con standard di emissioni inferiore a Euro 4	RECORD_MIN|ACCELERAZIONE|ANOMALIA	TERRITORIALE	92.4	SEGNALE PULSE — A MISURA DI COMUNE	2023	Acquaviva d'Isernia: Autovetture con standard di emissioni inferiore a Euro 4 scende da 36,63 a 31,97 nel 2023.	52.083333|48.962656|46|42.386831|40.316206|38.306452|36.625514|31.967213				Record: ultimo valore sotto i valori recenti precedenti.¦Accelerazione: ultimo cambiamento più intenso del precedente.¦Anomalia: livello o variazione insoliti rispetto alla storia recente.¦Unità di misura: %.¦Serie storica ufficiale ISTAT A misura di Comune.¦ANNUAL_PERIODS:2016|2017|2018|2019|2020|2021|2022|2023¦Il periodo della notizia è l'anno statistico reale, non la data di pubblicazione 2026.	ISTAT - A misura di Comune	https://www.istat.it/statistica-sperimentale/aggiornamento-degli-indicatori-del-sistema-informativo-a-misura-di-comune/
415a8b92c8850bda	007062	Saint-Oyen		Valle d'Aosta/Vallée d'Aoste	Mobilità sostenibile · Autovetture con standard di emissioni inferiore a Euro 4	RECORD_MIN|ACCELERAZIONE|ANOMALIA	TERRITORIALE	92.4	SEGNALE PULSE — A MISURA DI COMUNE	2023	Saint-Oyen: Autovetture con standard di emissioni inferiore a Euro 4 scende da 15,49 a 12,77 nel 2023.	22.881356|23.333333|20.661157|19.42446|18.248175|16.783217|15.492958|12.765957				Record: ultimo valore sotto i valori recenti precedenti.¦Accelerazione: ultimo cambiamento più intenso del precedente.¦Anomalia: livello o variazione insoliti rispetto alla storia recente.¦Unità di misura: %.¦Serie storica ufficiale ISTAT A misura di Comune.¦ANNUAL_PERIODS:2016|2017|2018|2019|2020|2021|2022|2023¦Il periodo della notizia è l'anno statistico reale, non la data di pubblicazione 2026.	ISTAT - A misura di Comune	https://www.istat.it/statistica-sperimentale/aggiornamento-degli-indicatori-del-sistema-informativo-a-misura-di-comune/
15b05817bba8a75a	044056	Palmiano		Marche	Ambiente · Raccolta differenziata dei rifiuti urbani	RECORD_MAX|ACCELERAZIONE|ANOMALIA	TERRITORIALE	92.4	SEGNALE PULSE — A MISURA DI COMUNE	2024	Palmiano: Raccolta differenziata dei rifiuti urbani sale da 41,98 a 64,8 nel 2024.	13.268665|26.332954|36.488189|40.602714|37.827933|38.766877|41.976022|64.795403				Record: ultimo valore sopra i valori recenti precedenti.¦Accelerazione: ultimo cambiamento più intenso del precedente.¦Anomalia: livello o variazione insoliti rispetto alla storia recente.¦Unità di misura: %.¦Serie storica ufficiale ISTAT A misura di Comune.¦ANNUAL_PERIODS:2017|2018|2019|2020|2021|2022|2023|2024¦Il periodo della notizia è l'anno statistico reale, non la data di pubblicazione 2026.	ISTAT - A misura di Comune	https://www.istat.it/statistica-sperimentale/aggiornamento-degli-indicatori-del-sistema-informativo-a-misura-di-comune/
45ac17e41f896b93	054048	Sellano		Umbria	Ambiente · Raccolta differenziata dei rifiuti urbani	RECORD_MAX|INVERSIONE|ANOMALIA	TERRITORIALE	92.3	SEGNALE PULSE — A MISURA DI COMUNE	2024	Sellano: Raccolta differenziata dei rifiuti urbani sale da 22,14 a 33,93 nel 2024.	6.1971094|6.7793656|5.7273861|4.662506|9.7626981|30.052666|22.136866|33.925809				Record: ultimo valore sopra i valori recenti precedenti.¦Inversione: l'ultima variazione cambia segno.¦Anomalia: livello o variazione insoliti rispetto alla storia recente.¦Unità di misura: %.¦Serie storica ufficiale ISTAT A misura di Comune.¦ANNUAL_PERIODS:2017|2018|2019|2020|2021|2022|2023|2024¦Il periodo della notizia è l'anno statistico reale, non la data di pubblicazione 2026.	ISTAT - A misura di Comune	https://www.istat.it/statistica-sperimentale/aggiornamento-degli-indicatori-del-sistema-informativo-a-misura-di-comune/
3d643b30dd39c327	070054	Pietracupa		Molise	Mobilità sostenibile · Autovetture con standard di emissioni inferiore a Euro 4	RECORD_MIN|ACCELERAZIONE|ANOMALIA	TERRITORIALE	92.3	SEGNALE PULSE — A MISURA DI COMUNE	2023	Pietracupa: Autovetture con standard di emissioni inferiore a Euro 4 scende da 47,52 a 42,86 nel 2023.	58.571429|56.756757|56.338028|50.724638|50|48.251748|47.51773|42.857143				Record: ultimo valore sotto i valori recenti precedenti.¦Accelerazione: ultimo cambiamento più intenso del precedente.¦Anomalia: livello o variazione insoliti rispetto alla storia recente.¦Unità di misura: %.¦Serie storica ufficiale ISTAT A misura di Comune.¦ANNUAL_PERIODS:2016|2017|2018|2019|2020|2021|2022|2023¦Il periodo della notizia è l'anno statistico reale, non la data di pubblicazione 2026.	ISTAT - A misura di Comune	https://www.istat.it/statistica-sperimentale/aggiornamento-degli-indicatori-del-sistema-informativo-a-misura-di-comune/
7fcb381070eb80e8	018148	Semiana		Lombardia	Mobilità sostenibile · Autovetture con standard di emissioni inferiore a Euro 4	RECORD_MIN|ACCELERAZIONE|ANOMALIA	TERRITORIALE	92.2	SEGNALE PULSE — A MISURA DI COMUNE	2023	Semiana: Autovetture con standard di emissioni inferiore a Euro 4 scende da 39,25 a 35,75 nel 2023.	50|49.122807|47.457627|45.19774|43.01676|40.571429|39.247312|35.75419				Record: ultimo valore sotto i valori recenti precedenti.¦Accelerazione: ultimo cambiamento più intenso del precedente.¦Anomalia: livello o variazione insoliti rispetto alla storia recente.¦Unità di misura: %.¦Serie storica ufficiale ISTAT A misura di Comune.¦ANNUAL_PERIODS:2016|2017|2018|2019|2020|2021|2022|2023¦Il periodo della notizia è l'anno statistico reale, non la data di pubblicazione 2026.	ISTAT - A misura di Comune	https://www.istat.it/statistica-sperimentale/aggiornamento-degli-indicatori-del-sistema-informativo-a-misura-di-comune/
29a5fa6eba6ba8c4	068001	Abbateggio		Abruzzo	Mobilità sostenibile · Autovetture con standard di emissioni inferiore a Euro 4	RECORD_MIN|ACCELERAZIONE|ANOMALIA	TERRITORIALE	92.1	SEGNALE PULSE — A MISURA DI COMUNE	2023	Abbateggio: Autovetture con standard di emissioni inferiore a Euro 4 scende da 35,04 a 31,12 nel 2023.	51.818182|49.082569|46.846847|43.668122|40.343348|37.168142|35.042735|31.120332				Record: ultimo valore sotto i valori recenti precedenti.¦Accelerazione: ultimo cambiamento più intenso del precedente.¦Anomalia: livello o variazione insoliti rispetto alla storia recente.¦Unità di misura: %.¦Serie storica ufficiale ISTAT A misura di Comune.¦ANNUAL_PERIODS:2016|2017|2018|2019|2020|2021|2022|2023¦Il periodo della notizia è l'anno statistico reale, non la data di pubblicazione 2026.	ISTAT - A misura di Comune	https://www.istat.it/statistica-sperimentale/aggiornamento-degli-indicatori-del-sistema-informativo-a-misura-di-comune/
89e4cbeb3bb5abe7	008046	Pornassio		Liguria	Mobilità sostenibile · Autovetture con standard di emissioni inferiore a Euro 4	RECORD_MIN|ACCELERAZIONE|ANOMALIA	TERRITORIALE	92.1	SEGNALE PULSE — A MISURA DI COMUNE	2023	Pornassio: Autovetture con standard di emissioni inferiore a Euro 4 scende da 36,48 a 32,28 nel 2023.	49.614396|47.028424|44.041451|41.207349|39.74026|37.275064|36.479592|32.275132				Record: ultimo valore sotto i valori recenti precedenti.¦Accelerazione: ultimo cambiamento più intenso del precedente.¦Anomalia: livello o variazione insoliti rispetto alla storia recente.¦Unità di misura: %.¦Serie storica ufficiale ISTAT A misura di Comune.¦ANNUAL_PERIODS:2016|2017|2018|2019|2020|2021|2022|2023¦Il periodo della notizia è l'anno statistico reale, non la data di pubblicazione 2026.	ISTAT - A misura di Comune	https://www.istat.it/statistica-sperimentale/aggiornamento-degli-indicatori-del-sistema-informativo-a-misura-di-comune/
d28af71f5ee9cfbe	066094	Scontrone		Abruzzo	Mobilità sostenibile · Autovetture con standard di emissioni inferiore a Euro 4	RECORD_MIN|INVERSIONE|ANOMALIA	TERRITORIALE	92.0	SEGNALE PULSE — A MISURA DI COMUNE	2023	Scontrone: Autovetture con standard di emissioni inferiore a Euro 4 scende da 38,67 a 34,79 nel 2023.	52.34375|49.748744|47.5|44.191919|41.854637|38.518519|38.669951|34.793187				Record: ultimo valore sotto i valori recenti precedenti.¦Inversione: l'ultima variazione cambia segno.¦Anomalia: livello o variazione insoliti rispetto alla storia recente.¦Unità di misura: %.¦Serie storica ufficiale ISTAT A misura di Comune.¦ANNUAL_PERIODS:2016|2017|2018|2019|2020|2021|2022|2023¦Il periodo della notizia è l'anno statistico reale, non la data di pubblicazione 2026.	ISTAT - A misura di Comune	https://www.istat.it/statistica-sperimentale/aggiornamento-degli-indicatori-del-sistema-informativo-a-misura-di-comune/
8c44a6bf23c170e2	057010	Cantalupo in Sabina		Lazio	Mobilità sostenibile · Autovetture con standard di emissioni inferiore a Euro 4	RECORD_MIN|ACCELERAZIONE|ANOMALIA	TERRITORIALE	92.0	SEGNALE PULSE — A MISURA DI COMUNE	2023	Cantalupo in Sabina: Autovetture con standard di emissioni inferiore a Euro 4 scende da 34,05 a 30,45 nel 2023.	48.209607|45.746528|42.709232|39.948231|38.225256|35.689655|34.053587|30.449827				Record: ultimo valore sotto i valori recenti precedenti.¦Accelerazione: ultimo cambiamento più intenso del precedente.¦Anomalia: livello o variazione insoliti rispetto alla storia recente.¦Unità di misura: %.¦Serie storica ufficiale ISTAT A misura di Comune.¦ANNUAL_PERIODS:2016|2017|2018|2019|2020|2021|2022|2023¦Il periodo della notizia è l'anno statistico reale, non la data di pubblicazione 2026.	ISTAT - A misura di Comune	https://www.istat.it/statistica-sperimentale/aggiornamento-degli-indicatori-del-sistema-informativo-a-misura-di-comune/
c114c0ae11d4c624	078089	Paludi		Calabria	Mobilità sostenibile · Autovetture con standard di emissioni inferiore a Euro 4	RECORD_MIN|ACCELERAZIONE|ANOMALIA	TERRITORIALE	92.0	SEGNALE PULSE — A MISURA DI COMUNE	2023	Paludi: Autovetture con standard di emissioni inferiore a Euro 4 scende da 47,56 a 45,07 nel 2023.	59.21875|56.5625|54.728682|52.978056|51.25|48.815166|47.559055|45.070423				Record: ultimo valore sotto i valori recenti precedenti.¦Accelerazione: ultimo cambiamento più intenso del precedente.¦Anomalia: livello o variazione insoliti rispetto alla storia recente.¦Unità di misura: %.¦Serie storica ufficiale ISTAT A misura di Comune.¦ANNUAL_PERIODS:2016|2017|2018|2019|2020|2021|2022|2023¦Il periodo della notizia è l'anno statistico reale, non la data di pubblicazione 2026.	ISTAT - A misura di Comune	https://www.istat.it/statistica-sperimentale/aggiornamento-degli-indicatori-del-sistema-informativo-a-misura-di-comune/
c9c7de5bb040490c	007051	Pontey		Valle d'Aosta/Vallée d'Aoste	Redditi · Contribuenti con reddito complessivo inferiore a 10.000 euro	RECORD_MIN|ACCELERAZIONE|ANOMALIA	TERRITORIALE	92.0	SEGNALE PULSE — A MISURA DI COMUNE	2023	Pontey: Contribuenti con reddito complessivo inferiore a 10.000 euro scende da 19,21 a 16,27 nel 2023.	24.232082|22.625216|22.241087|21.782178|22.5|20.46589|19.211823|16.267943				Record: ultimo valore sotto i valori recenti precedenti.¦Accelerazione: ultimo cambiamento più intenso del precedente.¦Anomalia: livello o variazione insoliti rispetto alla storia recente.¦Unità di misura: %.¦Serie storica ufficiale ISTAT A misura di Comune.¦ANNUAL_PERIODS:2016|2017|2018|2019|2020|2021|2022|2023¦Il periodo della notizia è l'anno statistico reale, non la data di pubblicazione 2026.	ISTAT - A misura di Comune	https://www.istat.it/statistica-sperimentale/aggiornamento-degli-indicatori-del-sistema-informativo-a-misura-di-comune/
11c949797cee37a3	064024	Castelvetere sul Calore		Campania	Mobilità sostenibile · Autovetture con standard di emissioni inferiore a Euro 4	RECORD_MIN|ACCELERAZIONE|ANOMALIA	TERRITORIALE	91.8	SEGNALE PULSE — A MISURA DI COMUNE	2023	Castelvetere sul Calore: Autovetture con standard di emissioni inferiore a Euro 4 scende da 33,71 a 30,32 nel 2023.	50.58698|47.407407|44.246862|40.68323|38.119835|35.663627|33.71488|30.324544				Record: ultimo valore sotto i valori recenti precedenti.¦Accelerazione: ultimo cambiamento più intenso del precedente.¦Anomalia: livello o variazione insoliti rispetto alla storia recente.¦Unità di misura: %.¦Serie storica ufficiale ISTAT A misura di Comune.¦ANNUAL_PERIODS:2016|2017|2018|2019|2020|2021|2022|2023¦Il periodo della notizia è l'anno statistico reale, non la data di pubblicazione 2026.	ISTAT - A misura di Comune	https://www.istat.it/statistica-sperimentale/aggiornamento-degli-indicatori-del-sistema-informativo-a-misura-di-comune/
cc8cd12fc1d58106	078060	Grisolia		Calabria	Mobilità sostenibile · Autovetture con standard di emissioni inferiore a Euro 4	RECORD_MIN|ACCELERAZIONE|ANOMALIA	TERRITORIALE	91.7	SEGNALE PULSE — A MISURA DI COMUNE	2023	Grisolia: Autovetture con standard di emissioni inferiore a Euro 4 scende da 57,74 a 55,51 nel 2023.	70.783305|68.254848|65.810594|64.056752|61.723961|58.938408|57.741617|55.507868				Record: ultimo valore sotto i valori recenti precedenti.¦Accelerazione: ultimo cambiamento più intenso del precedente.¦Anomalia: livello o variazione insoliti rispetto alla storia recente.¦Unità di misura: %.¦Serie storica ufficiale ISTAT A misura di Comune.¦ANNUAL_PERIODS:2016|2017|2018|2019|2020|2021|2022|2023¦Il periodo della notizia è l'anno statistico reale, non la data di pubblicazione 2026.	ISTAT - A misura di Comune	https://www.istat.it/statistica-sperimentale/aggiornamento-degli-indicatori-del-sistema-informativo-a-misura-di-comune/
344b5f3e44ce2760	021001	Aldino		Trentino-Alto Adige/Südtirol	Mobilità sostenibile · Autovetture con standard di emissioni inferiore a Euro 4	RECORD_MIN|RALLENTAMENTO|ANOMALIA	TERRITORIALE	91.7	SEGNALE PULSE — A MISURA DI COMUNE	2023	Aldino: Autovetture con standard di emissioni inferiore a Euro 4 scende da 26,16 a 24,89 nel 2023.	42.323232|39.607843|36.816874|32.871653|30.371714|28.813559|26.160714|24.888093				Record: ultimo valore sotto i valori recenti precedenti.¦Rallentamento: ultimo cambiamento più contenuto del precedente.¦Anomalia: livello o variazione insoliti rispetto alla storia recente.¦Unità di misura: %.¦Serie storica ufficiale ISTAT A misura di Comune.¦ANNUAL_PERIODS:2016|2017|2018|2019|2020|2021|2022|2023¦Il periodo della notizia è l'anno statistico reale, non la data di pubblicazione 2026.	ISTAT - A misura di Comune	https://www.istat.it/statistica-sperimentale/aggiornamento-degli-indicatori-del-sistema-informativo-a-misura-di-comune/
f8a91a91201b1ecd	079123	Satriano		Calabria	Mobilità sostenibile · Autovetture con standard di emissioni inferiore a Euro 4	RECORD_MIN|ACCELERAZIONE|ANOMALIA	TERRITORIALE	91.7	SEGNALE PULSE — A MISURA DI COMUNE	2023	Satriano: Autovetture con standard di emissioni inferiore a Euro 4 scende da 32,02 a 29,3 nel 2023.	44.14843|42.012927|38.454667|36.241319|34.283209|32.726465|32.019064|29.300169				Record: ultimo valore sotto i valori recenti precedenti.¦Accelerazione: ultimo cambiamento più intenso del precedente.¦Anomalia: livello o variazione insoliti rispetto alla storia recente.¦Unità di misura: %.¦Serie storica ufficiale ISTAT A misura di Comune.¦ANNUAL_PERIODS:2016|2017|2018|2019|2020|2021|2022|2023¦Il periodo della notizia è l'anno statistico reale, non la data di pubblicazione 2026.	ISTAT - A misura di Comune	https://www.istat.it/statistica-sperimentale/aggiornamento-degli-indicatori-del-sistema-informativo-a-misura-di-comune/
ed41c6277d86de1e	061032	Curti		Campania	Mobilità sostenibile · Autovetture con standard di emissioni inferiore a Euro 4	RECORD_MIN|ACCELERAZIONE|ANOMALIA	TERRITORIALE	91.7	SEGNALE PULSE — A MISURA DI COMUNE	2023	Curti: Autovetture con standard di emissioni inferiore a Euro 4 scende da 30,5 a 26,42 nel 2023.	47.442327|44.574494|40.969697|37.458194|34.705043|32.041835|30.497975|26.42374				Record: ultimo valore sotto i valori recenti precedenti.¦Accelerazione: ultimo cambiamento più intenso del precedente.¦Anomalia: livello o variazione insoliti rispetto alla storia recente.¦Unità di misura: %.¦Serie storica ufficiale ISTAT A misura di Comune.¦ANNUAL_PERIODS:2016|2017|2018|2019|2020|2021|2022|2023¦Il periodo della notizia è l'anno statistico reale, non la data di pubblicazione 2026.	ISTAT - A misura di Comune	https://www.istat.it/statistica-sperimentale/aggiornamento-degli-indicatori-del-sistema-informativo-a-misura-di-comune/
0c96b7b6e2ef4ac4	033034	Piozzano		Emilia-Romagna	Mobilità sostenibile · Autovetture con standard di emissioni inferiore a Euro 4	RECORD_MIN|ACCELERAZIONE|ANOMALIA	TERRITORIALE	91.6	SEGNALE PULSE — A MISURA DI COMUNE	2023	Piozzano: Autovetture con standard di emissioni inferiore a Euro 4 scende da 35,66 a 33,66 nel 2023.	44.375|41.889117|41.273101|38.645418|37.698413|36.633663|35.657371|33.663366				Record: ultimo valore sotto i valori recenti precedenti.¦Accelerazione: ultimo cambiamento più intenso del precedente.¦Anomalia: livello o variazione insoliti rispetto alla storia recente.¦Unità di misura: %.¦Serie storica ufficiale ISTAT A misura di Comune.¦ANNUAL_PERIODS:2016|2017|2018|2019|2020|2021|2022|2023¦Il periodo della notizia è l'anno statistico reale, non la data di pubblicazione 2026.	ISTAT - A misura di Comune	https://www.istat.it/statistica-sperimentale/aggiornamento-degli-indicatori-del-sistema-informativo-a-misura-di-comune/
d1fcda26df4eed75	101014	Melissa		Calabria	Mobilità sostenibile · Autovetture con standard di emissioni inferiore a Euro 4	RECORD_MIN|ACCELERAZIONE|ANOMALIA	TERRITORIALE	91.6	SEGNALE PULSE — A MISURA DI COMUNE	2023	Melissa: Autovetture con standard di emissioni inferiore a Euro 4 scende da 44,8 a 42,23 nel 2023.	60.116959|56.901408|53.610503|50.712401|47.628761|46.235472|44.80358|42.226488				Record: ultimo valore sotto i valori recenti precedenti.¦Accelerazione: ultimo cambiamento più intenso del precedente.¦Anomalia: livello o variazione insoliti rispetto alla storia recente.¦Unità di misura: %.¦Serie storica ufficiale ISTAT A misura di Comune.¦ANNUAL_PERIODS:2016|2017|2018|2019|2020|2021|2022|2023¦Il periodo della notizia è l'anno statistico reale, non la data di pubblicazione 2026.	ISTAT - A misura di Comune	https://www.istat.it/statistica-sperimentale/aggiornamento-degli-indicatori-del-sistema-informativo-a-misura-di-comune/
41e7944bb1898ed1	081010	Gibellina		Sicilia	Mobilità sostenibile · Autovetture con standard di emissioni inferiore a Euro 4	RECORD_MIN|ACCELERAZIONE|ANOMALIA	TERRITORIALE	91.6	SEGNALE PULSE — A MISURA DI COMUNE	2023	Gibellina: Autovetture con standard di emissioni inferiore a Euro 4 scende da 40,38 a 37,63 nel 2023.	57.009009|52.79223|50.068871|47.548852|44.763514|41.869919|40.378657|37.633667				Record: ultimo valore sotto i valori recenti precedenti.¦Accelerazione: ultimo cambiamento più intenso del precedente.¦Anomalia: livello o variazione insoliti rispetto alla storia recente.¦Unità di misura: %.¦Serie storica ufficiale ISTAT A misura di Comune.¦ANNUAL_PERIODS:2016|2017|2018|2019|2020|2021|2022|2023¦Il periodo della notizia è l'anno statistico reale, non la data di pubblicazione 2026.	ISTAT - A misura di Comune	https://www.istat.it/statistica-sperimentale/aggiornamento-degli-indicatori-del-sistema-informativo-a-misura-di-comune/
239244ad06e0d909	098012	Caselle Lurani		Lombardia	Mobilità sostenibile · Autovetture con standard di emissioni inferiore a Euro 4	RECORD_MIN|ACCELERAZIONE|ANOMALIA	TERRITORIALE	91.6	SEGNALE PULSE — A MISURA DI COMUNE	2023	Caselle Lurani: Autovetture con standard di emissioni inferiore a Euro 4 scende da 22,48 a 20,17 nel 2023.	37.086777|33.435583|31.114398|28.933002|26.266137|23.679061|22.476841|20.170859				Record: ultimo valore sotto i valori recenti precedenti.¦Accelerazione: ultimo cambiamento più intenso del precedente.¦Anomalia: livello o variazione insoliti rispetto alla storia recente.¦Unità di misura: %.¦Serie storica ufficiale ISTAT A misura di Comune.¦ANNUAL_PERIODS:2016|2017|2018|2019|2020|2021|2022|2023¦Il periodo della notizia è l'anno statistico reale, non la data di pubblicazione 2026.	ISTAT - A misura di Comune	https://www.istat.it/statistica-sperimentale/aggiornamento-degli-indicatori-del-sistema-informativo-a-misura-di-comune/
9278d276cfd7f3a9	090020	Burgos		Sardegna	Mobilità sostenibile · Autovetture con standard di emissioni inferiore a Euro 4	RECORD_MIN|ACCELERAZIONE|ANOMALIA	TERRITORIALE	91.6	SEGNALE PULSE — A MISURA DI COMUNE	2023	Burgos: Autovetture con standard di emissioni inferiore a Euro 4 scende da 41 a 37,97 nel 2023.	56.019262|51.567398|49.251497|46.935725|44.075145|41.359773|41|37.974684				Record: ultimo valore sotto i valori recenti precedenti.¦Accelerazione: ultimo cambiamento più intenso del precedente.¦Anomalia: livello o variazione insoliti rispetto alla storia recente.¦Unità di misura: %.¦Serie storica ufficiale ISTAT A misura di Comune.¦ANNUAL_PERIODS:2016|2017|2018|2019|2020|2021|2022|2023¦Il periodo della notizia è l'anno statistico reale, non la data di pubblicazione 2026.	ISTAT - A misura di Comune	https://www.istat.it/statistica-sperimentale/aggiornamento-degli-indicatori-del-sistema-informativo-a-misura-di-comune/
76cba786670c7b23	076012	Bella		Basilicata	Mobilità sostenibile · Autovetture con standard di emissioni inferiore a Euro 4	RECORD_MIN|ACCELERAZIONE|ANOMALIA	TERRITORIALE	91.5	SEGNALE PULSE — A MISURA DI COMUNE	2023	Bella: Autovetture con standard di emissioni inferiore a Euro 4 scende da 48,54 a 45,9 nel 2023.	63.844326|60.910426|57.694524|55.132971|52.565564|50.056497|48.54314|45.898876				Record: ultimo valore sotto i valori recenti precedenti.¦Accelerazione: ultimo cambiamento più intenso del precedente.¦Anomalia: livello o variazione insoliti rispetto alla storia recente.¦Unità di misura: %.¦Serie storica ufficiale ISTAT A misura di Comune.¦ANNUAL_PERIODS:2016|2017|2018|2019|2020|2021|2022|2023¦Il periodo della notizia è l'anno statistico reale, non la data di pubblicazione 2026.	ISTAT - A misura di Comune	https://www.istat.it/statistica-sperimentale/aggiornamento-degli-indicatori-del-sistema-informativo-a-misura-di-comune/
5a10657f370093b4	070028	Guardiaregia		Molise	Mobilità sostenibile · Autovetture con standard di emissioni inferiore a Euro 4	RECORD_MIN|ACCELERAZIONE|ANOMALIA	TERRITORIALE	91.5	SEGNALE PULSE — A MISURA DI COMUNE	2023	Guardiaregia: Autovetture con standard di emissioni inferiore a Euro 4 scende da 45,49 a 42,6 nel 2023.	56.704981|54.135338|51.538462|49.348231|46.753247|45.772059|45.488722|42.595978				Record: ultimo valore sotto i valori recenti precedenti.¦Accelerazione: ultimo cambiamento più intenso del precedente.¦Anomalia: livello o variazione insoliti rispetto alla storia recente.¦Unità di misura: %.¦Serie storica ufficiale ISTAT A misura di Comune.¦ANNUAL_PERIODS:2016|2017|2018|2019|2020|2021|2022|2023¦Il periodo della notizia è l'anno statistico reale, non la data di pubblicazione 2026.	ISTAT - A misura di Comune	https://www.istat.it/statistica-sperimentale/aggiornamento-degli-indicatori-del-sistema-informativo-a-misura-di-comune/
cc1350cbf17c7480	071050	San Paolo di Civitate		Puglia	Mobilità sostenibile · Autovetture con standard di emissioni inferiore a Euro 4	RECORD_MIN|RALLENTAMENTO|ANOMALIA	TERRITORIALE	91.5	SEGNALE PULSE — A MISURA DI COMUNE	2023	San Paolo di Civitate: Autovetture con standard di emissioni inferiore a Euro 4 scende da 44,25 a 42,58 nel 2023.	64.138607|59.763503|56.765984|53.515505|50.587526|47.623239|44.254703|42.579909				Record: ultimo valore sotto i valori recenti precedenti.¦Rallentamento: ultimo cambiamento più contenuto del precedente.¦Anomalia: livello o variazione insoliti rispetto alla storia recente.¦Unità di misura: %.¦Serie storica ufficiale ISTAT A misura di Comune.¦ANNUAL_PERIODS:2016|2017|2018|2019|2020|2021|2022|2023¦Il periodo della notizia è l'anno statistico reale, non la data di pubblicazione 2026.	ISTAT - A misura di Comune	https://www.istat.it/statistica-sperimentale/aggiornamento-degli-indicatori-del-sistema-informativo-a-misura-di-comune/
ffe9cf77fa8ca7ad	111102	Villaperuccio		Sardegna	Mobilità sostenibile · Autovetture con standard di emissioni inferiore a Euro 4	RECORD_MIN|ACCELERAZIONE|ANOMALIA	TERRITORIALE	91.5	SEGNALE PULSE — A MISURA DI COMUNE	2023	Villaperuccio: Autovetture con standard di emissioni inferiore a Euro 4 scende da 32,94 a 30,75 nel 2023.	47.286822|44.325153|42.496285|39.592431|36.918605|34.214391|32.942899|30.746706				Record: ultimo valore sotto i valori recenti precedenti.¦Accelerazione: ultimo cambiamento più intenso del precedente.¦Anomalia: livello o variazione insoliti rispetto alla storia recente.¦Unità di misura: %.¦Serie storica ufficiale ISTAT A misura di Comune.¦ANNUAL_PERIODS:2016|2017|2018|2019|2020|2021|2022|2023¦Il periodo della notizia è l'anno statistico reale, non la data di pubblicazione 2026.	ISTAT - A misura di Comune	https://www.istat.it/statistica-sperimentale/aggiornamento-degli-indicatori-del-sistema-informativo-a-misura-di-comune/
19431e8099efc35b	090050	Osilo		Sardegna	Mobilità sostenibile · Autovetture con standard di emissioni inferiore a Euro 4	RECORD_MIN|RALLENTAMENTO|ANOMALIA	TERRITORIALE	91.4	SEGNALE PULSE — A MISURA DI COMUNE	2023	Osilo: Autovetture con standard di emissioni inferiore a Euro 4 scende da 33,03 a 31,69 nel 2023.	51.125755|47.621651|44.812834|41.449426|38.671473|35.850026|33.025167|31.685166				Record: ultimo valore sotto i valori recenti precedenti.¦Rallentamento: ultimo cambiamento più contenuto del precedente.¦Anomalia: livello o variazione insoliti rispetto alla storia recente.¦Unità di misura: %.¦Serie storica ufficiale ISTAT A misura di Comune.¦ANNUAL_PERIODS:2016|2017|2018|2019|2020|2021|2022|2023¦Il periodo della notizia è l'anno statistico reale, non la data di pubblicazione 2026.	ISTAT - A misura di Comune	https://www.istat.it/statistica-sperimentale/aggiornamento-degli-indicatori-del-sistema-informativo-a-misura-di-comune/
1547690a4b1291e6	090023	Castelsardo		Sardegna	Mobilità sostenibile · Autovetture con standard di emissioni inferiore a Euro 4	RECORD_MIN|ACCELERAZIONE|ANOMALIA	TERRITORIALE	91.4	SEGNALE PULSE — A MISURA DI COMUNE	2023	Castelsardo: Autovetture con standard di emissioni inferiore a Euro 4 scende da 28,07 a 25,73 nel 2023.	42.424242|39.772727|36.818454|34.257368|31.879484|29.439776|28.069212|25.729877				Record: ultimo valore sotto i valori recenti precedenti.¦Accelerazione: ultimo cambiamento più intenso del precedente.¦Anomalia: livello o variazione insoliti rispetto alla storia recente.¦Unità di misura: %.¦Serie storica ufficiale ISTAT A misura di Comune.¦ANNUAL_PERIODS:2016|2017|2018|2019|2020|2021|2022|2023¦Il periodo della notizia è l'anno statistico reale, non la data di pubblicazione 2026.	ISTAT - A misura di Comune	https://www.istat.it/statistica-sperimentale/aggiornamento-degli-indicatori-del-sistema-informativo-a-misura-di-comune/
8fcfa43c56c8ea53	095052	Sedilo		Sardegna	Ambiente · Raccolta differenziata dei rifiuti urbani	RECORD_MAX|RALLENTAMENTO|ANOMALIA	TERRITORIALE	91.4	SEGNALE PULSE — A MISURA DI COMUNE	2024	Sedilo: Raccolta differenziata dei rifiuti urbani sale da 86,96 a 89,19 nel 2024.	77.679171|77.914994|79.11698|79.694809|77.422751|78.271029|86.960958|89.189548				Record: ultimo valore sopra i valori recenti precedenti.¦Rallentamento: ultimo cambiamento più contenuto del precedente.¦Anomalia: livello o variazione insoliti rispetto alla storia recente.¦Unità di misura: %.¦Serie storica ufficiale ISTAT A misura di Comune.¦ANNUAL_PERIODS:2017|2018|2019|2020|2021|2022|2023|2024¦Il periodo della notizia è l'anno statistico reale, non la data di pubblicazione 2026.	ISTAT - A misura di Comune	https://www.istat.it/statistica-sperimentale/aggiornamento-degli-indicatori-del-sistema-informativo-a-misura-di-comune/
78e18537de0753b5	028068	Pontelongo		Veneto	Mobilità sostenibile · Autovetture con standard di emissioni inferiore a Euro 4	RECORD_MIN|ACCELERAZIONE|ANOMALIA	TERRITORIALE	91.4	SEGNALE PULSE — A MISURA DI COMUNE	2023	Pontelongo: Autovetture con standard di emissioni inferiore a Euro 4 scende da 28,39 a 26,31 nel 2023.	43.824176|40.149516|37.750654|35.101868|32.309006|29.414298|28.388747|26.306914				Record: ultimo valore sotto i valori recenti precedenti.¦Accelerazione: ultimo cambiamento più intenso del precedente.¦Anomalia: livello o variazione insoliti rispetto alla storia recente.¦Unità di misura: %.¦Serie storica ufficiale ISTAT A misura di Comune.¦ANNUAL_PERIODS:2016|2017|2018|2019|2020|2021|2022|2023¦Il periodo della notizia è l'anno statistico reale, non la data di pubblicazione 2026.	ISTAT - A misura di Comune	https://www.istat.it/statistica-sperimentale/aggiornamento-degli-indicatori-del-sistema-informativo-a-misura-di-comune/
b747bb334ded0d7c	076094	Vaglio Basilicata		Basilicata	Mobilità sostenibile · Autovetture con standard di emissioni inferiore a Euro 4	RECORD_MIN|ACCELERAZIONE|ANOMALIA	TERRITORIALE	91.3	SEGNALE PULSE — A MISURA DI COMUNE	2023	Vaglio Basilicata: Autovetture con standard di emissioni inferiore a Euro 4 scende da 42,39 a 39,84 nel 2023.	56.598447|53.835327|50.905292|48.449345|46.580907|43.661972|42.389853|39.837398				Record: ultimo valore sotto i valori recenti precedenti.¦Accelerazione: ultimo cambiamento più intenso del precedente.¦Anomalia: livello o variazione insoliti rispetto alla storia recente.¦Unità di misura: %.¦Serie storica ufficiale ISTAT A misura di Comune.¦ANNUAL_PERIODS:2016|2017|2018|2019|2020|2021|2022|2023¦Il periodo della notizia è l'anno statistico reale, non la data di pubblicazione 2026.	ISTAT - A misura di Comune	https://www.istat.it/statistica-sperimentale/aggiornamento-degli-indicatori-del-sistema-informativo-a-misura-di-comune/
03aefa0bdefed27c	031006	Fogliano Redipuglia		Friuli-Venezia Giulia	Mobilità sostenibile · Autovetture con standard di emissioni inferiore a Euro 4	RECORD_MIN|ACCELERAZIONE|ANOMALIA	TERRITORIALE	91.3	SEGNALE PULSE — A MISURA DI COMUNE	2023	Fogliano Redipuglia: Autovetture con standard di emissioni inferiore a Euro 4 scende da 20,63 a 18,26 nel 2023.	36.409995|33.148055|30.104843|27.340267|24.441133|21.972656|20.628871|18.264621				Record: ultimo valore sotto i valori recenti precedenti.¦Accelerazione: ultimo cambiamento più intenso del precedente.¦Anomalia: livello o variazione insoliti rispetto alla storia recente.¦Unità di misura: %.¦Serie storica ufficiale ISTAT A misura di Comune.¦ANNUAL_PERIODS:2016|2017|2018|2019|2020|2021|2022|2023¦Il periodo della notizia è l'anno statistico reale, non la data di pubblicazione 2026.	ISTAT - A misura di Comune	https://www.istat.it/statistica-sperimentale/aggiornamento-degli-indicatori-del-sistema-informativo-a-misura-di-comune/
ec3a6154df626a75	010045	Propata		Liguria	Mobilità sostenibile · Autovetture con standard di emissioni inferiore a Euro 4	RECORD_MIN|INVERSIONE|ANOMALIA	TERRITORIALE	91.3	SEGNALE PULSE — A MISURA DI COMUNE	2023	Propata: Autovetture con standard di emissioni inferiore a Euro 4 scende da 38,46 a 29,27 nel 2023.	43.055556|43.835616|37.837838|41.333333|40.506329|38.028169|38.461538|29.268293				Record: ultimo valore sotto i valori recenti precedenti.¦Inversione: l'ultima variazione cambia segno.¦Anomalia: livello o variazione insoliti rispetto alla storia recente.¦Unità di misura: %.¦Serie storica ufficiale ISTAT A misura di Comune.¦ANNUAL_PERIODS:2016|2017|2018|2019|2020|2021|2022|2023¦Il periodo della notizia è l'anno statistico reale, non la data di pubblicazione 2026.	ISTAT - A misura di Comune	https://www.istat.it/statistica-sperimentale/aggiornamento-degli-indicatori-del-sistema-informativo-a-misura-di-comune/
e18106d0f5d46cfa	034046	Varsi		Emilia-Romagna	Mobilità sostenibile · Autovetture con standard di emissioni inferiore a Euro 4	RECORD_MIN|ACCELERAZIONE|ANOMALIA	TERRITORIALE	91.3	SEGNALE PULSE — A MISURA DI COMUNE	2023	Varsi: Autovetture con standard di emissioni inferiore a Euro 4 scende da 36,7 a 35,15 nel 2023.	48.474946|46.227418|44.279661|42.110763|39.792746|37.5|36.703741|35.151515				Record: ultimo valore sotto i valori recenti precedenti.¦Accelerazione: ultimo cambiamento più intenso del precedente.¦Anomalia: livello o variazione insoliti rispetto alla storia recente.¦Unità di misura: %.¦Serie storica ufficiale ISTAT A misura di Comune.¦ANNUAL_PERIODS:2016|2017|2018|2019|2020|2021|2022|2023¦Il periodo della notizia è l'anno statistico reale, non la data di pubblicazione 2026.	ISTAT - A misura di Comune	https://www.istat.it/statistica-sperimentale/aggiornamento-degli-indicatori-del-sistema-informativo-a-misura-di-comune/
ec38aa81c8f894e0	083085	Sant'Alessio Siculo		Sicilia	Mobilità sostenibile · Autovetture con standard di emissioni inferiore a Euro 4	RECORD_MIN|ACCELERAZIONE|ANOMALIA	TERRITORIALE	91.3	SEGNALE PULSE — A MISURA DI COMUNE	2023	Sant'Alessio Siculo: Autovetture con standard di emissioni inferiore a Euro 4 scende da 44,6 a 42,3 nel 2023.	59.090909|55.776515|53.239437|50.375235|48.011364|45.536519|44.599303|42.301038				Record: ultimo valore sotto i valori recenti precedenti.¦Accelerazione: ultimo cambiamento più intenso del precedente.¦Anomalia: livello o variazione insoliti rispetto alla storia recente.¦Unità di misura: %.¦Serie storica ufficiale ISTAT A misura di Comune.¦ANNUAL_PERIODS:2016|2017|2018|2019|2020|2021|2022|2023¦Il periodo della notizia è l'anno statistico reale, non la data di pubblicazione 2026.	ISTAT - A misura di Comune	https://www.istat.it/statistica-sperimentale/aggiornamento-degli-indicatori-del-sistema-informativo-a-misura-di-comune/
2523738577c6b2c6	017027	Braone		Lombardia	Mobilità sostenibile · Autovetture con standard di emissioni inferiore a Euro 4	RECORD_MIN|ACCELERAZIONE|ANOMALIA	TERRITORIALE	91.3	SEGNALE PULSE — A MISURA DI COMUNE	2023	Braone: Autovetture con standard di emissioni inferiore a Euro 4 scende da 34,81 a 32,14 nel 2023.	51.204819|48.543689|45.769231|42.47619|39.393939|35.645472|34.807692|32.136106				Record: ultimo valore sotto i valori recenti precedenti.¦Accelerazione: ultimo cambiamento più intenso del precedente.¦Anomalia: livello o variazione insoliti rispetto alla storia recente.¦Unità di misura: %.¦Serie storica ufficiale ISTAT A misura di Comune.¦ANNUAL_PERIODS:2016|2017|2018|2019|2020|2021|2022|2023¦Il periodo della notizia è l'anno statistico reale, non la data di pubblicazione 2026.	ISTAT - A misura di Comune	https://www.istat.it/statistica-sperimentale/aggiornamento-degli-indicatori-del-sistema-informativo-a-misura-di-comune/
afb168274d49f417	057008	Borgo Velino		Lazio	Mobilità sostenibile · Autovetture con standard di emissioni inferiore a Euro 4	RECORD_MIN|ACCELERAZIONE|ANOMALIA	TERRITORIALE	91.2	SEGNALE PULSE — A MISURA DI COMUNE	2023	Borgo Velino: Autovetture con standard di emissioni inferiore a Euro 4 scende da 32,46 a 29,45 nel 2023.	49.846626|46.656535|42.401216|38.945827|36.070381|33.187773|32.459971|29.446064				Record: ultimo valore sotto i valori recenti precedenti.¦Accelerazione: ultimo cambiamento più intenso del precedente.¦Anomalia: livello o variazione insoliti rispetto alla storia recente.¦Unità di misura: %.¦Serie storica ufficiale ISTAT A misura di Comune.¦ANNUAL_PERIODS:2016|2017|2018|2019|2020|2021|2022|2023¦Il periodo della notizia è l'anno statistico reale, non la data di pubblicazione 2026.	ISTAT - A misura di Comune	https://www.istat.it/statistica-sperimentale/aggiornamento-degli-indicatori-del-sistema-informativo-a-misura-di-comune/
b145ab86c7eb989e	029031	Lusia		Veneto	Mobilità sostenibile · Autovetture con standard di emissioni inferiore a Euro 4	RECORD_MIN|ACCELERAZIONE|ANOMALIA	TERRITORIALE	91.1	SEGNALE PULSE — A MISURA DI COMUNE	2023	Lusia: Autovetture con standard di emissioni inferiore a Euro 4 scende da 26,42 a 24,48 nel 2023.	42.290941|39.134162|35.815148|32.967033|30.217938|27.459367|26.419121|24.481152				Record: ultimo valore sotto i valori recenti precedenti.¦Accelerazione: ultimo cambiamento più intenso del precedente.¦Anomalia: livello o variazione insoliti rispetto alla storia recente.¦Unità di misura: %.¦Serie storica ufficiale ISTAT A misura di Comune.¦ANNUAL_PERIODS:2016|2017|2018|2019|2020|2021|2022|2023¦Il periodo della notizia è l'anno statistico reale, non la data di pubblicazione 2026.	ISTAT - A misura di Comune	https://www.istat.it/statistica-sperimentale/aggiornamento-degli-indicatori-del-sistema-informativo-a-misura-di-comune/
75af7c9f3d909c61	031014	Mossa		Friuli-Venezia Giulia	Mobilità sostenibile · Autovetture con standard di emissioni inferiore a Euro 4	RECORD_MIN|ACCELERAZIONE|ANOMALIA	TERRITORIALE	91.0	SEGNALE PULSE — A MISURA DI COMUNE	2023	Mossa: Autovetture con standard di emissioni inferiore a Euro 4 scende da 22,7 a 20,67 nel 2023.	40.46729|37.674419|32.447296|29.65642|26.383764|23.599633|22.702206|20.673953				Record: ultimo valore sotto i valori recenti precedenti.¦Accelerazione: ultimo cambiamento più intenso del precedente.¦Anomalia: livello o variazione insoliti rispetto alla storia recente.¦Unità di misura: %.¦Serie storica ufficiale ISTAT A misura di Comune.¦ANNUAL_PERIODS:2016|2017|2018|2019|2020|2021|2022|2023¦Il periodo della notizia è l'anno statistico reale, non la data di pubblicazione 2026.	ISTAT - A misura di Comune	https://www.istat.it/statistica-sperimentale/aggiornamento-degli-indicatori-del-sistema-informativo-a-misura-di-comune/
315a98eb6cac5e0a	030114	Talmassons		Friuli-Venezia Giulia	Mobilità sostenibile · Autovetture con standard di emissioni inferiore a Euro 4	RECORD_MIN|ACCELERAZIONE|ANOMALIA	TERRITORIALE	91.0	SEGNALE PULSE — A MISURA DI COMUNE	2023	Talmassons: Autovetture con standard di emissioni inferiore a Euro 4 scende da 26,79 a 23,87 nel 2023.	42.420898|39.587106|35.775554|32.813583|30.273973|28.044153|26.794258|23.874488				Record: ultimo valore sotto i valori recenti precedenti.¦Accelerazione: ultimo cambiamento più intenso del precedente.¦Anomalia: livello o variazione insoliti rispetto alla storia recente.¦Unità di misura: %.¦Serie storica ufficiale ISTAT A misura di Comune.¦ANNUAL_PERIODS:2016|2017|2018|2019|2020|2021|2022|2023¦Il periodo della notizia è l'anno statistico reale, non la data di pubblicazione 2026.	ISTAT - A misura di Comune	https://www.istat.it/statistica-sperimentale/aggiornamento-degli-indicatori-del-sistema-informativo-a-misura-di-comune/
2a3797a62f3a0543	029045	Stienta		Veneto	Mobilità sostenibile · Autovetture con standard di emissioni inferiore a Euro 4	RECORD_MIN|ACCELERAZIONE|ANOMALIA	TERRITORIALE	91.0	SEGNALE PULSE — A MISURA DI COMUNE	2023	Stienta: Autovetture con standard di emissioni inferiore a Euro 4 scende da 22,6 a 21,03 nel 2023.	36.355007|33.568738|30.997178|28.306265|25.574977|23.280182|22.599638|21.026786				Record: ultimo valore sotto i valori recenti precedenti.¦Accelerazione: ultimo cambiamento più intenso del precedente.¦Anomalia: livello o variazione insoliti rispetto alla storia recente.¦Unità di misura: %.¦Serie storica ufficiale ISTAT A misura di Comune.¦ANNUAL_PERIODS:2016|2017|2018|2019|2020|2021|2022|2023¦Il periodo della notizia è l'anno statistico reale, non la data di pubblicazione 2026.	ISTAT - A misura di Comune	https://www.istat.it/statistica-sperimentale/aggiornamento-degli-indicatori-del-sistema-informativo-a-misura-di-comune/
fbca7e542ce39a9f	030123	Torviscosa		Friuli-Venezia Giulia	Mobilità sostenibile · Autovetture con standard di emissioni inferiore a Euro 4	RECORD_MIN|ACCELERAZIONE|ANOMALIA	TERRITORIALE	91.0	SEGNALE PULSE — A MISURA DI COMUNE	2023	Torviscosa: Autovetture con standard di emissioni inferiore a Euro 4 scende da 21,3 a 19,56 nel 2023.	36.137775|32.760532|29.862259|27.089176|24.459235|21.92159|21.295775|19.560316				Record: ultimo valore sotto i valori recenti precedenti.¦Accelerazione: ultimo cambiamento più intenso del precedente.¦Anomalia: livello o variazione insoliti rispetto alla storia recente.¦Unità di misura: %.¦Serie storica ufficiale ISTAT A misura di Comune.¦ANNUAL_PERIODS:2016|2017|2018|2019|2020|2021|2022|2023¦Il periodo della notizia è l'anno statistico reale, non la data di pubblicazione 2026.	ISTAT - A misura di Comune	https://www.istat.it/statistica-sperimentale/aggiornamento-degli-indicatori-del-sistema-informativo-a-misura-di-comune/
b0d1cedc9b54d30a	091089	Tertenia		Sardegna	Ambiente · Raccolta differenziata dei rifiuti urbani	RECORD_MAX|INVERSIONE|ANOMALIA	TERRITORIALE	90.9	SEGNALE PULSE — A MISURA DI COMUNE	2024	Tertenia: Raccolta differenziata dei rifiuti urbani sale da 73,58 a 78,68 nel 2024.	64.291125|71.205051|72.720015|74.635955|74.416973|73.665103|73.576754|78.677001				Record: ultimo valore sopra i valori recenti precedenti.¦Inversione: l'ultima variazione cambia segno.¦Anomalia: livello o variazione insoliti rispetto alla storia recente.¦Unità di misura: %.¦Serie storica ufficiale ISTAT A misura di Comune.¦ANNUAL_PERIODS:2017|2018|2019|2020|2021|2022|2023|2024¦Il periodo della notizia è l'anno statistico reale, non la data di pubblicazione 2026.	ISTAT - A misura di Comune	https://www.istat.it/statistica-sperimentale/aggiornamento-degli-indicatori-del-sistema-informativo-a-misura-di-comune/
206ec4c70373068a	040036	Rocca San Casciano		Emilia-Romagna	Mobilità sostenibile · Autovetture con standard di emissioni inferiore a Euro 4	RECORD_MIN|ACCELERAZIONE|ANOMALIA	TERRITORIALE	90.8	SEGNALE PULSE — A MISURA DI COMUNE	2023	Rocca San Casciano: Autovetture con standard di emissioni inferiore a Euro 4 scende da 27,22 a 25,84 nel 2023.	40.999139|37.928082|34.861592|31.892826|28.894691|27.280626|27.21843|25.83691				Record: ultimo valore sotto i valori recenti precedenti.¦Accelerazione: ultimo cambiamento più intenso del precedente.¦Anomalia: livello o variazione insoliti rispetto alla storia recente.¦Unità di misura: %.¦Serie storica ufficiale ISTAT A misura di Comune.¦ANNUAL_PERIODS:2016|2017|2018|2019|2020|2021|2022|2023¦Il periodo della notizia è l'anno statistico reale, non la data di pubblicazione 2026.	ISTAT - A misura di Comune	https://www.istat.it/statistica-sperimentale/aggiornamento-degli-indicatori-del-sistema-informativo-a-misura-di-comune/
cebc877aff468db1	082012	Bompietro		Sicilia	Mobilità sostenibile · Autovetture con standard di emissioni inferiore a Euro 4	RECORD_MIN|ACCELERAZIONE|ANOMALIA	TERRITORIALE	90.8	SEGNALE PULSE — A MISURA DI COMUNE	2023	Bompietro: Autovetture con standard di emissioni inferiore a Euro 4 scende da 50 a 47,22 nel 2023.	65.047518|62.05074|59.87395|57.201226|54.610656|51.628825|50|47.2167				Record: ultimo valore sotto i valori recenti precedenti.¦Accelerazione: ultimo cambiamento più intenso del precedente.¦Anomalia: livello o variazione insoliti rispetto alla storia recente.¦Unità di misura: %.¦Serie storica ufficiale ISTAT A misura di Comune.¦ANNUAL_PERIODS:2016|2017|2018|2019|2020|2021|2022|2023¦Il periodo della notizia è l'anno statistico reale, non la data di pubblicazione 2026.	ISTAT - A misura di Comune	https://www.istat.it/statistica-sperimentale/aggiornamento-degli-indicatori-del-sistema-informativo-a-misura-di-comune/
d29e5049ad66e65a	093014	Cimolais		Friuli-Venezia Giulia	Mobilità sostenibile · Autovetture con standard di emissioni inferiore a Euro 4	RECORD_MIN|ACCELERAZIONE|ANOMALIA	TERRITORIALE	90.7	SEGNALE PULSE — A MISURA DI COMUNE	2023	Cimolais: Autovetture con standard di emissioni inferiore a Euro 4 scende da 13,12 a 11,16 nel 2023.	23.963134|22.119816|20.095694|18.055556|16.509434|13.953488|13.122172|11.160714				Record: ultimo valore sotto i valori recenti precedenti.¦Accelerazione: ultimo cambiamento più intenso del precedente.¦Anomalia: livello o variazione insoliti rispetto alla storia recente.¦Unità di misura: %.¦Serie storica ufficiale ISTAT A misura di Comune.¦ANNUAL_PERIODS:2016|2017|2018|2019|2020|2021|2022|2023¦Il periodo della notizia è l'anno statistico reale, non la data di pubblicazione 2026.	ISTAT - A misura di Comune	https://www.istat.it/statistica-sperimentale/aggiornamento-degli-indicatori-del-sistema-informativo-a-misura-di-comune/
bd0ee02cd99a3afb	076017	Campomaggiore		Basilicata	Mobilità sostenibile · Autovetture con standard di emissioni inferiore a Euro 4	RECORD_MIN|ACCELERAZIONE|ANOMALIA	TERRITORIALE	90.6	SEGNALE PULSE — A MISURA DI COMUNE	2023	Campomaggiore: Autovetture con standard di emissioni inferiore a Euro 4 scende da 48,04 a 45,93 nel 2023.	57.926829|56.385069|53.571429|51.736746|50.45045|48.920863|48.042705|45.92721				Record: ultimo valore sotto i valori recenti precedenti.¦Accelerazione: ultimo cambiamento più intenso del precedente.¦Anomalia: livello o variazione insoliti rispetto alla storia recente.¦Unità di misura: %.¦Serie storica ufficiale ISTAT A misura di Comune.¦ANNUAL_PERIODS:2016|2017|2018|2019|2020|2021|2022|2023¦Il periodo della notizia è l'anno statistico reale, non la data di pubblicazione 2026.	ISTAT - A misura di Comune	https://www.istat.it/statistica-sperimentale/aggiornamento-degli-indicatori-del-sistema-informativo-a-misura-di-comune/
25b088df6adc6676	007003	Aosta		Valle d'Aosta/Vallée d'Aoste	Ambiente · Raccolta differenziata dei rifiuti urbani	RECORD_MAX|ACCELERAZIONE|ANOMALIA	TERRITORIALE	90.6	SEGNALE PULSE — A MISURA DI COMUNE	2024	Aosta: Raccolta differenziata dei rifiuti urbani sale da 71,53 a 78,61 nel 2024.	67.696825|67.269807|69.173729|66.028902|65.796956|69.217552|71.53431|78.605028				Record: ultimo valore sopra i valori recenti precedenti.¦Accelerazione: ultimo cambiamento più intenso del precedente.¦Anomalia: livello o variazione insoliti rispetto alla storia recente.¦Unità di misura: %.¦Serie storica ufficiale ISTAT A misura di Comune.¦ANNUAL_PERIODS:2017|2018|2019|2020|2021|2022|2023|2024¦Il periodo della notizia è l'anno statistico reale, non la data di pubblicazione 2026.	ISTAT - A misura di Comune	https://www.istat.it/statistica-sperimentale/aggiornamento-degli-indicatori-del-sistema-informativo-a-misura-di-comune/
d6d9fade3e890a4f	022142	Pieve Tesino		Trentino-Alto Adige/Südtirol	Mobilità sostenibile · Autovetture con standard di emissioni inferiore a Euro 4	RECORD_MIN|ACCELERAZIONE|ANOMALIA	TERRITORIALE	90.6	SEGNALE PULSE — A MISURA DI COMUNE	2023	Pieve Tesino: Autovetture con standard di emissioni inferiore a Euro 4 scende da 22,87 a 21,73 nel 2023.	40.521327|35.962877|32.657658|29.452055|26.351351|23.024831|22.869955|21.72949				Record: ultimo valore sotto i valori recenti precedenti.¦Accelerazione: ultimo cambiamento più intenso del precedente.¦Anomalia: livello o variazione insoliti rispetto alla storia recente.¦Unità di misura: %.¦Serie storica ufficiale ISTAT A misura di Comune.¦ANNUAL_PERIODS:2016|2017|2018|2019|2020|2021|2022|2023¦Il periodo della notizia è l'anno statistico reale, non la data di pubblicazione 2026.	ISTAT - A misura di Comune	https://www.istat.it/statistica-sperimentale/aggiornamento-degli-indicatori-del-sistema-informativo-a-misura-di-comune/
88eaed0bf6a266b1	092051	Quartu Sant'Elena		Sardegna	Ambiente · Raccolta differenziata dei rifiuti urbani	RECORD_MAX|ACCELERAZIONE|ANOMALIA	TERRITORIALE	90.4	SEGNALE PULSE — A MISURA DI COMUNE	2024	Quartu Sant'Elena: Raccolta differenziata dei rifiuti urbani sale da 76,67 a 79,33 nel 2024.	71.232214|72.913156|73.453903|73.879312|73.185358|75.856253|76.672072|79.33011				Record: ultimo valore sopra i valori recenti precedenti.¦Accelerazione: ultimo cambiamento più intenso del precedente.¦Anomalia: livello o variazione insoliti rispetto alla storia recente.¦Unità di misura: %.¦Serie storica ufficiale ISTAT A misura di Comune.¦ANNUAL_PERIODS:2017|2018|2019|2020|2021|2022|2023|2024¦Il periodo della notizia è l'anno statistico reale, non la data di pubblicazione 2026.	ISTAT - A misura di Comune	https://www.istat.it/statistica-sperimentale/aggiornamento-degli-indicatori-del-sistema-informativo-a-misura-di-comune/
cc0086ec3855df99	042046	Serra de' Conti		Marche	Ambiente · Raccolta differenziata dei rifiuti urbani	RECORD_MIN|INVERSIONE|ANOMALIA	TERRITORIALE	90.1	SEGNALE PULSE — A MISURA DI COMUNE	2024	Serra de' Conti: Raccolta differenziata dei rifiuti urbani scende da 78,13 a 77,17 nel 2024.	77.438474|78.575515|78.82431|78.818295|78.649855|77.915578|78.132185|77.166931				Record: ultimo valore sotto i valori recenti precedenti.¦Inversione: l'ultima variazione cambia segno.¦Anomalia: livello o variazione insoliti rispetto alla storia recente.¦Unità di misura: %.¦Serie storica ufficiale ISTAT A misura di Comune.¦ANNUAL_PERIODS:2017|2018|2019|2020|2021|2022|2023|2024¦Il periodo della notizia è l'anno statistico reale, non la data di pubblicazione 2026.	ISTAT - A misura di Comune	https://www.istat.it/statistica-sperimentale/aggiornamento-degli-indicatori-del-sistema-informativo-a-misura-di-comune/
e9128b942094cfde	109014	Montefalcone Appennino		Marche	Ambiente · Raccolta differenziata dei rifiuti urbani	RECORD_MAX|INVERSIONE|ANOMALIA	TERRITORIALE	90.1	SEGNALE PULSE — A MISURA DI COMUNE	2024	Montefalcone Appennino: Raccolta differenziata dei rifiuti urbani sale da 22,99 a 50,61 nel 2024.	38.581479|43.291613|42.435514|45.5713|39.486246|35.28195|22.992218|50.610928				Record: ultimo valore sopra i valori recenti precedenti.¦Inversione: l'ultima variazione cambia segno.¦Anomalia: livello o variazione insoliti rispetto alla storia recente.¦Unità di misura: %.¦Serie storica ufficiale ISTAT A misura di Comune.¦ANNUAL_PERIODS:2017|2018|2019|2020|2021|2022|2023|2024¦Il periodo della notizia è l'anno statistico reale, non la data di pubblicazione 2026.	ISTAT - A misura di Comune	https://www.istat.it/statistica-sperimentale/aggiornamento-degli-indicatori-del-sistema-informativo-a-misura-di-comune/
88a78715dede30e5	043003	Appignano		Marche	Mobilità sostenibile · Autovetture con standard di emissioni inferiore a Euro 4	RECORD_MIN|ACCELERAZIONE|ANOMALIA	TERRITORIALE	89.8	SEGNALE PULSE — A MISURA DI COMUNE	2023	Appignano: Autovetture con standard di emissioni inferiore a Euro 4 scende da 26,95 a 25,22 nel 2023.	41.983414|38.658038|35.375762|32.089304|29.212363|27.848515|26.949207|25.216833				Record: ultimo valore sotto i valori recenti precedenti.¦Accelerazione: ultimo cambiamento più intenso del precedente.¦Anomalia: livello o variazione insoliti rispetto alla storia recente.¦Unità di misura: %.¦Serie storica ufficiale ISTAT A misura di Comune.¦ANNUAL_PERIODS:2016|2017|2018|2019|2020|2021|2022|2023¦Il periodo della notizia è l'anno statistico reale, non la data di pubblicazione 2026.	ISTAT - A misura di Comune	https://www.istat.it/statistica-sperimentale/aggiornamento-degli-indicatori-del-sistema-informativo-a-misura-di-comune/
7d64bd7119c863a3	024007	Arsiero		Veneto	Mobilità sostenibile · Autovetture con standard di emissioni inferiore a Euro 4	RECORD_MIN|ACCELERAZIONE|ANOMALIA	TERRITORIALE	89.7	SEGNALE PULSE — A MISURA DI COMUNE	2023	Arsiero: Autovetture con standard di emissioni inferiore a Euro 4 scende da 34,4 a 32,39 nel 2023.	49.015219|45.933014|43.067227|39.762002|36.761669|34.419382|34.401973|32.390953				Record: ultimo valore sotto i valori recenti precedenti.¦Accelerazione: ultimo cambiamento più intenso del precedente.¦Anomalia: livello o variazione insoliti rispetto alla storia recente.¦Unità di misura: %.¦Serie storica ufficiale ISTAT A misura di Comune.¦ANNUAL_PERIODS:2016|2017|2018|2019|2020|2021|2022|2023¦Il periodo della notizia è l'anno statistico reale, non la data di pubblicazione 2026.	ISTAT - A misura di Comune	https://www.istat.it/statistica-sperimentale/aggiornamento-degli-indicatori-del-sistema-informativo-a-misura-di-comune/
0a961cc5069a040e	076097	Viggianello		Basilicata	Mobilità sostenibile · Autovetture con standard di emissioni inferiore a Euro 4	RECORD_MIN|ACCELERAZIONE|ANOMALIA	TERRITORIALE	89.4	SEGNALE PULSE — A MISURA DI COMUNE	2023	Viggianello: Autovetture con standard di emissioni inferiore a Euro 4 scende da 48,48 a 46,7 nel 2023.	61.844041|59.185652|56.661925|53.795994|52.292728|49.497717|48.483477|46.696833				Record: ultimo valore sotto i valori recenti precedenti.¦Accelerazione: ultimo cambiamento più intenso del precedente.¦Anomalia: livello o variazione insoliti rispetto alla storia recente.¦Unità di misura: %.¦Serie storica ufficiale ISTAT A misura di Comune.¦ANNUAL_PERIODS:2016|2017|2018|2019|2020|2021|2022|2023¦Il periodo della notizia è l'anno statistico reale, non la data di pubblicazione 2026.	ISTAT - A misura di Comune	https://www.istat.it/statistica-sperimentale/aggiornamento-degli-indicatori-del-sistema-informativo-a-misura-di-comune/
e7459df869f97633	044005	Appignano del Tronto		Marche	Ambiente · Raccolta differenziata dei rifiuti urbani	RECORD_MAX|ACCELERAZIONE|ANOMALIA	TERRITORIALE	89.4	SEGNALE PULSE — A MISURA DI COMUNE	2024	Appignano del Tronto: Raccolta differenziata dei rifiuti urbani sale da 65,26 a 67,56 nel 2024.	62.20058|65.078703|66.135054|66.913966|65.312295|65.177504|65.258806|67.561231				Record: ultimo valore sopra i valori recenti precedenti.¦Accelerazione: ultimo cambiamento più intenso del precedente.¦Anomalia: livello o variazione insoliti rispetto alla storia recente.¦Unità di misura: %.¦Serie storica ufficiale ISTAT A misura di Comune.¦ANNUAL_PERIODS:2017|2018|2019|2020|2021|2022|2023|2024¦Il periodo della notizia è l'anno statistico reale, non la data di pubblicazione 2026.	ISTAT - A misura di Comune	https://www.istat.it/statistica-sperimentale/aggiornamento-degli-indicatori-del-sistema-informativo-a-misura-di-comune/
a54868584803f674	042050	Trecastelli		Marche	Ambiente · Raccolta differenziata dei rifiuti urbani	RECORD_MIN|INVERSIONE|ANOMALIA	TERRITORIALE	89.4	SEGNALE PULSE — A MISURA DI COMUNE	2024	Trecastelli: Raccolta differenziata dei rifiuti urbani scende da 68,92 a 67,07 nel 2024.	71.066936|71.88327|68.226664|69.168328|68.887424|68.806344|68.923984|67.066563				Record: ultimo valore sotto i valori recenti precedenti.¦Inversione: l'ultima variazione cambia segno.¦Anomalia: livello o variazione insoliti rispetto alla storia recente.¦Unità di misura: %.¦Serie storica ufficiale ISTAT A misura di Comune.¦ANNUAL_PERIODS:2017|2018|2019|2020|2021|2022|2023|2024¦Il periodo della notizia è l'anno statistico reale, non la data di pubblicazione 2026.	ISTAT - A misura di Comune	https://www.istat.it/statistica-sperimentale/aggiornamento-degli-indicatori-del-sistema-informativo-a-misura-di-comune/
068acadda7084d30	082016	Campofelice di Fitalia		Sicilia	Mobilità sostenibile · Autovetture con standard di emissioni inferiore a Euro 4	RECORD_MIN|RALLENTAMENTO|ANOMALIA	TERRITORIALE	89.3	SEGNALE PULSE — A MISURA DI COMUNE	2023	Campofelice di Fitalia: Autovetture con standard di emissioni inferiore a Euro 4 scende da 52,8 a 52,01 nel 2023.	68.561873|65.25974|62.974684|60.702875|57.142857|55|52.80236|52.011494				Record: ultimo valore sotto i valori recenti precedenti.¦Rallentamento: ultimo cambiamento più contenuto del precedente.¦Anomalia: livello o variazione insoliti rispetto alla storia recente.¦Unità di misura: %.¦Serie storica ufficiale ISTAT A misura di Comune.¦ANNUAL_PERIODS:2016|2017|2018|2019|2020|2021|2022|2023¦Il periodo della notizia è l'anno statistico reale, non la data di pubblicazione 2026.	ISTAT - A misura di Comune	https://www.istat.it/statistica-sperimentale/aggiornamento-degli-indicatori-del-sistema-informativo-a-misura-di-comune/
8bebb72ca61182c7	022054	Cavizzana		Trentino-Alto Adige/Südtirol	Mobilità sostenibile · Autovetture con standard di emissioni inferiore a Euro 4	RECORD_MIN|ANOMALIA	TERRITORIALE	89.1	SEGNALE PULSE — A MISURA DI COMUNE	2023	Cavizzana: Autovetture con standard di emissioni inferiore a Euro 4 scende da 20 a 17,71 nel 2023.	37.908497|33.986928|34.161491|30.06135|28.220859|24.157303|20|17.714286				Record: ultimo valore sotto i valori recenti precedenti.¦Anomalia: livello o variazione insoliti rispetto alla storia recente.¦Unità di misura: %.¦Serie storica ufficiale ISTAT A misura di Comune.¦ANNUAL_PERIODS:2016|2017|2018|2019|2020|2021|2022|2023¦Il periodo della notizia è l'anno statistico reale, non la data di pubblicazione 2026.	ISTAT - A misura di Comune	https://www.istat.it/statistica-sperimentale/aggiornamento-degli-indicatori-del-sistema-informativo-a-misura-di-comune/
6dd8aee28dc6f41b	060023	Castro dei Volsci		Lazio	Mobilità sostenibile · Autovetture con standard di emissioni inferiore a Euro 4	RECORD_MIN|ACCELERAZIONE|ANOMALIA	TERRITORIALE	89.1	SEGNALE PULSE — A MISURA DI COMUNE	2023	Castro dei Volsci: Autovetture con standard di emissioni inferiore a Euro 4 scende da 39,99 a 37,7 nel 2023.	57.78349|53.973227|50.482955|47.246296|44.373614|40.945535|39.988751|37.696188				Record: ultimo valore sotto i valori recenti precedenti.¦Accelerazione: ultimo cambiamento più intenso del precedente.¦Anomalia: livello o variazione insoliti rispetto alla storia recente.¦Unità di misura: %.¦Serie storica ufficiale ISTAT A misura di Comune.¦ANNUAL_PERIODS:2016|2017|2018|2019|2020|2021|2022|2023¦Il periodo della notizia è l'anno statistico reale, non la data di pubblicazione 2026.	ISTAT - A misura di Comune	https://www.istat.it/statistica-sperimentale/aggiornamento-degli-indicatori-del-sistema-informativo-a-misura-di-comune/
66ef9d6e4da6aaa2	035033	Reggio nell'Emilia		Emilia-Romagna	Mobilità sostenibile · Autovetture con standard di emissioni inferiore a Euro 4	RECORD_MIN|ANOMALIA	TERRITORIALE	88.9	SEGNALE PULSE — A MISURA DI COMUNE	2023	Reggio nell'Emilia: Autovetture con standard di emissioni inferiore a Euro 4 scende da 17,45 a 13,25 nel 2023.	30.392473|28.156943|25.988368|23.631006|21.590971|20.02883|17.452625|13.249856				Record: ultimo valore sotto i valori recenti precedenti.¦Anomalia: livello o variazione insoliti rispetto alla storia recente.¦Unità di misura: %.¦Serie storica ufficiale ISTAT A misura di Comune.¦ANNUAL_PERIODS:2016|2017|2018|2019|2020|2021|2022|2023¦Il periodo della notizia è l'anno statistico reale, non la data di pubblicazione 2026.	ISTAT - A misura di Comune	https://www.istat.it/statistica-sperimentale/aggiornamento-degli-indicatori-del-sistema-informativo-a-misura-di-comune/
2b31f023248dd7c9	058076	Percile		Lazio	Mobilità sostenibile · Autovetture con standard di emissioni inferiore a Euro 4	RECORD_MIN|ANOMALIA	TERRITORIALE	88.6	SEGNALE PULSE — A MISURA DI COMUNE	2023	Percile: Autovetture con standard di emissioni inferiore a Euro 4 scende da 37,39 a 33,64 nel 2023.	52.941176|51.666667|49.57265|46.721311|44.262295|40|37.391304|33.636364				Record: ultimo valore sotto i valori recenti precedenti.¦Anomalia: livello o variazione insoliti rispetto alla storia recente.¦Unità di misura: %.¦Serie storica ufficiale ISTAT A misura di Comune.¦ANNUAL_PERIODS:2016|2017|2018|2019|2020|2021|2022|2023¦Il periodo della notizia è l'anno statistico reale, non la data di pubblicazione 2026.	ISTAT - A misura di Comune	https://www.istat.it/statistica-sperimentale/aggiornamento-degli-indicatori-del-sistema-informativo-a-misura-di-comune/
e234f554848274fd	041047	Piandimeleto		Marche	Mobilità sostenibile · Autovetture con standard di emissioni inferiore a Euro 4	RECORD_MIN|ACCELERAZIONE|ANOMALIA	TERRITORIALE	88.4	SEGNALE PULSE — A MISURA DI COMUNE	2023	Piandimeleto: Autovetture con standard di emissioni inferiore a Euro 4 scende da 28,49 a 27,13 nel 2023.	44.996121|41.925701|37.776141|35.068691|32.246377|29.163636|28.488792|27.129563				Record: ultimo valore sotto i valori recenti precedenti.¦Accelerazione: ultimo cambiamento più intenso del precedente.¦Anomalia: livello o variazione insoliti rispetto alla storia recente.¦Unità di misura: %.¦Serie storica ufficiale ISTAT A misura di Comune.¦ANNUAL_PERIODS:2016|2017|2018|2019|2020|2021|2022|2023¦Il periodo della notizia è l'anno statistico reale, non la data di pubblicazione 2026.	ISTAT - A misura di Comune	https://www.istat.it/statistica-sperimentale/aggiornamento-degli-indicatori-del-sistema-informativo-a-misura-di-comune/
c82645e39466c8c9	007024	Doues		Valle d'Aosta/Vallée d'Aoste	Mobilità sostenibile · Autovetture con standard di emissioni inferiore a Euro 4	RECORD_MIN|ANOMALIA	TERRITORIALE	88.3	SEGNALE PULSE — A MISURA DI COMUNE	2023	Doues: Autovetture con standard di emissioni inferiore a Euro 4 scende da 20,59 a 17,33 nel 2023.	35.755814|32.763533|29.608939|27.04918|26.486486|23.0563|20.588235|17.333333				Record: ultimo valore sotto i valori recenti precedenti.¦Anomalia: livello o variazione insoliti rispetto alla storia recente.¦Unità di misura: %.¦Serie storica ufficiale ISTAT A misura di Comune.¦ANNUAL_PERIODS:2016|2017|2018|2019|2020|2021|2022|2023¦Il periodo della notizia è l'anno statistico reale, non la data di pubblicazione 2026.	ISTAT - A misura di Comune	https://www.istat.it/statistica-sperimentale/aggiornamento-degli-indicatori-del-sistema-informativo-a-misura-di-comune/
02a10579b82f9a01	086008	Cerami		Sicilia	Mobilità sostenibile · Autovetture con standard di emissioni inferiore a Euro 4	RECORD_MIN|ANOMALIA	TERRITORIALE	88.3	SEGNALE PULSE — A MISURA DI COMUNE	2023	Cerami: Autovetture con standard di emissioni inferiore a Euro 4 scende da 49,8 a 47,3 nel 2023.	63.89325|61.023622|58.650794|57.018239|54.718477|51.965409|49.80484|47.303544				Record: ultimo valore sotto i valori recenti precedenti.¦Anomalia: livello o variazione insoliti rispetto alla storia recente.¦Unità di misura: %.¦Serie storica ufficiale ISTAT A misura di Comune.¦ANNUAL_PERIODS:2016|2017|2018|2019|2020|2021|2022|2023¦Il periodo della notizia è l'anno statistico reale, non la data di pubblicazione 2026.	ISTAT - A misura di Comune	https://www.istat.it/statistica-sperimentale/aggiornamento-degli-indicatori-del-sistema-informativo-a-misura-di-comune/
08df3927f4359ba4	087048	Santa Venerina		Sicilia	Ambiente · Raccolta differenziata dei rifiuti urbani	RECORD_MAX|RALLENTAMENTO|ANOMALIA	TERRITORIALE	88.2	SEGNALE PULSE — A MISURA DI COMUNE	2024	Santa Venerina: Raccolta differenziata dei rifiuti urbani sale da 82,58 a 88,49 nel 2024.	58.887961|60.028501|66.883584|68.278559|66.299991|67.536347|82.581693|88.487223				Record: ultimo valore sopra i valori recenti precedenti.¦Rallentamento: ultimo cambiamento più contenuto del precedente.¦Anomalia: livello o variazione insoliti rispetto alla storia recente.¦Unità di misura: %.¦Serie storica ufficiale ISTAT A misura di Comune.¦ANNUAL_PERIODS:2017|2018|2019|2020|2021|2022|2023|2024¦Il periodo della notizia è l'anno statistico reale, non la data di pubblicazione 2026.	ISTAT - A misura di Comune	https://www.istat.it/statistica-sperimentale/aggiornamento-degli-indicatori-del-sistema-informativo-a-misura-di-comune/
886a3f7f5669cd05	087010	Calatabiano		Sicilia	Ambiente · Raccolta differenziata dei rifiuti urbani	RECORD_MAX|ANOMALIA	TERRITORIALE	88.1	SEGNALE PULSE — A MISURA DI COMUNE	2024	Calatabiano: Raccolta differenziata dei rifiuti urbani sale da 47,23 a 66,06 nel 2024.	19.723294|25.234234|32.228202|32.188009|32.282666|27.89923|47.229669|66.064409				Record: ultimo valore sopra i valori recenti precedenti.¦Anomalia: livello o variazione insoliti rispetto alla storia recente.¦Unità di misura: %.¦Serie storica ufficiale ISTAT A misura di Comune.¦ANNUAL_PERIODS:2017|2018|2019|2020|2021|2022|2023|2024¦Il periodo della notizia è l'anno statistico reale, non la data di pubblicazione 2026.	ISTAT - A misura di Comune	https://www.istat.it/statistica-sperimentale/aggiornamento-degli-indicatori-del-sistema-informativo-a-misura-di-comune/
13d4836a1dc0262d	058066	Montorio Romano		Lazio	Mobilità sostenibile · Autovetture con standard di emissioni inferiore a Euro 4	RECORD_MIN|ANOMALIA	TERRITORIALE	87.9	SEGNALE PULSE — A MISURA DI COMUNE	2023	Montorio Romano: Autovetture con standard di emissioni inferiore a Euro 4 scende da 35,02 a 32,64 nel 2023.	49.086379|46.617162|43.631882|41.05595|39.584935|37.142857|35.015291|32.635659				Record: ultimo valore sotto i valori recenti precedenti.¦Anomalia: livello o variazione insoliti rispetto alla storia recente.¦Unità di misura: %.¦Serie storica ufficiale ISTAT A misura di Comune.¦ANNUAL_PERIODS:2016|2017|2018|2019|2020|2021|2022|2023¦Il periodo della notizia è l'anno statistico reale, non la data di pubblicazione 2026.	ISTAT - A misura di Comune	https://www.istat.it/statistica-sperimentale/aggiornamento-degli-indicatori-del-sistema-informativo-a-misura-di-comune/
5bd0895b80613282	109010	Magliano di Tenna		Marche	Mobilità sostenibile · Autovetture con standard di emissioni inferiore a Euro 4	RECORD_MIN|ANOMALIA	TERRITORIALE	87.8	SEGNALE PULSE — A MISURA DI COMUNE	2023	Magliano di Tenna: Autovetture con standard di emissioni inferiore a Euro 4 scende da 32,73 a 30,94 nel 2023.	48.977505|46.37827|41.740851|39.534884|36.968577|35.331517|32.733813|30.939716				Record: ultimo valore sotto i valori recenti precedenti.¦Anomalia: livello o variazione insoliti rispetto alla storia recente.¦Unità di misura: %.¦Serie storica ufficiale ISTAT A misura di Comune.¦ANNUAL_PERIODS:2016|2017|2018|2019|2020|2021|2022|2023¦Il periodo della notizia è l'anno statistico reale, non la data di pubblicazione 2026.	ISTAT - A misura di Comune	https://www.istat.it/statistica-sperimentale/aggiornamento-degli-indicatori-del-sistema-informativo-a-misura-di-comune/
1aedc302bfd70357	071053	Serracapriola		Puglia	Mobilità sostenibile · Autovetture con standard di emissioni inferiore a Euro 4	RECORD_MIN|ANOMALIA	TERRITORIALE	87.8	SEGNALE PULSE — A MISURA DI COMUNE	2023	Serracapriola: Autovetture con standard di emissioni inferiore a Euro 4 scende da 46,68 a 44,48 nel 2023.	65.862611|62.821833|60.041089|56.803563|53.401361|49.565217|46.679408|44.475655				Record: ultimo valore sotto i valori recenti precedenti.¦Anomalia: livello o variazione insoliti rispetto alla storia recente.¦Unità di misura: %.¦Serie storica ufficiale ISTAT A misura di Comune.¦ANNUAL_PERIODS:2016|2017|2018|2019|2020|2021|2022|2023¦Il periodo della notizia è l'anno statistico reale, non la data di pubblicazione 2026.	ISTAT - A misura di Comune	https://www.istat.it/statistica-sperimentale/aggiornamento-degli-indicatori-del-sistema-informativo-a-misura-di-comune/
819d6ebacf8ce21b	075020	Cavallino		Puglia	Mobilità sostenibile · Autovetture con standard di emissioni inferiore a Euro 4	RECORD_MIN|ANOMALIA	TERRITORIALE	87.7	SEGNALE PULSE — A MISURA DI COMUNE	2023	Cavallino: Autovetture con standard di emissioni inferiore a Euro 4 scende da 26,33 a 24,2 nel 2023.	42.585377|39.653611|36.916722|33.659949|30.831956|28.920751|26.327696|24.197763				Record: ultimo valore sotto i valori recenti precedenti.¦Anomalia: livello o variazione insoliti rispetto alla storia recente.¦Unità di misura: %.¦Serie storica ufficiale ISTAT A misura di Comune.¦ANNUAL_PERIODS:2016|2017|2018|2019|2020|2021|2022|2023¦Il periodo della notizia è l'anno statistico reale, non la data di pubblicazione 2026.	ISTAT - A misura di Comune	https://www.istat.it/statistica-sperimentale/aggiornamento-degli-indicatori-del-sistema-informativo-a-misura-di-comune/
0ce694661c6a56dd	052024	Radicofani		Toscana	Mobilità sostenibile · Autovetture con standard di emissioni inferiore a Euro 4	RECORD_MIN|ANOMALIA	TERRITORIALE	87.7	SEGNALE PULSE — A MISURA DI COMUNE	2023	Radicofani: Autovetture con standard di emissioni inferiore a Euro 4 scende da 36,11 a 33,99 nel 2023.	49.043062|46.626506|43.786982|41.958042|40.161105|38.029782|36.114286|33.988439				Record: ultimo valore sotto i valori recenti precedenti.¦Anomalia: livello o variazione insoliti rispetto alla storia recente.¦Unità di misura: %.¦Serie storica ufficiale ISTAT A misura di Comune.¦ANNUAL_PERIODS:2016|2017|2018|2019|2020|2021|2022|2023¦Il periodo della notizia è l'anno statistico reale, non la data di pubblicazione 2026.	ISTAT - A misura di Comune	https://www.istat.it/statistica-sperimentale/aggiornamento-degli-indicatori-del-sistema-informativo-a-misura-di-comune/
c48a6a5862c6d2d9	071022	Deliceto		Puglia	Mobilità sostenibile · Autovetture con standard di emissioni inferiore a Euro 4	RECORD_MIN|ANOMALIA	TERRITORIALE	87.6	SEGNALE PULSE — A MISURA DI COMUNE	2023	Deliceto: Autovetture con standard di emissioni inferiore a Euro 4 scende da 38,65 a 36,08 nel 2023.	57.462324|54.523696|50.7109|46.924511|44.173192|41.265475|38.646685|36.075101				Record: ultimo valore sotto i valori recenti precedenti.¦Anomalia: livello o variazione insoliti rispetto alla storia recente.¦Unità di misura: %.¦Serie storica ufficiale ISTAT A misura di Comune.¦ANNUAL_PERIODS:2016|2017|2018|2019|2020|2021|2022|2023¦Il periodo della notizia è l'anno statistico reale, non la data di pubblicazione 2026.	ISTAT - A misura di Comune	https://www.istat.it/statistica-sperimentale/aggiornamento-degli-indicatori-del-sistema-informativo-a-misura-di-comune/
a362391ef2930fae	053021	Roccastrada		Toscana	Mobilità sostenibile · Autovetture con standard di emissioni inferiore a Euro 4	RECORD_MIN|ANOMALIA	TERRITORIALE	87.6	SEGNALE PULSE — A MISURA DI COMUNE	2023	Roccastrada: Autovetture con standard di emissioni inferiore a Euro 4 scende da 32,67 a 30,79 nel 2023.	46.622539|43.922095|41.195021|39.131148|36.828521|34.758245|32.674699|30.792585				Record: ultimo valore sotto i valori recenti precedenti.¦Anomalia: livello o variazione insoliti rispetto alla storia recente.¦Unità di misura: %.¦Serie storica ufficiale ISTAT A misura di Comune.¦ANNUAL_PERIODS:2016|2017|2018|2019|2020|2021|2022|2023¦Il periodo della notizia è l'anno statistico reale, non la data di pubblicazione 2026.	ISTAT - A misura di Comune	https://www.istat.it/statistica-sperimentale/aggiornamento-degli-indicatori-del-sistema-informativo-a-misura-di-comune/
6257ad013cfb25f0	071018	Celenza Valfortore		Puglia	Mobilità sostenibile · Autovetture con standard di emissioni inferiore a Euro 4	RECORD_MIN|ANOMALIA	TERRITORIALE	87.6	SEGNALE PULSE — A MISURA DI COMUNE	2023	Celenza Valfortore: Autovetture con standard di emissioni inferiore a Euro 4 scende da 45,87 a 44,09 nel 2023.	62.688442|60.049628|56.840796|53.817734|51.159951|48.730351|45.868263|44.086022				Record: ultimo valore sotto i valori recenti precedenti.¦Anomalia: livello o variazione insoliti rispetto alla storia recente.¦Unità di misura: %.¦Serie storica ufficiale ISTAT A misura di Comune.¦ANNUAL_PERIODS:2016|2017|2018|2019|2020|2021|2022|2023¦Il periodo della notizia è l'anno statistico reale, non la data di pubblicazione 2026.	ISTAT - A misura di Comune	https://www.istat.it/statistica-sperimentale/aggiornamento-degli-indicatori-del-sistema-informativo-a-misura-di-comune/
7b13de396708d0a8	036032	Polinago		Emilia-Romagna	Mobilità sostenibile · Autovetture con standard di emissioni inferiore a Euro 4	RECORD_MIN|ANOMALIA	TERRITORIALE	87.6	SEGNALE PULSE — A MISURA DI COMUNE	2023	Polinago: Autovetture con standard di emissioni inferiore a Euro 4 scende da 37,95 a 35,6 nel 2023.	52.090301|49.586093|45.870809|44.489796|42.36055|39.903459|37.952756|35.598456				Record: ultimo valore sotto i valori recenti precedenti.¦Anomalia: livello o variazione insoliti rispetto alla storia recente.¦Unità di misura: %.¦Serie storica ufficiale ISTAT A misura di Comune.¦ANNUAL_PERIODS:2016|2017|2018|2019|2020|2021|2022|2023¦Il periodo della notizia è l'anno statistico reale, non la data di pubblicazione 2026.	ISTAT - A misura di Comune	https://www.istat.it/statistica-sperimentale/aggiornamento-degli-indicatori-del-sistema-informativo-a-misura-di-comune/
29a78fce2ee6630e	045006	Filattiera		Toscana	Mobilità sostenibile · Autovetture con standard di emissioni inferiore a Euro 4	RECORD_MIN|ANOMALIA	TERRITORIALE	87.5	SEGNALE PULSE — A MISURA DI COMUNE	2023	Filattiera: Autovetture con standard di emissioni inferiore a Euro 4 scende da 30,45 a 28,38 nel 2023.	45.591251|42.731575|40.067797|37.365591|35.248042|32.514544|30.448718|28.380102				Record: ultimo valore sotto i valori recenti precedenti.¦Anomalia: livello o variazione insoliti rispetto alla storia recente.¦Unità di misura: %.¦Serie storica ufficiale ISTAT A misura di Comune.¦ANNUAL_PERIODS:2016|2017|2018|2019|2020|2021|2022|2023¦Il periodo della notizia è l'anno statistico reale, non la data di pubblicazione 2026.	ISTAT - A misura di Comune	https://www.istat.it/statistica-sperimentale/aggiornamento-degli-indicatori-del-sistema-informativo-a-misura-di-comune/
4233f3f33f0af342	053001	Arcidosso		Toscana	Mobilità sostenibile · Autovetture con standard di emissioni inferiore a Euro 4	RECORD_MIN|ANOMALIA	TERRITORIALE	87.5	SEGNALE PULSE — A MISURA DI COMUNE	2023	Arcidosso: Autovetture con standard di emissioni inferiore a Euro 4 scende da 35,29 a 33,39 nel 2023.	48.736702|45.682268|43.248469|41.176471|38.916719|36.944882|35.28686|33.393285				Record: ultimo valore sotto i valori recenti precedenti.¦Anomalia: livello o variazione insoliti rispetto alla storia recente.¦Unità di misura: %.¦Serie storica ufficiale ISTAT A misura di Comune.¦ANNUAL_PERIODS:2016|2017|2018|2019|2020|2021|2022|2023¦Il periodo della notizia è l'anno statistico reale, non la data di pubblicazione 2026.	ISTAT - A misura di Comune	https://www.istat.it/statistica-sperimentale/aggiornamento-degli-indicatori-del-sistema-informativo-a-misura-di-comune/
174b5bb620dd0b0f	043048	Sant'Angelo in Pontano		Marche	Mobilità sostenibile · Autovetture con standard di emissioni inferiore a Euro 4	RECORD_MIN|ANOMALIA	TERRITORIALE	87.4	SEGNALE PULSE — A MISURA DI COMUNE	2023	Sant'Angelo in Pontano: Autovetture con standard di emissioni inferiore a Euro 4 scende da 37,93 a 35,89 nel 2023.	55.355355|51.932607|48.717949|45.56962|42.471042|40.235525|37.934459|35.889872				Record: ultimo valore sotto i valori recenti precedenti.¦Anomalia: livello o variazione insoliti rispetto alla storia recente.¦Unità di misura: %.¦Serie storica ufficiale ISTAT A misura di Comune.¦ANNUAL_PERIODS:2016|2017|2018|2019|2020|2021|2022|2023¦Il periodo della notizia è l'anno statistico reale, non la data di pubblicazione 2026.	ISTAT - A misura di Comune	https://www.istat.it/statistica-sperimentale/aggiornamento-degli-indicatori-del-sistema-informativo-a-misura-di-comune/
449985b8b2462fbd	109003	Belmonte Piceno		Marche	Mobilità sostenibile · Autovetture con standard di emissioni inferiore a Euro 4	RECORD_MIN|ACCELERAZIONE|ANOMALIA	TERRITORIALE	87.4	SEGNALE PULSE — A MISURA DI COMUNE	2023	Belmonte Piceno: Autovetture con standard di emissioni inferiore a Euro 4 scende da 38,63 a 35,14 nel 2023.	52.5|48.780488|46.666667|44.034707|42.548596|40.174672|38.631347|35.135135				Record: ultimo valore sotto i valori recenti precedenti.¦Accelerazione: ultimo cambiamento più intenso del precedente.¦Anomalia: livello o variazione insoliti rispetto alla storia recente.¦Unità di misura: %.¦Serie storica ufficiale ISTAT A misura di Comune.¦ANNUAL_PERIODS:2016|2017|2018|2019|2020|2021|2022|2023¦Il periodo della notizia è l'anno statistico reale, non la data di pubblicazione 2026.	ISTAT - A misura di Comune	https://www.istat.it/statistica-sperimentale/aggiornamento-degli-indicatori-del-sistema-informativo-a-misura-di-comune/
e4c6331a3bb1f69e	052004	Casole d'Elsa		Toscana	Mobilità sostenibile · Autovetture con standard di emissioni inferiore a Euro 4	RECORD_MIN|ANOMALIA	TERRITORIALE	87.3	SEGNALE PULSE — A MISURA DI COMUNE	2023	Casole d'Elsa: Autovetture con standard di emissioni inferiore a Euro 4 scende da 27,87 a 26,37 nel 2023.	41.270975|38.488826|36.02376|33.537623|31.804384|29.348193|27.874332|26.367507				Record: ultimo valore sotto i valori recenti precedenti.¦Anomalia: livello o variazione insoliti rispetto alla storia recente.¦Unità di misura: %.¦Serie storica ufficiale ISTAT A misura di Comune.¦ANNUAL_PERIODS:2016|2017|2018|2019|2020|2021|2022|2023¦Il periodo della notizia è l'anno statistico reale, non la data di pubblicazione 2026.	ISTAT - A misura di Comune	https://www.istat.it/statistica-sperimentale/aggiornamento-degli-indicatori-del-sistema-informativo-a-misura-di-comune/
b9b94657876742b9	089014	Pachino		Sicilia	Ambiente · Raccolta differenziata dei rifiuti urbani	RECORD_MAX|INVERSIONE|ANOMALIA	TERRITORIALE	86.7	SEGNALE PULSE — A MISURA DI COMUNE	2024	Pachino: Raccolta differenziata dei rifiuti urbani sale da 53,02 a 61,96 nel 2024.	6.3775475|19.43777|19.780707|21.126153|25.416508|57.896921|53.019867|61.963191				Record: ultimo valore sopra i valori recenti precedenti.¦Inversione: l'ultima variazione cambia segno.¦Anomalia: livello o variazione insoliti rispetto alla storia recente.¦Unità di misura: %.¦Serie storica ufficiale ISTAT A misura di Comune.¦ANNUAL_PERIODS:2017|2018|2019|2020|2021|2022|2023|2024¦Il periodo della notizia è l'anno statistico reale, non la data di pubblicazione 2026.	ISTAT - A misura di Comune	https://www.istat.it/statistica-sperimentale/aggiornamento-degli-indicatori-del-sistema-informativo-a-misura-di-comune/
a4ddb7ba8b572c3b	055019	Montefranco		Umbria	Mobilità sostenibile · Autovetture con standard di emissioni inferiore a Euro 4	RECORD_MIN|ANOMALIA	TERRITORIALE	86.1	SEGNALE PULSE — A MISURA DI COMUNE	2023	Montefranco: Autovetture con standard di emissioni inferiore a Euro 4 scende da 38,32 a 36,61 nel 2023.	54.438503|51.785714|48.376963|45.649949|42.72541|40.245148|38.319672|36.605317				Record: ultimo valore sotto i valori recenti precedenti.¦Anomalia: livello o variazione insoliti rispetto alla storia recente.¦Unità di misura: %.¦Serie storica ufficiale ISTAT A misura di Comune.¦ANNUAL_PERIODS:2016|2017|2018|2019|2020|2021|2022|2023¦Il periodo della notizia è l'anno statistico reale, non la data di pubblicazione 2026.	ISTAT - A misura di Comune	https://www.istat.it/statistica-sperimentale/aggiornamento-degli-indicatori-del-sistema-informativo-a-misura-di-comune/
915ddee3a86588b6	055027	Polino		Umbria	Mobilità sostenibile · Autovetture con standard di emissioni inferiore a Euro 4	RECORD_MIN|ACCELERAZIONE|ANOMALIA	TERRITORIALE	84.6	SEGNALE PULSE — A MISURA DI COMUNE	2023	Polino: Autovetture con standard di emissioni inferiore a Euro 4 scende da 43,88 a 39,86 nel 2023.	63.194444|56.462585|54.166667|52.027027|51.048951|45.774648|43.884892|39.855072				Record: ultimo valore sotto i valori recenti precedenti.¦Accelerazione: ultimo cambiamento più intenso del precedente.¦Anomalia: livello o variazione insoliti rispetto alla storia recente.¦Unità di misura: %.¦Serie storica ufficiale ISTAT A misura di Comune.¦ANNUAL_PERIODS:2016|2017|2018|2019|2020|2021|2022|2023¦Il periodo della notizia è l'anno statistico reale, non la data di pubblicazione 2026.	ISTAT - A misura di Comune	https://www.istat.it/statistica-sperimentale/aggiornamento-degli-indicatori-del-sistema-informativo-a-misura-di-comune/
36a7fce35a2f54ed	054024	Gubbio		Umbria	Mobilità sostenibile · Autovetture con standard di emissioni inferiore a Euro 4	RECORD_MIN|ANOMALIA	TERRITORIALE	84.4	SEGNALE PULSE — A MISURA DI COMUNE	2023	Gubbio: Autovetture con standard di emissioni inferiore a Euro 4 scende da 27,94 a 26,69 nel 2023.	42.440051|39.392887|36.898142|34.356062|32.168629|29.932489|27.940617|26.688371				Record: ultimo valore sotto i valori recenti precedenti.¦Anomalia: livello o variazione insoliti rispetto alla storia recente.¦Unità di misura: %.¦Serie storica ufficiale ISTAT A misura di Comune.¦ANNUAL_PERIODS:2016|2017|2018|2019|2020|2021|2022|2023¦Il periodo della notizia è l'anno statistico reale, non la data di pubblicazione 2026.	ISTAT - A misura di Comune	https://www.istat.it/statistica-sperimentale/aggiornamento-degli-indicatori-del-sistema-informativo-a-misura-di-comune/
887142c3ada91db7	054034	Nocera Umbra		Umbria	Mobilità sostenibile · Autovetture con standard di emissioni inferiore a Euro 4	RECORD_MIN|ACCELERAZIONE|ANOMALIA	TERRITORIALE	84.0	SEGNALE PULSE — A MISURA DI COMUNE	2023	Nocera Umbra: Autovetture con standard di emissioni inferiore a Euro 4 scende da 36,22 a 34,5 nel 2023.	51.627573|47.99437|45.144844|42.542451|39.465943|37.00805|36.221527|34.499344				Record: ultimo valore sotto i valori recenti precedenti.¦Accelerazione: ultimo cambiamento più intenso del precedente.¦Anomalia: livello o variazione insoliti rispetto alla storia recente.¦Unità di misura: %.¦Serie storica ufficiale ISTAT A misura di Comune.¦ANNUAL_PERIODS:2016|2017|2018|2019|2020|2021|2022|2023¦Il periodo della notizia è l'anno statistico reale, non la data di pubblicazione 2026.	ISTAT - A misura di Comune	https://www.istat.it/statistica-sperimentale/aggiornamento-degli-indicatori-del-sistema-informativo-a-misura-di-comune/
e0367375aea4d1ae	054041	Pietralunga		Umbria	Mobilità sostenibile · Autovetture con standard di emissioni inferiore a Euro 4	RECORD_MIN|RALLENTAMENTO|ANOMALIA	TERRITORIALE	82.1	SEGNALE PULSE — A MISURA DI COMUNE	2023	Pietralunga: Autovetture con standard di emissioni inferiore a Euro 4 scende da 33,12 a 31,66 nel 2023.	50.669216|47.858473|44.606061|41.069182|38.798498|36.174242|33.12263|31.661442				Record: ultimo valore sotto i valori recenti precedenti.¦Rallentamento: ultimo cambiamento più contenuto del precedente.¦Anomalia: livello o variazione insoliti rispetto alla storia recente.¦Unità di misura: %.¦Serie storica ufficiale ISTAT A misura di Comune.¦ANNUAL_PERIODS:2016|2017|2018|2019|2020|2021|2022|2023¦Il periodo della notizia è l'anno statistico reale, non la data di pubblicazione 2026.	ISTAT - A misura di Comune	https://www.istat.it/statistica-sperimentale/aggiornamento-degli-indicatori-del-sistema-informativo-a-misura-di-comune/
